X1,X2,X3,X4,X5,X6,X7,X8,X9,X10,X11,X12,X13,X14,X15,X16,X17,X18,X19,X20,X21,X22,X23,X24,X25,X26,X27,X28,X29,X30,X31,X32,X33,X34,X35,X36,X37,X38,X39,X40,X41,X42,X43,X44,X45,X46,X47,X48,X49,X50
-1.658528384051016,-1.1323260363651415,1.8880103323149657,-1.90594884981157,0.04232300810434644,-1.9646332515142324,-0.6622816075405416,-0.6126125239795858,-0.39623344847015995,1.5955880572658883,-0.39020901559479104,-1.5200419656909092,1.5548429463724178,0.14719879268208882,-0.5606160911758201,1.7948955140333014,0.10540237554860038,1.1735081378081464,-1.7165050634982433,-0.25880890057969347,-0.5417968486994279,0.9629880400923592,-0.2156824446668987,-1.05827538590017,-0.1787153809693058,-1.136291918762133,-1.8558805536613183,-0.010019301729717656,-1.1722653106710883,-0.18778593106005095,-0.5601116474376575,1.1467910078899421,0.29048896818783765,0.44205026755926957,-0.29277693429047436,0.8406301602866071,1.6449670202236546,0.8933519255332846,0.06758462641368825,-0.6169578268904432,0.9304488489183532,-0.49071640820390955,0.28825286273371326,-0.08044833631035951,0.6636996609334941,0.8888933600166862,0.5738651237338052,0.00691834198336914,-1.665222668976719,0.8847767240662907
-0.5093419820893206,0.7768058116974881,1.7107088366496834,0.09243833630900286,0.5257114453952224,-1.037679185250274,-0.13009855203856363,-1.2796532763230573,0.03282305453425447,-0.48862422003411893,0.860997217670613,0.5420658954877765,-0.4430430697490132,0.7209158156126986,-0.32435677410126923,1.2316256705616566,-2.1191398651698883,0.46731418669868574,-1.2646349600313742,0.8144725549064559,1.344224371888305,1.5119545510996002,0.27836858969761347,-0.1669895072314763,0.1731629837572368,-1.4783910878002808,-0.704110925451673,-0.8628779717164028,0.4136148605078606,-0.5243855563509902,1.1552158239344434,-0.910800332549441,1.0886615305449634,0.7256625881377659,0.3618039910707012,-0.22563611799276564,0.7055218018230653,1.1336490863823967,-0.3007500776468847,-0.8043406256034359,-0.9782409528489139,-0.7885894941932183,0.6624147883408524,1.825872011050231,0.5166642230441814,0.7040988798404466,-0.23154637610607542,1.6450535290521766,0.8900242843094089,0.8880007112581008
-0.92578975920383,-0.04331867601789603,0.020520511314366715,0.12570084944842205,-0.6166822116277069,-0.2653780348231956,-0.5460408237927789,-0.1086051855244163,-1.1755024331807564,-0.7545908609429529,0.14097368800426133,-0.41583139449117934,-1.2360059666588328,-0.672460166885301,0.29241334022192667,0.3813085567970869,1.4274773050825953,-0.5676593701487694,0.7499684264278309,-1.1829570090611539,0.049396343764225276,0.9121760165291934,1.3850323658994064,-0.3225033492913416,-0.12858786391383614,-0.8807173331445716,-0.8142209662671993,0.4819132876895375,1.246975360003998,2.337223238487742,-0.9031739839910604,-0.3509570131917673,-0.05457575667544739,-0.13971946122541734,-1.7830549139230132,1.4510542198432357,-0.7241543891732348,-0.09646007074704706,0.22800872356068175,0.33138257555529754,-0.03286675381901447,0.06273524185162238,-0.10079880758099594,-0.18903463713521906,-0.5889704474441457,1.538997341189043,-1.283967701261258,-0.25931265662200964,-0.3245063174443318,-0.9102607858345283
-0.4566146694680359,-0.09932884880443173,-0.44673810020066007,-0.6450283699218102,0.3493735214658272,-1.257935352883334,0.7028538203777313,0.9015642761363007,0.656048805458262,-0.2865219604402917,1.7596316748403429,0.3654406593495089,0.2801797490171702,-0.38103995936664975,0.3862432430415136,-0.2168698462888267,-2.0078204300864235,-0.8810348186395575,0.8483196558401283,0.011836985247835333,0.4980961194174948,1.1107614819963647,-0.10227022224982307,1.7244508156496146,0.17079991239363185,-1.096188513083286,-0.7716252770825562,0.12705531370585596,1.310771447984486,1.2453568235472303,0.38085979083785665,-0.7320293914698811,-0.10726067157884764,-0.11718883559417217,-1.7636319881350309,-0.02530241169081768,0.23111692215543228,1.109160208739844,-0.40637143886438215,-0.012278980221178445,-2.291611963154541,0.6752300537898153,0.7710633274786329,2.450554694239029,1.061085397131608,0.5188742513379365,0.4193087889683397,-0.29893500938498707,2.271090601562143,0.1786151275219749
0.1141157518119295,0.3385996119363649,0.9071056763420045,-0.10147984519824489,-1.0736505701636676,0.1586118963897235,0.6693189375704365,-0.42432658228456865,-1.3514529117588712,-1.8425060579640913,-0.8837481658518036,0.01332266643083633,-0.9309159699962058,-0.5319669817135659,-1.2547918456987883,-0.35251544313678573,-1.4303370473717212,0.4441682358962036,0.18348511494361514,-1.2189808282403665,0.7584698167179839,1.5180241067289806,-2.2548528517725357,-0.12554208848675455,-0.06563825372223235,-1.5384585541500848,-1.5251976417446034,1.138604598920644,0.6788332166127338,0.3140313519580483,-0.5628402763165837,-1.8748719040657837,1.6930064646202339,-1.9814052564086877,-0.08124229660779607,0.6310232918215355,0.3745978282858723,-0.7583596882276584,0.7248489177915227,0.4158783291239546,0.5671701893901442,0.9863427569014463,-0.19145603097980662,-0.05723273954404371,1.1478215560383702,-0.023332747698984035,-0.9321677758346636,1.5648478788313318,1.233777911063356,-0.5277770448325125
-0.8459273804349273,-1.4045597583345146,1.4084818973429754,-0.059148052744730256,-0.8568057904890212,-1.307014622329701,0.18880433683295939,0.3466803823013179,-0.7562220791596057,-2.245907405455304,0.024310091769567083,-1.9209349600712127,-0.7789182887066404,-0.9579544265191536,0.26074245967458914,0.03957782721073883,0.37050954093203453,-0.8796919601417601,-0.9411115661838046,-0.39928827250111426,-0.8305511963853134,-0.614629990780688,-1.1317273426994952,-1.8133851471721611,-0.8364127372763825,-0.9124773779579923,-1.2578260098448384,1.6042478745507989,0.7504356838196695,0.8725023747374804,-0.44146141526907917,0.6273044590463878,0.6351794773946057,0.08926106306870873,-1.8551354002625056,2.296311349862751,-0.3168550526066425,-1.1137562616162813,0.1746617115226409,0.41641704836054283,-0.26503585430396975,-0.27517445188521233,-2.054928981250988,-0.8671221964503669,-2.0838788907166164,1.2609865347172546,-1.8319034319965966,-0.09196331090155944,0.5218649611731846,-0.27163053353151956
0.7094656201296333,-0.1580089042903364,-0.009372443615428458,0.2846581987121182,1.8535974016239571,0.18708204544186888,1.6103834617360084,-0.11888024549805623,-0.4725148207524648,0.8975543418385027,0.24308318542500443,-0.142838762828452,0.3888908116985031,-0.05865906945194433,0.9603580004324048,0.4441599932969156,0.4993077073152578,-1.3506584273116757,1.057700228237287,1.2437573870570238,-0.7380174825801985,-0.329868597583847,-1.2113609295845797,-1.500601835714322,0.9536648794808267,1.188343631521951,1.7534027014558395,-1.1364164107529202,0.38154597112288346,-0.08081380520594912,-0.09351619150385779,1.1874595877261025,-0.7345612273557217,-1.156671490001545,0.34539626191610007,1.1269281440005487,0.3600123681903156,0.9912273302124609,-1.3425733881786446,-1.9954841700717056,0.19978729721960758,2.5500209767371733,0.09064904455285543,-0.25285606883641354,-2.0462148779930014,1.4339210843848529,1.2711815730939338,-2.247283875679627,0.1087098956829705,-1.0338633161556514
-0.2764331236127068,-0.6964503478364888,-0.6207979563807738,1.3246824552207475,0.44258915737802756,-0.989999949622195,-0.43789928808967227,0.6430567001986637,0.35739331816509023,-1.0019730183951545,0.6238358729790826,-0.891701731104981,0.005705519225063999,-0.6923047802750498,-0.6226363807287758,-1.5031955730670414,-1.4614369223131392,0.7739532704616675,-0.4181081607740891,0.9031395832625482,-0.07535957264498129,-0.8655060261795504,-0.9469808636533182,-0.83118661140501,-0.22636800085273118,-0.7663257948268568,-1.3046737316703128,-0.2206549972859186,1.2596791084061807,-0.3899032087803518,0.07708117798532327,0.36375981044665634,1.089033296661312,-1.45012768536761,-1.3012843637582874,0.24430527630980042,0.3512786342057451,0.2042857517743999,-0.6378507106702936,0.3277150546411094,0.8105749608774917,0.3591643700590704,-1.1679424041976951,-0.7464403984356247,-1.025400496107365,0.8740802921352732,0.7054101764547589,0.31085100590614917,1.5255701450203665,0.6375328791253082
0.04413534327602431,-0.4975535663487791,0.32598382517477315,0.5721806685796088,-1.1214870318362213,-0.6845498848831892,1.430583552462074,0.3396627607012839,0.4112425305930462,-0.6271347025846963,0.8190625437894496,-1.8786964642159176,1.0051404765331342,-0.226435901902567,-1.733397721607927,-0.43898274763169515,-0.03479426996523701,-1.1136140616287677,-1.0402048758990228,-0.5890792273810002,-1.2964284832822015,-0.35374953697592676,-0.8223792461507098,-2.5142376466986702,-0.653823656175098,1.448135338999539,-1.1308045329629424,0.7204015574566571,-2.1714873622341453,0.1414163425199483,0.019461693672083277,2.2413771183726148,0.7154343688176327,1.4838743891334931,1.244785173283943,-0.49665053263663267,0.29346826115021585,-0.629161865224854,0.38212952692570956,0.7539449371690662,3.157260467939727,1.0975216175686342,0.10443721063323173,0.39743440156161874,-1.3130960442398707,-0.1458018298709375,-0.9596366204389006,-0.5847282256467494,0.6261367162005529,0.677959797943948
-0.9050079218702743,-1.255376429342673,2.3333131900625346,-0.5489989510394085,0.424780738911394,-2.0251587448945263,-0.24567950561532154,0.7712231426946637,1.7453325708190461,0.6288234412608027,0.9548679046010174,-1.9765855507970862,2.6835242899900917,-1.2207980226361757,-0.7407695550953466,0.3019271132370696,-0.7757283017760354,-1.1531196249631546,-0.5679537858573166,-1.361127457699094,-0.6853875925199021,0.07959771007043982,-0.6533385552677222,-1.1475497352915507,-1.3600463058857388,0.03971220295881656,-2.099570760855191,0.27544474710834754,0.24325317118900447,1.490471314986119,-0.31158832493874467,1.6530046550850654,-0.6237510344597966,-1.3306827278981368,-1.27758149032653,0.2080053901961864,-0.6354129896114886,-0.3499889315142629,0.202302010183558,2.453138367790195,0.25795048130271814,0.08367427785153406,1.5023651488755538,-0.9562293791506552,-1.392586816595912,1.460033580752664,0.8482796819658764,-0.2013181581682922,0.16279240646027474,0.4119865571570776
0.8005108786734558,1.5231580474124689,-1.1195478077501846,0.545707779246663,-0.3082822976169394,1.032043045624532,0.0853355568666651,0.6686554427877353,0.19681402170287163,0.19702863533634957,0.4410700262315938,0.9601457299857475,-0.35561284595503695,-0.6384468346852967,-0.2093646878265488,0.588699185342714,0.26748910480966254,-0.06035960670203415,0.6482509015786675,-0.6827439754557586,0.5875919385586489,-0.3833516927602632,0.3649623071757313,0.38149221919203746,-0.3200936381338105,-0.051436493054261206,-0.1559868536682555,0.13541841771812588,-0.8635352716249484,-0.906306851048174,-0.8252642450253743,-0.5491291806651928,-0.353538230822568,1.5785264627174835,0.560166057829132,-1.2286391371939596,-0.7505569047285873,-0.46698774589465897,0.16351025780371728,-0.1776117068725725,-0.5601338038916178,-1.419175163537211,-0.5328917959272143,-0.7069345669435807,0.16658846797205745,-0.6329219475065834,-0.2223429542910162,0.3874693224699469,-1.215598165650921,0.5617407888817152
0.36782087171326877,1.4623615249192599,1.012464961371418,0.7038515335769201,-0.34380734466217827,1.5316091235511284,-2.126674797904927,-0.8805061286463948,-0.119060289093995,1.2418607051755834,0.011888574915246461,1.360128479403462,-0.11631390122452401,0.6091730509259792,0.2328496111464869,0.826410563288366,0.48848749821834425,1.1363898933310534,-0.19209724210939508,0.6026937181435414,0.16302842014339733,-2.0288988398940764,-0.5211049542588698,1.4794833967950838,-0.5547814433838156,-0.3338958461062099,0.722469869664249,0.020222309752620835,-0.1891647600791919,-0.7486562181332171,0.07679562160894314,-1.5107463514957538,-0.7139274042820141,0.06931750675490383,0.5575937697956451,-0.8630549217242649,0.5274180949288025,-0.5754346558029293,0.43168049985705476,-0.4650110259427973,-1.1547222853661865,0.6598309913778263,-0.8404531795893405,-1.8226733692326278,0.6936594968967755,-0.5715355191192307,1.0347713016718656,1.7193062912240193,-0.3621527689250634,-0.49609396099158254
1.4614641614130492,1.1178967382387568,0.934298508671067,0.8312990883903411,-0.4040030473334533,-1.0379497589971383,-2.1851889080838127,-0.08868454958773651,1.0397696027210228,-0.028789545854062973,2.870457846993237,-0.994738794768231,0.450898942079424,0.012987212310074082,0.40677714141091537,0.36113956618754994,-0.0134135626866448,1.9165277502374556,-0.09600345703771553,-0.5121645613488206,0.31784252013512415,1.7192147891554461,0.03691501593536541,-1.6237928692552421,-0.6981607649329918,-0.26021434754832,-0.6320863108244804,0.13300950768432515,-0.6958285953906481,0.1788555747536164,0.18930618181653358,0.6498084592448118,0.6900561659437168,2.4928015359768585,0.6508942619567291,0.35670371345635127,-1.222698337988077,-0.689769933565182,-0.06598173331364893,1.515527228785676,0.863599694421451,0.5497357432312359,1.3108530250657946,0.21234638066665315,-1.1615666887652727,0.721791616547519,0.02899396368065163,-0.3415860001954973,-0.5190499599379498,0.5488562430371567
-0.0552977147400277,0.3417833500215526,1.7040934787891158,0.4399942758764191,1.2672633570664606,0.3596173363966167,-0.7647287243252462,0.27328091072274774,1.0944352573173874,-0.46463317044168834,-0.07138056979689543,0.07584474123817057,-0.49576663094892653,-0.261024462752861,-0.4367472278009575,-1.0845421043707495,0.5931621757325704,0.17386125631705857,0.4184258911705184,-0.12728364865577174,0.5195194064822363,0.11694977306610194,-0.6101992237699526,0.4517742023018538,-0.14838426315918976,0.20338763261293727,-0.5233419135545757,-0.0197595889896144,0.34205980459569535,0.5827459641641212,-0.6121666374730313,-1.1748941524899543,0.14120277462213457,-1.4678949029170405,1.1358898413372036,0.36798410820498767,-0.5699488584412581,2.2913644126222827,-0.6019331387243666,-1.0745113699104465,-0.5375809680290368,2.419305786935457,-0.2665904701130351,-1.1774188252165285,0.6756534606882368,-0.40371445839370523,0.016664958747228936,0.4139180085000245,0.40369340483475247,-1.05180179426207
0.7932828033624515,1.7464403035497442,-2.0385828407796733,0.018808294207928653,0.8041830400230319,1.1502028704702423,0.6209332978448251,1.3114813878223197,1.2542022035991423,-0.043529769387568494,0.8811849325836336,1.755098627675725,0.07134764136009564,-1.3109798662137602,-1.890908771006999,0.1897786450611053,0.08568732540246148,-0.10297912607128246,1.7066002459189293,1.2964926019350727,1.083623544156245,-0.6371665741427259,-0.5618899178503305,0.755192842608151,-1.819806914277838,0.7531623477268858,0.37884134632138133,1.403757472830695,0.10899296944860465,-1.6431422722833235,-1.4435237969644292,0.47244371792409107,-0.1734270462807613,0.9242602086601421,0.046267261205195434,0.485273169007143,-1.0208867484484303,1.8187453775234188,-1.052083315185565,1.5060968926902742,-0.26689297117123983,2.19953693985484,0.13237403750704693,-0.31050943848741375,-0.46763189346801026,0.1978590841205671,-0.41605047981028626,-1.825558215309966,-0.05032732132311199,-1.3220816943007834
-0.9483020589953832,0.5190319123963942,0.17225281375221135,-0.8552102897958234,1.966390103206012,0.990167692780075,1.123043856572133,0.0354238363576166,-2.0103299250545152,-0.9204757514252271,-0.9657897632096732,0.3366005105869276,-0.5496722116260223,-0.1389952557403895,1.4686365239438552,0.7878209571838131,1.448162556149184,-1.778071074447217,0.40636644971299246,-1.7693121282205606,0.4856385076587211,-1.6196699657802824,0.6462797012552539,0.18651135410371908,-0.28828254381229607,-0.7327640117915452,0.38709490969063975,-0.33377873670082825,2.284004410270201,-0.818487710273398,0.9777879808669652,-0.6751616598510395,-0.17090532369483233,-0.5392167723748923,0.27761403280590213,0.6641374119342264,-0.4053876484857312,1.7041417116781683,0.03339667733791286,1.5440826395798086,-1.0163651879571183,-0.327436686313939,-1.454516268463283,1.0059707561750304,0.0171513516123235,-0.33368349699891775,-0.922989204663509,0.08691801752717676,1.117563077596087,-0.049062093307670404
0.009988442080615523,0.3559699976651413,0.6484128112844495,-1.1852728779025676,0.4355756173899599,0.43712286241406806,0.9785858297191329,-2.096391714037797,-1.0054376695864615,-1.542085568687187,-0.9264363388886118,-0.1945347087727186,-0.43744226036945427,1.741457216819737,1.0900974886101245,2.7336206308543547,0.4996090168932938,0.7393869442264478,0.5006400156205161,0.24824449450123534,-0.2408431739189085,0.829639929707378,0.0791787629722873,-1.4667610284591721,1.5330038270479756,1.99085574073097,1.7132698261967352,1.0229025639843012,1.4396965789870966,-0.04177416279460456,1.0643402261766435,1.1491216533599944,-0.6418518647727637,-0.3706445501874882,2.0926174707635927,-1.0787725991877857,0.9780090836629499,-0.5236073036023039,0.31257179559794857,-1.974821572800257,0.025496162446552645,-0.25840862644100615,0.43828199737391255,-2.447736008786821,-0.5258477815665348,-0.6811613219723432,-1.9702438602315533,-0.9859854312415075,0.9265429663322239,-0.542846821794123
-1.3131009478104287,0.007513443757974769,-0.8307966874815086,0.43389929602662747,-0.7697039925682263,0.19318990618441098,0.539473671704951,0.47157999901355313,0.5481017117936638,-0.8689928154769059,-0.8652401670211898,0.16619473918041272,-1.599473271422269,0.025829223636425383,-0.3465006087928532,-0.7198532476384686,-1.6504068019228146,-2.2314935034956904,-0.5583761124956295,-0.5354459194710972,0.43636284875550907,-0.1401810536075701,-0.28153860720032814,-0.25211250103324323,0.3875604313240988,0.967605368946918,0.22871091488021902,0.24927963919781576,1.2892799368280925,1.9729537232114844,0.6099376058677883,-1.9300225937751856,-0.8135836413624762,-1.2815352006347867,1.159149284645357,-2.8588511177214877,0.8944503699159879,-0.38266137837295294,0.8484860669634061,-0.37550709979735597,-0.43035746593382757,-1.414574907713092,-0.16130783262381038,0.8158080689987796,1.392009461132356,-1.8024473044801137,-0.5809386979306858,1.161987556427931,1.2856514701031998,0.7759541575217722
-0.3851950206526921,-0.11999857184231326,-0.6343196654527289,-1.0507331708868233,0.4921647028582619,-1.4681004348256184,1.2349802351640549,-0.28098227469247655,1.4792023988618386,0.13401057472170283,1.706644617577506,-0.9070868070237037,-0.09977883151661449,-0.2766072015186022,-0.0961338025190686,0.7186580383378062,-1.2489368403472976,-1.4538274387187498,-0.14057366268422816,-0.9693256252715475,0.14425289693374882,-0.11047389777205094,-0.24592845504885932,-0.1617658684978662,-0.0585407479012916,0.212260084466336,-0.9449444715992861,-1.614786117336399,0.46667154161936886,-0.5607629953270771,-0.21031504614811555,0.17058363030798693,-0.3430510665537316,-0.41120929115073074,-0.3356517124486833,-0.1793240754631701,0.26820328039591435,0.1904937664300143,-0.34172584931428474,0.7227918331226938,0.4868775152109944,-0.09938987012584652,-0.14676787500465885,1.62775105283861,0.7774967858674631,-0.19183619842181043,1.6859667317084284,0.5589903709928519,1.7567263484676567,0.7609816141215905
0.6210498578782626,-0.551504681575957,-1.8362693542939348,-1.2292511895186473,-0.28451282608211653,-0.5813845184108383,0.8632910166457607,2.8729480268492936e-05,-0.1535204307384544,-0.23190625976816154,0.4779138246504379,-0.2573016333649494,1.0213530472644852,-0.2524451777115586,-2.1603134349835442,-0.5172165811188855,0.1630290927886619,-2.0986496650797215,-0.2537277217289576,0.26444065132829886,-1.2883607585434942,-0.6046253213215699,0.26915102731815005,0.8558435357806475,0.3569334222701655,-2.6736049189308337,-2.3959347489723974,0.626824067947427,0.3445213098303486,1.6769624928135485,-1.0164253331625532,0.06548640533314784,1.5270441082409971,0.1691947115957983,-2.1468958224283474,0.690702150167132,0.45848485644684395,1.611997542651377,-0.7651971240318943,-1.1463844466471789,-1.5638519903205967,-1.042988662543428,-1.334220179643703,1.8451019087498417,0.9731850371723462,1.3295728975191743,0.2298159205990354,0.48702301337063914,-0.34599646477437457,0.2347331140666351
0.4427982194093444,-0.02344501531060871,2.3945666916359336,-0.9346820535529543,-2.293977040155725,0.27343513132876757,-1.9224482369523892,0.11331390046377071,-0.5564164542446264,0.6801112304391232,-0.4531869915770805,0.6338987323333891,-0.29161835193826735,-0.2741853787069308,0.18296543815135496,0.7258187957486936,0.3282895899371917,0.2344839289348628,-0.8025273929116946,1.0630830766288557,-0.4709708391468584,-2.418571312767081,0.7396073260961041,0.3399111536865849,-1.2806302953965065,-0.346371191226593,1.075908685596113,-2.084713392322771,2.3568858879200456,-0.9724079415124808,0.6375536490618524,-0.6171801833241004,0.10772798576762255,1.295433334370561,-1.294479309013642,-0.061887110834620805,1.2708785766040234,-0.37086231461492253,1.711323812624111,0.3383196937488414,-0.4586171857174261,-0.9451026564478457,-1.2063404581140493,0.9557187605581076,0.0869085378978268,-1.0627427786576837,0.7998560506995751,1.1091095998033853,-0.6391927277333448,0.29705636316115036
0.7770366223156426,0.20041143988111318,-0.4619065706042561,0.870813741046442,0.6705928337558426,-0.2892430157715362,-1.3104794139784939,-0.11416347929601973,0.29060063636700734,-0.24527449603402235,0.769398455473552,0.1845173114090752,0.01781417656045536,-0.32820403351273797,0.10147130468120809,0.5413761492247738,0.36812926963317205,1.4525466632243427,0.5021702779102583,0.20275252182107897,0.2450978772736121,0.38557188302888307,2.1373623838002334,0.48658261850390055,-1.59180425720242,0.46593400201005136,0.6543114244640492,0.9260269079770234,0.17242426662158328,-1.3440564985556618,-1.1079110678966473,0.7446860500493181,-1.3505721069290475,-1.7179871013871988,-1.1538556889836504,1.041195629503068,-0.33210087252988985,0.42163717161927555,-0.5197229431491099,1.0809106838550806,-1.0111568075616097,-0.4377058890583274,0.8770426096243981,-0.2206813678004622,-1.1461647551524912,1.6443523799864934,-0.4927947329117369,-0.38431586277852187,0.4247035035840302,-0.5781976938711298
-0.9835618578637113,-0.2685344444581465,-0.8029104384322084,-0.9400674560511645,-0.8382880943743196,1.1756259122505686,-0.34233578710290935,-0.5231632952280738,-0.0386321260757834,0.7703277013719259,-0.9166023844788552,0.2675128894472819,0.9079043515926026,0.5814730017444616,-0.6180038189672694,-1.083705124415888,0.9869153505209121,-1.2258349163286364,-0.7450695100364765,0.5299101040774183,-0.4444254754604982,-1.8847135976659408,0.4014290408059532,-0.19691181938959565,0.5401252379294691,-0.022082923252965594,-0.22090702136823817,-1.3115058815336047,-0.6109557256407343,0.8455248910888271,0.807711492625201,-1.2628154623675594,0.6195889436362445,2.0028063800996097,1.1098386118798163,-0.8192896927987116,0.5407534264269557,-1.3185244622428356,0.7337253820392324,-0.06961211118979584,-0.5852306736300801,0.673848161088607,-1.8548767139934779,-1.1415147398020917,1.5294127224437364,-2.6115317007959966,0.3748814183562142,0.6597295064214957,-0.5488986769654111,0.6232219349311433
0.0247704355729896,0.25357902838459834,-0.37193592176760887,0.8911615928650907,1.3367940612609814,-0.8163012239667629,-0.34747561496175156,1.0936205679041116,0.47057433685650174,-0.3771292160432452,1.1766046189410286,-1.5424439288595408,0.7447727880696269,-0.7358713175903848,0.20061683084217466,-0.27610357690212334,0.20959605348125998,1.3493771112626467,-1.0215925613037484,0.14718129963909923,0.8881040898802691,1.2387669713343263,0.2512291396709804,-1.586745099683426,-1.0809107141905143,0.08821152870601862,-0.6030452638051222,0.6683136000164688,0.32205393522680514,0.48128678201410546,-0.5981166920151135,0.06576002133359474,-0.21118205230142215,-0.30779820936420316,1.2083670458046085,0.9390972428721819,-0.601855954283796,0.24581378695099176,-0.2911092771077934,1.2735312715457687,0.8869112164579209,0.03905315796313342,-0.8351096018396806,-0.1515042818127855,0.36623176847621697,-0.08213525512255053,0.27944685968478283,1.1575110156296131,2.553290073216936,1.7584865930480869
1.512290758458198,0.9255377155843082,-0.8931992830778154,0.9733242835177045,0.5114440128037837,0.5812559144536444,-0.22076371286922447,0.11957687583979418,0.6803195684824114,0.4559794004133465,0.3034039887561564,1.5952142451912776,-0.567904978501234,-1.4203220607151996,-0.38481331091874504,0.8413671366434344,-1.191161679617274,1.0106142583098054,0.6316811572151885,1.1521857153532975,1.204819281272487,-0.4272971505184459,-0.5915808986662549,1.5760386753704139,-1.5714992129599892,-0.3657493216483483,0.3707329504079175,-0.5504895621115412,-0.5370812977159358,-1.8223914998820852,-0.2080580424229134,-0.7284168384312192,-0.34097453195933963,-1.0040495898259616,-0.6260842812196388,0.1639105409037861,-0.8850828076886605,1.978024959573302,0.09499976451009988,1.6174175542746245,0.11569625315292542,-2.4147563797917186,-0.14252629673459208,0.1808793739628413,0.35549299617949826,-0.08765135980517912,0.35059480079652056,0.6613174474167323,0.04690884346947053,-0.3657427029663709
-0.496325218794019,-0.23112291252285805,-0.12644827607968437,-0.5474979872171235,-0.6595518505083271,0.09974734600153519,-0.21054672057834165,-1.3920844230717417,-0.5310069933690583,-0.09876309244794973,-0.7777996261034116,0.2949483942450994,-1.5007656808994614,1.2641738274911418,0.031431073313214195,-0.011537279243284026,0.22136642030407291,0.631481236341815,0.7331524647814023,-1.1964434500298151,-0.31463667033342085,-0.33061652817343484,1.1175477038737922,-0.73442063973742,1.9687424828223121,-0.8918303359202707,-0.32479289304464093,-0.12677066660110595,0.6521071712205746,0.8120490612758589,0.8171793038428619,-1.1247705400252228,-0.5296717214182195,0.9387101203091023,0.283191634049802,0.5618885859689807,1.7072233280099331,-0.8254344261580229,-0.5051464428943169,-0.49477698229629785,-0.6745155727534815,0.8159070508296663,1.2889202739271557,-0.3746204125645011,-0.45202163882336366,0.7127808364505663,-1.2991996764395564,-0.3666690205483374,-1.0908641992228374,0.4173312414070139
-1.4110592215497344,-0.5910331900256133,-0.4934767264792871,-0.49345262800259415,0.3097728886189646,-0.969481510991071,-0.7663400145369887,0.40480654981125885,1.030475950942801,0.05913485699439121,1.000274525668138,-0.4633135503812254,-1.4790707418246924,0.3869014487944171,-0.02561425249985377,1.2576807342920686,0.8180394638690841,-1.6844013944027967,0.7198019514245085,1.1636862701070625,-0.5621334098094936,-1.710274358004119,0.4651328366496017,-0.17311829152278915,0.6487450016788643,1.5933721661918983,1.0042797013746698,0.9919871383483586,1.7628480233223758,0.5593040707849436,-0.29829658115008933,0.889199131304739,-1.2334419682556435,1.0927463537983568,0.2721767254688296,-0.19813500628327343,0.5729468232815622,0.5958505303091997,-0.5165008085249396,-0.9495793670353055,0.06102696707871859,0.03591620334246205,-0.9072173100988147,1.5873647500487478,-0.712144489956292,-0.8320473630727344,-1.278687605542001,-0.9959660271640645,-0.03741112517854739,-1.0505745731467762
0.030867515147695042,1.9622427316925766,1.2679537539495398,-0.39101535499025286,1.2422697892302357,-0.04962852407924351,0.331923603077906,-0.5331191742382214,-0.23914297041906665,-0.6208963713123287,1.2405171781000839,2.2656295831652375,-1.2223871873665462,1.0671489608301508,1.298530892016357,1.3000732287455115,-1.316848495956578,1.5773166563779872,1.8551788040730357,-1.43410245881483,2.310376214107699,2.5785099455921996,-1.1044544715269222,2.3492598752398495,0.7430017508359744,-1.3174082515586696,0.8735447622157269,0.7133177439778284,1.0098500179107517,-0.5766649588521937,0.49170572342991076,-1.4546356424686349,-0.38033942455614506,0.7013322203982323,-0.42098910299685777,0.3216680881012818,1.7593460531295309,-0.19054520792783836,-0.7373770198641443,-1.2127287551921506,-1.9744244408276206,0.5054289748075763,1.3011352483006982,-0.5210458261274619,1.4299494181367953,1.3359274926848126,-0.23083144674469316,0.09064319191708084,0.5881655711385005,-3.0391089483210134
-0.8443614904798535,-1.569460507372008,0.13169806198972708,0.16460293547991575,0.7217470730078357,-2.4167592088570475,-0.04524672221388855,-1.6193107402295588,-1.3113674555223893,0.1897571298257777,0.6943509219286795,-2.4896788389702493,1.0780329027748479,1.6566588478832616,1.1954279871046565,0.9792719527863769,0.10768285196169108,-0.043816098341592676,-0.6862846501100582,-1.5546600263857553,-0.7892622578224958,0.7733721469753206,-0.4324771116202099,-2.8638536515089132,0.604072329058134,0.7266847108119601,-0.347507933889256,-0.3960201523716443,-1.1978457484077212,0.6160703705685557,1.6661084622498528,1.3251134193362062,-0.7543977780230241,0.38537984142564885,0.26052812099271433,1.604052484143242,1.277589780402887,0.8128904238104591,-1.500866948646095,1.046605486001277,2.500771175934129,-0.38502673807871324,1.578841852975971,1.5973365651319944,-1.3267467965892952,1.2997806857411596,-0.2242148082621202,-0.07474000845136909,0.2203865269192645,0.7510262084611633
0.1320242432789103,0.1334854251939819,-0.5290178758594942,-0.2715365538036534,-0.9785916334410021,-0.19038286476129807,-0.8495877231757489,0.41899055033057286,0.09791048501268632,-0.2684629151126947,0.9092623647307555,-0.8375804109702415,0.5751360271991579,-0.014218575403963042,0.3461113042607612,-0.15784807920868463,0.6628291241207949,0.28097618554251996,-0.8737733234132373,-2.4531298695935955,-0.07618288293391832,0.6937427941091442,-0.423107909738996,-0.44725832632353413,-0.9998080382950908,0.6605032692821069,-0.8075395772287032,-0.1515475334669508,-1.5859515504828756,0.051396362431785865,0.08169421006630086,0.8512038246504462,0.11785999481512119,0.13599824689455053,0.7750484648432852,-0.4483241348484335,-0.8439168751569719,0.26157026891867,0.003264851455051053,2.505007767525528,1.2719673567278695,-0.4603008795858143,0.6803691679199148,0.7203791677237891,0.5853381542243041,0.06135266911107845,-0.13971065002297897,-0.3033305088167622,1.4827553083891112,0.27918859258160117
-2.4338231526278973,-1.21188730526547,1.1123841357492683,-2.324356144799902,1.1986160306353486,-0.6008372953430355,1.3537644340345034,-0.44622612436701925,-0.5975754991230164,0.2710627194702444,0.11086186463425209,0.07769305391520678,0.8283348087979538,0.567513974303111,0.4931870653229132,0.22938616407500922,0.6662024283917063,-2.418100153250944,0.8314257310883082,-0.9861829943424374,-0.9957054931748256,-0.8433730174012257,-0.43734980449992467,-0.5700614455588126,0.5944769258582114,-0.7010811455051119,-0.30533822156636264,-1.7248889595706058,-0.07542189825082694,2.4343265968952523,1.526317481467921,0.1792964210814737,0.9599631430130917,0.025061345923865903,-0.7233125516599274,0.3830102413308357,2.093914007135608,0.26745515909220374,0.1774099734744338,-0.38214038952477974,0.4395784522006648,-0.7354598653983918,-1.6130587889613428,1.0838694471981347,-0.26318667231113246,0.6859068736634967,0.2056974067530853,-0.13973597849658062,-0.6679614092213607,-1.96871342890859
-0.9407306946240493,0.5928025270835521,-0.10216932145355946,-0.2533065182145744,0.2966451106600055,1.179503487158267,-0.14458448316355849,0.0562700609761734,-0.6736845403153723,-1.400324046266148,0.06275158670546031,0.6630314543478447,0.15851085288733097,-0.08578980586603303,0.6226204034894463,0.20238126559118386,-0.018329588587264453,1.968215330922393,0.1346797362842634,1.5493815913420592,0.40439970619949017,0.43385224172455117,0.15360618229852419,-0.6166153272001823,0.24775868017639702,0.8755016006442213,1.3742444989384208,1.3652758129439697,-0.1655725023370764,-1.5494421718840052,0.2576464750628165,1.818376102338837,-0.5754173994339654,-2.1278571523643453,0.9729308114146341,1.3631346675470286,-0.3599442147338321,0.9740552459896203,-0.7177870863796638,-0.06983851440893128,0.16085483586181132,-0.9706305659824793,0.13281181257789718,-0.8222601222687216,-2.676883683378422,1.798339225493961,-2.0212415862255413,-1.5024803391736388,1.3625954242779883,0.48400786255450273
-0.24277223762484468,0.6693935502604073,0.6472274516472346,0.5108996749666775,-0.3231548460862563,3.3106259667193036,0.7751351371612099,0.12756362577394795,-2.8645114746217692,-0.8561976788921513,-0.7845143782065841,0.8414263957714164,-1.4719992824622632,-0.17380984650280978,0.5630808633954598,-3.027396456965393,1.9436491375233378,0.3375328978509629,1.0969041652620004,0.48445617585846523,-0.5105880068468246,0.7246031765605753,-2.378556597037395,-1.087480838531756,0.6365977237748641,-0.2295918508629818,1.1137645971644174,0.7118572991769102,0.31164479552020957,0.7039752374226151,1.0402814626115318,-0.17421974959780745,1.8473606589381348,0.4626223736213176,1.6328672292739146,1.427944992075789,-0.09685058749449482,-1.3906337194275482,1.1055029801196317,0.4706734145949945,1.0596458202385604,0.3563523845320788,-0.8991259218728345,-2.1406272429344773,-1.0009088305489746,1.3124559864273813,-1.3480957763238366,-1.0773701693679856,-1.0053317687284031,-0.42469831057939417
-0.47127197880638744,-1.0274904433415466,-0.9474922592566861,-0.5200294554072951,-0.3461438455424209,-1.8413496657414765,-1.7096122980947996,-0.6096879513386794,-0.07476804414222658,-0.04486070481631695,0.24734958888357575,-1.6038979445109656,-0.3329068439669946,0.7885027740872579,-0.07670609563727813,1.4107539715563464,0.6328737022340619,0.7708460579892945,-0.06946027326420608,1.0328079883685415,-0.6347476331393445,0.17485607283364904,-0.29192401771148513,-2.1549554423095096,-0.19726631025730706,2.3669174095808336,0.8657716957113621,-0.03202566958345495,-0.05777139357233956,-0.24998754533710715,0.7139229599550201,2.0425274374425992,0.06067242701187249,-0.4861453945144424,-0.04044810889560994,-0.10039487829294441,0.4803945481785209,-0.6361520762622694,-0.21660878293222788,-0.28244178112429563,2.4595640214302477,0.03678721366280512,-0.18163821790083712,0.5109467609250093,-2.5165457619805363,0.45543939620162505,0.27478174867488103,-1.5710520931184608,1.0529796216635376,-1.2824244695214317
0.8197962953944817,0.5600791278632,3.2858214603331333,0.19864649208539917,-0.038926669752504736,-0.17407760065365865,-1.0919975326807683,-0.010887116833238526,0.2652135551433119,0.3268106119007219,1.1819308893862543,0.33382658684245037,-0.6906691952494223,0.49338536466867783,-1.210033917956302,-0.27667769504669376,-0.9420128326082967,0.8958515362329307,0.11164376562363275,0.61080835263244,0.4944752669179075,0.7765502809545572,-0.8642537992828403,0.8190514320567233,0.3696766547837703,-1.8263515166295068,-0.967200853451563,0.36467027602643876,1.3526285306947903,0.5548393825487505,-1.366596846583309,-1.1183529754541448,0.26245157196829055,0.32483519278798095,-2.3489414525711236,1.4140014897893103,-1.1017976534320144,-0.4555525213622337,0.15899964289198756,-0.3630933558870139,-0.919611452090055,-0.11474782951777954,0.31994314090486764,-0.7267234254220426,0.32450008380086176,1.3262993226431208,0.33465325788528055,0.06771019856407177,-0.2583564321985184,0.3262020002147772
-0.471091249117863,-0.19185127882267813,-0.34271486896819564,0.09924265036206653,-0.4665171516548956,-0.6157951121054936,-0.5303073611454904,0.4194598228634364,-0.11388945092988023,1.3943626037720518,0.334562564330123,-0.7016414312948388,0.9608281745485094,0.13739985002837338,-0.62085905066092,0.4102556804349639,-0.5058269163937655,0.5254133292478548,-0.39969886300851976,0.7369135799455973,-0.010276123245165717,0.08776844238204914,-0.8800249970351306,-1.364823468121607,0.022528018179601747,0.17449121565904896,0.03716014489541871,-2.1572896879206684,-0.17324060314666986,-0.1670851611165812,0.4700219926576046,1.1745779614533933,0.8539548118427377,-0.07436538054172025,0.6390533025514582,-0.023134142849229513,0.5363051609054723,-0.7397566354099311,0.7653011109924308,-0.27752708016697797,0.8252011939416709,-0.5547175718133962,-0.9386630429027831,-0.4622684066770739,0.04708609234145766,0.001597061983341619,1.7430014943691832,0.32315636831190675,-0.30219898739212453,0.8528496033835057
1.2270010707195205,2.328862921126697,0.8917751958393372,0.698008475561953,-0.3175703716712085,1.2545986149501553,0.8888529251614088,0.8098054132243311,-1.2112220256115545,0.0614148847295472,0.16981829895668615,0.8069458505973605,-1.1963192774113178,-0.7017589613100971,0.491208854372466,0.25195962939762834,0.8123867997920964,-0.6504813498840094,0.07031684071614763,0.5008850409074596,2.683157179504888,0.6516139311320748,0.2821954500574903,0.030947717536446418,-0.26008419273489164,-0.6140570384822754,1.2359397900078948,0.5803415707005155,-0.19051069615485428,-0.35525700878778976,-0.8691938524738457,-2.6086244952596487,-0.09792826610106464,1.4368657912055443,0.9639134773421327,-1.211835257368221,-0.3844625669494511,-0.22463322155016344,1.8058219214042746,-0.16635862837765608,-0.31166318243297536,0.3185699484624685,-0.2883364106337131,-0.17549222968141714,0.7753628922870557,-0.9368830017993293,0.10973028783492225,1.7230146068265815,0.5290239676515833,-0.5962604934058685
-2.1970361903433493,-0.3909739726261763,0.9078077867495239,-1.4956696737700723,-0.3748226538554979,-0.6417774153821612,1.6470067441473064,-0.2834287604494871,-1.0003522096236948,0.08317224243746373,-0.6772594307566636,-0.18042683630192205,-0.06439218548458936,0.6363594791711426,1.0179917979097377,-0.08485212724235074,-0.03965456835330902,-1.9696759027108262,-0.3410622370959167,0.1742703319237147,0.13777395182370925,0.15793922208497188,-0.8918985183985895,0.299945121549532,1.6470232244003395,-0.8157198081121014,0.21768375689535585,-0.774921367710185,0.2812584745181054,1.4297091355252665,0.6754334662178098,-1.1121027355252835,0.12604693206358458,-0.8715872536997277,0.20285454871996764,1.0676450948290372,1.8586164894494916,0.47110590515408224,0.37188113680574975,-1.7159865651859032,-0.7212748454788432,0.4692268246375077,1.525373066872681,0.5091466868113912,0.617497872581598,0.24536984939272324,-0.9609948187668558,0.7122935835163082,-0.3338695271976983,0.4210022649884993
-2.2299247277191,-1.283595215529094,1.454119046974717,-0.18895368249626746,-1.4008512171228988,-1.8866070786342954,-1.4459721385137654,-2.5776979191008036,0.6825469210486901,-0.03809518733999116,1.2422719614255264,-1.7644365489122689,-0.7989569861392665,2.6109995614633146,0.19779511941618935,0.8514500280400075,0.017262056675188944,-0.5706068530126308,-1.8851838678987258,-0.03731209122444863,-1.294858550109391,0.8986269744876066,0.8781859501233318,-1.1610538820074305,1.368842776382328,-1.519224611213736,-2.065024437624574,-0.4906777861766943,1.1840724054519656,2.842727069788088,1.308680566574237,-1.1604462890872476,-0.1208078368668479,0.6295360061800342,-0.5367788167298276,0.87429203022547,2.1802725158485803,-0.8577765061947965,-1.1201984612435838,-1.31005221788494,0.8529259246128842,-0.5068033111703631,-0.08781176421405738,0.05026610766932914,1.1438443239309546,0.36006571766102635,0.7646270345691972,2.2177216235642288,2.769827936170723,0.9209193486525201
0.7504829899199531,-0.5103597148796316,-0.6051415406405691,1.6813462509231785,0.32388530615293215,0.12276729083540745,-2.298042925953217,-0.6499119392816387,-0.5533731455914846,0.5004512000455686,-1.8278969503626754,-0.13520254346012803,0.5549832240948973,0.1761348075786735,0.3378722915129996,1.3062018141457479,1.0228682368528126,0.8796301598859203,-0.38039698689850043,1.1585203827767514,-0.7775490152009384,-0.8949507035939623,-0.4297567659023621,-0.8670029844244231,-1.4843059654906892,1.6785718091788024,1.7296289257548527,0.07191648679620327,-0.4415630735625322,-0.661383264664176,-1.2329163581111795,0.7959071330569117,-0.32834676780049304,-0.5896410480096662,1.0178809041667,-1.504241558818247,-0.8791552919308635,0.5212014167799099,1.5597303957042854,0.3748503603929599,0.3248904095260922,-0.818866850478544,-0.20396845816685885,1.0384415515695211,-0.6671757008469107,-1.1456305612988757,-0.2963362363907396,0.017454080550892242,-1.3724887829317522,-0.2897000700340488
0.23908487690405647,-0.14839316263103286,0.8927437320628596,-0.2785509099921606,-0.2957714499113649,-0.6589786413145616,0.8818455492830937,0.44394548777524034,-0.49101893923615275,-0.32608227671799345,0.3452004730488444,-0.6427520948786806,0.023222584805074404,0.20079221414716508,0.9793003614341577,0.03849274237145492,0.382702243584147,1.1251297818850625,-0.4651563659549737,0.26772136595518814,0.14684256344826843,0.012424060638503173,-0.3395535663758563,-0.7721292614878645,0.7491970254195329,-0.8183602208982236,0.3067580395193793,0.6119965394058473,0.19429233292564915,-0.5292610604482992,0.11465276463310771,0.17375958749218332,0.1697456209043921,0.4972734486811107,-0.9709966357368539,-0.6991845898683852,0.37644126370081027,0.427985849419888,-0.4286364860833406,-0.24525300475094478,0.2936460110669714,0.28056829719602994,1.55024148848817,-0.4307202258283386,0.4054571612418288,0.29716016784808186,-0.10334903872736928,0.5915702498337331,-0.7412850807584918,-0.022645076187965865
-1.1362399677829,-0.6840426198187319,-1.2235794939787634,-0.7533149731260838,-1.5764333100271568,-0.1655306988147654,-1.342096135873356,-1.2834538714057637,-1.6987709147529861,0.30966198775488724,-0.47947195716510294,0.14839937650727028,0.7204028022860279,1.6351239533811985,2.1416383354731723,0.9481265251699825,0.8176472187312246,-0.20357783888635714,-0.7669556887595465,1.1175444707083921,-0.15515449853930802,-0.6574706707233323,0.7218891566906376,0.5916785180844234,1.1834421891189166,-0.23931470281189068,1.728032591578299,-0.388539768757747,-0.3589022557368845,-0.10519280842486559,1.5047290664415023,-0.5102178223830585,-1.47751585622399,0.45567662149583343,-0.9554932995756154,-0.20549454714089682,1.6867405452021353,-1.7231355458147584,-0.21572722000162628,-1.7733004989205052,-1.0631675189118621,1.1692165966944368,0.2324560228556195,0.4746905558234886,0.14829676890092755,-0.1099483459028547,-0.22302945580038755,-0.0706233635465546,-0.05460952437394819,-0.8116217330982995
-1.2036707541187897,0.006151597622419203,-0.9621486963005424,-0.3687113577047088,0.09330046337682654,1.0975926461426209,1.033879819146273,0.6661165102498057,-2.8463367284896623,-0.49174091200457193,-1.5687778170812527,-0.7105787587736331,-1.011335210119126,-0.2393540424794654,0.1318828726577387,0.5579886675163698,2.740645161950986,-0.9390478955696826,-0.49534923593416585,-0.26499389291607406,0.657958479507513,-0.569497430905402,-0.31554625859239116,-1.495413003820154,0.39858603787793057,0.22714714716965756,0.6506244397693709,1.1726911153219344,0.2813106763404429,1.0651493437161998,-0.3356036989588282,-0.5686358663476695,0.6306594649480288,-1.7742257204885092,1.2158360129954036,0.35119860641707157,0.22527471048473302,0.08887361299982896,0.936634879657706,0.5570548594299451,0.4934526188697644,0.13353817407119192,-0.08171679818468237,0.2620910180675991,-2.4871663410525966,0.13230944043545903,-1.658581523832409,1.7270616229973068,-0.9089744038102593,-0.007049839486024216
-0.18754317826952077,-0.5953662786295042,-2.173803391134298,-1.2846146874714928,1.3614010407555404,0.4702616753680769,1.1046132516794687,0.2967104384383478,-1.6010616440128327,0.8993012919057184,-1.009622165111697,-0.03358378222137575,0.3051877012397534,-0.6194090786483274,-1.2043135242796852,-0.5155762749886768,1.193136683268549,0.10324212194355059,0.9923728750042997,-0.07586812966445285,-0.5448739897343094,0.9188854762064811,-0.8437348242465043,0.3038025500634139,0.10140548004369448,-0.5934337284526969,-0.05880614582769084,-1.215231135712637,-0.3419441661888245,0.26906034867238915,-0.39599861238193157,0.6966617581967579,1.4794474245330789,-0.9411119302653603,0.01752742332982466,2.1168546749419868,-0.8408800505452727,0.6671123792184823,-0.0006611392487103976,-0.13934507307345864,-0.25270285536450326,-0.04093267581821288,-0.5090024935431657,0.9819196234200179,0.5587543140186239,0.8539754132587298,0.35814310931880483,-0.8737281811227,-1.4140640167930367,-1.7044703750536223
0.4146432217460467,0.33839727043555207,-0.24511152366955566,-0.812925482376197,-0.45845036257787286,0.3388190412337039,0.3206585365444409,1.2725036468240143,0.25919969373012414,0.48633935498336467,-0.3469464345762319,0.3244791935221479,0.2573044701873941,-0.6575237944483857,-0.3113907028281439,-0.7178290130236821,0.1581754009210876,-0.5471486799689281,0.2982045313833056,-1.7995606050043922,0.3427348589282911,-0.08367959577225892,0.7036302855007303,-0.26782856413235895,-0.20911466693622585,0.3729497274020721,0.058805912616871535,0.03649717086593609,1.3945599824458932,0.1627202410543618,-0.5326529506734433,-0.352012692695684,-1.0648187662273636,-1.0099553909413232,0.8274481888577347,-1.0226966332944725,-0.751770143983822,-0.06855489440717936,0.8760038320039517,0.40922721552943514,0.0683746761003619,1.0334529337666307,1.3718989451997878,0.7175203016000065,0.6451214519054762,-0.5671925236146836,0.7971388826216149,0.5608370859474303,0.6807865417400858,-0.4813100450698199
-0.03332604228571496,-0.31308592919913364,0.14588365932452893,-0.26203709906355954,1.2074190869839454,0.13043352012226458,-0.6306794962620406,-0.6964298901174224,-1.8473750816358392,-0.5509809587458141,0.21736127777979858,-0.5030696356665315,-0.36316845256092717,1.124868950281991,1.326876381637639,0.9296205479040449,1.4851766904156969,0.02952774082241218,0.4034327261477586,0.32840344268161475,-1.2966346942156342,0.48146773117486824,0.5629170989576867,-0.23988577490841204,0.2697048208129549,-0.3949439774241717,0.6697571541375968,0.6072691879740443,-0.1321124643734435,-0.6960432690294698,1.4699503926631776,1.7868293017046437,0.024747325489182775,1.1657443552006377,-0.5771088148510822,1.6903928964068364,0.37996780274935077,0.5731154976391104,-1.4895786247764122,-0.3483459461158123,0.4628771062025473,1.1935444479082353,-0.022896354641472622,-0.4365017659764688,-1.9080905449008245,1.8464945202824863,-2.249436572907646,-0.6274974926292608,-0.716363399273236,-0.2513099000526244
1.6991562477113034,0.4187992214254383,0.10657729706909651,-0.7477306134061069,-0.17022320608544164,0.8382349532594433,-0.7876812043578107,0.8814596202923384,1.0132763352614245,-0.2726476856034068,-0.7510186521141796,0.8191324778403511,-0.7694335182224689,-0.7146817735566142,-0.9020578234879495,-0.9108685844653942,0.029612480643510457,-0.2968314742394544,-0.7854623504271833,-0.3651881908021489,0.0014226989556371786,-1.7137907349251256,0.32420677185799907,0.6275243587251844,-0.895725971688665,0.05552598999450733,-0.4625500769762576,0.7922057162893051,-0.6975001211872155,-1.3963794534190637,-0.2581215762459057,-0.5635699056299612,0.5020754810810591,-0.0904599729028723,0.2280587013576867,-0.6703891348245029,-0.9944667143533141,0.3238968205937589,0.9502499900153927,1.555111590852899,-0.08828399588531843,-0.15217042415470505,-1.2654319041672681,0.5341032215614313,0.3802518723078985,-0.9381350051399339,0.499665039410377,0.5645104699622416,-0.04049131265746809,-0.36560076454775414
0.3366749689504005,1.53108066672831,0.3097631054322055,0.0029956188352790072,1.616837151613256,1.6347564001461605,-0.9744849035878617,2.181203368023573,-1.7927446080936424,-1.2981343048113378,-0.4716479985335791,-0.07904839702285661,0.0519637524445188,-2.1372561889407202,-0.5187659799477685,0.5799383195626302,2.3358266949500943,0.8531282406217261,1.8915122518977423,-0.06787164350177158,1.2677504287641368,0.20188567547377018,0.006878129862849428,0.24946542752413958,-2.019047016753662,0.23528296614205665,0.41581026629269713,2.30736397015977,-0.8776056992623339,0.489840113792068,-1.7063316977990666,-0.025651499278710257,0.07793039270296404,0.4494990776203675,-0.4716979851845177,-0.04295109411484082,-2.4659365221438674,0.9728922664415365,0.7489415942475189,0.9997338751699132,0.7400770121469794,0.8655005060880554,-0.05064129667847688,-2.032993694789014,-0.32348252360135105,1.0528816687990488,-2.0879216910714016,-1.7461425847371872,0.08112033972382023,-0.4232306830125345
1.2153384774192029,1.6856043795463698,-0.9785259858194065,-0.058306264588440467,-0.12735160976659238,1.7014680595561722,0.2228153524833462,0.23133086490810995,-2.217963308308331,-1.3996168236424127,-0.04799412269627804,-0.26844159353935765,-0.2957580109036024,-0.4130229437244563,-0.9380846631121016,-0.9729485659383442,2.0367941615056195,1.8886741745813846,-0.010774740437474568,0.32416203064147986,1.619575615943283,1.4295383441354148,-1.0534771701274441,-1.1591692921989158,-0.24077836366094305,0.17930602594977774,0.556632217668215,2.3357275645415627,0.25719000704006856,-2.3104947284335506,-0.4288188272081958,0.1105445114593929,1.3138821939787921,1.3703254081171528,0.9316441984089266,0.9731104354057889,-1.8016604678368269,0.5246762264360064,-0.03555662163511179,0.4350732806173065,1.0235385226414828,0.13167667673849012,0.35042740912655423,0.14368836984616076,-1.739642126145951,0.6685175800056299,-3.29003414968319,0.44581613120435454,-1.2321872921802015,-0.5136478643354792
-0.2608535251376263,-0.21851013794819635,1.4754494580426258,-0.6073265785343925,-1.0471806916545383,-0.23590302533510785,-0.15376910286778447,0.7357385670646278,-0.5470488007083507,-0.30271002597238855,-1.1354776801418172,-1.0547349042150451,0.6654871732673218,-0.7856101149101669,-0.26138096406826067,-0.00284004544553076,1.2872292632635647,-1.3956122491967493,-0.8498607369470614,-0.3413267316865205,0.3397949336818746,-0.2382702387758275,1.1118380456932115,-0.44953497250975133,-0.9632775701821833,0.08638019440192539,-0.922791785880913,0.5720772689173451,0.20879034623567427,0.49087820720318553,-1.2005007756444062,-0.00759811789771075,0.6417812266359196,-1.9726764162906238,0.00014831893521936466,-0.2391088254461181,-1.4847137724068402,-0.8739692965147039,2.4105711575684694,1.5196548128326415,0.5365521894034374,0.9133552951391031,0.37394217996692297,0.7157705487945213,0.08997915155127235,-0.9741985979651343,0.9290079951589405,0.19854184036903763,0.8646515316084957,-0.6739589630660358
-0.002559956743580833,-0.45967784042688953,0.11672883204118759,-0.5190703774177843,-0.37127590938001886,-0.25895823869793094,0.14953468693252428,-0.9697775594053775,-0.5013732401714345,-0.5780029306174269,0.9369351952830391,0.11544593477780704,-0.10310555914016434,0.6622237856256437,-0.10737681992020828,0.4148378619337175,-0.13297154316853285,-0.8086384095252196,1.0398521057664767,0.005932431992393116,-1.6787300032558046,0.11484741253025205,0.2263032626713231,0.7946950908457119,1.5441850832996635,0.3272143150874608,0.4557824423882591,0.6398354906728845,-0.32682988388002066,1.0950659543835783,0.07115215515845696,0.40598740726578436,1.1719082864972232,1.9083902526577357,-0.11815717501217932,0.25730054398095364,0.9956428672288039,0.22014716001592083,-0.3210341997755064,-1.2089045714739597,-0.27273327239119094,0.5167590208110399,-1.0499462355215659,0.06845808238929464,-1.1314987844484061,-0.10743704369427753,-0.3931380435002634,-1.1451131442520277,-0.7602053424662015,-0.3405177313751618
-0.6353143212637584,-0.4918846205480584,0.10505582644758774,-1.5955107630000793,-0.12412433127788394,-1.236520771607098,0.7132008465991538,-0.9094535229429278,1.3731501651407785,0.8520115543796205,0.05750515550379372,-1.2746339394664652,0.8254431995929344,0.4779591045632566,0.31682658142068865,0.8511782610616803,0.1354083378516027,-0.22136648915877363,-1.0255838103452306,-1.2678667557302468,0.5083186637799698,0.28369870115578694,0.6815499830014976,-0.7484562426932604,1.183695178984717,1.647247435370952,-0.4989273383583862,-0.5713544530498003,-0.3657753016043829,0.09598825868480236,-0.16523378095833174,-0.5460012210918201,-1.2595020167837438,1.381602595558586,1.1102928318456,-2.2812738629127867,0.5495007257277487,1.390484495521898,-0.1301675293060254,-0.7062851167051102,0.35569483136300545,-1.0648351386678703,0.7086991525855074,0.7396217796673014,1.1292095418860117,-1.261355532859429,1.1592336087791337,0.1534914514590744,-0.5322348150658732,0.3600368351383165
-0.922043230511067,-1.5984190480089664,2.2579282370617064,-0.4488183964893143,-0.5805364159899385,-0.9731455482030184,-0.8270733448102264,-0.7824670544943411,0.5086770664193329,0.19081496170619047,-0.5006960023436869,-0.30998733052906813,0.7939980336417571,1.112220604334838,-0.3572481869397719,-0.9128240650775215,-0.5190111125773866,1.4634778265315995,-1.5297270446114617,-1.0963899156727854,-0.484126700368549,1.305528536171508,0.8658437344686594,-0.48110654670393,0.03965073373631516,0.10119171914006456,-0.6534222770519722,-0.006950236528886976,0.06760479642386283,0.43033837895454824,0.9787634200838581,0.7105063706205624,-0.1110323056595886,-0.246769824239176,0.2679017211604081,-1.0356478692460802,0.9158167028757774,-1.111964829058182,0.4202285563669975,1.3012019521783638,0.437699925414311,0.9667180216099654,0.45454216660401997,-0.6722985914928397,-0.06593695640780538,-0.8780006759968332,-0.9325785001393166,1.0987886280040797,-0.11084611044865808,1.332684727170558
-1.0562350766706776,-0.9543136943547459,0.47018093977242004,-0.9914618645607066,-0.30549667960435284,-0.7286428462529974,0.6127267170711754,1.187588550291146,-0.5899892416909946,-0.5017442016763269,0.42140053755409684,-1.3599552810263982,1.0057937752437005,-1.8477650669817036,-0.6430522418843366,-1.0319990359384146,1.8185666299672847,-1.1042166608749324,0.18655559484948533,0.7245192728039942,-0.794778389234185,1.2356885280064673,0.5772529463846582,-1.9958340499786291,-1.381392642255078,1.7191661778054261,0.21634768332801552,1.8627910969406432,-1.0465575561386902,1.5287600011306663,-0.41772334797796995,2.429261212622334,1.2710844241538082,-0.4190996959299532,0.5679546676123434,1.314056250781967,-0.5777789493876283,0.19534058612765384,1.0226347292972517,0.6915647124722685,2.0177640161266095,-1.2049474549348842,0.7631609258088224,0.8846947134624602,-3.6998977345208552,1.3722764267009115,-1.4933859555126172,-2.115036018524724,-0.298544033420852,-0.3473453694770817
-0.16492543251450698,-1.040903428375001,-0.9912099269002086,-0.5044046267846598,-0.25876290780681305,-0.9539106676091175,0.5982147765049963,-0.12450142013590153,1.0536285063514998,0.11945560837140538,0.42522495208387634,-1.6066067736678042,1.5230247927574365,0.5922279153584487,-1.5495178351208538,-1.0099534997857962,-0.30114108352474805,-0.06295487457088109,-0.47991037623905036,-1.6390240771081657,-1.1433150754991996,0.16058958094498318,0.1008040280030429,-1.3512749989324058,1.2967942450423093,0.25731073609302424,-2.0587127001366503,-0.8401899389252201,-1.5019214176315914,0.5448411117536369,-1.6580161270026854,0.6710297018886051,1.0139399514998033,0.8371884657494278,0.3334237493760001,1.7056519878793617,-0.33603236677064013,-0.005453880214073268,-1.8261556257155818,-0.78014874251267,1.276047827865294,-0.8322435697525125,-0.6531176728050079,1.1231523434508341,1.0772899057962066,0.39779580003600096,1.491479737657429,0.35918349945210065,-0.6451369382734812,-0.07373125650355737
-0.28890713983921174,-0.17182613243363978,-0.5576296736261778,0.6837633561983149,0.27979974049604356,-1.0946044508094919,-0.7270090673636761,1.0988344188079304,0.7672655994090536,1.1891445486122103,-1.4735420454797925,-0.413459127164168,-0.13476280784459801,-1.5171159700158132,0.23664650379509897,1.5942985233262594,-0.35681368159797433,0.8867056448194424,-0.1628268503459198,0.8236191244187481,1.297244201069903,1.6474984720965204,0.21312537429974987,0.7397368869049255,-1.5838367660905683,0.2385063847510648,-0.4866927341365163,-0.23406490225541388,-0.2629391424628061,0.5830759241802255,-0.37229993791528604,0.55053208797118,-1.6409966902510629,-0.33753408605163177,0.2003214805157104,-0.5015941733112095,-0.29968382424905293,-0.23134193392714125,1.1304982061958704,0.3705109950813162,0.14453055786101002,-0.5312765070460346,1.9543387371716514,-0.4038616182575976,0.24767814554431675,0.10108891693634264,-0.23325614933219138,0.3649544797010608,-0.9229153242681498,1.1034894808240752
-0.6801198949891293,0.18985313905634937,1.6621949860830978,-0.5992458758367084,0.9475788193858398,0.8970161095064537,0.388016537512367,0.271982931070738,-0.572160316512724,-1.124035302121132,0.03907929320868611,1.0631470542302057,-1.7021216167366027,-0.0447590938781397,-0.39523050411811933,0.5080908519650069,-0.8006096725424933,0.040887922524368764,1.2231069789455482,-0.7512772888214654,-0.15941435767092743,-1.3703807381047513,-0.5032320184869405,0.986265666646609,-0.1317908495079671,0.4652496216464757,1.0824836732562264,0.26059577329655303,0.2636965252669808,-0.4547713232683939,-0.4348856469880474,-0.41993565400272204,-0.5958060579344524,1.7418066356035147,-0.32500923738700277,-1.4094914195564197,0.7621438502487168,0.5608136335765879,0.6227544306467978,-0.676122342322822,-0.844705095732592,0.3212858258279671,0.33707251051445725,-0.7812787766221293,-0.18994908798269858,-0.706693791113297,-1.1433550395674743,-1.2135270774579618,0.5154130401462869,-0.6294742072042127
-0.6672364955031124,-0.7215627557209692,1.3229803735146786,-0.3136323531568354,1.332561359281987,-0.5615322003532545,0.23355875279367533,0.7386234272451953,-0.18627601169700586,-0.5804328084600864,-1.2191037220591199,0.22474326339323797,-0.22017234163575894,-0.052193947693449774,-0.2721625904502056,1.232266853675263,0.19546937811894868,-0.004932830906172121,1.1356151339611464,-1.0296800590858077,0.642568071048021,0.5014705539945911,0.33637375014647847,0.2144727592065317,-0.7746078976917806,-0.4061081252416163,-0.4535374562571161,1.6283543151350688,-0.9275059179948429,-0.1742291537376794,-0.13051173835583724,0.08239026336410193,-0.9649746383416556,0.3529753313765936,-0.2539912326441489,-0.5976405826807253,-0.315327367239487,-0.15141081563364248,0.10210509763087157,0.6391024165186832,0.07552759504875349,-0.04471177425156769,0.9045771560247517,-0.3732315529736828,0.7571452551708406,0.1333794289450601,-0.7787232233469731,0.11169881628097732,-1.9022043068284542,-0.9101497394841689
-1.6970865192847215,0.18383225405485848,1.3636277954318148,-2.488644589233978,-0.1288899880728849,0.40827399083994137,1.1674107237086548,0.5260209829314877,-0.3960700383888596,0.9386852638857602,-0.39173220520354896,0.5198620024710818,0.37974254674881047,-0.2573152907329918,-0.4502030442849123,0.2462408743445493,-0.5012831680627832,-1.3355202961859027,-0.5604805036881578,-1.19529752961584,0.5856981520317891,-0.6119665965249211,-0.33592074888102225,-0.1852066368342781,-0.6427290432336685,0.23269846643374503,0.3617234563285735,-0.3682357716598239,-0.8681878592336765,0.8813603391174311,0.7595829964513663,-1.0509976861910202,0.10253917339973345,-0.5702408079941057,0.15463117088821662,-0.487372811408899,0.9356442007168178,0.16887313749294658,0.9858709705821742,-0.34257044695995686,0.8564181299577579,0.46136632206589023,-0.690115772910858,0.0017871836352019678,-0.18890841110734471,-0.6057318806902586,0.23109349770411367,1.178001154780822,-0.2900907329948098,1.3035946410925658
-0.9445351211545124,-0.9366431415307411,-0.5340758854489159,-0.4245727388248868,-1.036647557681806,-1.3345844712943888,1.7130740668011908,-1.8208190058601976,0.6938479497242426,2.5123562680793805,-0.12538462945133305,-1.949251991927475,1.8968668373638709,2.1133783525701495,1.0736539980283328,2.462230955908114,1.7483857423657243,-1.192432121480298,-1.50785609995541,0.4609077794564265,-0.625968861462987,0.4843403141683202,1.3823686689341903,-2.8354732308723145,1.8324978642592398,0.8053297603399114,-0.590468926305064,-1.807887750061048,1.6682257419598223,1.534951448881405,-0.09057616442109939,0.30094097814173615,-1.5906842206645413,0.378384477133865,1.2998498526068956,-1.2236378298877983,0.554051459725058,-1.0622051563328172,-1.396880024313993,-1.6460783123569402,0.16180670583674658,0.2795221041015257,0.9035460256779533,-0.6517558488946167,-0.06622939717891128,-1.0084307518448663,1.7216237163095196,1.0069590256351149,-0.16538744810894793,1.1654791873203025
0.022790183470865925,0.3881360134531026,0.23495075919155026,-0.18753671902797556,-2.0010753627754685,-0.3705321635706878,-0.35012028220910585,-1.2117191993202499,-0.24688813331091783,-1.155950746793092,-1.1158446488395053,-0.2038799026697371,-1.7458535733323435,1.2358172820187912,2.1938472898545758,-0.17843619341379668,-0.14822683012695045,-1.2961660199709248,-0.6648193595268487,-1.4542849593140068,1.2556778491683314,-0.07950189126323665,-0.5447811816023992,0.84232069535294,0.24250223590012532,-1.502540724199175,-0.6529037903044986,-0.7059648112729487,1.6145655583056802,0.7881669935344482,2.480685497008457,-2.6076750388313212,-0.7852195727582876,-0.38538275735228894,-0.9515440951848506,-0.3711649237988171,1.263788639962416,-0.6329085095529852,0.31963511505233444,0.6365020224564781,-2.574153050644059,1.243466907540123,-0.08842725314212868,0.07082357583260662,2.2556020722209387,-1.1318650079887422,-0.8649036256455536,2.042517537442959,-0.5151585109509398,0.02126645671344048
0.6663154370794884,-0.06738571110341106,-2.6196791845722256,0.5675871587362615,-0.14533376935503614,-0.20523085158537752,0.48729151496677847,-0.2240114275983018,-0.026677553855151803,1.2620728707555091,0.6881792095809564,0.11937722234322051,0.4481386310978632,1.18149323163,0.6859136089657728,0.4973099792261167,-0.24849540561305478,0.740717559427667,-0.42430369459001865,0.2077979816980964,-0.8204449082938883,0.8250030505232578,-0.5831774596077579,-0.9991380703453215,1.2934842421408441,0.29933585800823176,0.44046856639858045,-0.12276665550868428,-0.3149028926874625,-1.9011694038476403,-0.5194762196972842,1.8650605907956022,-1.5028791020384313,1.0292685137377025,-0.7419869400977953,0.6874208780350886,0.27076956423409815,-0.7685481596522523,-1.1192490337335301,-0.5630959632855526,0.6610149124193229,-0.9464234823762181,1.3605812789201244,-0.03558482921173574,-1.6149205361177112,1.1035012868356775,0.26841666759322375,-1.223986147332133,-0.3056582500642678,0.44399793011548877
0.07028580421227919,-1.2043550235029348,0.8525869511928854,-1.3218634914877803,-1.0055442004375936,-0.9995162716981404,-0.7539026696831387,-0.25323206029467243,0.5916463699436274,-0.2523955898679538,0.5179470635214878,-1.472387568749528,-0.09197444585592521,0.3791541768622189,-1.5522777260576979,-0.5316336279548148,-0.47181753053687225,-0.8222750728059098,-0.4971154711042495,0.9959145351199801,-1.089789560375969,0.9469073757509655,-0.7687215203870038,-1.9947738622428124,-0.4689979717887504,0.47801293547516416,-0.74287066455659,-0.35659849419288986,-0.9537525581165879,1.1624233455941462,0.03147540749269346,0.976315929975054,0.29133116165219913,0.7124619887409933,-0.019616000468992756,-0.17336866966324757,-0.42623575387966356,-0.9811274435955258,0.2815722263879638,0.0739192384034627,1.6058879354017883,0.029193300865401204,1.5850672700927793,0.020379916535752485,-0.32779185580948195,0.05559777538378162,-0.3036597630841233,-0.06488059643298513,-0.6541175903046471,0.19957920685978145
-0.1564104325259898,-0.7412481697079627,0.3453928279509249,0.1197567456410649,-0.20243463962187874,-0.4863832757134627,1.2187294744556925,-0.17264984963826124,-0.32720777073158824,-0.05723385896487669,-0.09493067613953386,-0.32258929790671476,0.5060621212285354,-0.25838555619913733,0.0872727511054307,-0.7346428089374766,-1.1972672637518862,-0.7535643210320062,0.03412105205862587,-0.7822171289075137,-0.6353167778888918,-0.1415678709289088,-0.7264173514597652,-0.06980826807739306,0.38903877117416114,0.42537616660506455,0.26795954602296107,-0.4545279749348765,0.4149508619206161,-0.01281628423502666,0.6313137968811423,-0.24632782014359383,-1.0269813721507626,0.478458611945526,-0.15829735907070147,-1.0498432237651882,-0.014529024904097099,-0.44663598075501676,1.0293451337064592,0.3011459824349063,0.3158573888733837,-0.45301942264252437,0.46852008319758887,0.030682585959926983,0.0648608788630668,-0.904281318374794,-0.08247578695953493,-0.2798376366133709,1.139832925487043,0.35991877933159794
-0.36585087801105753,0.13164999037480904,0.4309365112112686,-1.4006275793839298,0.6499817072754744,0.08209200188430384,1.172133707087938,0.794585133252485,-0.837000396117186,-1.4061577020048222,-0.22771402416869693,0.8075944788556316,-1.8006704128819198,-1.133833577072825,0.1718035968179502,0.8268546606104834,-0.8097613560559288,-0.7313061296234039,0.6966286931181628,1.1480996313881024,0.8412858597820085,0.21343357378629157,-0.8143495222754916,0.6246285262861334,-0.712614968303285,-1.2521864703104628,0.3877634067455738,0.2960556114458393,-0.8127135539341909,0.5502400999611833,-0.43368536965497484,-0.9243100561759919,0.35441957804030566,-0.30970334071816413,-0.24573124640783586,-0.4241250000637089,0.5438092161720339,0.636779621460537,0.118727463414549,-0.3330170370429639,0.15141908265676066,-0.11401267313233833,0.5188561854897842,1.5282208262779637,0.27093446435312113,0.2501033580484601,-0.8076093726424216,0.3875555746713709,0.5525019409696647,0.033840032347496427
-0.22014105547353052,-0.7587392481989875,-0.5169379854769297,0.8728904579499763,0.26179255937474566,-1.2148992057813195,-0.12809398783196713,-1.3162178790200902,1.2505932221904352,1.6169053933899462,0.7014551236965246,0.18423971420781948,0.35730356799060764,1.7137934591997377,1.1676126145226364,2.5313942382686094,-2.2460774104884753,0.48314985665758037,0.6324666927433253,1.8295021090648331,-1.2019401017432982,-1.2809807416504564,-0.11101892127749066,0.5858222579196175,1.0931482901759952,0.6655494839057684,0.6448377775728726,-2.6891475462683245,-0.2737361443181274,0.7248218573919429,1.8044861536816088,0.35627904347084055,-1.7538654206870787,-0.223450359238319,-0.5067090418200666,0.49265513275878453,0.9533003553115297,0.7011401670726064,-1.7043155482896395,-0.7282826974188212,-0.7239076475069578,0.009139954044679644,0.16017187392397203,-1.1886048514454162,0.2293009016566195,0.11391982943573706,1.8325558714463992,-1.4458345109128445,-1.252346094498279,1.0832835922151427
0.13761149437433048,-0.11611229289981571,0.792464654002423,0.8136106503134051,0.7187031257191889,0.767961446191231,0.1489251188081159,0.3943914638897615,-0.5644834924442585,-2.142131695774356,0.1097660482732902,0.7524372310123948,-0.6737276769941166,-0.2642210711560732,-1.3827996435936,-1.5366871398734432,-2.0733116669256786,0.005739022945167356,0.2688023610565421,1.2019885460166717,-0.1812321551623527,-0.040875529339040234,-1.5458569656273993,1.086842623470488,0.4096701075136296,-0.9008386794832516,-0.19585290377573125,0.5527643295062313,1.2355580809717834,-0.9718798525801251,-0.2706982918709115,0.26405420258201595,1.1175862010317725,-0.51608535644417,-0.2162488741305148,-0.5511634263616086,0.3578872291410958,-0.5831583241962107,0.8474446534084688,-1.687859640774216,-1.5503339865773913,0.5553101522272831,-1.0286795318146622,-0.28738727583210205,-0.10015443853882644,-0.2864619450961128,-0.31435918510922917,0.9564634471733493,1.133173944082565,-0.8014599071948757
-1.8431575051499973,-1.088158916124716,-0.738798134545857,-2.241387604046918,0.01650389396360898,-0.3453988802067637,1.0493501913108174,-0.8134358703957171,-0.7869537201104646,-0.8444196458639238,0.2908822013948729,-0.4028642511100467,0.24215727734806142,0.32088763362248585,-1.0822061969824395,-0.6567977368957589,0.23196212750623144,-1.0025851852329528,0.11794890146996062,1.0485828676137157,-1.1410781058020303,0.23186654236330168,-2.0073580179998354,-0.8133660920185515,-0.21264004073595605,0.4795403937416885,0.6871708426274651,-0.559099332483407,-2.7942023309636093,1.087651989799384,1.6631627173441164,0.16365586935429444,1.062356735931191,-0.459793143911195,-0.1980066793540914,0.07833360702625324,0.9016586654706278,0.10180505210064306,-0.11659660340828062,-1.0245881931948029,2.1916797548265032,1.061261809286259,-0.6667938493419056,0.3940446092393351,0.25966335709883814,-0.06957018172451333,-0.8896107718610484,-0.2808377037958068,0.4940980881463236,-0.982320221957773
0.7398773696351767,0.2211732646193806,0.1523522435115245,-0.9582678187786894,-1.1354883926556223,-0.20522736913461098,0.25520109376323125,0.44347813344961196,0.05871904818775445,0.10443624830709543,-0.44568316154456505,-0.2956025245462811,-1.029596019345529,0.07375346248959472,0.37698080452285604,0.05031565733679759,1.1764812230297979,0.5340830050224333,0.7903343889133183,0.8112241143499594,0.26777715195047397,0.9449274877425884,0.17015583003044146,0.0005427150629238106,-0.3309972180861894,-0.09372383500838861,-0.2993069549873494,0.24956400919135616,1.0128413580781297,-0.7008702190317835,0.38529693674391535,0.5528850595264104,0.5161963699638903,0.14969451506235043,-0.3140637194388031,0.8651988522960965,-0.044886836809378695,-0.44052167970905126,0.4821228775411481,-0.08755952500421608,-0.5043718109785155,-1.9577160866785486,-0.08812102991609527,0.4003883564909262,-0.8335711116576077,0.6766707498241824,-0.6695818712226714,-1.1609000086570036,-1.6251916764090135,-1.6506340051325066
-0.09844338003029451,-0.6434954543100118,0.49946191281500457,-0.2545340209817864,-1.48441322354603,-0.39382564865614783,-0.27279800881849864,-0.5426636209831328,0.7991688418281997,-0.20207977569035993,-1.4563133456750204,-0.8075151808922874,-0.10206377628574176,0.41960297543840536,-0.41835893404979313,-0.19601081452836944,-0.11975714758431483,0.19271360605191304,-1.9568237727128164,-0.29803819437606277,0.4207030999534753,0.4842446628055824,1.2870531507854364,-0.033508663305226026,0.15752090417281212,0.8339652446148286,-0.3107642172625583,0.3564025641582264,-0.2630237362774536,-0.5829660687374687,-0.7780333834554818,0.47991791925709215,-0.36140751509325625,-0.7435872970624027,0.7852928989678792,-1.9083845134581858,-0.29213659568705364,-0.5685409390309913,0.7743378231036637,0.02377818155606856,0.5568453644958811,0.14234844371860003,0.9496767503502561,0.2551174839776535,0.5637011669996796,-2.420353114450086,-0.021524418757961506,1.7568424033221504,-0.7313717439335541,1.9484146454211837
0.34592160318415105,0.4811344157865663,-0.2260730132049594,-0.6608431256558633,-0.4747289849380562,-1.1364484348262462,0.7601756316369072,-0.46643482107203194,1.4569835711313017,0.9343587347685212,0.7629403300136068,-0.373906632597735,0.0952055690220795,-0.23540423905835614,2.028394015255732,0.4789131432884037,-0.3139207538247301,-1.3462279261488932,-0.6726589655845937,0.500412300161324,0.4506257500784076,0.13128175020622948,1.0751378383358485,-0.16402776557217372,0.29461858985904266,0.3612321500230565,0.3173885632619659,-0.24513000503525764,1.1675061388443433,1.523364449032349,-0.8990138758689036,-0.6512675152631001,-3.406083302993861,-0.2780114366759217,-1.086601864603949,-0.4824222933755448,-0.20540947115676483,0.12434595912356308,-1.1119742962672627,-1.7509589553153493,-0.5151398222393282,1.2963632530684726,1.9700232656123213,0.6233977829923519,-0.2893640592022495,0.16205070375782948,0.20226816971996592,1.2814069362564922,-0.09097984985341316,0.6932435007333827
-0.20847521782962647,-0.028947588910915083,0.09837718925306646,0.13208557791197292,-0.6828799018942616,-0.19207703818777466,0.3630772448796597,-0.027839984848384233,-0.5803332465714518,0.05371185744993957,-0.616776957162038,0.7051401004949168,-0.5096259910445236,-0.14927137252576378,-2.7843649846312526,-1.4124516900145911,-1.2388277176029232,1.1930436275960365,0.5233070728943371,0.21033815949260273,0.7188521029891074,2.230138329173954,-1.20229091143432,1.4539935335442833,0.7930544270011268,-0.621414806154916,-0.8565641138750754,-0.14935706265115264,-2.1428205887939984,-0.005236030470644838,-0.822962581007265,-0.675663244155975,2.1263916796336955,-2.394800581758037,-1.7733703346443033,0.5396709119037946,0.3526760458268566,1.1098664930074182,-0.29703083597469776,-0.31104256293330645,0.4030865005322822,-0.3924401488043234,0.13666526355710892,1.3388006256964922,-0.024920490327771414,1.7283540404430926,0.15876782891666677,-0.37087876853357454,-1.4623338900901717,-0.2729450782342126
-0.32959395681230813,0.5145818547640632,0.34913631308536397,0.9058382123582033,0.26125057074004804,0.983041332999362,1.464581165084155,1.2570390343250628,1.2311330784898362,-1.2568931753467725,-0.1369029056899095,1.4449948956034,-2.65838742684037,-1.382900051121179,-1.0452429733231918,-1.989717275179932,-0.8832899394121045,-0.6037179356856374,1.0316801959928887,0.099328725393987,0.9499986559094672,0.24471644267635936,-0.6243241467295946,1.195239106392897,-0.5250936459608488,0.09531222457422842,-0.4730998469843575,1.1889836674369159,2.6926242961898295,0.2512752957564682,-1.0320785470655407,-1.7297567430666305,-0.8534611306748711,-2.5417651073098995,-0.11730301878410175,-0.03179707699412838,-0.2548355330411227,-0.02111564782128254,-0.438790342047555,0.5707477839622791,-2.2885542461919806,0.5949154919486397,0.06844721100044475,-0.9439024992635957,-0.20418171027529405,0.4790374176015655,-0.7131152232919202,-0.5067860589967976,0.2665706721666658,-1.8565197929905728
0.2532350087918092,0.7151825023155172,0.4512161678980534,0.09375692003414551,0.9153385549034653,0.0740123804067522,-1.0158713293518542,-0.22256946357621052,2.1908814798223317,0.6054176147632544,1.4920455163077875,0.7218403252660133,-0.6807393313450998,0.07910628360426429,-2.03518510305503,0.4619596441296479,-0.08116367507764752,0.9226635365710205,1.0636651477636303,0.18121649477998292,0.5187990038427583,0.885162992228586,1.1132816618297772,-0.21247316027630592,-0.03642451702936136,-0.4724623564731743,-1.1046580163342532,1.7409623989362024,0.40991101296471394,-0.3305964397324233,-1.7908507190958232,-0.0163239412156389,-0.06634361313389157,-0.2979231855925297,0.20965734871549385,1.132831266281407,-1.1058210214230615,-0.5006726717534435,-1.450412516781857,0.18290542245564884,-1.205389547362442,1.780565389668378,0.5593009648577432,0.03828961200603414,0.23466934156916733,0.8975253830724642,0.30835102637379314,-0.3540987952956951,-0.7509258280851102,-1.1558391966327761
-0.20984624358639983,-1.1034350405438476,0.7949674294480965,-1.3630068224886291,-0.552059841456752,0.06989354796735356,-0.4801105554540496,-0.8278259878898693,-1.1975010910162998,-0.8363478033409465,-1.2909712112594889,-0.8595922020498298,0.058416122685717636,0.763373999699781,0.27738037271763194,0.5749753270518447,0.9072439539522871,-0.8713623696132141,-0.07998282573434255,0.1480894949423059,-1.742801794497596,-1.455274913313487,0.35453142999202,-0.25039651768767107,0.10392159069892777,0.6174135059030957,0.5136604259995368,0.5626259024571242,0.37618461151659005,0.09752690508704955,-0.33417539019519843,1.1904334254538294,0.0005884714484550067,0.20480414717287618,-0.6471610271225926,-0.4092911974897423,-0.22798986193809184,-1.006000452722931,-0.07276259896478936,-0.9811229969332773,-0.7920499440852404,0.20660686714853388,-0.6899043134753441,-1.3907505253772448,-1.3490762969581216,-0.27072429692281846,-0.8307737600636613,-0.8493051278013114,-0.15994616532829312,0.4670546410442029
0.16973564371563427,0.31502663295290373,-0.5319567764136579,-0.582494725477649,-1.0008922153395075,1.101320731779594,-2.0175229039143288,-1.2709853918387077,0.6685976444975246,1.0622020815342177,-1.0043181991503236,0.8332552209516702,0.1923575152620891,0.8893784515177887,1.9794759421299892,0.35640297676726285,-0.08728168561909876,0.9421327178370683,-0.3291747668898767,0.8892790427634242,0.42130571220373186,-0.39139859092391943,0.5104419055170266,1.0915421746803693,-0.7187190246273052,0.35964537658118606,1.422953880274071,-1.8627542657245595,-0.6018811469703326,-0.23389154555353622,0.2541289224152152,-1.0440552510338312,-1.769939233023304,0.350726278960711,0.6869043627078438,-1.0249779575780915,-0.32723121474742495,-1.4109991361662295,0.3938834781580297,-1.0921329219251226,0.18953606031515072,-0.08321981295868552,0.6877576876953198,-0.673490512221511,2.4657156771040243,-1.5623388846393138,1.4279353082612563,0.38176463744186195,-0.9566565495212642,1.1258303911795853
1.2302405276918447,-0.8756952506125059,1.4534924999738548,0.5768045110187502,-1.3244555486990242,-2.0326596278321847,-0.316004777157589,0.7281289726826446,1.564489117254007,1.0914512615259848,0.4370371011058232,-2.2622791443202583,1.3307569638215901,-1.1940658848396837,0.17717703084167327,0.21456990913572524,-0.7812858920963238,0.8935172945163395,-1.6195054718441215,-0.2285004241464041,-0.7191355718385894,0.5707391014522657,0.3331629379910232,-1.6637482427876777,-1.1253684898482552,1.3273385886976694,-1.0571321798403341,-0.46814225923269787,-0.6468722614850865,-0.5103541288160124,-0.6665502680415358,3.0283546161370856,-1.1129274552928972,-0.09662669783332822,-0.5604626807097033,-0.65461907521311,-0.6076373593789188,-1.9739388794616728,0.6277817042121233,1.6240681920619737,1.2012250220267535,0.03387911451560751,1.1099482157801257,-0.8299169429397247,-2.793880528665432,0.24859455878735706,1.404740557558986,-0.6293658813759627,0.9378205520791427,1.5780995092077807
0.7462352041220232,-0.7792849950085031,1.0329493824173062,0.26380477561016924,-2.0474228635613123,-1.749959909735173,1.2400236689236925,0.9384854468084189,2.026634954184963,0.9309828478204979,1.9514374987198873,-2.119193764129423,2.422785451657564,-1.3372730629962786,-2.4778362637495457,-0.4779484645021928,-0.5872499307024073,-0.3740233453405766,-2.7194800029679804,-0.7289823131056861,-0.04967631288860034,-0.24408846781630644,0.02961388497947868,-1.6265580838487084,-1.1622562788063968,-0.05868131592621865,-2.73063239095971,-0.15219756040456983,-0.6978965493222491,-1.5989439381864445,-2.1028030539484326,2.4289478636576183,1.3501429979864188,0.8453761881315448,-0.39749063671964274,-0.7287520929907183,-0.8578479770756254,0.522759178478967,-0.0453150552457473,1.7992770735471013,1.5028998253580965,3.3027765555589945,-1.1853214907238896,0.35498652271821984,-0.3917483175114441,-1.0100065050423346,1.6321785700921052,0.6053469487170333,1.1758961114674893,2.232311648071502
-0.4078107525922861,0.3291526887698936,-0.9251111156655715,1.4374607389656842,-0.03805319780747433,1.8348476617771643,-0.4981281129239922,0.413707265325244,0.6375689242506731,-1.2178469546425101,-0.9042451448148482,0.8796990174872873,-0.6402253476821544,-0.12925434109785544,-0.6881690179427249,-1.3485298723918082,0.29366218628235286,-0.31448440578895354,0.8989210712943774,-0.6944496121911525,-0.14906970690590168,-0.6569456637641905,0.943413683483423,0.047969693498487835,-0.17926585072012316,1.1542355022063782,0.4016579870403755,0.6193098497892292,-1.3408600996618334,0.06136070822862778,1.166801156644959,-0.4470416308007943,0.36444339991176516,-0.08418167334606877,2.1101053299210255,-1.025236313154075,0.3246474828859469,-0.26206828993108355,0.9926719068789736,1.2257413705103533,0.638110937785653,-1.7230398178029462,-0.5913349362195184,-0.8539347492298244,0.11094500552959508,-1.0589718127001682,-0.40342555085047044,-0.6236356461141848,0.03328426350497705,-0.35188834277757364
-0.32631735348143764,-0.22339768470616014,-1.3626745844101562,0.1537188513903788,-1.2209066511584608,1.3772196662279004,-0.2719222176931579,0.42381899275850915,-1.205645249096905,-1.383665378687595,-0.641759152259696,0.3582045069090937,-1.1301636012889449,-0.27976464425486275,0.022805849363323877,0.07259639585226853,1.7023678712571744,-1.2139661561726534,0.523520847982877,1.339134675791341,-1.056836023873647,-2.0059896990224595,-0.11472820709664458,0.9163045852554138,0.2378680964070747,-0.08844173592529496,1.0925281027954994,1.249418374655604,-0.17910250187780583,1.054103402013031,-0.8506180344036058,-0.2823396481300876,0.5595198081799126,-0.17278728271178595,0.08090856459809974,0.69010331946428,0.14246020009660074,-0.9260594117864045,-0.06713848013847132,-1.0362510197111097,-1.6858618148392803,2.1029344768551894,-0.7942558603617902,-1.0672637510544967,-0.37884528562304876,-0.9429304807387938,-1.068417317601079,-1.020054504649622,0.03918977674549979,-1.7486700353884328
-0.48717927996687826,0.611321932037941,0.6158801214955769,0.44285466584410915,0.7274372547812575,1.0168406825425342,0.7830034274468555,0.5408886018230449,-1.7606540531504367,-1.5521720964137256,-0.3782547904488722,0.2774497205432584,-1.0120889467248637,-1.079314750242712,-1.4471722869591777,-0.3865332210643795,0.3949746426062094,0.1624739543197833,0.7105634353461038,0.4946758933147894,0.6440388733490872,0.09069614619672779,-0.18422523414740355,0.26919230265981625,-0.8501807307988469,-0.8770774078338919,-0.757189249043624,0.772509829798121,0.19419058834277877,-0.5627686583251356,-1.1569062839430286,-0.24309732174952592,0.5266573844657882,0.16961666103639544,-0.631160295125811,0.06456312999273847,-1.1067660972404754,1.0306169881702947,0.4404685579332804,0.35528489855287876,-0.08315168088490803,0.2735542644855163,-0.22987933736334004,-0.4526234405042526,0.2850430759033351,0.9297950273537333,-1.1289611979875998,-0.44319612149123844,1.345133160187253,-0.921225037691212
0.9173877367230007,-0.005563903630850993,-0.19471939067032334,-0.4217914010319397,-1.7213529233013185,1.4536767365343586,0.03278011718182885,-0.1637886821521684,-1.2843363102211047,-1.1947791756641302,-1.5512443011068349,0.35298010689178827,-0.5392915016769435,0.7861540077259949,-0.3152765558748547,-0.8890704441232895,-0.20983682674472098,0.8006124340245697,-0.18823244597256467,0.5344617581079631,0.2940391383710096,-0.19387448147329298,-0.8973651152617097,-0.5339071096079243,0.34247324826500164,0.23368341798456016,0.6074313956939447,0.14518493169318314,0.3100716585848432,-0.6100930902885439,0.706010890545855,-0.6392079515440846,0.8442224215587961,-1.3745572182515289,1.2145466072304012,-0.7617831689300135,-1.09343716976307,-0.5558324139646286,0.4940752807049041,0.18801224227967742,-0.3032699438327894,-1.2859284837760083,-1.2010675815719793,-0.18206388537951207,-1.64588193498277,-0.6726692316963272,-0.33578576933677307,0.7900983456335472,-1.1821152438186096,-0.09520547597347484
-1.0215111782814805,-2.462526918413631,0.9532162359135413,-0.8273515226828643,-1.0294048147553756,-0.38272698621837525,-0.47236498449177244,-0.4015404276475521,-0.4686949221668245,-0.26277583204233396,-2.352181438507765,-1.9241157907702264,-0.10542732287519659,-0.10365886430272243,-0.5827780600473821,-0.44759489985219225,0.7631015707661744,-0.462487617799341,-1.3086771036841285,0.8036721029554796,-2.24675816451826,-0.6514592796415525,-0.12470933784306104,-1.0771921862673006,-0.523762017545553,0.7300316101352508,-0.6168786017884875,0.584400956559385,0.5943915303905983,1.3090930199683082,-0.31067821991410177,1.2153295242500326,0.712295998173902,-0.9325235846589148,0.23312368527566601,-1.2432635890546857,-0.25306205149659317,-2.440285168426019,1.6078982315721313,0.5676550955265013,0.05630950134494966,0.03376985329203484,-1.3893286852157631,-0.6879818281613441,-0.7939365587412206,-1.3898597203058665,-0.20225324419747195,0.3120118931911248,-0.5670975438239189,1.5266631065598257
0.04587607932038011,0.07035220575538408,0.9822951382838224,-0.712950667259028,0.23950071512143453,0.5071072645615593,0.05362987507291726,0.1645644844014563,0.9821362172578342,0.796436505187468,0.754747393032238,0.676318609760249,0.17865558557026945,-0.5910728472269771,-1.351183135364358,-1.120926098173789,-0.18333806620958837,-1.3873762679093251,1.623629384104805,1.5606026841708378,-0.10916683940054316,-1.3375402793159552,-0.6350611464611544,0.8847671609109544,-0.5532959415127947,-0.39461857439822146,-0.6096479621807072,-2.390126212011547,-0.5417508486677908,1.0832565382556403,0.44055506286143026,-1.208719413976607,0.8311770870186748,1.1968459372746316,-0.6678939872405859,0.45597787479564744,-0.22819046419998928,0.7552276109968945,0.6858602435895955,-0.17296562217728087,-0.8879856644529913,-0.7124563161304724,-1.290285593777174,0.2294707149101342,1.8860878776816077,-1.0519100758603919,1.69205492312684,-0.5753979077341789,0.39136909169631084,-1.8628665648814657
-0.08017706024110091,-0.7349994855541592,-0.18612202826429333,0.7126217843142754,-2.1350947312708635,-0.1392589919321752,0.026389476028303098,0.5921332850481817,0.6052062011145852,1.5652650427900157,-0.6142010916216574,-0.7434733801460379,0.33644756424759314,-1.1354980414132763,-1.9486084800224464,-0.41662428595091566,0.11369470736336344,0.42821730848737094,-1.8576302110070506,-0.35739212585486374,-0.5308826332175998,-0.7087768356623333,-0.44344680532362074,-0.3539170825496802,-0.798007978888646,0.3177051116326119,-1.1367780709520776,-1.18878741259633,-0.06948817809576853,-0.3459434892657557,-0.35949174667811395,0.5714684439044052,1.1798106745225485,-1.3386981960268514,0.1766114395041523,-0.8805277979271956,0.07226690126674468,-2.1924369436058884,1.756304050310055,0.6426552191144066,0.37372918195796206,0.5498544446380039,-0.7273114676237037,-1.1864961917083519,1.2051526125241663,-1.6342473554863037,1.7743417246452018,0.1870039513356655,-1.4909271235331376,1.1894594124654494
1.014413272592343,0.2715894167406826,-0.506553026962668,0.2948961485233202,-1.0304099435372924,-1.5053676811778696,-0.5978359853972421,0.2361337292622817,2.2194238971620006,1.6300636830216058,1.4810004831769543,-0.4085836792840789,0.08136401522082991,-0.26158231916984015,-0.15002342665849877,0.4549243634966683,0.6344887271683513,0.983303818551122,-0.7331403938771042,-1.985328711217787,0.5578979950824499,0.8997049520816515,2.5790720302086645,-0.32269990239472174,-0.262928406138576,-0.6828802010485058,-1.629877181984638,-0.006033181579914088,-0.834266627482144,-0.9477926477328976,-1.1792877265554988,0.6858039492089935,-1.1386995345583408,-0.8283985270968701,-1.442888564036545,-0.13332833254362736,0.38675182309115264,0.4539019202855568,-1.126344717948668,0.03803867803144548,-0.08258247461759294,-0.8306034817490515,1.9461207432579533,1.0702140787592727,0.49835480529960813,0.6514656359779935,1.6191523171156235,0.5257811624944431,0.20538328173983225,-0.4297162731652053
2.4650560085308437,-0.3744488820523993,-1.6660916963708325,1.696944000696789,-0.9376661409604122,-0.591303683016946,-0.33342520958764843,-0.1391851136855286,2.252062007397625,1.508852028816525,1.3033149348014188,-0.5471694314373183,1.1802772120028426,-0.7118646265789424,-1.2255587790759925,-0.45845251581269836,-0.2591702952856982,-0.0642609393638585,-2.171683659074851,1.6653475404071654,-0.9832034361302295,-1.4935030397466782,-0.11205570345197652,-0.30711248915080736,0.40694584233313047,0.3611908368756442,-0.2661400360537011,0.2351484041827525,-2.798157452043798,-2.318926175095244,-1.9083603847048702,1.350124108310603,0.8843714155240059,1.3577772719192744,-0.5800057819325999,-1.0685465167545902,-1.8178622467084127,-1.18605439514208,-0.00834539637295624,-0.030381296320530018,2.474402680839759,0.6080047714624088,-2.012253548428155,-0.0519528879516245,-0.932339335626497,-1.5619894691771434,1.334669835714674,1.3654688278320624,-0.8168709448854609,1.6975870372341906
2.190421693883735,1.1146879078231382,-0.5052558847252803,0.6479419706093498,-1.3300176927315528,0.3558068747951869,0.8335477966281561,1.2827698066876623,0.655815468135849,-0.3460835262631866,0.5264580563989636,0.9616117541665109,-0.09228504901475837,-1.1838834407178724,-0.5637291279036879,-0.3563447292963425,-0.49644403432276746,0.06327255303910591,0.13467664469193563,2.0086376063943945,0.38959101749981523,-0.18498051995422718,0.07621537079039256,1.1629550224362695,-1.0067622529387161,-0.6775555988147849,-0.06161737536471196,0.7989876606971071,-0.9085694698994045,-1.474454671875032,-0.20871542186222197,0.6720143931650605,-0.01323201266199786,0.880624658748173,-1.396583189503633,1.1018686019348911,-0.7017290367194796,0.009496986909719294,-0.2644112286011039,0.14530024459515942,0.38363007768690677,1.457194209799228,-0.9323409830255529,1.4086010097340773,-0.46839544277289,0.030583321931981315,-0.7042883657126007,0.6355269705736134,-0.6105131297716553,-0.8847594102738304
-0.8533702934823018,0.7383358567666363,0.18684446871964694,0.004283434127584127,1.7915930882778548,-0.9704839136782617,-0.7726982082299974,-0.20419367880711264,1.1149668691040082,0.5550353551098908,1.5972646226704839,0.3934677413818321,-0.36189464196274906,1.0158091049690592,-0.239017166415929,1.1813575006820725,-1.2360053866317446,1.3509095256753914,1.0659717786405767,0.21300597689091966,1.001937740332822,0.6814958751608821,0.49092586413500894,1.532122688304679,0.6431302018535867,-0.5931523557619518,-0.6231973015772436,1.2207620053804937,-1.2386189868602469,-0.689277620092173,0.0964188848605761,-0.1731375224231472,-1.4320992057809134,-0.5114461678350405,-1.0224727808284273,1.0664297810954662,1.3304423610156266,0.0716510822914963,-2.2285630947676194,-0.543345923334535,-0.16580791442415335,-0.15700140377306168,1.9793222952991778,-0.26528153997562576,1.2792778772390436,1.0318774839630707,-0.08684190992210405,-0.31336971429938426,-0.2353703438597827,-0.7983148606158406
1.0115035177768552,0.42221879851263666,-1.775958277915319,-0.34700177842399677,-0.6412243497918443,-0.3557572722977422,-1.582417253871991,1.4264186458491,-0.029961015466248252,-0.19604944597659207,0.686761130765587,-0.5089238503168024,0.6394124481395669,-1.6186629800880286,-1.468166819893833,-0.44888765803848074,-0.5149833866449303,0.9884686316244242,-1.3481590649389132,-0.8392624143558344,1.2523352724562904,-0.5346850339078143,-0.3348090216759764,-0.3997241340275833,-1.7246496184893714,-0.6644299191821239,-1.347496723288749,0.9448509818008449,-0.5544953871447862,-1.0037130693030987,-1.6166678603997808,-0.16050215696602513,-0.12015797411899684,0.6816487541310036,-0.06739218560066662,0.4501559904759213,-1.2712620849421523,-0.7274277477507033,1.0371500963433256,1.3619199183427955,0.7540298627112229,-0.5019035064641459,0.3211736659618669,1.2566220634509455,0.825771088835793,0.23536047293993295,-0.13693369401018202,1.2370245554941433,0.971831914879593,1.2056451450454064
0.39307044978723527,0.15633931714969815,-0.44458374882026375,-0.482015392668094,-0.8556249312974121,-0.055683109166454574,0.4190186636020338,0.6589631205217921,1.254436499812807,-0.657603829580568,0.0829921267132639,-0.23548709371373522,0.796741515166215,-0.4357022520709609,-0.130613091646297,-1.7166265333789499,0.019689274647503384,1.2701687239632948,-0.8378884350755715,-0.04958498033709861,0.40314256566748286,0.4071687424896001,-0.27345205442252873,-0.45284427203185884,-0.22145844527577263,0.49968962500498687,-0.03769342180363806,1.8904612905433105,0.5268085855332517,-1.283142224038388,-0.15191405333281224,-0.6536453572791335,0.19524552650990656,-1.7602329340486234,1.7257494267230484,-1.1073947484330533,-0.22866373653601021,-1.3831010414895424,0.13288779864698635,-0.2709265417255713,0.46333174038281394,-0.24679459942533527,0.28093684173411404,-0.33188350405047157,1.132496317501877,-0.48024846301103674,-0.6122455886438976,1.0498755180294717,0.46929463887229067,0.353696616495482
-0.6956436212666709,0.009309264328399403,-0.6610258553662677,0.7976791868983575,-1.9430344856243664,-0.7942458782744568,-0.570693474484797,-0.7611047380164906,0.08517908350210786,1.6717435356382742,-0.8858541308160749,-0.5906501005348134,0.37336107723200573,0.22137918273066623,1.5158580622071527,1.7307477228759964,1.2675164237687093,0.3202752839942588,-0.9066554026295502,-0.40490603706376965,0.9779490883685145,-0.5578708123434005,1.1164691662166728,-0.3670526112672314,-0.5973084856218116,-0.24437992983971069,-0.3559385365297596,-1.8391899212790221,0.03871265706166527,-0.22672767670272878,1.717380608420599,-0.6641969827741383,-0.7882028306420933,-1.0878240194876878,-0.5772585790742677,-0.185216390050193,0.5586249634819698,-0.8794777320866943,0.5395035483290825,0.489965553279309,-0.19110031081279874,-0.3845735792013969,-0.4151720389943437,-0.1642801025175393,-0.12359704782219433,-0.9418542148656699,1.0531936404834348,1.061669043539064,-1.3583084426856369,0.39897805060353825
0.6505793830297724,0.931735735324258,0.8715438955610209,0.6300575246244093,0.28526892144079247,0.017922105963393744,1.128483928271754,0.9449117298299439,0.9739888412892431,-0.4172851012706155,-0.37385202029421516,0.8941898854860091,0.171500436559502,-0.6067065231117078,-0.12708864983816437,1.824261521858343,0.9066124675483502,-1.4100784485247686,0.809198365269706,0.8005257174185244,0.6652994407519851,-1.1140346000048624,2.642597492654613,0.6314818519811909,0.38855574507761487,2.3417357675550012,1.852172643850893,0.4377268915489952,0.8975040788646972,-0.6938690777107082,-0.6785986602242269,0.13623355357877592,-2.7824397345355307,-2.730459455093984,0.601801315701338,-0.019857749498950052,-0.7298300008299232,0.8696971698399465,0.038228953671721105,0.20263466569251395,-0.5651703896532753,-0.5923296660486985,0.6860532137275261,2.3780867549014992,-0.6133799013747422,-0.24575642409897488,-1.377283484764344,-0.950503998548006,0.9313529392132293,-1.5609100674694336
-0.19147030333111506,0.4460999233411578,-0.5244068254458901,-0.9328681835872135,-0.1896717825545859,1.58615990063555,-0.3419628427577006,-0.4911758292926096,-2.469866097813938,-0.6358098031040348,-0.8853479722682379,0.608899074450189,-0.55180016150518,0.3992161256558147,-0.08953089011878743,-0.19808846142889944,1.3151198779050906,-1.5955339363179224,1.1454659522131176,-0.9805565144228471,-0.3429878435708803,-1.9110936707312007,-0.15948713964081465,1.0912416906589937,-0.614464715999016,-1.162991851695263,0.18282566823818894,0.713168733175518,-0.2971874559601114,0.014512860334672188,1.3754457612502304,-1.312250865261212,2.098277741461985,0.32762548223961485,-0.3717620826220345,0.7286607968915365,0.4943544008755365,-0.8048041579941595,0.7094963567032071,-0.05021663769977415,-1.4994088411774535,-0.6996402668790199,-2.193149454684121,0.766118162500248,1.0444228240828781,-0.484388409179098,-0.8987883116657126,-0.6338515917929647,0.18927985378295395,-1.2783086300159872
1.0446199529326652,0.2331580632265585,-0.6568732526214065,1.2320380612170103,-0.2689203414857418,-0.6441594103835312,0.6228961244800909,-0.8587747937757424,-0.7535988387115016,-0.3282365210850944,0.5930552674942183,-1.259203269016269,1.554314687637225,0.4324678978630552,-0.6067641784512102,-0.4773833151186836,0.5341267425062945,1.4417931816261533,-1.3904214905307788,-0.42247825459381755,-0.036564200721586684,1.53661658830741,-0.5703337023128177,-1.3996282366736854,0.37545777819363424,-1.0547492063182804,-1.3999057932841314,1.1379915119693447,-0.9053042697598606,-1.4460909737025331,0.6401805550126857,0.8387970235078921,1.01835613736458,0.13614050556208795,0.3900491166272264,0.6419615459686336,-0.9928603546584465,0.5295633267650635,-0.736731629552339,0.9187080985796462,0.8624233557760127,0.20400496393795262,-0.6763912364149397,-0.27356806980900855,-0.8843728245915905,1.2277629968107886,-0.1561938525767671,0.40129335750274653,0.40656834903977646,0.7715843574616884
-0.0496574344697178,-0.3727542177628304,0.6178249346582988,0.07886762504802933,0.2948076961412273,0.1711870995989278,-1.4696621085020853,-0.23631049180699837,-0.5930956482523161,1.0261059547016183,-0.060199442050269066,0.788161092498912,0.8268392808591896,0.7629612877052053,0.30993249989819993,0.6718547507034146,-0.45427539446785914,-0.16348282868183817,0.5929303175924763,1.3443601397564557,-0.7294575185002323,-0.540055230344907,0.0465724060426103,0.3808714217690473,0.015310978831877847,0.1823095928727367,0.4574648810663423,-0.18861278972455237,-1.7226261308115969,-0.8032104269976178,0.18231117346713893,0.5112527260034698,-0.24420593220051748,1.791196196999357,0.6245068537232559,0.5031426276123109,-0.012130085135216495,1.0497154737022831,-0.6971682715143127,-0.52279752850413,0.05715553193693215,-0.31885504402920484,-0.02753002040439377,1.1761169551048387,-0.765212619668894,0.07922080443918869,0.6022649081190524,0.04595793103369551,-0.025337326639254275,0.2539899695821521
-0.8426050187198478,-1.6438106913610158,0.05248291354254894,-0.11422112161411123,0.16410082536162365,-0.4731401184286036,0.8696509915223161,-1.018954284860772,-2.406546826902657,-0.8620002514350704,-1.548981953606466,-1.0134976456366505,-0.5148912207255832,0.684252804372601,2.3447344479979586,0.3934504172493974,0.03829986971992594,-0.9716537385488492,0.2508252658381226,-1.303221829674718,-1.7014365228713018,0.2935569025789279,-0.7255323731715796,-1.5917428001865954,1.0158528473374293,0.506974732170211,1.141009107377948,-0.6377269234930795,-0.21222666553638442,1.3251770330393793,1.878549218644428,0.766609461655272,0.5826761315935681,-1.5944867723249867,0.563443303729891,0.6767280039567511,1.287461075234111,0.8105175996370518,-1.2204517664492165,0.940755943536518,0.4401497058812945,1.4897864412708848,0.001962450057901531,-0.0898497485613497,-2.290435499481412,1.7232500794040997,-0.593728841487939,-0.8781642559703842,-1.5895776024452877,-0.5707716287557589
-0.468306170729768,-1.0702867486534662,0.3982749242694009,-0.1025195792227009,1.3799123863589122,-1.4582145808648468,0.03584710412048247,-0.5407387228244313,0.2526723583992631,0.7471679032497502,0.8526691839106781,-0.6855676789538395,0.9760582757582298,0.3177280359284185,0.7295833725844116,0.14914591847138195,0.4552862835476209,-0.3074958551858294,0.22521514737127393,-1.2995767445859994,-1.0500271035690192,1.2955589757501818,0.8585996259886259,-0.5535020391463471,0.784740127429677,-1.3209067755030814,-0.8344257883409109,0.1500493649003115,0.23165195857383575,0.9596806244226036,0.14483751312703638,0.6431362353126798,0.20428574326258023,1.5548370792372226,-1.0741802253673562,1.6342717826360595,0.08880915973614857,2.220942512208393,-2.2913268601255465,0.08945518637315202,0.4005114354499195,3.401662349250257,0.45840039709258823,1.441594784295287,-0.6018982776170814,1.7637373874097981,0.8558203137678677,-0.38674827772872844,-0.47043315489338916,-0.27952918854554043
1.1989458305027476,1.1826267316991574,1.7904893420910677,-1.3597443007846977,-1.3968369572021369,1.6084805478185624,0.7297265284803452,0.3110259053146542,-0.6520209643088652,-0.3790252098037034,-0.43741545401760895,0.6646757623830702,-1.2085727572609233,-0.34302046829284116,-0.19961606726614045,-0.8287736933065921,0.3172489603993408,0.361965852211922,-0.12305635084527987,-0.9473356696088515,0.9038617629072991,0.015869000717394176,-0.47617609447487563,0.5962503115318277,-0.054516814855175025,-0.833435797144986,-0.31211206143883535,-0.0102668993305567,0.48493637128654277,-2.4464692560305066,-0.13808780335213058,0.3741370498489803,0.23766362921046827,1.2119592101501264,-0.33087226651177304,-0.9946592847376884,-1.4242205463316706,-1.4329197037904369,2.091457302846351,0.7173779034031504,-1.020284748452498,-0.019544274330473187,0.09305150455483324,-0.2711032064736921,0.375520492063987,-0.6308648423364982,-0.44789468975764996,0.26424370173853085,-0.5550628893644922,0.5266381480900348
-0.45214178273678807,-0.08914315840066625,-1.344154872477635,-1.364477050903327,-0.07387388753764372,-0.45959036972352957,1.4936222068883684,0.3324150914700099,0.4269032715396353,2.152712164168603,0.5761149132086502,-0.4790644250850805,1.2820837065008046,0.05781718562465448,-0.7317274432548926,0.5321102177919154,0.1827897390567949,-1.135020629574161,0.0022033683168535064,0.9116116397260456,-0.16173913881797952,-0.5044880679471644,0.3945135143947011,0.18439922244945592,1.3247143765063043,0.425245402092205,-0.11447375042956838,-0.07109977537648922,0.7164467523857013,-0.43185590483624153,-0.5228727662092985,0.5322512519781127,-0.5335650514264978,1.1701839866348198,-0.17943120785386316,-0.08581943307713077,0.3105052582697504,-0.3178474301474477,-0.9147857941137131,-1.5275798872007633,-0.4377354396458824,1.144715348200032,-0.8754201875596141,0.0740670752187603,0.2177951964964394,-0.1922780369348264,0.2104361141781884,-1.174858995927725,-1.7558077293806298,-0.4468311286098134
0.47929906055733734,0.2839642296018259,0.6364715358080721,0.7059994057887025,-1.4633317741082141,-0.04951083232754601,-0.10643872252113921,0.14370367997244077,-0.5459995852671745,0.017226178991210817,-0.2377462485598693,0.4902719833804528,0.5561329893749897,-0.2832863639297693,-0.9845009342618236,-0.3828619632134978,-1.0509758975784365,0.954851933513123,-0.8433633834558942,1.2011244530621075,0.99325020911834,0.5863415015773644,-1.457776033772487,-0.19509012947311521,-0.007033433412252772,-0.7095579752333503,0.09176701577448923,-0.1831882385562845,-0.6038835958985437,-0.7803868251156233,-0.8196589497298584,-0.2603782808575006,1.079936016610914,0.279257537082564,-0.4306359655445843,-0.2580805131392938,0.34539946793887494,-2.0529502835374127,1.4753536884890481,-0.7293983653443812,0.7928539466940213,-0.4647222629481275,0.5256969976039665,0.021764066647230663,-0.13064409569759866,0.14143813521070236,0.1947107622906725,1.5140874352673555,0.2909385255032085,0.5741864511876802
-0.35792890254211895,-0.3156042012473603,-0.3868745392277685,0.4128002715282758,-0.5484901753171231,-0.46153387081977637,0.49420743549358237,-0.3723539748349512,-0.9398771511550166,-0.3546184811794509,-0.044083289324195724,-0.8384123283814308,-0.8137310891073426,0.5090529436372777,1.242933005926639,-0.43008036882001927,-0.8599229437800309,0.251273764155771,-1.0855568926978334,1.0768029452593049,-0.11151198724923672,0.9151339782733242,-1.700509192725273,-0.17726413319165327,0.22547648916344432,-0.5122279549259066,0.18933502770575578,-0.9469275086213583,-0.5460339768454271,0.021999284376669787,1.5201628390432618,-0.3613768400223896,0.28201382370803374,-0.3103404173058822,0.9406431279740326,-0.1727397774659001,0.17631286196483745,-0.794675602566011,-0.4119165228405355,-1.270340060218577,0.5856740188739878,0.5046566900090221,0.6888844861924046,1.0212657994621364,1.4563729460402248,-0.1398630754981149,0.2588976313991204,0.9778745150003907,1.583042611851231,1.2584166455531733
0.3114777446598947,0.7478524697591543,2.4913671529280026,0.5711621967420356,0.44779401164943633,-0.026918175446290885,-0.7290127741777341,0.8946321365702442,0.3614984002061477,-0.16609952174510043,0.3873918006229047,0.1663861358434877,0.5962742793299202,-0.38182481816936875,0.14864101295581933,1.3928712115273596,-1.0284801449454992,1.5047533070707044,-0.43736430822168926,0.32145079605871346,0.29177598113121817,-0.39851650225631297,-0.9836236745968656,-0.9816637632233833,-0.4267715328887074,0.7970296704609786,0.8307176658198663,-0.1290816774862555,-1.3739132582227873,-0.8748023551056868,-0.2267455992368689,1.0731668220963624,-0.6387513114681256,-0.36975792279181335,1.0239142576874047,1.103939601787497,0.08574096151135796,0.1822840305581559,0.2712546000544757,-0.07416115880493518,1.211182995690405,-0.4071901360643782,-0.4418810912364749,-0.13170952432576757,-0.8679478577646544,0.1156632554675004,0.1776155275116385,-0.48093227579667547,0.4292321297592062,-0.09551381990328553
0.3569006591193225,-0.3555600175435721,-1.165444281667139,0.10381465545466981,-2.0061868893309454,-0.3657799278686548,0.8626622735650332,-1.2751438020320192,-0.06014025840483232,-1.2395669484326346,-0.32785384639461174,-0.21866859034902944,0.2640208397130753,0.6786685818327071,1.2922597893083552,0.015001217987344431,-0.9117402049269494,0.19897647879326677,-2.2598674188503534,2.3309858787358575,-0.10532700684075733,0.5781046952064691,0.4684321854645002,-0.46592624752915457,0.36786155237543455,0.4546077932137441,0.9823954039448496,0.004663914149298078,-0.1257263630234312,-0.8516369098255471,-0.03165686485436105,0.5551278130461249,-0.4432485186947834,-0.6208318992501375,-0.7068378745525216,-0.860844065516858,-0.10941833502636027,-1.5312512705136032,-0.6121316853606388,-0.6485618790728302,0.9982866130844319,1.958400405978143,0.630641495741989,0.3569144957008294,-1.5069603568131074,-0.465224597287947,-0.09215593244537713,0.38190419278267396,1.4403453794656227,1.3624314156727375
0.26914812523523035,-0.22890287152766436,-0.8837265236109715,-0.19048416364459125,2.832704782227801,0.25753679040512545,0.8576136901595746,-0.5378898879162827,0.0685373775968107,0.2638844054432986,0.39734081028498835,0.25725638619958063,1.199744960511581,-0.2144875907807501,-0.31959317332169285,1.60231162169563,0.19641867135817354,-0.9881046556809778,0.43666645972538304,2.580871999946996,-1.0707006317767085,-1.279310154994534,1.7504186319736987,0.9170876145721717,0.8206356500991546,0.485773478788386,1.1089737792832466,0.25764692475848566,-0.19498851765288483,-0.10982428811579392,-0.5386374597669331,1.1005728492905074,-1.3594093339577837,-0.09378688512941666,0.03543506329481128,-1.0849742091012438,-0.38389556983267187,2.0652532256099465,-0.5197480345431646,-1.122391258832448,-0.2092593698833678,-0.650932478684052,0.5955211965144961,-1.071869399115874,1.0786311846916612,0.6716876922913441,-0.4121476458690976,-0.9001643957494528,0.5456449703250505,0.3418562900364991
0.11975657835692265,0.3375217775128529,1.048448072413417,0.49796292743720294,1.05216584551471,-1.5374954030894237,0.44576424268127085,1.0680782736569503,1.6568252352250443,2.032667209688268,2.3790894549199595,-0.801633678073596,1.4603611315360299,0.08629122030421645,0.5047941603472164,2.2375277575328614,-0.710075253856641,-0.4478366691837226,-0.20216598407256456,-0.2655197641516618,-0.22444745644436703,-0.15250826195126857,1.4149155580448487,-0.677638478411773,-0.27874913098513854,-0.16563465581562722,-1.0296648363239238,-2.4839127296481736,0.12155855653642206,0.858850312533631,-0.05065858231053944,1.4287557576861996,-1.0911073684910138,1.4131566077976203,-0.2172864932063311,0.012217951477932342,0.03576177630107346,1.4065355931922725,-1.1390819929887013,0.8979853896160215,-0.09969742850796186,-0.07521341455046593,0.7418848287432331,1.1352385389692505,-0.7221106029497069,0.5348774817711526,3.261497461265612,0.2843828527195549,1.1275795901154053,0.4025461099457486
2.432430028543138,-0.1617131979331282,0.381752569193958,-0.5766089824300218,1.3488965729742877,-0.36472056890417837,-1.1872426317256035,0.9588168926723916,0.25085604294509917,-0.13773256568506761,1.2876646463324772,-0.5114804207394843,0.45027668007615224,-0.9371861827366952,0.05420950739935187,-1.2084528108432853,0.48467929390235676,1.1246946968780696,1.0061209529936832,-0.26924694570740915,-0.6680635308266264,0.7140729743057707,0.7082625987606876,-0.27056577059040055,-1.6105254891967098,0.14551021404195652,-0.3297146721892108,-0.9113399523259847,-0.4645602654448903,-0.5938866522885238,-0.3418537006033651,1.468018792675205,-0.6184684253600068,0.3189265614745203,-0.2794633520477206,0.3879591528402601,-0.28952300751232435,0.6964156824569157,-0.28257477500608286,1.0232586834732256,0.3907580439033806,-1.0819840594738577,-0.049729718234423737,0.5995670313080378,-1.123721561376165,1.3957909594289186,-0.17530031863648296,-1.1431228985534643,0.2722002572224663,-1.032063756464658
-0.48470211839465965,-0.1531761472397045,0.9439815154396628,-0.2664888620987117,1.2102337914757946,0.4345118930429482,-0.2615899208653586,-0.6167583328485665,-0.6457583642893693,0.40212477934453206,-0.45891564311549987,0.19199261059351844,0.42970477175614763,0.21035789346459965,-0.9941435979072808,0.5248126631814172,1.5451061913949662,-0.06036100692243173,0.9596300349183802,0.9263413920736737,0.18909591287139113,1.706659320311323,0.5013653787524702,-0.014408240360724568,1.1899248495228323,-0.4183344008768702,-0.06636880511868004,0.5890478814522776,-0.7437205019209789,1.4743915723034786,-0.6572605128088851,-0.046287935764908146,1.0844626669592181,-1.0320852322047207,0.17808672220973873,0.523807687039694,0.4730815785876039,0.5197572562970155,-0.22010022749118052,-0.9344661425005997,0.3654444187469139,0.15392239799102658,1.2675297316399547,-0.0213189580450321,-0.20051937553950872,1.0545382642834642,-0.9010723255700401,-0.007047153120307275,-0.6696393609947938,-1.647958516444514
0.212720852505863,-0.34370330944607175,-1.127156006313185,0.9250694614492442,0.1701781311996489,-0.3238095978196459,1.05189622502224,-0.9801323409493268,0.22869477438157126,-0.450775138329685,0.47427240771493034,-0.3329698820303819,-0.2832235452890948,0.27090566527016935,-0.6858699969950203,0.16177738814181697,-2.363987430501968,0.3343877683338621,0.6215807508638209,-0.5952745341797254,-0.5940077868544552,0.7417449423397521,-0.23105797670866998,-0.44959802728134884,0.2580805058648178,0.7454252397731055,-0.05342514558548358,-0.9076180592910025,-0.35120051048591805,0.2656105159958414,-0.10090122590792822,0.1988496914646024,-0.14446112919379117,-1.375701861884176,0.4134581317207783,0.1644318388740465,-0.34657324468960193,-0.6479209677338261,-0.920433856078813,-0.7174502235831557,0.6897162807566555,-0.4682369743442799,1.3923976383545154,-0.022130171135856195,0.42526159991809664,0.7219395177558666,1.1655585599557252,-0.8811537583278961,1.1021629533856363,0.5830033972504023
1.3793243760852354,2.0580272166397027,0.16777919907428615,1.425706056445734,-0.7323966555729285,1.2132963343798484,0.3134885919499258,-1.8959213995266453,-0.22607276728896863,-1.0430327144726863,0.14475826905650094,1.3253538475225277,-1.4960720898330093,2.2094030552937425,-0.36080411944067775,1.062047948556979,-0.8646066360813138,1.860501848528479,-0.6798382473268353,-0.3195879908692165,1.204170733475044,1.1569380589387523,1.2134009393207592,-0.002480332559346256,2.323172012346465,-0.07571034466257145,0.6608234362522689,1.1817379166524309,1.1555135488266284,-1.7584744312908602,-0.5191143118041607,-1.4553944096582894,-0.9580442129311747,0.29774181255031057,2.0252480496052234,-2.089193666093988,-0.08814353884105842,-0.5959981774969355,-0.390777122432957,-2.2030368057931504,-1.8237966088610171,-0.11809312087959986,2.200067110511866,-0.0893811953641404,1.219194728395384,-1.1007198748191704,-0.8171478368457193,1.8116453075836685,-0.23192770958982487,0.7624721174695989
2.004819985407778,0.6089509326639287,1.1691909397514262,2.1615080639516853,-1.2655985017429752,0.9549850323268408,-1.3968048005756648,0.4105808570226591,-1.305902878460217,-0.6022797505687106,-1.3842712964011414,0.08453075326908496,-0.48144052254293423,-0.1567398085836678,0.33717925095631623,-0.32178277516843257,-0.2462262225108501,0.21698503323184123,-0.7176943206640335,-0.1116454800933689,1.0618119703376967,-0.46047696750278744,-0.054152548764880064,0.5280924671005311,-0.4341915655313799,-1.0481487059478747,0.027942425189156468,0.8724637713838781,1.268460989379955,-1.4727703157995116,-0.4452662686644823,-0.8375604921537789,0.0274736272297105,-1.4549250964368414,-0.26106484136293767,0.504194519722426,-1.577253568372099,-0.7737410943535491,1.2454560034851534,1.6066204852845019,-1.1005569259913186,-1.6753541790352229,0.08162595953349115,0.6286241629351431,-0.5937736936748189,0.4889794094804944,-1.26130767704187,1.7597874665737623,-0.10980956475311825,1.3020139221285265
-1.5916907876039974,-1.5268768033363247,-0.6715393974003435,-1.7352084061242568,0.9454284867613688,-1.4203886312483016,-1.4638429456726734,-0.5210605410114918,-0.0569194368419614,1.6067544255838413,0.4252780878175779,-0.9550681509723067,0.8572190175520447,1.1177411582206285,-0.07001485342942385,-1.6447172503337841,0.10255365189676305,0.659205814760004,0.5494322898715179,0.36750994886246796,-0.710805176567419,1.812378186751748,-0.6436016535226904,-0.711531371157279,1.138739427541464,0.6329285456214307,0.2934074849699394,-1.298397577730105,-0.7971096121974285,2.4656850560112553,1.1866362198647749,0.8586451048617434,0.33618486678775533,-1.1323897248270345,0.009236700749571454,0.6920330444504346,1.9048294706705513,1.2454548846035163,-2.6686163461635233,-0.9019227046731683,1.2219263883636742,1.8463181130144497,0.22211979761603334,0.5034062058242874,-0.2659359345458527,1.6275275468764658,1.352951391723478,-1.3079702950234042,-0.9433328881324001,-0.9883307492309316
-0.16872678992977316,0.9023862278131662,0.3695328982431289,-1.207341183062834,0.2494417103128974,-0.7822229778755103,0.23009560992314726,0.36167233060612825,0.9160970854231684,0.8325348702296242,0.393014541927457,-0.2311009576474941,-0.5596791227725657,-1.1166494597367371,-0.6930156724226368,2.060670388378124,0.520950708300317,0.791200465150985,0.8625964410220971,0.4526703223178537,1.253351690621348,0.9994371303002199,-0.20149839012415285,-1.511624314438383,-1.6212607165539055,0.6111730558362666,0.13062243935091816,1.0237368129921214,-0.3773097763552344,0.6263185970474727,-2.7287223099967717,-0.17523676071000233,-0.6860619900572832,0.21180900656529728,0.6986525170704732,0.9177470945914427,-0.883562619927312,1.5513160390227294,-0.9722384909813255,1.3058714450363793,1.0400561895391494,1.0593177632604878,1.4133514871374133,1.641327715940938,-1.545715391234988,1.587177693425575,0.46639598003014543,-0.6548435629448555,-2.3927294675642483,-2.410050772768522
-0.5196792850069839,1.1264388629700592,1.0850492343516445,-0.49300189360731733,0.3315554090475851,1.4590404437310034,-1.4534471954811916,2.298114138055204,-1.1977502817980017,-1.2588875032059723,-0.24177217533500156,1.310949958489418,-1.3918857793744068,-1.784788168049287,0.215123255507502,0.3221641552802473,0.3564919843076866,0.1181103551075268,0.7602267427916098,-0.9465673107251507,1.088014315596146,-0.09037602555426556,-0.36553403628800435,1.479114338689699,-2.1754299430959314,-0.18604991013856098,0.9506163624903918,2.6305212870778307,-0.7321391839561916,1.2093883719919254,-0.8416811556401022,-0.9465779045837567,-0.6790472614574966,1.1077060762900253,-0.6831496666785422,-0.38093946045472094,-0.8948975814357808,0.4734369991528646,1.218359561659054,1.5464765280096386,-0.6347818103297201,-0.09768133362283624,0.19533989222067752,-0.7561427413542383,0.7745239685220939,-0.07694881435642671,-1.7424121264199834,0.06828179631888176,0.13575186444366039,-0.4575318659009623
0.705448396691346,1.3297516922551116,0.7376085028357484,0.7028843369190061,-0.22050860327521454,1.6470490979881545,0.9567153079717805,0.694674896838209,-0.4950508417040007,-1.2696842500242895,0.45513830192225374,1.4414654652624028,0.058018461627586476,-0.03857957400635623,-1.453059627247497,-0.8051382536296842,-0.4309435127289027,0.5799134260695037,-0.4860993718015204,2.3615799249750484,0.6401282811189889,0.028636880193189444,-0.7468527083181007,-0.18535113288542585,0.10582053653270816,-1.2280625451215623,0.4440845405061992,1.6407550023269215,0.8830620972689884,-1.2278375097534049,-0.7383572903700946,-0.8754351687344261,1.4205223117312027,1.9430610297971116,0.7633531863922437,-0.20592780638158115,0.14910870863673067,-1.5177216050579474,1.207296845924801,-0.9255287431598018,-0.5395849166969565,0.09497785763455413,-0.6968401749257959,-0.8525200973834007,-0.07686303194268661,-0.08423048069041664,-0.41506596420386,0.5447716406558377,1.9335334304162293,-0.13864368148274808
1.195380162745826,-0.7742506970620614,0.16329631886909068,0.6533595104535119,-1.123747967731296,-0.6031307131806567,1.1335949798611562,-0.33337618232969973,-0.7494098981573633,-0.276071260639064,0.049733696932103603,-1.0988943147517332,1.747208021189321,0.8353446481446388,-0.30296571570107966,0.7411874395422685,-0.22858720761566736,-1.2017888375396544,-1.0332739854103847,-0.3636112082860971,-1.337610494323267,-0.9903527067171621,-0.2487486410169102,-1.2968208728938635,1.340433002139194,1.0422926687971334,-0.5724066417511847,-0.6329285540344309,-1.0795760989333114,0.5144341807703602,-1.6522860281335479,0.9947963969911117,0.7382485503082826,0.8266387819123366,-0.7870279036043115,0.1610593820483837,0.15852027581771666,-0.6394103926771014,0.6583596000776694,-1.7555378223980995,1.5268513464728457,-0.05370384634579486,-1.7290934220447307,0.5909852436371219,-0.38535017691083534,-1.1665764653078914,1.5855680096889548,0.2446165354314195,2.014987638779426,0.2480123601490863
2.1612347128655482,0.988990367331625,0.5013958168806907,1.117902470703188,0.06656393913298071,1.5269933422113222,-1.7995014614072715,-0.6069364251274795,-0.03981078365456503,0.11605963743190287,-1.0894377046483896,1.4360690654994723,-0.0662992488987651,0.41249596307495856,1.7120459586621661,1.630474399699351,-0.18800697631170762,-0.22478722825140443,0.6854105868809982,0.9659896886847058,-0.4272305903418783,-1.7949445904308805,0.8978210621007583,0.7810054007848036,-0.9482248245974735,2.957131741476399,3.5627831246877184,-0.6839243760393316,-0.7172060616182327,-0.5826896133643713,0.029289550565019633,-0.1742778880428314,-2.0757818853310757,-1.1555403454690503,1.8916324665434205,-2.7033676321676188,-1.3335887260212078,0.22799235069220314,1.5044365573937304,0.09949467979969637,0.26555930156359386,-0.7748838670165843,-0.3111772867057337,0.28279105615453026,0.8586746124261665,-2.7455695721529114,0.23142803758116112,-0.2447771082189545,1.4420362216694114,0.30541226539086636
-0.518642428181395,-1.5986569653668163,-1.473945695863243,-0.5690072166969362,-1.0784673024007065,-1.3112004110635451,0.2027996963604441,-1.5220348479946963,0.5394350511503502,-0.2860960712809804,0.5863267771719725,-1.3502474281366166,-0.1794391416771328,1.6551843673620485,1.3579414383344321,0.41611185402606604,0.17735755235013692,-0.4001143548190174,-1.4444463994331251,-0.6940680745197305,-1.603965170504061,-0.7469178735792334,1.121764510071244,-0.7636444821109212,1.9773724299339615,-1.4200093002064487,-1.6964507073955106,0.8083068293756996,1.024820521162688,0.4113385287465342,0.9616997831597605,0.25040772877807,-0.7199256674736536,0.44525978627651713,-1.5787674301104517,0.872779966479957,0.9101231546317404,-0.4196820408955875,-1.2327395569975808,-1.062958694705261,0.1706409394411704,-0.9232655111995757,-1.0729408495204986,-0.2562843254062858,-0.6341392467428969,0.9400034506342484,-0.6611777073106173,1.4085100147451608,-1.1988350705574948,1.9356685823395292
1.1664579686737335,0.8123528199795635,1.865647115206323,0.3470249163985545,-0.3500350719816627,1.6477141997635865,1.0638552456942947,1.4069667362409666,-0.8099466798958657,-0.7239681777541717,-2.3965629729385816,0.7918918244110071,-1.0629018149312153,-1.4244913027070263,-0.14358708790456573,-1.0917539726241405,0.4137489575581218,-1.3612593803855855,0.868109862254973,-0.4753706031723232,0.6561334502825344,-0.7589316383050548,0.19325356491092316,-0.42425832839981215,-0.5531740669695288,1.136377724856453,1.249810144861936,0.683649236157013,0.2575984866677555,-1.312893257373243,0.30422610486508295,-0.1303271579725159,0.21822525449174962,-0.49070808278810807,1.0140361640375348,-1.2461208463371196,-0.11767744017394738,0.01706078800659925,2.1858513510924364,-0.037689643064651696,-0.2330371057938308,0.12096254367648467,-0.2683495816975277,-1.303050630591919,0.5761844185206216,-2.1560277193101975,-0.6484009525392367,-0.7658010398473368,0.38944450112061535,0.2801405059720529
0.8196817284936521,1.3465203848381875,-1.5216701347285384,2.0111612927557934,-0.21894465551174186,-0.16441440160909057,-0.279760504758829,-0.25702734203887706,-0.3773132319616015,0.07673648315029685,-0.18619068822446352,0.5126911086913454,0.5345275838269712,0.2077387000690762,0.5659177429690392,0.30561553713588835,-0.036715404757702345,1.6491404269150882,-0.5542814265286076,0.3457305896053444,1.7902689581482079,1.9909254300844157,1.2847320692278745,0.04929109886366335,0.6290434716095769,-0.8264395240868991,-0.08870517241085049,-0.2720036717677048,-0.4487168919403105,-0.8704859632084933,-0.007988104247222792,-1.2352115202624192,-0.020380725003984867,1.07160678147722,0.2644366583776919,-0.20954509063662854,0.46325697490009454,0.19645772998046088,-0.12583440231855914,-0.46100406297860913,0.6527842997206633,-1.3849605509318903,1.0367064889391266,-0.5745580234334681,0.15004854271406387,0.15217165690838444,-0.07981705754837333,1.0087366367822432,-0.33356104413446797,-0.4650927428501319
0.6628685053867248,1.007844321114696,2.266318095810265,-0.03554802946742176,-0.39606110082369445,1.985796540461622,-0.22054165236791784,0.12300583604028532,-0.5377991765242199,-2.7716814424428105,-0.09197083337287602,1.4157360848085006,-1.9064537996375228,-0.6665501934812329,-0.8289365139214138,-1.512129825285612,-0.665842643928257,0.5397750760873578,1.0613717042116886,1.0956118482782122,0.5331738309707403,-0.29651658038043055,-0.0072020259532455866,0.24060209042329747,-0.9944538749981178,0.17093178910563825,0.954835194408183,0.9509317820974524,1.1385625607642291,0.04459543373307315,0.1122317839092866,-1.264818819522046,1.2189367023083635,-0.35473133317160943,0.4248509285420939,0.5935579294472074,-0.9979405126295612,-0.4222924642150103,1.621739804399051,-0.2396165466495799,-0.23984279268690728,1.7315771050180708,0.5457680642134076,-0.5817590431050118,-0.6987304166832023,0.08782186859057572,-2.0374203894873264,-0.6485547188023489,0.3379271081863763,-0.4787344643241571
-1.0501671223863922,-0.9901153271668997,1.5888388419468022,-0.3925213590897786,-0.7802915204367269,-0.07697897155627613,-0.4050863098894418,0.18963414986694802,-0.7168068721424893,-2.1635051572821915,-0.42471666106234973,-1.2300006230326395,-1.0393185065612927,-1.0508813999472115,-1.3267425498604983,-0.5498379439475876,-0.6741458885110935,0.17521455630991123,0.03197360857411037,0.17302325591318157,-0.8344107477654555,0.5386055738620582,-0.40067199154947897,-2.1565364670291673,-0.6775603533381572,1.588188731476001,0.2034547738284486,0.5599817136334572,0.7263741865801469,1.8233574113875304,0.9241727172031986,0.9151570897668049,0.18576402240486142,-0.6975917449458889,2.477986982082637,0.8192376879449748,0.3392443868578158,-0.34002582351068117,1.820837415828589,0.793467922258983,0.7768210256813697,-1.2819016352728565,-0.923703054438535,-0.8064529482487943,-1.0207441461904956,-0.5205857678703308,-1.4544941663310602,-0.6041886477436712,1.5880721641464233,0.199426681846951
-0.10091314989479386,-0.17250177595581137,1.1811554618185873,-1.784164232969697,1.4684612655327025,0.6265347332978701,0.24517066190196005,-0.19203712038223358,-1.0775870841891366,-0.45974941612934994,0.2814908081385645,0.36744496187622805,-0.6095739256322378,0.07722548376912648,0.1526444354816744,-1.0670161309701274,0.5429952385623217,1.4340949417182274,0.9236340735239117,0.11166887691583695,-0.0135539485394344,1.211454098999282,-1.5801214950778473,0.4615271644314343,0.6731960729067563,-0.17744077440342268,0.5418010410322569,0.012092628675455682,-1.3922663128569568,-0.7276225068085631,0.12986580192484687,1.0139525958623241,0.9616093655876728,-0.4294658306440234,0.026974523312304165,1.5774528864829707,-0.35510113554262623,0.6362040987685803,-0.17145112315586833,-0.18064869024368313,0.7259631677199239,0.12541020383714213,0.4509906659740966,-0.6057183614016078,-0.9779287028142603,1.5732841233107007,-0.4493539571399859,-0.30739837192006914,-1.3584348631828884,0.06018652724862175
-1.1723236993403974,-0.42459445426300324,-0.880501219252741,-1.073647385345506,0.21032625047455386,-1.37155807277205,-0.22417694613526468,0.404317832413368,-0.6937723686799208,0.9556632252892527,-0.09897043563184717,-0.6379150890426515,0.8579505363807716,0.2055787693778466,0.12886717947653215,1.234496448643453,0.13134426363274884,1.293928022943838,0.1526052088270471,-0.828217774818795,0.3564465091668314,1.1384342920367352,-0.2854629760406895,-0.017338382008682863,-0.4317093569679739,-0.3021001039523469,-0.6281959747155255,0.49292482248808234,-0.36484358077519247,-0.3668444878147718,-0.6154578537660447,1.1925356024927407,-0.37551312108920715,-0.42929297775331987,-1.419203929258722,-0.29863037325544933,0.37355712523246515,0.7731292094206583,-1.0704995111331743,-0.24018539474306444,0.0412496196213365,-0.24469656227761105,2.388190121227322,-0.561176656607726,-0.05584540333552149,1.402320713811433,-0.544413705509225,-1.661667320939234,-1.4309248407990653,-0.8154132561543829
-0.4790820611151892,1.1394583104557212,-1.7063310566146683,0.6429647017462232,-0.5664811852201806,1.1864746060514362,-0.8856226345052419,0.8069308187906514,0.22387957048705223,-1.3417652018706607,-0.6580648360378218,1.050171502949007,-1.9963582735396184,-1.1097210330679803,-0.6895241881067729,-0.3857206633394576,-0.15396343996207323,-0.23415803973743654,0.20631190519999096,-0.3847153881365499,1.4905466228958517,0.2931263245174851,0.5188424951823097,1.062619405501335,-0.44337969402786986,-0.4976991327782447,0.080652040798598,0.802838082963806,1.8832966135293518,1.3500990668481372,-1.177064696360698,-2.404372176136669,-0.37973919863250855,0.8903643433963196,1.8861306195818832,-1.174433383596434,-0.5713029711237487,-0.48880443640810456,1.3714384486335847,-0.012715140968384856,-2.0185668956371403,-0.6868847747005611,0.8345844021790947,0.22171953636876485,1.7662208223553804,-1.5453381591366167,-0.7292139041320895,1.2529688228961597,-0.018456578985531272,-1.0847666831283227
-0.09613840961919294,-0.6767269546819562,-0.3259623338111645,0.589513043643644,0.9998596311366226,0.2952912517091214,0.5064464406787496,-1.0720029386577556,-0.044468090166187864,1.110827225440231,-0.022346253697211122,-0.12877786961429047,1.6321829600888615,1.6407529946419317,-0.14393093735793275,0.0006455814727017978,1.9157943140463016,-1.3610551498615782,0.2646371289472079,-0.17707420019053036,-1.1582857580192858,-0.9919295939923973,0.4549565654700518,-0.5166193208732152,2.1882410228747786,0.40546662468743594,0.29653649879130156,-0.9044779087710811,0.5981323987339164,0.0312502761657946,0.34825827182343083,0.20255588018776702,0.9037281999505644,0.7314019572833343,0.4828192581774845,0.16449676004477434,0.6960807188622937,-0.40919909121156234,-0.27114911903858613,-1.0153484472417842,0.3447626779474006,0.26689904782331875,-1.2283471510554351,-1.0552866407597803,0.9244325126392113,-0.9439583200487927,1.0930769369633664,-0.6178680874242793,0.5713570725673132,-1.150992517955902
0.14574001203965098,-0.5473164832858446,2.0128760936702808,1.1977626459923787,0.22431507755280095,0.9990948125662327,-1.75376134598144,-1.1161247657178337,-1.743804028463541,0.00963318970114197,-0.6938948336257178,-0.22204987386821742,0.8449581352876073,0.704947380790393,-0.9737870431550616,-1.2808789442544402,0.3869898718772657,1.0495389128156958,-0.6652647534955768,1.1277179112363005,-1.3864658787820512,0.43664666324999435,-0.22671856139671825,-0.7845920599209105,0.1131419044956916,-0.4762904762366679,-0.5058208691272713,0.15578841929029844,0.7888912561456818,-0.4524891484517515,-0.6005475192204919,0.9798308486195023,2.249722225195326,0.45583823869791384,1.4371825393757371,-0.7186890094421423,0.052030265827631955,-0.46838034419608476,0.8103252573413532,-1.4382858892391475,-0.6069907262046571,0.11102206677270506,-0.3126083089615188,1.0490360166079866,-0.0422729665700713,-0.08799008517190657,0.4450314965893142,-0.20081383024095004,-0.05343632324022551,0.4169933305660357
0.5402065523618469,0.30027880996453143,-0.038569302403360824,1.0368621183025226,0.7486513708746935,2.1990744188071365,-1.5778821151749183,0.4981434509286055,-2.5347126126521653,-0.5050329716927529,-1.994776834150725,0.6945030789348405,-0.23383773907139344,-0.45950205296720215,0.6251047116809568,-1.0903462683278229,2.6330203732229003,0.8407079255251577,1.2658826765818425,0.4393704839401405,-0.3970681763619777,-0.19246590511856568,-0.39736989209646884,1.5363935565731073,-0.8769204919254242,0.2898043015914816,1.479731670189886,0.6299528716988616,-0.08579012255223037,-0.5653744949389264,0.48203985219971784,0.520325547265816,0.8691116882797703,-2.0937152722293915,-0.7647535731314093,0.86627595098502,-0.5807029569689035,-1.319967618212923,1.3700218823640116,0.6592388020772543,-0.5124511464454878,1.1536290406978118,-0.5072589223620835,-0.1923762612456355,-0.7795762391034533,1.4865159526597436,-1.2255934300986173,-2.1353245262842666,-0.5720386440668437,-1.5526549371082883
-0.972519376222501,0.3695543691692653,-0.6315167666278553,-1.134346892738706,-1.295053115835598,-0.38645551026767094,-1.0864440786134921,-0.5082356459935522,-2.1991222067090845,0.44650741512156467,0.6926538432325383,-0.22229296597828818,0.28063163864617624,-0.3437075175353466,1.0908116440283937,0.11768957348261896,-0.2820062605124828,0.8624809663163406,-0.6212976649182276,-0.5552109550627705,0.9458282168236791,1.1407613263589884,-0.5744629664417031,1.7883929215860113,-0.12639437633145995,-2.998635057692986,-1.0107564925231394,-0.3900913005897777,0.050865436649691675,0.773330220763352,1.204451503042638,-1.208407589527714,1.1812382560517773,-0.5463006518045705,-1.635894493806384,1.2984117880451282,0.9246933936780252,-0.9497764324955517,0.07351592556525244,-0.13746565588397816,-1.0151481919514211,-0.800716275300278,0.5830186964749412,-0.9159927504108321,0.3195676898165521,1.8647759656497183,0.5134907705700206,2.3257335469179385,0.4113895237905526,0.870087215910861
-0.12273320205271092,1.710456975790962,-0.5937380180125336,-0.11222199274866912,0.5263962853985726,0.6100856944435873,-1.478577560644433,0.6869823106125098,0.11056200759854423,0.08155140599315164,0.9524072617522842,1.9149468607331337,0.07518694316724667,-1.1344488078304336,-1.2538133679941224,-0.5759970892139792,-1.6178720187653972,1.9514147094277152,0.6475542165471216,0.9406013394652109,2.2937702406922433,1.0647803559184499,-1.3996567647405649,2.048746842918229,-1.5679906336154326,-1.5563805729544042,0.16869013901066118,0.27138435418226536,1.7279860022910376,-1.428009099682903,-0.11467976875494917,-0.9548526934458538,1.406511529379001,-0.2789509990072718,-0.9003498539232585,0.8614016162074563,-1.3637226556095605,1.324119486185601,-0.45584973282988916,1.7761601952648571,-2.459159589897368,-0.167147988819686,0.5853172333093345,1.0849552294837292,-0.009316011276768692,0.8757904000289276,-0.07700050999685865,-1.1803931342004867,0.6003122346216017,-0.24901596176334426
0.8505631652624687,0.8005673043534649,-1.2620425728054179,1.072477460451946,0.2455455774623591,1.196599661258987,0.3673926452943589,0.90250705393994,-0.3340812840850488,-0.3841644410917529,-0.8049893694122368,0.8074326325382976,-0.8774686527147417,-0.48603338627919845,-0.53344488619046,-0.39010034831300194,0.12358810619591909,-0.9300127573879751,0.6705718573330476,0.3203947570508424,0.5233638174425147,-0.690714487951433,-0.3930703176823844,0.09867323197044936,-0.7274269271670213,0.763715147776023,0.6469682444999878,1.631102744316222,0.5721480636222315,0.9700253288254219,-1.0051074075834476,-1.4450502719297171,0.9992715070232929,0.385419357620788,1.1226859967078706,0.24926255664308924,0.32566131972965523,-1.9646417080279954,0.8162537026029878,0.052680843816952844,-0.02922126998599975,0.960766028807677,-0.8247329794918807,-0.3078933152011306,0.8826823719183562,-0.6936619975236233,-0.9906945835046694,-1.0131978467168523,-1.3404532044850619,0.31064053244905143
0.6851990320689335,0.09149989780665319,-0.15941520672211046,0.4419572332604462,0.24476276395976765,0.4933810047838139,-0.41291530510738067,0.7992761178414377,0.29687001523125167,-1.2346759144246562,-0.06577126279321753,0.02487994938959293,-0.5204550502686304,-1.3368622521990885,-1.300656552298169,-0.544939186720562,-1.3217953898011714,0.19806996383405337,-0.5469629929199896,0.35707000861524624,-0.06335475038406804,-1.2555474898429295,-0.038296473825006956,-0.11262941660955898,-1.0728982317035094,0.5818700636244472,0.03433438246823239,1.230775408516201,-0.8152631088654145,-0.7648161121047722,-1.0171367399948767,-0.1075910950013725,0.4244719801591157,0.12567881214472554,0.06069834877594004,1.156380780318257,-0.49269941761148484,0.6837331252614359,0.7930972171871734,0.5289458138738362,0.27681963193820347,-0.19302234443795832,-1.31158774621443,0.6187020213671118,0.7219561347614224,-0.7089954187139761,0.04004397025234004,-0.8381806736032137,0.4296508448531499,1.2605166803651588
-0.022296339871160364,0.9044281076943458,1.0492455870062973,-0.39129739686652665,-0.423915488736008,-0.4776752536447401,-0.16158360497201957,0.8313903277690188,1.1339139782986405,0.12141711831789603,0.6994040567773188,0.2929799010470431,0.4911018622562292,0.20493428363044935,0.7261225774959693,0.5815259287035813,-0.4577681154395713,0.8149270586428373,-0.1349171920463916,-1.1271764597366782,1.2090504258559738,0.6015403907202317,2.430650036142501,0.41253033423917224,0.028235639359262137,1.0548885521983584,0.27610199654630546,0.3869995010152283,-1.1763515792946886,-0.4321988336911432,-0.060094025655600423,-0.8594871368599366,-1.7855749690028686,-0.6067204155712924,0.14084681673498717,-0.5337761489182257,0.3220063929892245,-0.37157680339805393,0.3876453516364126,0.04668165280672966,1.4327676032556855,-0.4168943754605755,0.8430445710241179,0.0588096324967381,0.41136508189383275,-0.21805204876521922,0.17207934972463992,0.6208333024954028,0.7402552112027166,0.6533702496667195
-1.2204787514821933,0.993700396408221,0.6564060217344406,-1.1156588984829343,0.8232653199470612,0.2872717173856681,0.8522043850113461,-0.0682315093570108,1.4137146905702471,0.19678728381293223,1.1639092261510522,1.3192407685010847,-0.677604398609648,0.5060558390600752,-0.30499448244554234,1.222922788942381,-0.615831047346271,-0.8844343249419767,0.7448748396191772,1.0324198079555975,1.1044341611088482,-0.2292184444698851,0.5063089755986164,1.116119851890077,0.5342511554317405,-0.9255062091814835,-0.01583846467371687,-0.5029046898225931,1.0640300042631032,0.8909580290024579,0.9698541288009972,-0.8507328540192526,-0.3162058635552249,-1.6139899344002417,-0.7458370819652206,0.8824143986799593,0.39983602313165395,-0.4009376259201502,-0.6294380655094396,-0.7731902089487335,-1.540765219418239,-0.5380543610628185,-1.018263867759356,-1.5296827837415963,0.3818331484596331,0.43104320400507135,0.5773298032769333,0.29523502248864775,0.8929944703790038,-0.16076745640920556
-0.446269544695685,0.646532117635365,0.4800388716471639,0.33109744936005625,-1.9490724075303814,0.18637681596632913,1.810129733267339,1.410565599480327,0.3035858181036552,-0.48532350697170334,0.9220376071592085,-0.2741719229753415,0.5612835595636128,-1.2799356645389517,0.10884897193188911,-1.4032522049250473,-0.44864897414955573,0.5233421779155623,-0.37185224842060194,1.053437663439014,1.0638574958703866,-0.0030639911132194107,-0.741532831274859,-0.08304248376146559,-0.9453946260450854,-1.0411332292343067,-0.6416404338810479,0.8632249868486412,1.2874435804244662,-0.3710848204600001,-0.7786962889666295,-0.19133997906843545,-0.6278633448765758,1.7913624205118301,-0.6796455513661767,-0.48784856665709286,-1.074406365193145,-1.2230010674451932,1.5030283021857946,0.26849211993782796,-0.7236231693693351,0.1807366941702408,-0.6782402689851769,-0.004237893530439123,-0.07801750060049174,-0.3567919646685667,0.01903435410600664,1.0969154947294528,0.4598913651197456,0.14819840967754463
0.5432301160285742,0.7909296214808066,0.12304624612495754,-0.474331698928074,1.049302459214974,-0.01049514542981027,1.6162081776814297,-0.0967053474492191,0.8513503412583158,0.926737918185359,1.2248155771830052,0.44596652482393306,1.0822851531626718,0.17554522230012176,0.30608276715460403,-0.09252733116538486,-0.05062876924780047,0.0765570401980226,-0.6880075461406776,0.49107565031591144,0.6326750241247548,0.7754816052315574,0.6389966949772565,1.1242765973342699,0.5453838391694176,-1.2521310690792309,-1.0576620743405027,0.49016453741546223,-0.21469829522441838,-0.43426215791588374,-0.9326556793482293,-0.3438834140867677,-1.090407869052342,0.059231869235252664,-1.4184532871863962,0.3056849516893817,-0.14393205304886092,1.3649518718456242,-1.5652254578078653,-0.8846919266830123,-0.7171254607107473,0.1449505063378387,1.1232491515754361,-0.6269373622486025,0.13539610552020567,1.4994106223463743,0.7124068709504113,0.7975453031830791,0.07216472655900606,0.30291844042118676
0.11726879686024176,0.26916542654741094,1.2475996568871268,1.580469578857844,0.7284238825324848,-0.4476424390474724,-0.7631162216001897,0.07620816056461155,1.1913061610902482,1.0510483138384379,0.1315594730148289,1.4035263011353658,-0.6821230057175172,-0.13526948403434544,-0.056196948325030624,0.9023724220738514,-0.047813613651688576,0.8686426713762577,1.8378570138693162,-0.7845826177615656,1.779022141741448,1.9262360111426022,1.1358598004311211,1.1839601711134329,-0.33837460256195656,0.09170298309666011,0.3676781328163538,-0.9679602572667193,-0.10065534152380422,-0.676846512119775,-0.4999848586835589,-0.05848749334202072,-0.5037815197525727,-0.3838625549364942,-1.0039074862038784,0.45335310745593493,-0.7699388737419223,1.3928558057088753,-0.2915230032654494,0.5074230058614796,-0.6598468101341383,-0.8104397886534126,1.3336117142197885,1.4259571048685495,1.0732718375813257,0.8304475842313089,0.6855829281809217,-2.3544207785459466,-1.0439265835462248,-0.8457330956481192
0.8275297276062643,1.4077134445750195,-0.41450528235388046,-0.5596518789471714,2.296146827927017,1.0448663222749028,0.9881342525594318,-0.027964628819079445,0.03749083548725725,0.8976792926290216,-0.1074183999904306,1.592719222637615,-0.05650240317397951,0.3553318730406818,0.10693956505978626,-0.3566104610832649,-0.5298601559900143,0.2777136111255762,1.2847491650863956,2.6426683518815044,0.9493261024764956,0.701134131434216,-0.4202030609899913,1.2221952990799172,0.9615800300384366,-0.4294843917930718,0.8852267723187092,1.072294281322857,1.3838800766533266,-0.23550752688392254,-0.8557941831466771,-1.1485963193301778,-0.5257973762347573,-1.4766022225787436,-0.5673685057303567,0.6550366251791904,0.1393559092944791,0.8439499955848887,-0.9542374893375908,-1.6616448638567298,-1.2148433757166524,0.6485732083281536,0.6983378638067795,-1.252577934605578,0.5998240981909102,0.9304396856464127,1.3632834488465042,-0.288416630651251,0.43066968617537293,-1.3560255023578487
-1.7900342064357695,-0.4969292992219851,0.13942540736495926,-1.3029673969355544,-0.3773366569809265,-1.138462439384935,-2.012868134406156,-0.10751853783594267,-0.5534539907385632,-0.23846741050006146,0.9569291118736973,-0.7808314475881569,0.7217926992986913,-0.5089302514357759,-0.42918913640673206,0.9405395508094997,-0.6568135601860408,-0.42412617928966545,-0.08565511553295085,0.16505843850630125,-0.756049376666575,0.025258849762854408,-1.8848508596642237,-1.3127944237318954,-0.3201608612535241,0.6523308068147483,0.15753466575199188,0.171327380724304,-0.4502008836862144,2.0931596374745403,0.40871784782967774,-0.04798808284077001,0.726142117642267,2.1056520031935,0.8282494471297984,1.7003756170169002,0.5509691117116212,0.5787520654742634,-0.12032269580048677,0.15182870053114841,1.9216985407950558,-0.6619497286421093,-0.711275127693487,2.15376069459884,-0.061537309997926476,0.7931461512777583,-0.36843643550103156,-0.5328149076242843,-0.7000794591961478,-1.0642871496833095
-1.5263179747130537,-1.3168912576361824,-0.8061949906598481,-1.2389577128667104,-0.2234874771520423,-0.988171947197753,-0.012913810880392377,-1.8822246382382481,-0.3005442766878681,1.157815423348244,-0.10680273682432727,-1.480090769454318,0.9426804159782055,2.0157618483479065,2.4671585247689287,1.3599721728021963,0.7920953470056821,-1.0276452614890785,-1.4072082125662317,0.3995807346997097,-1.2265508636961224,-1.5360590629433917,1.2003579006791194,-0.5285735320931191,2.15464737065405,2.065288139593461,1.2735640479991923,-0.5407269947154134,-1.3561003029721863,0.3889475170651235,2.520424060418811,0.5618118928684177,-2.1138721901986606,-0.509349287336658,0.998248691962755,-0.9262805827561181,2.450367722587164,0.6423984850913792,-1.222137483643969,-2.625110866850635,0.9576754223189711,0.6840647147057005,-0.20832646201846772,-1.7603112126402194,-0.32704251582224914,-1.949326131833523,0.5710094682220185,0.319334153131484,1.4600479144504985,1.34614145109928
0.4585487932154007,-0.32678912786902775,-0.376382851977703,0.026260304429665416,0.6681933562024881,0.08971061377711614,-0.7234804484169695,1.2970453383701386,0.16289502940277983,1.5346731144913985,-0.08010989684669591,-0.5239524540838364,1.8265810843824555,-1.0142759509702939,0.8889817566841984,-0.34459437492326783,0.5088565948506308,-0.2405670724747557,-0.39662526357097244,0.2433793975231614,-0.4906616925635628,-0.6362667911596824,-0.017183295962081447,-1.0044690301206842,-0.5848613273634,0.9825315441687955,0.70603975450131,-0.5454363487534537,0.8932982659905511,-0.5222668313287953,-0.4494586091614305,1.3919314880247509,0.01672362012908134,0.22068633610713306,0.7927008735247406,-1.3139972088639977,-1.7502227911753914,0.7483623108973875,0.8046853645963576,0.6142671631849937,0.261348444709493,-0.6251129068590343,0.593424627323243,0.7328845880834873,0.3915087780591315,-0.6953906174143221,0.7948266756656066,-0.7750422833823464,-1.0989020828588247,0.8426875775235464
0.969053456481144,-0.3861932463373064,1.1456520922194946,0.4061436105784162,-0.5916300604222315,0.20448090251441417,-1.4042799407055389,-0.45322762612420653,-0.6031825284678076,-0.18260035297776622,-2.0248979850892512,-1.138035990304202,1.0865550210819104,-0.010966113358483949,1.1698954239333292,0.5680940926494675,1.0360116899892065,1.1195175610014707,-1.4480153091791177,-0.5007456351850932,-0.15411645936041235,-0.562141663279682,1.1021692822196523,-1.3384541659991676,-0.919202989837085,0.518359626238722,0.0868697362149163,-1.4856712913731782,-0.49822393806093956,-0.2670432533057864,0.6634596027980284,0.5248972279393581,0.1473786759570554,-1.9394984216894038,1.027163046734324,-0.8198814522742361,-0.9041139202284184,-0.4336499545591125,0.17955305793783133,1.3520454771107264,0.5326986126449283,0.0515839670909285,0.8245069502970177,-1.3788018881925619,-0.4883849523652503,-0.35834821911219394,1.2609211958442288,0.604931392129903,0.4805774426916792,1.688867435584242
-0.39635886606236204,-0.601024231721806,0.04909970476958756,0.9105149324320626,1.6038507438525806,-0.03406938777893282,-1.2801620023134208,-0.7017173197792966,0.373387772433731,1.5591998025511387,-0.3967708124546433,0.7677824234120848,-0.40384784322671663,0.4318099302714684,1.1344509987962865,0.016648766338307273,1.1524056571428722,-1.4424867685051515,0.8768932052056141,0.6121082651384525,-0.8334539521053006,-1.6453470137767054,0.7808169486715333,0.668125952189219,-0.403179285477104,-0.36921774193966406,0.3988355222618063,-0.3313668111928715,-0.25510731097955724,0.8778760594840593,0.5288289675606674,-0.24110048910643483,-1.7739095134482388,-0.7753937771462952,-1.3626567419496007,1.5346570696104491,0.03808685306175276,2.734529018819206,-1.663183350362071,0.07665074240797562,-0.9029393355473692,-0.12740229361077138,-0.21788615061492372,1.4948166072644606,-0.030417564980908952,1.0550515448243296,-0.4878821784478617,0.0001455051742971912,-2.826936941035044,-0.8390329808299751
-0.8874697817748508,0.9930848265861046,0.3067717520466158,-0.30447750918300664,-0.24023649889624007,0.16473655919163366,-1.2373323916145127,-1.3134606349171176,-1.3507241860833867,-1.632628924090038,0.34019227053386936,0.7780795206774442,-1.0434758228451426,1.3073370581407258,0.7269146679851769,0.04150739212549452,-0.6704406917856575,0.6350017379346808,-0.5541636380768507,0.6948340654405066,0.4664099774369208,-0.1792336481658768,0.02020802763004155,1.5531427454626903,0.19999346465109405,-3.138434048994754,-1.0519788869246018,-0.8689853756480098,1.3096734226135909,0.5119330751091683,1.1244948508107817,-2.1556628789282035,0.9079359715653924,-0.38513262109980906,-0.8687552077340206,-0.9526801262153968,1.15225555816047,0.45804048125317326,-0.8377971025241705,-1.0126533299023017,-1.6780661193474746,-1.8836896191243833,-0.8810033255118758,0.863546080041729,2.0982427333327665,0.07334754177939538,0.18222417402281452,2.539141913553189,1.9999967307933413,0.08696778110572852
1.044424780773368,0.033621305988464724,0.6042171005433078,0.004213019807036959,-0.01085042539349681,0.30005658763738224,-1.1008215545195068,0.7257506743067484,-0.36369675541494084,-2.7614241297395425,-0.4177125056464917,0.5878966063728384,-0.8472280752807576,-0.168980230276892,-1.082637858031231,0.2928097293331657,-0.5331623287607619,-0.4226998415808384,0.9856584091070604,1.9483966118182998,-0.5156831660510046,-0.7578401427617798,-0.0577693365242991,0.19597524751639217,-0.7527082649664742,0.2583613985782361,0.8036512064122215,1.1150708004276186,0.06555052893372956,-0.2471601757059006,-0.6270076019985108,0.3596549085099987,1.4292425050622553,-1.2376307529627533,-0.26774074456305497,0.6231179845889825,-0.07306351767334328,0.9721452793548913,-0.09463647198110638,-1.3778498702754516,-0.20580150161280802,-0.6017166223119124,-1.313626346480165,1.0847739600839157,-1.0828995932131433,0.70303508511377,-0.9102036523052485,-1.3641667741265666,2.000515403008941,-1.4909204204613375
0.18189138952448916,-0.25528802195100153,0.4922875692616621,-0.4705486401080293,-1.1317823178895798,-0.3766869753613583,-0.7679618060989429,-1.3459046909186756,-1.3156402926199169,-0.46154482168238575,-1.0055640427475587,0.43285238533778053,-1.1937959853926061,1.8197177125331636,1.3849492492049997,0.8631281826249569,-0.7555868832875968,0.9543288486563529,0.1385122502855315,-1.3833445850444557,0.5774449355612787,0.5218678276618959,1.2261188914368066,-0.17792229973581858,0.4108472363922837,0.7206554351767048,1.1231250597652649,-1.0644338543782081,-0.7283354738369334,-0.5302287392530174,0.9139355320604244,-0.818601772738649,-1.4578194004714262,0.039196418333040516,2.528065544813564e-05,-2.5718890756651898,1.223476260873464,-0.7442969732918352,0.4042165101478562,0.7819276460025263,0.6957907733097581,0.6277940365619332,2.5267688524863434,-0.3471672045312907,0.4253128657662212,-0.7290457230291372,-0.24671088311855466,0.08238187413713285,0.862676845219255,-0.7527070375007179
-2.0933495550758625,-1.4075871820031645,0.20955062108323716,-0.4281618308281349,0.3071995068185834,-0.9001907920778038,1.2877944703708015,-0.8153052814094431,1.0618743252609848,0.8278100969189254,-1.0577476276752367,-0.5390609588634118,0.0351659531228501,0.3313820955135882,0.19649364156367768,0.03866878284629322,-0.270166777068218,-0.7245228204405422,-0.5612997111748985,1.0857243923792246,-0.420405153439365,-0.7633674683886882,0.9432016836290398,-0.08928772231276721,1.126898668545084,1.3673762258165523,0.8991848685986022,0.26306717229740206,-1.851140493298726,-0.3334783899455613,-1.0753366329004448,0.3161876926353011,-0.9972079242459148,-0.3188013066235924,-0.42049884710346985,-1.2808421741113818,1.1789456228740944,0.9605844857708908,-0.5932488710068838,-2.3004240266419216,1.9066861190948121,-0.8831888991402169,1.5365807212702687,-0.07591992029653533,0.05895511695951557,-0.644921943231318,0.6579515031277251,-0.2493480381158963,-0.521724537250754,0.7484759468758644
-0.8969221228279272,-1.5232165163075169,-0.8988734974135865,-0.37851774560692886,-1.723109258293241,-1.4928238337227335,0.5106804686703212,-0.35434229210141666,-0.6349058083359841,-0.14011393938973862,0.150374099506155,-2.176784638420349,1.5631027125199264,0.8245459786791821,0.4610858109756837,0.8362782770156622,0.5182809779413974,0.1500375302433795,-2.6354695270518382,-0.7652099244529506,-0.9166163152909693,0.33431435677751314,1.278072771798318,-1.8890565763733274,-0.237965259630463,0.5482705957734432,-0.35107284928090643,-0.7686352493985553,-1.289496903291026,-0.5136558686819078,0.9949303842929884,1.336848841826414,0.2093573044351619,1.0059282099660354,0.5372433459737166,-0.9937312112517863,-0.017632266619505302,-0.2729025063361497,-0.675386636801829,0.647374392835663,1.7171693788400515,-0.5139451198989377,0.9100669850635852,0.2485917379364603,-1.3147189919218694,-0.6912401967877577,-0.2969380815813515,1.859720712007419,0.13572528719887056,1.5307004775789688
0.40874421415251583,1.1845389112257791,0.06389914522919767,0.5551262743131156,0.4007633961192857,0.3074264665744574,-0.6410476000170372,1.773416393712009,2.531553086928073,0.5899536923306187,1.9254600508439534,-0.7865199597303452,0.8221534500962472,-1.2471455518851595,-0.23702604275217345,0.4963761887181983,0.05772581452016135,0.14423832925865843,-1.0704616261869346,0.4674797314147412,1.0070287357961518,-0.814653465609548,0.3445829452282295,-1.4942509271967792,-1.0226524536090689,1.5364991610775938,-0.23679330884751257,-0.3472448788376839,0.5204355646511398,-0.15321570096700174,-1.7270212372805438,0.10037344519622654,-0.7900016722879823,0.01907353939582893,1.904962919133241,-0.15344997370275204,-2.207885383840985,-1.1775733995063962,0.29853646247926113,0.35560937744025456,0.39181105085006823,0.2856837992143939,-0.4148221530595818,-1.552893929544621,0.2639499292608954,-0.7225443384377843,1.623024942558844,0.2883431754752247,1.8737328028155238,1.3025681545019694
1.7182076953296983,-0.42028195219076375,-0.8818573712633624,1.360653023929212,-0.828403930868582,-0.6393627979146769,0.3957017528900132,0.42744727672627614,0.3276391636273396,2.504238746653122,-0.032084601471754036,-1.5758070774196586,1.9240802517289777,-1.1522074279339176,0.594432482563559,-0.9966530381915574,0.45897586198442836,-1.3966113537823333,-2.1015233697972238,-0.9116462713938612,-0.34765003639315845,-0.9500835518567694,0.13137626503839528,-0.7762960847190824,-0.337067160354797,-1.3909367995974067,-2.1491788104590905,-0.695473075387884,-0.18038081720036817,-0.6155294327226551,-1.0684217998841181,1.2357988095649444,-0.6483620043227362,0.5309245208645852,-1.0251545460924343,-0.008291293850564261,-0.8575217339798314,-1.244926438856661,0.8818537416502025,0.8888148079516822,-0.131933279429762,0.6087491379031164,0.4024109136475667,-1.2834520386901407,-0.05736415745966285,0.05726944519117573,1.9737273093397067,2.2323428772228517,-0.20586098915470322,2.1213835973323643
-0.5443275095847491,-0.8790881273430879,0.12402264711864631,0.5365766468655147,0.3695856015909405,-0.2522968952814818,0.23813713573475423,0.011865991213616459,0.3492344176923459,2.320034698388297,0.1981672457304656,-0.6487480394803604,1.1544037276554224,0.270586176945382,1.4134905960636552,-0.6942294377797218,1.1552073382210948,0.2791510589992021,0.13711359268809803,0.514678298937048,-1.4144118119285645,-0.10015377469588267,0.7139654477697188,0.10851843630623788,0.10580101866929893,1.6165111441310647,1.6121711577512803,-1.2600029604175378,-0.33422406246168285,0.25032898568513606,0.7897643690785482,1.8046612521757788,0.014200312793855656,0.9491717319294434,0.6916951016967924,-0.7536553233972803,0.6687504863172349,0.7165851619198953,-0.3338862566820264,0.2835674351632083,-0.10570816254358657,0.10638984460204774,-0.2730897749585252,0.3455101203237611,0.0763464734041748,-0.8408663423767979,2.5516597533456857,-1.870435036813354,0.23003736823826115,-0.5501497212850153
2.968187223187661,1.3716303182732197,0.4855549877558778,2.815359123133124,-0.49326501581436677,0.23032750029394158,-1.565735564255707,0.5546114771376217,1.8774764488840707,0.13510662902176931,0.5462034518935349,0.5971427402664885,0.4555719874609272,-1.2546078676835017,0.5832472538434194,-0.2737216825150379,0.3989961571209489,0.8641802688049127,-0.15930258878263615,-0.2363740021400584,0.9767112483169841,-1.3069039320931826,1.6539162294272531,0.7538766481756294,-1.7446731432565674,1.116139633977579,0.9630141864127253,-0.43926430741356853,-0.25038850895763426,-3.260066581104514,-0.749630548224038,0.3853397884870145,-1.801880267862059,-0.7527765931161158,-1.4959936438905683,-0.2531675341293872,-2.2614924528988856,0.8342487466638873,0.26265656065587967,1.7267805289889002,0.2618155214009255,0.7963796228686694,0.8796985859595196,0.4617578267456274,-0.0726312131904848,-0.029110062480529057,0.15200126595645103,-1.2283389842774097,1.1929048282498764,0.1474963742691881
-2.5402080844948656,-2.54064759556281,-1.509616228095219,-2.615163444409404,1.2273133956309774,-0.009826464453539146,0.5887582604460163,-1.1210957226829645,-0.3631063127688004,1.1499034736207772,-2.0968525055494673,-1.085667811767063,1.08860373558643,0.7676116298803795,0.3789542018592112,-0.34262534927513333,-0.19899352696257852,-2.2764294311480984,0.725158931541405,-0.9680419086977575,-2.35166967807164,-1.1451107425571232,-0.5296359384345007,-1.2014715874324928,1.236930967055292,1.9074292687104406,0.6425992983136428,-2.43290388529106,-0.35671294946129434,2.2070749718769105,1.718819670712557,0.5953061348230262,0.3351584421219957,-1.31085215434501,1.3725198833100036,0.602985942329312,0.970803442444696,0.5465880988420413,-0.9708821242149691,-0.14919162341871497,1.1079019576229323,1.1137754891319527,-2.10790484423162,0.147979681629213,0.33324060396240535,-0.7230901097199601,1.3397769243036912,-1.0744311865020264,-1.2724564281132182,1.2039300287849295
0.44686027137948575,0.6816576143164821,0.05858804483929352,0.8448028878038508,0.07546316774381266,0.11225373686144187,-0.32576042987557263,0.46476516681017316,-0.4798897389815813,-0.5917681472992345,-0.58180942579496,-0.5506230925654314,0.4719177102247795,0.2561081311986475,-1.4705721451225084,0.4048920220822944,-0.024747987971534203,-0.5771445487694548,-0.07384927829725886,0.26103850733186496,0.4332758420461851,-0.07935296974850747,-0.9239068341902539,-1.2648214105916358,-0.28053044580885295,-0.9780149838223738,-1.4790771351328933,-0.5607099236088892,0.27653343327216806,0.12122185204930508,0.7939270816921302,0.4930303768226391,1.2658557741753982,-0.957974452439286,0.42902672215046656,1.9435443634475469,0.3363759117687794,0.8916310566822926,-0.5470272023665319,0.30007230115339106,-0.03323301303685398,0.08573607821523747,-0.14358398513522835,0.18752771638997612,-1.6252524440449718,0.6964933235317808,0.11297394368301429,0.5214825046381127,-0.9895446154323647,-0.2889375321791576
1.5234903083364957,0.5003105890175646,-0.30424517659273115,0.6993021164564754,-0.4018727451781739,0.6993289810855555,-0.9581886388528461,0.20168957460359074,-0.08527630949856645,-0.9304660261822861,0.20889337999403282,0.013731809972292125,-0.012602121398637697,0.1101221672146406,-1.3482756122902693,-0.8480494928063876,0.8983399442801281,1.0696842853728168,0.4395447681336395,0.6641147632340716,0.31796054745152014,-0.8128490261461252,-1.3332862070533742,-1.2361905185922897,0.09495125879993019,1.4606244580106658,0.8684281426325102,1.6495377439811438,0.8549890487381137,-2.214704509851952,-0.3260853401883681,1.7583424995084782,1.2714571144136333,-0.309215941343952,1.6693523500611018,-0.20077882048839435,-0.4003765835464534,0.10558603387337148,0.3296464375217217,0.2561617683421079,0.2702604127188172,0.8162154067713452,-0.88646149869563,-1.074261212300368,-2.0990773792967863,-0.36603102935536397,-2.0999248345228003,-1.80316056501717,-0.7636558340549141,-0.20175558160688972
-0.16977636343919472,0.5440450051576974,-1.4676405051444699,0.06400544487965233,1.2347712085158766,-0.7470359329620877,-0.19228844622565666,-0.2927270548634862,0.48549836351983755,0.9702339666664731,1.3724973668717004,0.783851253434132,0.06445452137488386,0.8443024311266508,-0.0650079047929933,0.07201370770034705,-1.0316376174214754,1.3279120255776504,0.9063286453666344,-0.03513045648747015,0.8433011632685523,1.9192063707457385,-0.6956150258510184,0.7369538714255529,0.8441798807028508,-2.871824368022141,-1.8412705975366856,0.05552202869716098,-0.2879546958451035,0.14471273669653684,0.08331586558186524,-1.655807083989523,0.11226086900346621,0.570812444884519,-1.4460115914470382,0.8231961102090186,0.7507355838955386,0.97417324442822,-2.3920863836611725,-0.2183101147170319,-0.14203426818561032,-0.3306320841227926,1.26751071585954,-0.12845036504432106,0.9765060479038927,2.5274485439828958,0.5527941776461538,1.4166859850614364,0.21705589117196558,-0.22971234346855848
-1.1430478578759433,1.5632874105420573,0.14215705104214604,-0.589614643673242,1.259812437675904,0.7665542169368891,-0.3267850889109639,1.4092039242273908,-0.9972555796769287,-1.2061897090400389,-0.48533621805276317,0.7182566799359743,-1.6984228681146614,0.45067767305625156,1.3441804708385832,1.081932828455996,0.47650371931142743,0.1816173230898533,0.7170293108612853,1.61906404819276,1.5859784151723733,0.05231898100304111,0.8200823635513331,-0.8480927732615725,0.35078031924712766,0.07524348733381289,1.898485946810004,1.2617648240335095,1.9328116713005117,1.0607055579645912,1.2570250190846017,-1.353947931903983,-1.413976533397842,0.010929130286562677,0.9295674464805508,-0.7221878307103923,0.6759917095946846,0.2559614279673261,-0.18183524701387566,-0.5234540474547981,-0.905150515152701,0.9131509066109478,1.0643447814809293,-1.2808099127867723,-0.7111475217750802,0.13517431301546481,-1.9509749633692486,0.6212997879863447,0.054621373466301464,-0.3500525205767017
-0.6243738102429556,-0.2901025463061119,0.8169459035786252,0.34362053715098867,1.0661302901080414,0.2772584646369881,-1.0315955160449533,0.5137031727051998,-0.4259246618161046,0.9225961908535084,-0.13952835765091112,-1.1531936120083082,1.0743924179708364,-1.2453131105200368,-1.2359664587944343,-2.066077039488784,1.6794925043616278,1.6280287693755762,-0.6305774331776739,-0.11763021144236978,-0.44202706517319773,0.2764366841046239,-0.8498487774841377,-1.9550567066121682,-0.6156982046768115,0.8949224838218272,-0.652986636758018,-1.1339916973968494,-1.8422183757387167,-0.00037564111169932196,0.1378728564639019,0.6131021570178401,1.1036482083257948,0.5592081643663592,1.5115350194403125,0.5433459147610574,0.06992745752965702,0.29180520936698806,0.8469574608263978,0.6176600769999875,1.839961867227719,1.8467352045103331,0.25609522662431927,-0.5586821127608715,-0.685335061159297,0.5603725909135446,0.4770957336595454,0.35381833494690323,-1.179715797418916,-0.44413076851534533
0.7664252657546563,-1.5155162321048743,2.026231550236094,0.5497780422493354,-2.8559269061978356,-0.5872632173735198,1.515711018430383,1.2689322185331393,-0.29262298647083007,0.5509757064449003,-1.292043579884755,-1.2465103335572247,1.3674795357131968,-0.6538479643432652,-0.7921150207494205,0.6067409847313295,0.1667640049614068,-1.205608719686887,-1.5104930385412203,1.3231629879178362,-1.311442366306486,-1.0975499329457206,-1.426450194318731,-1.3123507093622644,-0.021129946323285465,1.6364848078071939,0.6182373348004137,-0.1502918512549912,-1.8245486039993852,-0.28373719209241893,-0.3763444766754543,1.960797457316343,0.4368129307164278,0.22596313868189483,0.6371754711017031,-1.9206299431524108,-0.9691064694725853,-0.7722385093463844,2.4188380320531193,-0.23573761301593651,1.8198536259378344,0.4530658640277079,-1.7891900332021138,1.5817327793428506,-0.5907660066547357,-2.3039972962500976,0.6610771663607561,-0.07753300311336787,-0.10495627446359077,0.4593699543898101
0.6170191581278861,0.4473702768671574,-1.0918053829234045,0.9920679619006885,1.1446471663131874,2.0978103536212402,0.43645629288816834,0.2753209554784659,0.026786191063749062,-0.5048472816502656,-0.13071614037343235,1.1450686172741635,-0.06416740807291592,-0.43020524433896445,-0.6525641371581953,-1.02709152486615,0.715419143343852,-1.3077564592189448,1.5795150298859029,-0.05769358916695699,-0.8080619706987036,-1.9722598454254505,0.13223735816690005,0.5468427023577539,-0.6785068714107423,0.5599245457732117,0.6979464661133651,-0.921199312409882,-0.3248057155952525,-0.6601908323025577,0.8672066237092543,0.41288679131643097,1.0314885940182157,-0.2639032839616902,-0.06498515703131773,-0.24496936632187824,-0.6634108407554461,0.19074386694916962,0.25789733227810807,-0.5129369156830346,-0.8031988914574958,-0.4388979996182489,-1.4631407704416837,-1.0791057050275892,0.208614470874286,-0.7629583363165606,0.623408867991667,-1.4956192625691425,1.8232748623404402,-1.018539025276012
-0.5789405211047682,-0.5605532290287221,-0.4441709166305777,-1.6393252726784604,1.1686043939366035,0.2590660218441588,0.23677632996946826,0.7474467270166253,-0.03446370344107394,1.3000660578088403,-0.4124721252991024,0.005024670313332592,0.6138776197433338,0.32542256258892727,0.7934321890415947,-0.2636966903258842,1.1285419714031482,-0.3247072648146966,0.326634436573973,1.1100280630256742,-0.8818890675774521,-0.17172338133032175,-0.5970743121271859,-0.2590377247450096,0.2401302521137851,0.5606936685485222,1.1957829346255604,-0.10321389817468939,-0.6502678093315679,-0.02315311359565423,0.7547791677327578,1.2765258814702694,0.6688303901148523,-0.09951790472760874,0.45588594804145727,0.5521939373350125,0.14808560659511133,0.40317659357872304,-0.6240144770658477,0.02003524406002403,-0.09748505439956988,0.6503586567501441,-0.5631915412689437,-1.735236072838096,-0.9365142039464324,-0.12929099907864014,0.2461396182247229,-1.067729019869465,-1.415446023318375,0.25371597701326454
-0.36117078703469946,0.48559669899620117,-0.38551406019418166,-0.8578009441473371,1.2524392320715294,0.12334244648202503,0.41198969868961466,-1.8045841112540728,-0.041989413878845167,0.6441456115364725,0.7818974645284358,0.6871647900151567,0.5670184374585595,1.844708235260287,0.9479856898398227,1.87303358241306,-1.3529287948660709,0.8242081165539479,-0.6023939147735238,0.45565463720458166,-0.21968625334026518,0.30666414208408516,-0.4977568400585954,1.0882797534275666,1.7483996402613384,0.3417818038581689,1.1162004256074338,-1.859480055325823,-1.477069632492618,-0.6513334104816847,1.6424861653980902,-0.6104344455292393,0.030124951314920538,1.3482786760973153,1.2169742767977094,-1.7204276525383335,1.826621922415847,-0.31888523701999627,-0.3213274185462031,-0.3730197257156662,0.5518139758914757,-1.0460398558857298,0.04761074314774083,-2.100775816453654,1.3133598074289747,-0.8455884133401076,0.8081759642793039,0.7048916011663274,0.8204687343211374,1.9398475904942418
-0.3503296036256427,-0.33605217028337736,-0.14664943438341638,-0.9328168246598791,0.9428299179687438,0.9161396750179539,0.5146634812652134,-0.48106983209096094,-1.5115439132615263,-1.5979456240738208,-1.0638504964705722,0.13766367477590247,-0.9709601566902157,0.537069710970144,-0.008690752678209972,0.05676791342767849,0.3346166954359703,-0.10646659111320564,1.498693029619561,1.4794684543192644,-0.6927732125671369,0.27035073600882975,-2.0016522552252867,-0.8219510382123383,1.076923326449055,0.707871886504816,1.320223210510085,0.8578952180750219,1.6480535072108313,0.3258304572405527,0.8422449256833036,0.9714324123622325,1.7062909757712987,0.2643616291995734,1.271777915309749,0.5045329961241016,0.08252222728353517,-0.045265853841583145,-0.4630900148774251,-1.9354762396309926,-1.0368005560936935,1.3832561311324842,-0.026278633360107786,0.5143547765756834,-1.5170212614156173,0.33821433348395313,-1.680281030311038,-1.599124833926397,-0.4786423623605311,0.34152856250562497
0.5921688925263294,-0.9859393307353476,-1.4977015462325274,0.07435008398080852,0.8042661173605311,0.8954255918022581,0.20987438771525613,-0.5480491068567194,-1.5276936989580778,2.421192868679704,-2.090381605032369,-0.1903608891862593,1.0071614868854701,0.40988562775763326,1.8189514373746218,-0.7907978442643147,4.822373312937425,-1.3116640345920338,-0.13709489198214417,-0.6094468601732119,-1.7631160933491978,-1.107061640240808,0.7444629905912841,-0.34867871818370205,1.3141272082337343,1.1677641094525666,1.75987371315278,1.09626362352591,0.5048779834890043,0.10691828360711277,0.7760603746271222,0.6530270459219782,-0.3636882239931637,-0.4211563933350378,-1.0914986852983302,0.8391166667490042,0.9013526072182161,-0.14701309400458162,-0.14305800854992975,-0.5470112379379735,1.3599202572053417,1.1412285069661117,-0.11459439840943558,1.2277767602884666,-1.1250899551520517,0.10079895327589519,-0.39960797685275046,-1.1468579027355197,-1.766082370504806,-2.7654929081811055
0.5187114917929758,1.2305562902588998,0.13604924934421175,-0.45572232764367854,1.5547256580026483,1.9439956605286985,-0.9423919195855068,0.08493763537490029,-1.4275073697837202,-0.8465967447212343,-0.9961452239283578,1.2453622857523685,-0.6782715006505811,0.30120617800414123,0.368778005148796,-0.292000039327421,0.3955176760197711,1.191772276971973,1.6812100910802492,-0.48621142849106974,-0.11410707040453642,-0.41111826726530715,-0.6896741093185867,0.851800070400554,0.21530236248448786,0.824889975630416,1.6825909481670838,-0.029212060350440345,0.30157898556622076,-0.32335800867253234,0.33918488662628676,-0.4562475783806565,0.0729514045262104,-0.5057766261362902,0.977973778304951,0.6610324107222001,0.28477768392756747,1.053471395923276,0.146086113080394,0.7178859245094564,-1.3631421336565988,-1.9162961964163376,-0.3298742347429394,0.24696848176537675,-0.8762715551044951,0.5373426612983833,-1.4345270194741186,-1.078193036171339,-0.10018669824848477,-1.500973019652178
-1.218135804154685,0.47594770733018454,-0.12848489405168106,-1.3042429554996526,-1.0779872670160155,0.3868576764957993,0.2512071114045676,-2.4044616111606487,-1.8313260970184924,-0.6354047574523017,-0.2857259210746599,0.6050477727731202,-0.20485181583277745,2.5415791602990443,2.2321131806668113,0.5928041528650393,-0.2912951489288523,1.3280907948242713,-0.4110063944320266,0.33476145172064115,0.2701867556765359,0.5176472020360855,1.0173578637741738,1.6440634035446022,2.3300953660400214,-0.9049322774070391,1.1477552103146407,-0.9253121902141428,-1.099755052764924,-0.617493605840789,2.033855694971512,-0.5655309470351514,0.19855009400953394,0.539171910126091,-1.1180418114716175,-0.17584045746493082,2.434020688220049,-1.478422177587795,-0.1808405679325519,-1.2728065376503195,0.41805773908899324,-0.7269621640867902,0.9323039446993961,-1.7234170521084602,-0.3270781573762728,-0.35050014738459095,0.12533078228115635,0.8815693317773347,0.939475714248103,2.011237059064361
-1.0609297240355349,1.1808131680049578,1.3822329007139234,-0.8338712991650679,-0.6781108669233239,0.7100691957206813,0.2743818194613595,0.3897245917287255,0.907974071716073,-0.5464279021642744,-0.16727354860445345,0.5561512901514463,0.5164134230792689,-0.3999970514763707,-1.8138835189160754,0.3175343490821751,-1.6561141531707118,0.0008157642211268049,-1.4292704098857678,1.1284653617420854,1.4668130357266622,-0.223827966739403,-1.3308164683939874,0.8782357312050381,-0.18151357779728552,-1.8576175291290276,-1.872094120041976,0.5332223976307608,-0.3811779960924197,0.6498740960766117,-2.3158210328043296,-2.200677422263761,1.5075175408160832,1.1327721604081413,0.6432694436273811,-0.18390885120815342,-0.2526905030781718,-0.4796879007876044,2.3218552330600217,-1.1596943243612632,-1.1567889051969122,-1.2657018689157449,-0.6209789836609918,-0.7979788532067426,2.307113252768259,-1.785872238359266,1.597887279172652,1.8298862466011958,1.009940688892951,0.8454225587054375
-1.1106216859536615,-2.5413750366057166,-0.03165360496256995,-1.0423175495154404,-2.567060461727836,-1.8811416224317556,1.574851715110362,-1.2091202258056453,0.321784051513327,-0.45893362110783625,-1.0223973159350739,-1.3164247752642961,0.20727163303373977,1.5142369117943275,0.7603690575797962,0.3694896164982933,-0.5768481675267282,-1.8145742085219367,-2.2508299965587844,-0.538153556811892,-1.9055029829921069,-1.7517333737790717,0.08102976957483564,-0.7370716793141127,2.44248147474921,-0.3216453625093743,-0.9211534097099272,0.13303897804671305,0.05827639696711109,0.2595752354015726,0.8258478900364047,0.1395150737305546,-0.4663253792941035,0.2778213104646127,-1.111912863564953,-0.8072421967808228,1.7006481747398008,-0.45734511448256715,0.18531050361283466,-1.8467837692353806,-0.6552769106699466,-0.6635369588038659,-1.0218860589380239,1.5750799736863312,0.1103857947198749,-1.808379659657658,-0.3372662787227492,1.993934616471722,0.43650065960954776,1.782296899118014
-1.4796534201393363,-1.1709026325738578,-1.2009225806071588,-1.0731585578858511,-1.4004155183853102,0.3538514762346888,0.6828291910246073,-0.7460082901885751,-0.671497869944503,-0.15907354097074716,-1.3154828208344387,-0.5634312664765939,-0.09899702576646573,-0.08669899143601965,1.7451116293937776,-0.3400096116729381,1.7683213773650754,-1.5693884277959587,-0.5603114687126974,-1.1989885321507783,-1.2098005699775007,-1.1334134932782747,2.589258882098051,-0.6823481391132619,0.3479863191879521,1.466820510193338,1.2573549002223106,0.614663197752022,-1.942768141108113,1.1257143608267708,0.2514411586555308,-0.14578168621912097,-1.4030542145199623,-1.4689706304977121,0.1740451833153817,-0.9043488884865584,0.3708559179987721,-1.153384368384602,1.2107239182976643,-0.18267629915841005,1.477209310892103,-0.8450025893867389,-0.2542670413853348,0.6260092249364343,-0.04363082466897672,-0.9480359925693844,0.01756250994431243,0.8820522302010353,0.7744626221163522,-0.45762615971946025
-0.23555705632039545,0.09132349209496615,-0.5110062781864446,1.3101050404913264,1.1405417060024903,-0.6969203899738015,0.4726528219901111,1.2813415180510186,1.1910035322831656,-0.3277442537123835,1.666974397842305,-1.582476456430598,0.4069507859952091,-1.8244975948637046,-0.7704921647918271,-1.3019013941556852,0.8202532296406145,-0.040627382808174795,0.4297919688391524,0.8637207351001474,0.3723620802035889,0.41986146142053904,-0.050541109659538896,-1.6688559728028391,-1.3550374235862621,0.841590439274233,-0.3482253708378068,-0.23739743110296074,-0.8661530425938474,0.5553069822472542,-1.5364626959004641,0.944941811736378,0.7265414664807363,0.3035743889544162,0.20378867723703878,-0.23384764722136422,-0.6169749488250498,-0.44631858871831037,0.8084845152825535,-0.038454647428125044,1.654898119388471,0.21864517147677245,-0.2431579034056452,-0.5367981321453086,-1.1499529866403,-0.026628942417493612,0.4676391576127603,-1.1373593380557216,-0.06526587520051742,-0.29169215164695744
0.8794646174548779,0.5242178920190554,0.06661439714254595,1.0698943947167852,-0.010456449580478623,0.7109234775977936,0.5940864797311143,1.3599906123163423,-0.03251548517739325,-1.6647745619242698,0.8910576443944155,-1.1639618430364955,-0.1942472139724252,-1.193839416563175,-2.0089148865032405,0.17244842930716708,0.03469470943414772,0.19334785306123997,-1.224650953356216,1.0101019561910796,0.06783233756108843,-1.488667059698422,0.1546806596011135,-1.4458087133546917,-0.9519552526586825,0.16213974415091625,-0.9949176679665452,1.8505887512745245,0.17801405588540137,-1.4250248630497864,-0.7654675118328439,1.5667223206152687,-0.14133125010644246,0.6863439228646516,1.0725566762486685,0.20117897878517274,-1.7532259166895237,-0.9595341224713626,0.6619028499390893,0.15774092008459026,1.0236010462706329,0.10544635539667403,-0.0018668204647672168,-1.3401291382395375,-1.239916996456369,-0.2371432351144271,-1.4297577624584175,0.8417749955373133,1.5918795774986085,0.5798847641692817
-0.49291146572499095,1.111921900208024,2.1407287635696375,-1.5490706726317256,0.6723125953344505,0.5454064372096344,-0.530526549030608,-0.10584445860077847,-0.4015402957276754,-0.34085298381675305,0.804139055874137,0.3971812646799638,0.321216597078409,-0.2822070129539645,1.194790948910031,0.9559861427842945,1.2528806700908461,-0.5863852228103232,0.7384543468311237,0.12742312716854523,0.22718571922016223,-0.6329724617233803,2.4643205178313816,0.8603765982811796,-1.095964469131489,0.07856474162468102,1.298113388107647,-0.8057287968797439,-0.8565066686613725,1.0459451530822124,1.967875521129729,-0.44092477182654605,-1.4190445930081403,0.018581519319063666,0.517933879106251,-1.2176899281257456,-0.5171737701272899,1.0535809356212353,0.7867458589991106,1.4531477685836756,-0.48980730529363725,-1.4363057074800245,0.028711309811585296,1.279136947586832,1.2457575221530182,-0.5879588108881763,0.42767331884589044,0.24300475779950317,1.2403925845201267,-0.4371916491266596
-1.3118060013915636,-1.3825962503922757,-1.0726689684581159,-0.19255135540792795,-0.5341212224376295,0.22126302230584194,0.49348897456929663,0.2642334236502481,1.3297065645518655,0.7847142922736331,-0.4576984048624052,-0.002391424877056773,0.6711264044858969,-0.19964541712143843,-1.6887625903147419,-1.4523445007931242,0.22812722207764607,-1.3366055453456627,-0.8326818392335339,0.7734631324486086,-1.9383017354490517,-2.655517970863811,0.06905061459096425,0.5935696369426862,-0.42263925595790125,-0.5038428124525252,-1.2436159574049674,0.5213196137208795,-1.637690598438128,1.0851463677334028,0.20096317213618753,0.13194262611784457,1.0503409501411374,-0.43241584192874044,-1.2219487412371413,0.7320110702987037,0.6545738159815322,-0.6632563307701097,0.01616877071904682,-0.28042219900774906,-0.017758349570327216,0.5384729708024556,-3.7618599699357747,-1.0850878000395503,0.23608024276253506,-0.8946443973880575,-0.2723210284642628,0.3297275770059834,-1.2943815913061794,0.21049066710176892
0.2759036644194303,0.4202725972390095,0.48690281282522774,1.1066115067128226,0.5257739589350536,1.8943879222328872,2.343949744209559,-0.4266919030361176,1.5395853554259855,0.30661420430481523,-1.3926929620949884,2.893753835248218,-0.7567729887070507,-0.26450983898155794,-0.919960817357965,-1.5620289947495816,-0.7750787923914402,-0.8050999409461733,2.184411087741376,1.4745770216857401,0.10396588070681861,-0.8554713096345875,-0.81103323367736,2.5875167618953547,0.5839279733031063,0.9390011775347863,1.4160326441496527,-0.5498308794527738,0.20864089463979754,-0.9069409837745704,0.1235033432576583,-1.060169116168828,0.2537991698806143,-1.654332396969841,1.3106107884834368,-1.142056737575853,-0.18931240032089594,-0.4326234154205505,0.7196272113218355,-0.564734253672117,-1.1567073402337562,1.3154319248477704,-1.6992331566310563,0.1775400658867485,1.348825112626773,-1.8167190298119822,0.4390117851854433,-1.343184096160677,-0.2473390177619039,-2.1061871771615692
-0.05949289565796429,0.14180102605733297,0.18298211406150847,0.5591424393056116,-1.3287624208585938,-0.3779909837042529,-2.1218249636629514,1.0322476714258304,0.6696845060575316,1.2177920322072604,0.414600196633044,0.12821886678324998,-0.9999191207661661,-0.5857880191028063,1.7159592003163704,0.7453653604159413,0.3625213307222562,2.3370686747649927,-0.22033791859709323,1.6377677149499312,0.24375862237725313,1.4844652989350664,2.191114414008054,-0.9536082629475395,-1.0533450244837221,0.4327644192405269,1.0783883649409824,-1.7402167666051136,0.7604959714649263,0.5927875380813291,0.4671772968808566,-0.06605327832301018,-1.9507886702953223,0.08769616943632544,0.041752071490243965,-1.7704129132556121,-0.7141287252387427,-0.39150759128105106,0.29997432061366736,1.5919275812864353,0.7072866493748061,-0.4185881448891194,1.206373791653323,0.26340037917665166,0.12175646491920118,-0.1682173503280572,0.5445906627924227,0.4987736255564979,0.12687399633288235,1.6407142163908117
-0.6966463401091018,-0.43620814288206655,0.646776960518897,-1.6985551565660422,0.47214708085774665,-0.4627474371137244,-0.9815749368337382,-0.4418596158962986,-0.03120572043898396,-0.19135349503068333,0.286066234236396,0.02762398710406215,-0.20440005708276515,1.2109102829070038,0.3943777563496748,1.086944857337936,0.3800769626688329,1.0740377299655604,0.3658062578995242,1.543910349491066,-0.401420683941931,1.0480198267000933,0.0926231248139336,-0.9774430465317829,0.5594825372341207,0.12056392193402958,0.7351154297112213,0.65420053845897,0.024024691985345584,1.164806426786809,0.5592095870090769,0.626096359733362,-0.8922909033817202,-1.1333158153055227,-0.2785871804918143,0.21593890316865266,0.15110295471678065,-1.0545287636158733,-0.5642474706011957,-1.3970927886575049,0.5551958089915996,-0.7373490993899755,1.1856929591577254,-0.2979888001002277,-1.1229077110720271,0.597015774008508,-0.7201661972027509,0.13754906384029822,0.007631180724030748,-1.2840626131542905
0.4225245176693551,-0.0783525071026385,0.5266407416720398,1.0690144884716628,-1.5583941068817022,1.7906739579199804,0.5136707646905728,0.00601146077683831,-0.48530034061916366,1.4774870536527553,-2.7488040672686127,1.0432997216851436,0.1695142365622056,-0.07005052801702603,0.09694381044831452,-2.027885400131919,1.1987344312064563,0.005671626113407106,-0.7635314988194293,0.28230591835729596,0.2521099802800804,-1.4920293178964497,-0.8441090250368929,0.6909745786825735,0.5523903990096088,-0.18749460065918147,0.689197248591329,-0.6240145371968516,0.22788254776048414,-1.2269947389107212,-0.0771705676092539,-1.551942447305845,0.22368300049162235,-0.5232806602026331,0.5462272845135672,-2.1300748568168655,-0.4705302346497578,0.15852811606820758,1.2414214305646638,0.12601083573500982,-0.7721346616238478,0.20394154241949716,-1.8669647479719949,1.4423397082349065,1.1230249421561402,-2.20109551376857,0.594951480034143,1.6650771173759413,-2.4641234127269467,-1.5008617807462814
-0.3083587836251844,-0.055984369720345345,-1.8042944652752047,0.4164602417284273,0.4641115255081357,-0.6740168075209415,-0.9243428315255623,-0.08020826916504496,0.7975118702141198,0.9575191663758506,0.7989075934342132,-0.9350957582748539,0.39954369410350155,0.25768124448961793,0.4044246859958924,0.1184696134496153,0.9079140203178044,-0.4905861067491321,-0.24697537559444088,-0.6563032672070428,-0.05193932330377607,-0.2889645540801309,1.1452141063720198,-1.6149291380760538,-0.2674832752719455,1.7777117184475428,0.10445694655433693,-0.6358914402477632,-3.0863576174929164,0.15118598452207807,-0.4581700993961426,0.8798721578740236,-0.9162712433161974,0.8837732309623394,0.13515229034380438,-1.2765955739050228,-0.8678476781045058,0.9906362897785077,-0.9298866806768411,1.5600675452545085,2.0786950557547272,-0.8642199382957864,0.2359636794254542,1.1021293940470966,-0.12962683395160152,-0.24578511297734537,0.5526550219943805,-0.89421093835953,0.5167031309639586,0.10184735892104861
0.2261427812367832,0.38676338108670705,-0.10212525904326618,-0.2545834665608509,2.2334960963998327,-0.09641380498294229,-0.5940807978276532,-0.027012486263795946,1.2143327576423895,0.5507260545902612,0.8521123291891297,0.9727459901906116,0.23348175161090592,-0.24192914616242467,-1.0332924673492834,0.6796610457862302,-0.3915862718679808,0.6227361997787433,2.711763488060657,1.1881527024477485,-0.2416789574948808,0.425095762132528,0.4675856424503508,0.5177131065552212,0.11257316938587822,0.5386619813126488,0.33312865105016654,1.2330322277705292,-0.45639812803614105,-0.6236073508904646,-0.695083798167792,1.5745623980703949,1.368176739640118,-0.682670025343433,-0.20468453782396057,1.3631717375030414,0.46797041599142275,0.7716897030791653,-1.6817211421222116,-1.1299171289448924,0.09578922698298503,1.0975630950812927,-0.3591213269306363,-0.2184980320496566,-0.6855445723172006,1.3464383902015546,1.0402086450347614,-2.9471688750143157,-0.6514059859601403,-1.6962145397669617
-0.16141102983674802,-0.6378022094130067,2.479990532555315,1.001100915993776,0.15430079461080892,0.08072620530112715,1.683195063236047,0.6412591047916628,-0.14421136292051917,-0.906609625969988,0.15861784421967542,-1.4156363375691836,1.8158536713048397,-0.5957126560618947,-1.4774682966032908,-1.8887398051492386,0.5112884386906222,0.2662664224301049,-0.8198621578133677,-0.3254663800250961,-0.9651949752761336,-0.3515444254923058,-0.566952934033447,-2.0145284434451223,0.4187578738425744,0.4663599167834158,-0.6073380616877415,-0.9865732641217916,-0.3331473710798725,-0.5559888690846415,0.5888036592352409,1.7581043104748149,1.4544636039146643,-0.9592580747643816,0.7625090572157368,0.20401300456279886,0.316211672097345,-0.8957852890686981,1.0761311283079216,0.1369859444020158,1.7929411574838936,-0.5760612036724249,-1.5508514753872567,-2.149985296965705,-0.5997953856315595,-0.21945694705207688,1.1435303458669346,0.6670433821211674,1.0071795095802585,0.07500867213741397
-1.1090829065413843,-0.7204071555733571,0.5783517371238108,0.8152130281967012,0.6213103460539225,-0.30577673344798756,-0.6408219145968249,-0.27841664103454206,-0.8466785465074019,1.4049224953401716,-1.7098513670143305,0.43401863134407476,-0.711000936650505,0.020565621875142645,0.41891966647238743,0.4119760451241585,-0.2610503790038944,0.32608596072364743,0.13498816285793747,-0.1561928150499734,0.31317026608788184,1.7854810981762523,-1.0328269386560527,-0.440938064056726,-0.9300221489921398,-0.6523252730206158,0.22504367077048834,0.3763664480907888,-0.1467452427824121,1.0285185526341325,0.17758178772018918,-1.065676336322792,0.9325368973488336,0.03292586639930447,1.032653018914081,0.9694630227239057,-0.2690074288459585,0.4884630777484409,0.45978743012216194,1.3386579256875288,-0.025064718934877658,0.377600195037658,0.45781733950319237,1.0091248639390609,0.7889318606149378,0.04533781405551966,0.46862616988468797,0.47121805518216436,-3.7970871061927367,-0.44448656330275915
-1.5888627741366939,-1.7435028265466959,-1.17187654214557,-1.3332343811306282,-1.359834134387706,-1.549146592303967,0.8826639167538151,-0.8190773214994067,-0.6436557020385036,-1.3890413075989976,-0.6020147635545983,-2.098558128579774,-0.11992263841595022,0.30391652925955503,-0.32938485117892025,0.7286695361859518,-0.3821107231724306,-1.2219460476154005,-0.5486192345493227,0.4766603525522594,-1.7248616085438955,0.24882465933282435,-1.918783890052426,-2.3502039416300438,1.6095263837761287,1.929124729054019,0.27381457683410215,0.8167394372142824,-0.6394375868725105,1.6699413854052902,0.7351010513927817,2.205632184010537,1.655876987425669,-0.6742271429321715,0.280542935112657,-0.2762689887445171,1.2440600394364019,-0.06656597699716275,-0.14124483664960844,-0.8131634432838784,2.0807294675437467,-0.623542455660525,-1.0557190850619709,0.27587172465693527,-3.5294643533700483,0.2914767239938493,-1.0578731841734996,-1.4559649889847737,-0.5767205988479698,1.353201989509461
-0.6156053762570816,0.13058624212539896,0.1540750463235985,-0.02451235284732276,-0.8672482725407202,-0.7733515657721063,-0.45933934753570593,1.1771312892074992,1.240185269309736,0.6469859882741308,-0.14431686270007188,-0.6866288408388305,0.8884596449614959,-0.3575336126410857,1.486131399840872,0.9348453926715824,-0.3958913268324371,0.2982327587519224,-1.679770773997533,-0.2989853471854685,0.8592205968107747,0.5765093737997038,1.5680524936158509,-1.340688501131429,-1.4909874775978937,1.8605944019076845,1.271910538106316,0.3975453068960547,0.41292111116283253,-0.3366804801277321,-0.023436518082482417,0.816357109866822,-1.881171805520543,-2.438859278494221,1.3922875493212687,-1.4886162990120744,-0.016204805104577714,-1.2304508863485524,-0.6162063049622621,0.6709756192280221,0.5710741341115664,0.7772433915071173,1.13387850975935,0.022762788875902735,-0.3000333247140247,-0.3116746354882774,0.3896372501073116,0.23463514859109913,1.3111764723258248,2.0821780105366665
2.173178383130281,1.2323795520618153,0.369809113221084,2.5335857629405063,0.49398265719603074,1.0163291906444174,-0.1345263789440456,2.3210731753149094,0.2383013062519253,0.8263077712868073,-0.423445658324763,1.068938902074141,-0.2655664344448626,-1.787244139373226,0.25255567484307145,-1.3975246294949115,-0.20282403057061477,0.5631186843105921,0.8879085411598209,-1.1801447431410226,1.5073049169392398,1.1123084727727093,-0.7210497727187692,0.7196136179351218,-1.8351991453456877,-0.4575453250016313,0.15715164776825616,-0.3874265420236447,1.2172418583662472,-0.5817967488672439,0.2262310590739314,0.38271910357321826,-0.05103813530257737,-0.7204983566354115,0.5680118038232618,1.1761442684534953,-1.4318167250757106,1.0249130099388588,0.566798402450165,1.5902598791697673,-0.9259912140622683,-1.1049004932335906,-0.03308316890517887,0.9379467454889299,-0.2821168313751253,0.5039166816179095,0.3688951028293162,-0.2688185277125476,-2.3520566025042466,-1.255381498957089
0.5323709754755108,0.7030526421090779,-0.11692455151482603,1.2173542870582463,-0.9814504309459315,-0.17921658110926159,0.262228963670598,-0.27850703120020115,0.1002038481928709,0.2765033491630351,0.5042206661640002,0.3263396010395343,-0.5031374242774448,0.11842402060476853,-0.6643390670754503,0.7000727090329155,-0.49403108369556237,0.9367712536519359,-0.11484597347947172,0.036277583251956624,0.6227008397838371,0.5894472486218735,-0.576386041766183,1.1568750337693419,0.6923031206540521,-0.5442028763834013,-0.5718996996555274,-0.1935806701158847,-0.463133853381764,-0.9177303663675492,-0.5609237147596088,0.09064785916378709,-0.1826252519855059,1.448898061586802,-0.5770020072928063,-0.29344681677956735,-0.01639802278856034,0.019354806578703487,0.15579394947503977,-1.875741783784471,-1.3578104390574308,-0.7198311611723174,0.7786092229002078,-1.1167796909919798,-0.16059592874860995,-0.04565205224286175,-0.21459878361998447,-0.3669882795630262,-0.24572950850425784,-0.732221623438343
0.5816628023696319,0.40988978132227954,0.05513646894707525,0.7970551143201257,0.8991682384193581,2.2292016616088786,0.030768790261836734,-0.5859210021013861,-1.9651384696713672,-0.5050150049241036,-1.6981586432983153,1.0719300641380443,-0.9578709014544137,0.7329731107823629,1.8194341975972155,-0.7694952485188862,2.193741895643456,-0.1525256091606891,0.21585178148013978,-1.1827308660403695,0.16095341363725854,-0.8533399000081049,1.355543494097279,0.13273020569678096,0.9459315926108618,0.9937125358488443,1.8299569017286745,0.8607284454972711,0.011481165490584252,-1.0589403888323157,1.1869601297480816,-0.8136768731322063,-0.08070447551963977,-1.4034100487806325,1.1620089324948648,0.3026198499936545,-0.15364267920853533,0.25239720602948323,0.5434112167263546,0.9109966195991461,0.0008868958029838032,-0.602119302860041,-1.2713574633281022,-0.44470748041711833,-0.17615628472458128,-0.24472255084560662,-1.1572870121354413,-0.07629047197005899,-0.21443680705860152,0.5435546833091861
-1.6675351888120553,-0.21571493356687374,0.23506230692386476,-0.5578118603075064,-0.25244787714551137,0.2756042420534924,-0.7424395386516007,0.04816985054226697,-0.5210621290357142,-0.967474425069467,-0.5267591544858556,-0.9464068889459502,-1.3181031168920812,0.45756391719478734,-0.7105747917528276,0.515482135069233,-0.08447475390872215,-0.6091111088558946,0.3806467371453341,-1.999020862083867,-0.1838162989066266,-1.474197950418918,-0.7759121014047696,-0.632420191582409,0.9270493783988464,-0.24500611789263171,-1.763044738950265,0.9559826563446995,0.9513577621369781,0.3232144728357536,0.3052892506171787,-0.2503119934893425,0.8459651287496622,-1.4254303074510448,0.9864088347594125,1.1028435349242782,2.089853452907593,-0.9398345578335762,-0.3622458882266353,-0.9788406474290106,-0.13645580806233634,1.4490306711176282,-0.16146158274697775,-1.7219199609265272,0.026243550927780225,0.09290407712297777,-1.15742809831697,0.13232364194315874,0.13288109003067836,-0.38872743294650913
-0.10267155157895566,-1.3167954094202379,-1.4993563931129836,-0.3685306523973509,-0.4861597300810577,-1.4055600830769963,1.2421589774396835,-1.947984139260272,-0.6761972641396995,0.49995096631532143,-0.4142505226219898,-1.1150061540658465,-0.021318320723716453,2.0203472948247176,0.522103791360513,0.309558029020893,0.24921470802047274,-0.36913881972125173,-0.41953533480076816,-0.7535055105572255,-0.6814998839606576,0.28451608480401597,0.30163091531351927,-1.5093830188719213,2.373020661729678,0.7855172074019533,0.4320952654693849,0.05120246183286234,-0.7792685971930218,0.8681690528170495,-0.0231583354039809,0.028360764532566494,1.0611288532035172,2.088724708700589,0.6111318845472467,-0.8742191408292106,0.359918338697102,-0.010803526908894152,-0.9625060160838868,-0.2900469212860369,1.3657717335367952,0.3042498411141047,0.12801520941455088,1.7151959007468744,-0.30113660484135457,-1.1967445605885036,0.09621059694000754,-0.2943435264307052,-0.9481086991473601,1.297049312532099
-1.0515090598034724,-0.5983238999804719,1.2187846989664768,-0.5730979844457247,0.5869009359976575,-0.4972607135126925,-1.1063458588159591,0.9710129949107299,-0.20511345033224423,0.3848758101439638,-0.6753585648878592,0.319836057332686,0.7530619692825824,-0.6931864928374368,0.19546153511561262,0.9720664054224953,-0.2515480405835066,0.4596854354257841,1.72889885885304,1.2569942711158675,-0.2843479026423408,0.43803894285249173,-0.23709058723648424,0.8409725314921198,-0.5764429966209087,0.6834178413376669,1.0112092209510302,-0.8954038461198103,-0.7195616417579419,1.3044703271694504,0.4288287253426568,0.814585357920398,-0.1727672295545305,1.044008999357736,0.4003793186476228,-0.8075257687621862,0.2500261949459354,1.7745616432006144,0.17733655744975474,0.024875891148391165,0.556917110144388,-0.3168309472396915,-0.23096559326932561,2.8646246337710513,0.6755004955994122,-0.28537552045547926,0.6087126441155435,-0.7427346729458624,0.265736450416851,0.13232581994281836
1.3069142100044056,1.8072861758708292,1.6689854495665275,-0.4602091283442447,-0.27602733515179195,2.692795212371194,0.8450138273854272,-1.2587021959079017,-2.3812569086211943,-1.8067679832752497,-0.8545096344968508,2.7882598711469275,-1.8795248619444371,0.6725866042902304,0.6463563980492644,-0.514396891115149,-0.1745445479847236,0.8794221051205242,0.5689956670471658,1.8225897991902116,1.0290784170706406,-0.25774287374928617,-1.3058122817228304,3.0983186944467502,1.2501973162841575,-1.9589143934380937,1.7198922923804636,0.11348704661028468,2.5835123985329624,-1.6404589848185007,-0.3176476890879878,-1.5586738953685642,1.5177464206981661,0.16421156527294567,-1.1899455269914954,-0.7249992690233201,-0.6504963503218149,-0.28078201040619427,1.4535715943340954,-0.2984953631283463,-3.4847821001941925,-0.5256721950491304,-1.0162256823914748,-0.07813017037250143,0.31389462623206305,-0.47369760524052096,-0.6419249617831245,-0.7788896428195166,0.21450084465370955,-1.3889211042747132
-1.6026719202764705,-1.4857712319451302,0.9399841720369295,-0.9017882001626598,-0.9435120373881623,-1.3040940677066502,1.8858045466625082,-1.6881159482200956,-0.010674138548730438,-0.7415196441763994,0.45005107565595526,-0.697042603766737,-0.3984138459391842,1.543840432058446,-0.014013967594487706,0.1709658815073203,-0.748098324750433,-0.39764093259959626,0.9014841049913523,0.17358469900215565,-1.396227847881282,1.784790592818784,-0.6892251722528798,-0.7817673563049911,1.5327083167070423,-0.025054016500682258,-0.4705575716879597,0.24888660624901596,0.4666543299990662,1.9784048677779142,0.7138002353332811,1.4864784023497306,0.15493653156452752,-0.7203044351483505,-0.6174731157476677,1.242854867836842,1.9285658096163574,-0.494122140211252,-1.10555265752888,-2.114433466614772,-0.18216257227543778,0.3543394606392755,0.4352400207035732,-0.00898513080347192,-1.3422882483290932,0.6827591695144594,0.1397254990856023,-0.8683517439608295,0.2850718137585739,-0.5008093134729378
0.13825144823304059,0.192757544571872,-0.0467501073561907,-0.652788084764967,0.8323607482314681,-0.5881003294410106,0.5642173560721029,-1.3973562785177436,-0.11477393021648974,0.5971614685431416,0.27289142145662404,-0.32696191734190755,0.7601215701193909,1.12648548344948,1.2497062912557377,0.43791183653729077,-0.30782347668644044,0.9955929617296441,0.02963914351634985,-0.5684337482103277,0.2431123851788513,1.8642228171284103,-0.6769759305218229,-0.6429812419769546,1.7696552815288147,0.09764081445036257,0.3395111356058884,-0.7572343073349075,0.18295485873240977,0.6923648877218657,0.9216610032026249,-0.5340088036437479,-0.6682948303532805,-0.5425320494752301,0.27045864191622493,-0.5739430668924739,1.681455012251974,0.13429833907828195,-1.1712246992252013,-2.061568283306919,0.5492473187319815,0.10285563042880143,0.9282199297156581,-1.1502203081655151,-0.013110193235926767,1.3145516655643903,0.21818258851215114,-0.6044112099769371,0.024038741106410074,-0.10451564145262505
0.9851946852937067,0.807907481232916,1.4376585819726488,1.8455187955687722,-0.26976583371456453,0.4795085671629569,0.5011079902277721,1.62207552169894,1.57838797341646,-0.2345785390526413,1.0873683521119275,0.9220601848690425,0.5586049009510238,-1.5713876383121448,-2.188818700651506,-0.6890990710624545,-2.20295455119674,-2.2610510687797056,-0.22593563867560104,0.25163102985785907,0.487493638285824,-1.2848595502622704,-0.639154073348603,1.641302372484725,-1.478058958633478,-1.682607061166781,-1.81182588966262,0.11402521056383344,-1.0725985579110016,0.47419349547756023,-1.6233788904502435,-1.5197508709085608,1.0467536707251224,0.05161376551286047,-0.2993842519365669,-0.16202810317186644,-1.6147786068725851,0.9516093162028895,0.027296086925424092,1.6024105465952687,-1.7680753293379532,0.12877106091953858,-2.3871105744398395,1.9439212073808207,1.9937548978280668,-0.5951589594162084,1.2711714706839188,0.35739767905795733,1.7449292508068233,0.034074821368788706
-0.6460832761347537,-0.8611685613585147,1.2894053287161122,-0.30103574835019786,0.8744031999859821,-0.7211247401218206,-2.35466850189469,-1.5202294220846484,-0.2482238239739913,0.1176079240656327,-0.677135500368354,-1.1946841004118698,0.13220574674191268,1.3353785916344405,0.8053456687083543,0.0406864251076149,1.0437212535602027,2.706771397367821,0.5119860167023571,0.0701043714502843,-0.28801891550027825,1.5689036292113825,-0.28150261177793456,-0.5921483582893592,-0.37549696235452434,0.4122497906946542,-0.3290197370537232,-0.29828590514622916,1.0832575946341663,-0.06507171483180392,2.314525111545151,0.6415503859323373,-0.030534283856240484,-1.531070089645709,-0.01249387594290717,0.05532650428329158,0.8075248049524512,-0.7771367531101613,-0.710108248849213,1.0479148458057397,0.116905833481361,1.7083614422640623,0.21789868023191444,-2.3135713505695006,0.10843405622812483,1.0104418328593026,-1.0883627869769765,-1.3281038765564406,-0.04837131747757706,0.3855590808358474
-0.9397105822684999,-1.5863297658843587,0.20884787695034857,-1.713305828484669,0.7254252512907775,-0.5131890133049493,-2.6969078981839547,-0.5264726608771398,-1.390088666377643,-0.6401125407623058,-1.3898713828768587,-1.5116061996642822,-0.042281422044731204,1.7254873047421058,1.953256308231553,-0.32963330656541057,2.100357503414268,0.852973160219723,-0.591043431177105,-1.2890515995951575,-1.105579625166138,0.20283512914286772,-0.19375950979562714,-1.9600887870964068,0.27423627319214783,1.0320444131978999,0.6635573419318193,-0.5891659286366961,0.7584656746792746,1.3543760598371677,2.0475686316228217,-0.005530297356453866,-0.10012575096051556,0.5191161637427326,1.0691902314636859,-0.7676487491196499,1.5615657099376654,0.1413858841302048,-0.7378189650867304,0.5210353433825514,0.8018785090218512,-0.19857370483645292,-0.03409503838536239,-1.0228448163071067,-0.75784764190807,0.02163596974040881,-1.449060437655658,-0.4710610487752264,-0.21618939886556557,-0.6033462516410371
0.13825811145196276,-0.24522850233807095,-0.5627714795009623,0.20204050398964493,1.0020673261937416,-0.3860756025348067,-0.5293827032487524,-0.7045452961024778,0.31425369017299054,0.9297122562059359,-0.32378827936309584,-0.08973593373910979,0.9862834740572828,-0.05569583930320363,1.3938805276207933,0.8145400604863602,0.7953826139867666,0.2290918175028807,0.20417616466450092,1.8743817646626564,0.2600439036398667,0.8069521978309427,0.3166314519662078,0.31397881589417354,-0.8860608628458839,-0.5914860925039316,0.6775564502969774,-0.7401467825367261,-0.5761596179164159,0.9380890311567834,0.6363485410619368,-1.0486578892317087,-0.7863215916184373,-0.12219477438221187,-1.6950657615220137,0.7098837865580295,-0.009296148557475419,0.39643905868317997,-0.443672619084946,-0.9435703329501676,0.7041156177461492,-0.047834472864086604,1.4596437039223444,-0.32626855411813266,2.5588724528925852,0.6549775895027626,0.9782077489099241,-0.3554244153104526,-0.861153777865107,-0.08065334135441293
0.06713439827906337,0.5896455405246814,1.0749650444652246,-1.3343397359646212,0.7395075665639985,0.3833040118436456,-1.3351820106806191,-0.009271513025982898,0.40608052118737226,-0.11045327936748181,2.0800199769997283,0.1321769902533776,0.5512435351470698,-0.3512979339990365,0.9204041193830835,0.6694688703694935,0.4131674791819582,1.461523243675567,0.33889461373225027,0.6905631745927706,-0.426945956146201,0.11937081371370716,-0.5908309578168848,1.2938199578194733,-0.881280160921062,0.03067960320996482,0.4829873077621184,-0.9880322353527343,0.5788237340891732,-0.25651972851482024,0.7478171593118205,1.4154160363979542,-0.07652849777851818,0.8182469930443018,-1.1907452277874044,0.5608503570202985,-1.1076013529400852,-0.18146289370076385,-0.563430438666299,0.5874485002538956,-0.603689926365914,0.9808226668354615,0.7273818957869519,-0.973172524563643,0.021933933203584742,0.954411260736806,0.2694266769272622,-2.2319857702662786,1.400560133961433,1.080345320551894
-0.9126143383747194,-0.783021889198205,-0.008942799492634382,-0.7401282446463626,0.6265446085093314,-0.48757395001528453,-0.3796003770414318,-1.096914114798104,0.3438091865365865,-0.3299838349368526,0.7316352495907256,-0.5216940413734009,-0.02468086471965322,1.6745831167271266,1.675433131478023,-0.13846269329362518,0.8384399403771893,0.26875058516660766,-1.2843810913875882,0.37115288118210227,-0.8388796842422811,-0.4210062883096341,1.517381213857831,-0.7192525214459262,0.9953691524248325,-0.39275137617681194,0.01048872198318176,0.5037514835789995,1.2886912449694763,0.8995320532561927,0.9197361306819616,-0.798147273202393,-1.6109119461636994,-0.44055898222567075,-0.08642633746225561,-1.13609042901637,1.1072976586931313,1.1659267234581154,-0.7404690918908033,-1.2876959082451005,-0.7470204210593338,-1.9164972904748605,0.6487634948091443,-0.34973641619912665,-0.5870317843880897,-0.22517823580622945,-1.7008212728635537,1.157898621302191,0.03998041118876375,0.4872412658133029
0.15396992295238687,0.059426733666311994,-0.9052735263979738,0.4971044941743274,-1.3488426676445444,0.7397097025894428,-2.133141726509282,-0.8001956789566662,-0.5085449486864085,-0.11555648935619528,-0.25381573640107036,0.3603743326416528,-0.41708134216586246,-0.09421280359781264,-1.5668215864462138,0.4919688442251651,-0.6560999777075992,1.2904126302079348,0.41836573638779145,-0.2901373961831381,0.004448592429526782,-0.0679734002246517,-2.75594733176772,0.5628481231067978,-0.8265284572509382,0.8673425108337277,0.5694683809642161,0.3668369138991072,-0.9045175234055994,0.1884118650697791,0.15633417848823836,-0.1879112479202427,0.6821323890459641,-0.18063643599414902,0.4919070229230333,-0.916948228337909,-1.0677654459627195,0.1782267961993504,0.18648029754280518,1.4958736808835134,0.4131090605367137,-0.18934215734675594,-0.9372717440953495,0.3042569186248698,0.9609808296751972,-0.7274110969616171,-0.3348334592899778,-0.5991221346640455,-1.2420498356729557,-0.7143475543814406
-0.6166839455787901,-0.29901528994630616,0.012472152697352948,1.0446195514435486,-0.5554032298198732,0.04920189557641741,-0.37293676009463333,0.9985316065771058,0.5333368528018787,-0.8634752562904154,0.9312075887608254,0.2021067219440072,0.13899437525763889,-1.0670169361467778,-0.7570541426497275,-0.633983136307266,-0.8846828085518132,-1.6176537916465468,-0.30639818188578466,-0.643833285646341,-0.3729862453462628,-1.7193063468148326,-0.685257913898096,0.029896251797122624,-1.5140190505868738,-1.01752615428406,-1.3993261150262446,1.0245007089812534,-0.1340926197847469,1.0070343827281505,-0.7578932207255915,-0.2412938410855783,-0.4290824390290266,-0.03814044581632415,-0.16904165989158282,0.6151018957848333,-0.4458127481884943,0.2722846976481231,0.9596459041632565,0.6901486622407577,0.2690642072329468,-0.23103171119837826,-0.7877863919681023,1.2525100990261384,0.10264935127379235,0.22582588510031343,-0.24131639109426942,1.4940937663926954,1.5781319264424902,-0.618230556574731
1.1571086452520771,0.621946259418958,-0.8197510936586913,-0.18920893665377655,1.7289756445985764,1.8685133059169003,-1.1602998023179336,0.2621003556528053,-0.8076635765516351,-1.5199594328170856,-0.8683343676809862,0.6405950349283708,0.03401214615489209,-0.019152231586753988,1.0495211000537403,-0.31466224991019887,1.4682847937425145,0.9727226867481179,1.9129433259265336,-0.6890402405190332,-0.5409055881339301,-0.03974699953413477,0.5296257132872019,-1.1148546778397344,-0.4833313561077443,3.463459491953348,2.965987917798969,1.194034640975345,0.423514099338853,-0.22501287908273318,0.1300625285067606,1.4774829877781583,-0.8775960071411486,-1.2214241249201652,1.9848462738853232,0.4742524265350181,-1.0380877764056187,1.397641113141664,0.29874789732385537,1.0115198177215732,0.8505422623975771,-1.2787676992544967,0.1296115328589893,-0.9877882600280241,-1.8127583222052106,0.03807343098040452,-1.3142097547336824,-2.320888868192889,1.313528995635893,-1.1112396071767696
0.5331609426258888,0.9583639904616196,1.097059882288759,-1.2358425771802788,0.007096190186573542,-0.167353652976522,1.6859016200004806,1.2413610380730484,1.3669932741008477,-0.13676004462810817,1.9131099569023668,-0.7259919658597296,0.5934666285573784,-0.8349807953598086,-1.8939045144846576,-0.10480169147968937,0.15364191973889307,-2.29357445211093,-0.4826146057840188,0.7369285845391293,0.3143704504638161,-1.5103838178968014,1.4689443813355763,-0.4200224557674636,-0.0015740185810941202,-0.36424456533593114,-1.2382858486286155,0.35180703197491153,1.2087217988791041,1.0158795045327729,-0.2776486865928981,0.060864582518959105,0.22587642949418352,1.1705964941762357,0.8053782845850272,0.3863880704568912,-0.6750965053776946,0.07118573398122591,0.45589811882781006,-0.007843551205536183,-0.47727864402587517,0.7146192843027473,-1.6714081467630808,-0.4740867590723182,-0.655304836892275,-0.4683495636778927,0.15431945422597704,0.34195126812109156,0.13423164233725735,0.3217080346198391
-0.5423824685480392,-0.08906456656188166,-0.9168207122684794,-1.626252018405606,1.4028391431511664,0.300610140958837,-1.0735640578871437,1.258827463076231,-0.748497875069534,1.3284624894987678,0.09896248123500152,-0.7048698720232027,-0.044990444358270695,-0.5418016573553667,0.6244861279124119,0.8252080339564469,3.082184584407819,-0.3980978605436213,1.6843567025230395,-0.6824397473735059,-0.3635024618137604,-1.3907151712210133,0.7549571572665874,-0.35525541511583303,-0.7739409777229688,-0.10358332820637606,-0.28017593843992544,0.8398291679431064,-1.0242608789965242,2.0177345045772452,-0.06425405303043032,0.9582578285897292,-0.1450507173673818,0.6790229960347657,-0.4228552127542389,0.8506109449884326,-0.5456705857838742,-0.5511019584571343,0.01387820594605504,0.10247279981314,0.8137555428818245,-0.5441784988198708,-0.12026464409943612,-1.018335839982214,-1.1230601675140752,1.078231831116868,-0.42134245569942724,-1.1582851080103875,-1.1658049525644136,-0.9015424799353614
0.7671267188024328,-1.1240455713115156,-0.49767716357433933,-1.1776916461281455,-1.1158140982100748,-1.9026106982725046,-1.6400493730870216,-0.37614312536012917,0.5963160317450463,0.5088029254792403,-0.0022082018171132646,-1.4735368651957206,1.9452247908035907,-0.8612162831435227,-2.1707474466481234,0.05908937343355594,-0.5161096358712713,2.259412047538435,-1.7949776516242202,-0.7827080730891781,0.1109021261365354,1.3585623713352948,-0.9243757836499522,-0.584550873178407,-1.0403791743010544,-0.08391742917281311,-2.1110868971591548,-0.11039781283949147,-1.209411897172388,-1.369885470154291,-2.5803046063730153,1.8767019322775584,0.8808976738991657,0.4541590809052051,-0.6254016041281196,0.06865523248389406,-1.5776212437276729,0.3793623837039359,-0.42287288800783235,1.0153005631081036,1.0222150721783483,-0.2686679127407507,0.17330158881126095,1.777721593134915,-0.7592921334025573,0.6192588955439813,0.44569242114213603,-0.039668146859940585,-0.7019570152401862,0.4054432214424376
0.39028889761282737,1.2553667184701403,-0.2594557168943407,0.7988603473635444,1.5536995725466505,1.9923899922254324,-0.07879792125654976,0.4040978519910156,-2.1569420850311687,-1.8452046134050555,-0.14095943569590114,2.124385438451359,-2.218498132580723,-0.2707079064581694,0.4840546318192299,-1.1778271646883505,-1.0740231710445531,-0.5409906928314684,2.1351229731910477,-0.6706313034024076,0.3412189277479727,-0.4409940998052353,-1.145766450816435,1.9162949918331673,-0.18227020554045315,-1.5920042656070692,0.6130748168150446,-0.6499555303642175,1.0639097297700388,-0.5737078904811097,0.5635306156854611,-1.7168448188805394,0.32131961620757965,-0.49693059380771376,-0.2507685280686729,-0.19957892900119123,0.9764473183780428,1.3204044695070465,0.6062450187314492,-0.582396727140055,-1.948020249395103,-0.3785082102428994,0.4615547484828133,0.30129729826961127,0.4396270554122977,0.9910846953799709,-0.884369845807385,-0.5992875916250224,1.3399629175236571,-1.1747954406093133
1.3986972557559103,0.10275909598260297,0.8892862755944686,1.4172363522128484,-0.33850524670480636,1.5010427852024466,-0.5385467708154341,1.5384819284271682,-0.03712854023668857,-0.9552873710173754,-0.3609417939035959,0.41825019889614,-1.161025639811098,-1.303719927462017,-0.3883862900440927,-2.331328914219724,0.09877045570773495,0.8418791919493285,0.32174132533918176,0.5817040835010279,0.008061154089352027,-0.20814090650730677,-0.5204136365367578,0.39927869993897463,-0.7243807801776476,-0.875968655261206,-0.11642351224695051,0.09258990143396419,0.041023151996539546,-1.34270573837336,-0.39608407465628137,0.23905927120463968,1.874758380300517,0.15947488287802267,0.3089506773995655,1.0592937273536271,-1.027645264066181,-0.6831989734963515,1.5781567125074298,0.4976345928770946,-1.0289000306191716,-0.7541302009265757,-2.008935339362081,-0.4566855985289524,-0.5799148027537372,0.19225860659974703,-0.26002446033875515,0.8447701080930189,-0.5233493230172732,0.04813045353324073
0.1836693213226671,-0.49872984424507977,1.8635461265369437,1.1817255767775072,-1.9431606457394182,0.30442669626731816,2.0672304223391818,0.8689763164461768,0.1465254955929922,0.1273591536433769,0.0873685696620028,-0.8125922031234412,0.469681690983568,-1.6268433046853377,-0.4498826216425321,-0.5578946283353557,0.3218454661351498,-0.708483564455886,-0.17222678325485336,-0.500235504668625,-0.14799236680901207,-0.06822982272253783,0.7763369772551166,-1.2291932613536576,0.5971039755035374,-0.052815656358663955,-0.8495883253567406,0.15881453029459544,1.5658194416228588,1.0204438628687584,-0.9828524614175188,0.8666420608046325,0.5290265234870387,0.75735838025437,-0.46430819241890553,-0.32178409160844607,-1.0284282744570568,-2.1082377049924563,2.829914513200775,-0.42865141442787413,-0.04264304893398209,0.1652462510372845,-0.5451251631063567,-1.9116683572999948,-0.9539845919405641,-0.9680011079733943,-0.31575346700909795,-0.5644513172266702,0.8040834608672905,0.588139945121897
-0.44444078355372973,0.7056581398436825,-1.6869101407009486,0.7544152610661251,0.06501091111003975,1.184588871226776,-0.22193642059790897,-0.908974753025361,-0.7816873016741895,-0.33476375494280275,-0.18277909742539852,0.6121910221011241,0.2825352588741963,-0.093908652666928,0.7654621985477997,-0.38872190075985497,0.5757295800035087,0.9891892924456565,-0.48503259553304656,-0.2688658415727076,0.30334610254759664,-0.24966035077887147,0.35953104903715855,0.010826861136201217,0.42261535478691353,-0.17294207337579234,0.2726254889009449,-0.6231804217869493,-0.12764933517476684,-0.6689460543776317,1.0283732231351335,-0.6077400837173145,-0.43712167402188584,-0.1352815542557289,0.4162468514388618,-0.05032336581298611,0.992820829823491,-0.35525483917617473,-0.11419579321326821,-0.04073684460680473,0.868651321769197,-0.4609193798139192,0.365834555263302,-2.137888352083789,0.24883846997174014,0.05106818463488781,-0.5832576528902508,0.8822896049907946,-0.44082224890899563,0.31741197565083845
-1.0894714853454204,-0.8097279787630906,-0.7553143948963894,-0.7527012134555466,-1.0877653456637801,-0.7014797458773482,0.2667232606498053,-0.6669834223594315,0.4125463883154626,1.432603409637743,-0.5953661912900013,-0.5983575532954976,0.6384017861302049,0.3352258426660635,-0.23991513024265523,0.342318242406143,0.05393485760335809,-0.2294538741176497,-0.46537302531037084,-0.1275693944012936,0.022517496400617714,0.8273187371537682,1.8700816202979256,-0.629575519268751,0.46025604670439507,0.5782243532541362,-0.3390584547180644,-1.4280664098399753,-0.44010219192014316,0.9350531939935646,-0.39755470619642586,-0.28734668118098117,-0.4305401067143874,-0.6084921085896206,0.7118857020111883,-2.3918726479644907,0.8819460917490848,-0.6748713024443077,-0.24334353063154635,-0.09470196931929913,1.1067253423061327,0.597355960516814,1.008897523139101,0.25471107115433744,0.7727546834782066,-0.40174983324537816,1.5526322013981866,1.1180228022066538,-1.2812383651672197,0.8411606600628904
0.5074333110811796,2.090756317323821,-0.2759517090068205,-0.222724125498931,0.8294768931369827,2.6763205927747995,-0.006495312696988779,0.5698637801345457,-1.0119948181374168,-0.43067460666672075,-0.4445759808272454,2.443234952197913,-2.2522938249392044,-0.6813482793126147,0.47911559136563137,-0.7128667500211412,0.8473187274647376,-0.17399258875800513,3.178427130432276,-1.5610352006991037,0.9994477502419601,-0.5217841633445799,-1.4147350093471485,1.828433744044772,-0.2878496095451208,0.5728976275847545,1.8907992773967242,-0.37670966435389847,0.1846055309318655,-0.16406110450321024,-0.37654073558717555,-1.6833071412006906,0.510095123859442,-0.7183736913652444,0.15185893860789798,-0.05755688172736009,-0.4049857109685285,1.4634444548436891,0.24833599155225347,0.29419670105065504,-0.6724477569537867,0.2969565194700875,-0.034767480846369346,-1.113043519746066,1.1301859161436147,0.19527987983522405,-0.49651054163359387,-1.8345853258504152,-0.1673117378620648,-1.9941526197091732
1.5317237227227374,1.8152834493995738,0.9281328545703365,1.281081021989155,0.23560988149666734,1.2368581544146753,0.761942421185277,0.07557526094492811,-0.8693299223470831,-0.337938680198582,1.3514127590795495,1.4177011077689268,0.20569806765347157,-0.333702479565908,0.3682501907992387,0.7311651913042759,-0.2823609343045382,1.1577266891620368,0.5811831533007449,-0.22894929525723232,0.9031457550630968,0.9594680548030192,-0.7750087137002922,1.2194501979506436,-0.5274152703066229,-1.1923143323413927,0.17360543381172994,-1.1067775721564872,0.06866168232721921,-2.1683745927003306,0.14986536611543333,-0.04303469297624721,-0.5346846099888868,-0.4040129873634408,-0.8519398807132411,1.080768841860452,-1.1039792311205352,0.4361020610808453,0.35012711889957204,1.3630379779579473,-1.301047301555616,-0.38451312144200406,0.8076360582741087,-0.9915310797156781,-0.44495706790459777,1.1731315237580178,-0.224770990535291,-0.3274391719932463,0.7600516423294841,-0.11300149972937346
-0.4525190712024798,0.3397976163963393,0.3060179537120272,-1.3024648529892708,-0.09344283026831944,0.19589433307930068,-1.2307606453332989,-0.03194739364560017,-0.4707308474945658,0.28303939808352124,0.7561756609167213,0.8097386436901785,-1.1619418960952832,-0.8742466706951062,-0.24381922318982632,0.6151448661934078,-0.7084719114582737,0.8648301340015521,1.2280052817011682,-1.481377429287217,-0.1679403832418471,1.0311111558968769,-0.15888959993508053,-0.205814536242892,-2.2170156232338942,-0.30502900526856386,0.5206438170497458,-0.5651786937968405,-0.4853137288402908,1.2953597787536226,0.37243271400986766,-0.48336752421312246,-0.22283725537253576,1.3217734526389977,0.886061607457495,0.6926262638034014,-1.0019536995969234,0.7427040091137588,0.3776209991757734,2.6931107798895897,-0.1625208811325835,-0.20683886940654414,0.18545902219017152,0.42716755725115946,-0.17196514511508976,0.5491069567884495,-0.5231098252328141,-0.012464600954440361,-2.429815985024212,-0.7921544429309312
-0.8566701513606088,-0.7686135981293692,-1.171997848059462,-0.06165366915009089,1.2863886409022633,-1.0723334007342118,0.4907780960896554,-2.6538103474344723,1.1591492345867962,0.1878801266889255,1.4149807338562874,-0.46795282340748906,-0.42084351057147623,1.744395830780506,0.36863179651338573,1.3473302775626548,-0.23545062223682542,-0.8452508996621384,0.6203172419249576,0.9423900847523792,-1.2088169137063864,0.06167076429718799,0.5906907248335765,-0.11225467910001205,2.2800644456026014,-0.6409913960286053,-0.4332362414751291,0.2762897750690516,0.44295417463517467,0.8929153592503856,0.332830852710504,0.2559525207965691,-1.5861718070852102,-0.2889597455949738,-0.7034549714990922,1.656794564400665,1.2910037735041755,1.6153693001193608,-3.512077277525215,-1.6843401213160851,-0.5192197702225951,1.541471262267528,0.29196702992699625,-0.3221875068681812,-0.10357492433850464,1.4214034640490132,0.3818407367866975,0.32154261604369444,0.6240251711729597,-0.9115736318275776
0.07810546090572774,0.1804112727524169,0.07430806129956201,0.1067492155449821,-0.12597668246942023,0.7417930906934965,-0.16181192456323368,0.8534722615387197,-1.772366895653241,-0.5567907883447657,-1.45131831637046,0.2512633232162378,-0.061044196879891655,-0.9605014701895664,-0.3633764696376824,-2.3019066014738914,1.1405520323299239,1.8006951984477928,0.25524855361070975,-0.021752594879409642,1.2708597945049065,2.27729819076593,-0.49527568111047365,0.3251792204631005,-0.15721155525730174,-0.6572344440217903,0.31388912671056957,-0.8892826580053477,-0.0797918360970802,-0.5122187518693565,1.1468021587440667,-0.15392039780301,2.2858639272296695,-1.6024795553817617,0.5802601864810145,0.05623156401277487,0.20080237435828177,-1.432366844741318,2.79529842936549,1.3103023884130933,-0.847153666155668,0.01228700332008216,-0.47182907760801174,-0.8724082192970235,0.5331285162400213,-0.2332567824445689,0.39370227343223985,-0.16552666535591673,0.4102431172332809,-0.6765126859932622
1.6284949964860251,0.37029657047084236,0.2459252238170287,1.4970411109922657,0.05819452718227738,0.5358260312321463,0.35624231807290924,1.3470988516689257,-1.068261260580741,-0.5371171688137525,-0.3240727110900728,0.35077854414799825,0.6138315461437749,-1.4695200495785747,-1.214308656905011,-0.2636804946508935,-0.2544510899017765,0.7824090203825395,0.6900720808785118,-0.24938546691974944,0.3619726368659493,-0.20780612603323903,-0.8254162244407914,0.49224800562024734,-2.550162438112508,-0.11807259361338072,-0.252368372343087,1.7644551270400952,-0.9721194212909656,-2.490576285230583,-1.4397574496843084,1.1959471304834746,1.3441954982832607,-0.14984842122936545,-1.5571665758407858,0.5431661549153745,-2.663035310546509,1.15395069958712,0.7183264385549781,2.9203457190979916,0.3814641029959498,-1.5902118536825658,0.8395298098353422,1.1361290719118085,-1.7586228368281602,1.1914624098487405,0.0840059658144406,-1.3998164842659826,0.3684240777711045,0.27485817844502813
-0.38508514597415294,0.08648006809384487,-1.0431648195265304,0.21144631404259076,-0.17385780698820882,-1.6929167753899999,1.2952114318878343,-0.21158863595777125,0.7710723227904572,0.7468441828420128,1.2384640328885226,-1.150353437180369,1.813868845362821,0.5921228145999747,-0.05184113894512136,1.836852683747022,-1.6595447839457118,-0.8986531142613545,-0.761921736947827,0.37813709672685497,0.25932687541983107,-0.47131806106062685,0.03907470737958646,0.12666347631271124,0.8690271664675899,-0.9128121690187215,-2.024359336371461,0.0975910635345736,-0.48109860662984655,-0.44865995217958626,-0.6873383141918901,0.7858103516845643,-0.9993253595110173,-0.4606544682974261,-1.490947013790967,0.6521646920218109,0.5658752556753369,1.6375405070647513,-1.2794589217457342,-1.650924378282189,-0.5565501046650261,-1.3587453855518417,-0.7055214026300901,1.437135233346619,0.8917026324692732,0.20872599243474427,1.6002640677714735,0.17610187191347082,0.11267318681367364,0.5257900451250939
1.3839219194132257,1.3442768258605609,0.8598697510567169,1.7151238234787936,1.277481595393978,1.6733526178583937,-1.997108098537399,0.32880562976884486,-0.781266810776431,0.5352747118418194,-0.4280428254940808,0.6346364732937856,0.5480051912655417,-0.7902754787460814,0.6708082863770521,-0.5061382513392075,0.8969151958691299,0.9679690885461232,-0.05571743622407143,0.06997370266930356,0.8496705874168925,-0.7804798153376088,0.05695510093393696,0.04323403196003883,-1.7474065463955226,-0.6018165730529514,0.2537539293699398,0.4541415004499826,-1.1367614284201324,-1.4519418294273145,-1.1677314628338242,-0.3970133039158161,-0.24666707962704815,0.7537703826224557,-0.3233094045583249,0.7900375940596654,-2.410652249613301,0.314036266627525,1.2631328435986697,2.2442188739976596,-0.2502058268251448,-1.4350775510402636,-1.7222012446657053,-0.23946382550804707,0.40673956076792855,0.5139886345073404,0.022666460917344658,1.0664109746311174,-0.9796617160484461,1.4038495643451545
0.8158723621392017,1.9533240610597844,-1.5371433978286586,0.7363631457322714,0.9371558535783607,3.3269924474559787,0.16124912967062036,-0.08723257249415034,-1.8058325448453485,-0.576665184190658,-1.5745820173976697,1.974362335049363,-1.6227847605548904,-0.5564700053517011,-0.24585102939764403,-0.20211726222219206,0.46534216285788366,0.4561531657933647,2.3062568901864444,0.3555067945209658,0.9007194482232063,-0.8256476148823404,-0.032324372318314566,1.2353628264003762,-0.644890994662567,0.9126133642759156,1.8066382808857946,-0.49270222918430906,0.8071300387333017,-1.4457763453252208,-0.06420800875509657,-1.3367839280565663,0.7460332973556324,-0.3968956137909414,1.0478175143282555,-0.4604004469495546,-1.4397531219801556,0.05891472076729254,1.4450141167739754,0.7148579385570591,-0.9023399762627202,0.6201177046378678,-1.2149389475829582,-1.2476582382658514,-0.3860114389471392,-0.8760404694933801,-0.19274288045530827,-1.5645549401908803,0.5577292070305523,-0.9690240800803773
0.20520192599062861,-0.16354730850974308,0.737410492323544,0.977232593289173,-0.5343299069165894,0.9823636569784022,0.06364556904301691,0.5439719319099054,-1.0611047719845554,-0.38897192719261175,-0.25628398309105305,0.7981423208413596,-0.13229721536895217,0.3836212897101117,0.5226026645055445,-0.7472384081981107,0.5529969375866489,0.09921422860068584,0.8625373023855113,0.5924359938363427,-0.7400891857422942,-0.08294665907386806,0.342748461902229,-0.16971093702415846,0.7733289349096615,1.2441562802586175,2.32710214248748,-0.08763999269480094,1.12833084237469,0.2656262382240684,0.9587460394689808,0.19971931190757192,0.18349112287642835,-0.07126516357829614,-0.14849308454858204,-0.4849113186037708,0.41535344021159365,-1.6133508029403059,1.0702521342083309,-0.6887441591870304,-0.33365747373262516,2.500200239687843,0.09852398150363635,-0.6001975285259065,-0.23734939181128561,-0.31872280402333475,-0.8059925286278478,-1.226161792724771,0.23604403741746033,-0.3916328957547036
0.17160155049598633,0.15115421192990502,1.6283946738289534,0.15272846962855238,-1.377190207995544,0.9620951515720468,-1.3252894702437785,1.8423217345714908,-0.4857122474958765,-0.25676829918787225,-1.4577079128557118,0.11087238002857866,-1.35141718145509,-1.7327041707924782,0.5024148608753755,-0.020383282334097565,0.23510899795321738,-0.23066499280973302,-0.4914586553821693,0.21413800764471758,0.5124291738351113,-1.103649133473372,-0.7422518763655919,0.17603183142144596,-2.071170319934254,0.3923475837025847,0.8271420340460607,0.8153104055069529,-0.3544453964978197,0.8992468469113405,-0.8548911623657074,-0.733510591573417,-0.23859986334478234,-0.5326282980956677,-0.3127941046706488,-1.9558397955002633,-1.5067803133154674,-1.526563732670486,1.691206023293037,1.4327707186849317,-0.08024993257589852,1.4031704832744085,-0.7799979828202668,-0.6397935017798513,0.24414206322705378,-1.3813124515078128,0.16158782722500248,1.1285489761895928,-0.23307456517641734,0.3721773755503614
-0.08049010020429734,-0.8388689383061857,0.5154494121423489,-0.8990444720773962,0.7320909552794277,-1.4917443339355005,-0.08060888180517901,0.7757689163896703,1.466698082648245,2.12963916812229,0.5174069358290788,-0.5196178446822395,0.64260048757818,-0.8029057532613666,-0.07195716114672482,-0.5517594891712614,0.0643001912213898,0.34699712698941493,0.723819796021769,-0.6063569973833713,-0.35132061832941586,0.7234388294621029,-0.2717639729406917,-0.859239866946048,-0.6581041199416514,-0.21111772763228914,-0.9597290831498065,-0.4357072034331029,0.041177276647358034,0.5358855220851858,-0.7310658885589976,0.8295363952502554,-0.03947096122103684,0.5510265316730969,-0.5790910932443103,1.6329045216359221,0.6292504057902724,0.8707975742015573,-1.6974504999558564,-0.08125395908214372,-0.4230094757968363,1.186568043022144,-0.5990272759921244,1.5269892559199596,-0.26459284278660977,1.2553605307451337,1.332200511832447,-0.9263618987767033,-2.725056819905808,-0.46725361040472935
-1.2417974966753842,-2.162652037884495,0.14779081218032997,-0.6452484935372624,-0.5676890409329528,-0.8286826731328768,0.3567969729323199,-2.4400811805282947,-0.9162784257014652,0.6227444774186957,-1.588539233270493,-1.1523219300353205,0.9300281425715208,2.1787213671868333,-0.6302580598750913,-1.2315345676746716,-0.29007767710044785,-1.3689894490399899,-0.4627821914062454,-0.8047832831460872,-1.4389785071357284,1.1211292489209628,-1.7214452284744968,-0.27425980733294514,1.8394479770070136,-1.0884957779076494,-1.1255987948781092,-1.350021812590887,-0.9951287932130712,2.1033118904780634,1.5939961147511723,-0.28941814625708956,2.4277675142449158,0.36981612069052994,1.1560171838996258,-0.2797596816908989,1.7486683967757153,-1.0308901803131707,0.22073665787320204,-0.9069614268006713,-0.016098720247094873,0.45460700908847435,-0.7727807501415568,0.11676536774209088,1.708073061942442,-0.9195551715846504,0.9625780567899752,1.5915744638637788,-2.1994327216412484,0.0533783605276426
1.191431341558424,0.888618857141681,0.4067983351957566,0.6617480768624538,-0.9212518842327663,-0.37769565312261844,-0.5251259604314122,0.9349347399260352,1.5988012680708963,1.1551949862761943,-0.11118556667563473,-0.06360210749630477,0.5529795675371741,-0.3546076630331605,-0.7105913219260154,0.6547917506117652,-1.2727559764194742,0.3573941593123468,-1.479360963301906,1.1123911899308832,0.582865134817536,-0.14936611567323474,-0.21941715600404083,-0.2884604055162955,0.20374496002876002,-0.1455827250961778,-1.1003426043981566,-0.2917387011020648,1.2403360980547191,-0.7953798013534037,-0.9345001181112661,0.3960959512428134,-0.5253975936350331,-0.3398310891415879,-0.19443220958258667,-1.0323018196590907,-0.6249160990780208,-0.4275245057555003,0.45395763253359017,-0.5416665920866893,-0.025489777807797334,0.11466409211306856,0.5246410871220496,-0.024640085060700992,-0.6625979356137223,-0.41435129297531653,2.000722594881898,0.6315818907617234,-0.17148286030895965,1.0303592442516667
-0.6039787283792025,-1.5454871449069385,-1.707303137983657,0.007074814115465764,-0.6985629628841423,-1.053947336388412,0.4779640183766265,-1.3010467000593857,-0.13925008356782118,0.9180744636765278,-0.7539445446844394,-1.3304053702558591,0.7984416156476041,1.37525976658136,-0.1676443800102475,0.09878642313006772,1.6767044660834294,0.2892407224612501,-0.07251692898245773,-3.1945474861561727,-0.4760324860121929,0.6048768433872999,0.9630211825035527,-0.6684555982579229,2.0120892251778435,0.0145804336061587,-1.6883255606224337,0.5220903199859491,0.5193009548471732,0.4748299413694018,-1.127874847702019,-0.04643750983201737,-1.0824249001861364,0.770449402676482,-1.7189761585311394,-0.8026093593437611,-0.27260642325352336,-0.5463298236491616,-0.45905807102350743,-0.1914049947082006,0.8273346143793682,-0.8138298623690954,1.6752325141146076,-1.2238123068276958,1.400862991758212,-0.8680689643546137,-0.06736556082578447,-0.05316168780815488,0.13538878363329857,-0.5140186212381536
-0.512712536184196,-0.09906214827663709,-0.9637987240926733,-1.1254866953075513,-0.09096471919341137,-1.7582681520688828,-0.643232177680897,-0.5090008339020318,1.191679824596039,-0.16312801830396423,0.20616122887830937,-0.17428197458187364,-0.19958867031393526,0.8642599830798348,-0.31154796490016406,2.4407525968431143,-1.434246015480242,-0.04699500817110083,0.15995017802942443,-0.9324773197210752,0.6355520398459322,-0.4427252238922041,0.6483349132752407,0.7748365518823148,-0.3060091472794629,-1.2152669936286589,-1.287129961957736,0.5767506282216067,0.0474558280548464,0.08401010909249185,-0.2850722465281983,-0.46663177978865344,-1.56075943672426,-0.28378377118972226,-1.2973265546296886,0.427389082959423,0.6092108082026635,0.74148547493123,-1.8663718881093445,0.48045918925612785,-0.14524066195982901,1.7281070555231033,0.977357203497402,-0.15081922895962968,-0.20113589922579497,0.8679637736931988,-0.5621895960301011,1.303743428377867,0.26237625152800176,-0.1906572206415281
-0.09416833259241333,1.291318235362377,0.02667661263466075,-0.992606433929776,-0.0909981700367174,0.7538183861371868,0.13370092644230552,1.719892273518106,-0.21828334139187247,-1.1656718477927113,1.4931803572413778,1.5530351576950017,-0.6485881536243661,-1.7203631904174752,-0.9155930742197558,0.35850911499019905,-1.6735670410984784,-0.20071838613163073,0.8336382817953236,0.9564357257845205,1.0858871957607674,-0.3354403019126672,-0.2535555139520874,1.2165243047961947,-1.4077071235833423,-0.6003382498010189,0.761543845162242,0.06054217059703102,-1.0330773532622033,-0.28594493054495246,-1.1919649771426852,-1.0178145771147264,-0.3276615971564211,1.9339959527403878,-0.34861079533612777,0.216427856869549,-0.9169516222433767,1.2599542963087809,0.8145790283125319,0.5885236972697905,-1.0597783276026767,0.07006008263152466,0.043560808312378144,1.4483283891407814,0.11404390186265148,0.4305952690702745,-0.7341272063269789,-0.15507105390847759,0.7793855069012521,-0.5247705576691737
0.698560537638188,0.13310230566725875,1.0568168190220817,0.2848998446975586,-1.3341521125451392,0.6240029514352823,-1.618419968381989,-0.024386600368690222,0.12930018907123764,0.5538880921379444,-1.7341933352024532,-0.02896574022876743,0.5149890371394882,0.19406711339690852,-1.499501980385705,0.15666792699729504,0.2456148002254703,1.5739107552246612,-0.4952104085770365,-0.6441386625300085,0.4319124539815849,-0.2383557137212059,-1.2036780814877088,-0.3256086472809587,-0.21680246623416174,1.647034144872097,0.6274321856820964,0.7805962882037983,-0.9425744125751918,-1.1525424331176473,-1.7661528938249862,-0.5702884073960435,-0.11868674640326789,0.052023227099224884,1.5621381458771428,-1.7982073810474613,-0.6259594411240507,-0.46005930587401184,0.7414269581383967,0.30248987660967963,1.3789162404091166,1.0225655440537844,-0.5054548062816004,-0.25968643365618016,0.5753136026869299,-2.453963478626726,0.20381912890040113,0.8056240831644144,-0.11177528769571587,-0.7373993955660453
1.394031027184051,-0.28139219841038604,-1.4921571609991617,-0.3812759631231185,0.11382199348108837,0.5474312602506358,0.35289684857578196,-0.21275138825594397,0.5919291564476568,0.029306315973799128,0.01235819821524199,0.3807618423433641,-0.7833150041674167,0.3585503777113439,-0.22223933389453127,-0.18481203122498072,0.8371579529170462,-2.3274613712399117,1.3864346975131492,-0.21601211961753308,-1.4654923602576406,-1.4926544920873086,0.007987508359346557,0.4633005737832698,0.5174951416586678,1.9028839038719347,1.0876356508486948,1.2111991850953037,-1.51744838803803,0.3029359104387335,0.06980757883969578,0.21565541307574673,-1.458359687879783,1.3931645355790137,0.4917510272687002,-1.028217821899637,0.22659277449286958,-0.8988781689396084,-0.4976111705506755,-1.0431297151590013,0.18850439446822986,1.4855386865195792,-0.18806582122314716,-1.033122751086321,-1.0324480165540149,-0.8618379186705992,-1.4364557199791042,-1.0857440094832227,-1.4713610173813856,-0.6612388305204137
0.28357997061003576,0.005752239463469688,-0.5573131975524805,0.24078428738495328,-0.46123882445674935,-0.11699967220729875,0.2923660409473327,-1.7884119204314142,0.8428543595071843,-0.28984483893296475,-0.35459942707357744,0.3109069641047223,-1.197100501235442,1.3196049537045471,-0.016034629685752328,1.0637448807183638,-1.1514035484470657,-1.4666015410135431,-0.9235159123866528,0.10243046061271506,0.20132103214996053,-0.5497920350516067,0.6150049505749903,-0.283611873937332,1.0687309169845793,-0.8379113696280757,-0.7871641786818497,-0.3819052135723345,1.5655090131103109,1.7131915762826886,1.4320778913501206,-2.0836267596644253,-0.4368970860845534,-1.151916852661411,-0.014255492530850044,-2.3262472676508716,-0.342774696434867,0.1260328421529006,-0.24311047791111712,-0.18678461879016828,-0.84102949696087,0.09394848365195282,0.3706254193918041,-0.26886818583495253,1.1783736572651984,-1.1773172711273021,-0.10493005878935917,2.0849314588092884,-0.447661778537397,1.677675855060233
0.9077890723574548,2.0618783354196712,-0.49070464669786745,1.4509618270949018,-0.49946615550036166,1.4856116922633888,-0.12263245886446639,1.6697015218705396,1.0706666292490918,-0.8327023101107128,0.9604516513749055,1.1652076726949663,0.6441306140032975,-1.1346841860581904,-1.7952334640678749,-0.011412683359676495,-1.7113720047811594,-0.5547980053586573,-0.3396097008430785,-0.03751331935156075,1.1228340738891014,-1.1564176055150672,-0.5909728569304086,-0.30506755135281316,0.11814205625466896,0.05437859821165931,0.2704168602537177,1.1449986058732304,-1.4918480919604051,-0.7888649308562012,-2.2022458521796264,-1.0967215802232733,0.35533362966123916,0.6730645096392148,0.5039562703994624,-0.279541552801477,-1.4281193353715018,0.7199301669591288,0.7134507737360841,0.3779203764978722,1.2146184391112833,0.20158369672755702,-1.0930725572421651,0.08201266563801031,0.27908827673154,-0.46660136793543405,0.06916561587939943,0.7396839689391342,0.9016889297110428,1.6113776472646355
0.38887402925948333,0.385800303257435,-0.616467409006563,0.07261000213301957,-1.549182384872122,-0.6101931120205084,0.9927737930628563,-0.15723626630385307,0.8166055528185369,0.67263213956848,0.7865927005949832,0.0501867568941492,-0.2338292181088702,0.42193278873605455,-0.4892286144837752,0.18143227374454643,-1.021248662453175,-0.33085394323394707,-0.26685146613542615,0.13100684606888172,0.8165333548911933,1.2604214759109438,0.15764355462780916,0.6266355373618373,0.3247683889147666,-0.37710788737768475,-0.47204953055919435,-0.34973405774281036,-0.7335820995624064,1.0074600884424245,-0.4151218087138831,-0.6708859489227632,-0.13512546527222516,0.3993706627211912,-1.3060955695608345,1.2296430899040425,-0.2898701954015098,-1.1208259742248161,-0.005202248831819394,-0.5295448826764166,1.505384387306507,0.022893153762453978,0.5584037652975313,0.03355846830133952,-0.413924711549348,0.4639985766178065,0.1859810726689811,0.18901018338677536,-0.19446126090576285,1.0542885836501072
-0.3384268238043763,-1.0630660143617723,1.3143528827186812,0.3660924660319989,-0.7877572985995882,-0.35666037046735377,-0.5358092778705661,-1.3767052536029472,0.8286027614223193,2.462767375346452,-1.1163951201126723,-1.0137034610779048,1.9089901450456217,0.6500765474530406,0.10502026145608861,-0.6327801139068665,0.8615496697077255,1.569722516285353,-1.6050830809411645,0.006909906345718484,-1.1598671949517632,0.3209822154066904,-0.3328989484235137,-0.6396262734939233,0.1317876395028985,1.096172386025466,-0.26363176843355474,-1.0895063034607735,-1.220597366980246,-0.4737625870027516,-0.07460296397233739,0.8654740989725407,1.4075187873296906,-0.31237038325372685,1.4937892101609513,0.6060614458384436,0.2214552178141733,-2.0176045679880152,0.05610440350660471,0.20238039695380144,1.1465059392793768,2.1017636289440893,-1.7527545540281555,-1.7543505897811962,0.6705220163639939,-0.9147594888521037,2.1862072075624077,-0.6454171590820454,-2.29612904075727,1.9800138702834746
0.13364381492752764,-0.9754160007785413,0.5599805936072956,-0.5190595015255004,0.016315477918166905,-0.24153487457397443,-0.47305242405070635,-0.4652105797416424,0.5946782213863833,-0.6900300808309022,-0.11802472506893022,-1.0062497948570837,-0.6774749811454452,0.11922375150198829,0.6952394086830139,2.2076313771082954,0.497993409817999,-1.3198228269391523,0.656239554893013,-0.0649441778714804,-2.2503766593928964,-2.9494294549595725,0.2043280202781087,-1.2047884245998577,-1.19847376586382,1.4248373151787488,0.44587146352054163,1.4318009150225457,0.7295903939099826,1.3434189939694505,-0.26635044887711457,0.3884512550028901,-0.9494746339395943,0.03802614293433141,-0.1450910743285892,-0.11338808395797194,-0.9821455406743566,-1.1136532848785234,1.1921194013125027,1.6656701077853744,1.3134951509820711,-1.2883007321767035,-0.8919953209185811,-0.39348626407785237,-0.4374559384675702,-1.203760654308877,-0.34981770904621384,0.15177851129055128,1.067329047315053,-0.4787375422412847
-1.0542156844790345,-0.32243017459583767,-1.977582917188568,-1.2628616173272855,0.90014643343288,-0.3258171441662141,-0.49867912742728115,-0.6868601613453643,1.9300452947200044,-0.6680558186126683,2.4745180652690113,0.20932761785306855,-0.685714652066664,0.18175332971030858,-0.967665715742081,-0.7232508033013707,-1.7851645469802633,-0.6502220545263208,0.3308779199685277,0.28508691053851165,-0.40600483911675406,0.2957553378999358,-0.27684538435751105,1.194724885969021,0.6185013031466532,-1.8897862256592797,-2.1995610063529427,0.33460111524661135,1.431778673601544,1.8392186384749492,-1.4417310822067628,-1.7421014552572902,-0.07537015747969686,-0.23900180592174655,-0.05239429356303406,-1.0202016034364196,-0.8559476739140673,1.5994850123502375,-1.4973511649805393,0.03765842519828739,-2.2087838092790477,-2.61634214189434,1.0294392527071052,0.03899611983608834,1.766025550931053,0.13161435813066164,0.6690738139223482,1.3728426669315295,1.4250863208354851,0.05492521592622436
0.16251405028878166,0.9991943297401789,-0.14564435306554083,-1.1163610842412033,-0.5703463357515484,0.615662556173409,-1.7321598682746515,0.4851674713877661,-0.3747444745039854,0.09684993053332842,0.357427258260234,0.40541078913314094,-0.4815859709410344,-1.0967837010633494,-0.4282306175022652,-0.023430843921368377,0.935192665044846,1.7784908747719483,0.4979065348085872,-0.15146731116779596,0.5506632220605306,1.0616499939049195,0.3692426429284784,0.38920247629930504,-1.8658789497790904,-0.17862280898874916,0.30106362761213734,0.07940988243455226,-0.5501684727091625,-1.2888947414720204,0.1920669122374818,0.16174729207373748,1.0622529646823466,-0.10844747527437631,-0.39879589769530005,0.2772669226527422,-1.0068729688032312,-0.7201656885754625,0.4901811924429998,1.5302916785671112,0.4895421809123331,1.0375211280080157,0.544101125135618,-0.23356281326998185,-0.33825992802480814,0.33730767139710954,-0.32519084410170607,-1.2465319061102127,0.35897815741901545,-0.2192194172581547
1.3318488953670289,0.25285160066432877,-0.1101973635243923,1.267784329966433,-0.9990870854395115,-0.6511026381401549,-2.3352417409493222,-0.6784757339832079,-0.2863956782771022,-0.17520913634332597,-0.0030447827233873463,-0.6695168298873059,-0.482838710732402,0.63287531406879,0.11253501786177991,1.2197184514815549,-0.012994260554701752,2.4351345419744597,0.39841875472518745,1.2115639917645982,0.15529532791925163,2.437213753065264,-0.7662576171663114,0.1486228544365751,-0.04207720990141999,-0.0807833160160428,0.11837280093304067,0.7751598944955783,0.2246531330204569,0.42435280369114314,-0.4631410743835316,0.9951879639676458,0.3874783557282492,0.45142165902042547,-0.6151037879112619,0.6101898305257895,-0.8080972806174921,-0.48464008497808747,-0.5989040195563616,-0.2686234178108019,0.6142466450321995,0.8249163840890321,2.0688424219478607,-1.0032495822643175,0.12308310039712031,0.6103498166476048,0.1446977738229525,-1.16131680972971,1.1737087059218063,-0.8837260859201345
0.4084079276126247,1.0736009241820232,-0.3641045142291943,2.0256522205508127,0.29677168464881243,0.6221398207164809,1.4080631733227122,-0.016275886999951552,-1.606634559198777,-1.350378285663737,0.40437657383398223,1.0876476141879792,-1.1388810660580908,0.3896356386429069,0.9051631683383704,-1.7260867660639916,-1.2129661909509573,0.9918681512232866,0.6576844081762485,0.9290612536885966,1.135183190356862,2.112798678198955,-2.7058277624687483,0.4004099440303762,0.33170159328574367,-1.775556215300635,0.372757517593312,0.2693890217990723,0.986180435328825,-0.1408627770110468,0.9607182141247552,-1.7961981991016567,1.1423744093626385,1.042117482139234,-0.473568810365655,1.0619037741617379,0.24173034236685365,-0.7201584733584682,0.4545329470684152,0.5705557201071131,-0.4876030822704725,-0.27327307523845434,0.9006646788704505,-1.058619543368465,0.07391917072293042,0.7298397705646322,-0.7469081465728712,0.5759575391067806,0.7401635247224326,-0.0651799000108895
-0.9263192352412922,-0.3482083627845488,-0.9251453511257371,1.29656205983528,-1.8854243715738073,-0.7834794542931992,-0.6363079391200006,0.32580712842022175,-1.742375507597933,-0.5376371152674634,0.922259307960641,-1.7828492496865838,0.8622745148898211,-0.3382945522687003,-0.7078695236781765,0.44616700211405735,0.0986693751236453,0.1502456496853002,-1.5014782478959179,-1.462643704013455,-0.04275472594393853,1.6793690777839556,-0.9695094014156215,-2.7009629706263367,-0.7041660521650863,0.4846831704522737,-0.7256923456638469,0.051788064434212924,-1.558801177499758,1.6684993279079958,-0.04894026187653846,0.13782163782078635,1.4089626751888824,1.2073025918192837,1.4949536616685655,-0.1141555975378006,1.2271028585289054,-1.1530003748427635,0.5054751748610792,0.7459425919097634,2.0081916510884317,0.8784385531769197,-0.1915397044761816,-0.6840970759256821,-0.9268455130153662,0.02505877466524301,-0.10889262818250768,0.35372785785085953,0.1608714367286224,0.26070160062961095
1.8189441617662099,0.6731213892356203,0.6667690699958263,0.1836365211156265,-1.104075697621763,0.6986884145006371,0.40444101144104555,1.2851780481947703,-0.2810563434092046,-0.004172221867011168,-1.4827164266707673,0.2778708533467408,-0.12057792601798334,-1.2347780222368756,-0.6759755480657126,0.9912452089293686,0.6466795078304027,-0.5664200639202001,-0.8765493588106547,0.2573948049109195,0.608478938402358,-0.7146759564324494,0.6585967045674784,1.3909129309695147,-1.826590586318362,0.02639510803262161,0.2323713375738279,0.5805327768777375,0.2033037144335451,-1.5275943085788926,-0.963780379408443,0.4316291848196229,-0.22097557902968037,-0.8323639819770333,-1.9566764049513163,0.15613379537879965,-2.087897853818623,-0.31827053498593505,1.5639910330125715,0.5854979415236842,-0.842224777761059,-0.33113418793908284,-0.19517386102567852,-0.45311081844782475,-0.8120584900440407,-0.22259879711710198,-1.318843670304633,-0.28919346108028204,0.24196985760369977,-0.6681883444841578
0.21102590893328593,-0.18956144292165747,-0.20483269677609783,-0.17895618002649655,-1.0544001378598566,0.20277535541951722,0.33171899697583,1.5858145391419558,0.7116048847069721,1.4352767389828733,-0.1805892443828442,-0.6573172317969984,1.3949974659427447,-2.1332801158231383,-1.6281768518882138,-0.47722326218818134,-0.004051875658954394,1.5995431520892713,-0.9884285729412985,0.7357098602390277,-0.018394477625400897,0.15536969802151773,-1.2786352014660074,-0.2069592042241017,-2.0328392223702965,-0.4328404557149121,-1.0205651934746975,0.021602790444981503,-0.5449762783132654,-1.8433676707579492,-1.2344075504917313,0.9914142069999915,1.149137944681922,0.32683146673456376,-0.09986197081219958,-1.3138864795040115,-0.6164692051292822,-0.5225969178142614,1.7690543884304886,1.2360736211556667,0.3961768254977452,-0.757987501785567,-1.321862352055957,-0.5385631702011401,-0.2757418408428187,-0.5726093494010837,1.0565525881562412,1.004522409896015,0.5604110907233962,1.122806983718468
0.9226947918027899,1.0459682142293838,-1.8309115836285907,0.6070378333080271,0.11973745029267721,2.016839925413519,0.553337792228833,2.146049036375485,-1.4716814864102254,-3.239486376595073,-0.6231188575356665,1.1875366597217014,-0.7524087168631951,-2.275217510659568,-2.029942810757937,-2.191095217876761,-2.6510999503837023,-0.19546109256782954,-0.6803192830627967,-0.6565445632119515,0.9764559868771155,0.04021271187567781,-2.218715570329376,1.424012911751755,-1.0724362297329892,-0.9798203023357057,-0.31671524160268605,2.549311693513279,1.0888965400110806,-1.172205332455102,-1.4999851587966064,-1.052403272867309,2.506741437453776,-0.36282202516478906,-0.2303603527225172,0.31255738829069946,-1.7613789905172914,0.2087315487070048,1.9937823929545406,0.9117539796853211,-1.523676904020808,-0.555137595441938,-1.985983485741671,0.2816124335619189,-0.12340259307722101,0.1252237927891085,-2.3073858004197123,0.8032719555911102,2.110276552170014,1.6765591416305636
0.584865838646061,0.5500243310465756,0.5317021405796505,-0.5841839264572695,-1.9686063113541816,0.28581958877428926,0.4705434583588939,0.11389631861893579,-0.3760415625652143,-0.3859715692510866,0.1911517015021729,-0.452764593175899,0.1880971787977713,-0.14108842977229133,0.44963039356577333,0.06995753544285373,1.00147917758409,0.4439565057395153,-1.3915982135389267,1.0595639012973714,0.16263740404178834,-0.7306769722006716,2.455472951803738,-0.8472712165099524,-0.5839292322513108,0.9017067161772595,0.2928480507026427,0.19069993734633184,1.8534573313670617,-1.0540806902892859,0.11714624781082157,0.47401089058183926,-0.9913505054307931,0.0865014394746636,0.846115372856851,-0.7389017432372512,-0.8545193408939573,-0.9816693069301002,0.8075710257399408,-0.07021753234762912,-0.2807179585395163,0.5140624388719974,0.1036500649085556,0.8568688875158693,0.2328514314125262,-1.0569820596373327,-0.15683503364242377,0.8687268709814479,1.9430644117907971,0.535401171132999
0.5608900838587825,-0.8458077769464073,-0.344691695066897,0.9425493720778169,0.6454126015982622,0.1316825000023655,0.7597217496182047,-0.3795622474085117,-1.5623965356140836,-1.6400574184930283,-1.8277243435242836,-0.3707404046216134,0.6456773443091055,0.7522602564926779,0.7972613553625283,-0.5402550625585917,0.9395545998552511,-0.3068347545889089,0.06160779041208915,0.6506368021086898,-0.5499940743122561,0.3682359053041997,0.1098538543581523,-0.3712503527042716,2.1240044043246873,0.30853179045973517,0.8040090352748687,0.16373970522582454,-1.1141321992623912,-0.048826681932641135,0.5461474509978769,0.8557677891327324,2.0757658550505593,-0.8091204711247851,0.5289652696612626,0.5421060827376154,0.16103253395180958,0.18874628873187993,-0.015223815569837429,-0.3591440757930828,0.3499949980501467,0.1182428383175016,-1.0027488874665447,-0.20651224605448654,0.5959629525724175,0.041457382479622974,-0.976294274458634,-0.7701201439353581,1.1672141106238116,-0.11920733083012898
0.7463412692846811,0.8914985569785617,0.28266392903897,0.41977141413744906,-0.4155901240320242,-0.4290099627429995,0.9434121328488174,-0.6879474824503968,-0.15123269756449925,1.3603257528409276,1.1374372280968827,-0.2072702561406721,1.6511922013631413,0.310121890186134,0.778410207964623,0.5254430292061573,-0.5132255804082647,-0.11296359721161109,-0.569496536889694,-0.7473275563212856,0.6168172024933106,0.8686540131276937,-0.06862566941625169,1.4037832338878629,-0.16298996437317878,-2.025869991085187,-1.297733130957967,-2.637272902360901,-1.176663474426142,-0.0035634340893026693,0.8684601466633265,-0.33532396867538145,0.017568015488590882,0.5262969918748241,-1.5910366798585223,1.444389927828842,1.3493556902385544,0.05746806981362866,-0.5529050592779784,-0.8377651556528712,-0.3795432493938936,0.6887042391299629,-0.41467197950644674,-1.0517916768879736,0.7092416368161166,1.2644012074867628,1.9090297232020845,1.0684228801958426,0.4544221730430686,0.7860834336183238
0.3045035451056116,-0.8386923352954248,1.2832110986899234,0.5561230248490155,-1.2160317022539926,0.23034490180538733,-2.0299568641410275,1.1237054884079383,-0.19635919382421202,0.49585420734074964,-1.42517530099541,-1.1270091352575644,1.021428130349714,-0.31471380503371527,-0.5851219743791738,-1.38021799586977,-0.17555077491962953,0.41135633297325025,-1.2390564733649336,-0.3672130439534066,-0.3994987936987006,-0.2919034092585844,-1.5084900430828196,-0.7630940259949276,-0.6901351262418062,0.144335476080609,-0.8109860336939865,-0.09037236693518295,-0.6651624016251444,-0.9606091977897036,0.19483851184347428,0.7353294529944622,1.2208014620046985,-0.33476008848090544,0.4316367800034013,-1.1659256706162617,-0.5309341099167159,-1.5006811474306856,1.402097035226193,0.4835590302599837,0.2323273455581696,-0.9948317419340459,-0.4298926228579747,-0.4975535364667716,0.5735939088777253,-0.9814512441511647,0.6091428780752127,0.46996257502844313,-0.6089523546720472,2.091496113380438
1.0139485914177169,0.3526373282158419,-0.1240068833031263,0.6216556923126614,1.8568375684212992,0.6730713811412224,-0.9106474585711771,1.5912222459529406,1.1215964725604184,0.7857025848016508,0.8250216372800815,0.4647403726683792,0.38728857695469393,-1.3469639736248136,0.07929885858220267,0.5744667974377884,0.5635991039346068,0.09910199143042082,1.2721658281486319,-0.30365168269331333,-0.44570213328222524,-1.9610460283252955,0.2561325977259107,0.9941681572895545,-2.592725547891569,0.3678005920273749,-0.07679110166464112,0.42094515110274444,-0.7624310750742502,-0.6384349134867173,-1.4388886797956282,0.229153494004428,-1.4674164245998484,0.42995540925118403,-0.5404355496162602,0.8864737024079891,-1.3529368744849826,1.3468525337555917,0.08545138932919022,1.052968911562724,-0.007073350695700182,0.2871918357268148,0.2982115166860439,-1.3556279429705025,0.3971317567389651,0.12750527555480082,0.5610675232266166,-0.6735319237558484,0.335431144061965,-0.7873586139621871
-0.9277390770683861,-0.22357957824980548,-0.44530023171203403,-2.5380641882292996,-1.4099106907163226,-0.5167234604224414,-0.5818029191063941,-1.8619680208725669,-0.9548164558853721,-0.8244381365690925,-0.5436472403723516,-0.2903283791362911,-0.7076866727934198,1.8145017486144106,0.37526604137346137,-0.512216273490806,-0.1518348158954419,0.9655841437737053,-0.9604079190418356,0.10885207945965351,0.13044522114625673,1.2429118540091402,-0.06998095726184274,-0.7064328812900099,1.545857583233318,-0.5649345948765065,-0.2770330189268618,-1.5765490248907201,1.5151065610029395,-0.4330386846818848,1.3362532817982284,-0.4376852112790227,-0.27908517337597366,-0.4572932941126129,1.3008121157215888,-0.6518275178961794,1.516896485329459,0.19929010058380006,-1.3530816647220785,-1.2594982023520171,-0.9418495255740862,1.0517286883060082,0.2107106643302467,1.724225492462543,0.5155054005646543,0.23237740887023622,0.1964336241351823,0.5706720738075614,0.9080357174904562,-0.0751291941150253
1.0900397316276453,-0.30800175177791417,1.6355165027462422,0.8365608500135812,0.5241343591361933,-0.6169497739161538,0.010703375948364237,-0.7596345753714272,-0.5292616957337191,-1.3440124367199695,-0.7121767433254518,-0.41934336005747164,-1.430651009523679,0.5361665609900927,-0.5200214049501228,0.017479545282696754,-0.3075121064570814,0.5151422021446689,-0.3448114546762361,-0.3832138991406966,-0.056751817343942614,0.33953271951584735,-1.1389371901080507,-0.3123768789650355,0.3935752737452117,0.19714622459127212,-0.5024177495624996,0.017797651036178534,-0.19952507381073317,-1.279674660676442,0.5203761703550717,0.8338826634968592,0.9133892401193835,-1.641221550534909,-0.6263845401601174,1.537668063611775,0.02491488809428923,1.0872953818048596,-1.0385510978671333,0.05708902940298501,0.91937011334678,1.941161607678583,0.3039861591940061,0.512664193832577,-1.6843958858540449,1.3715946903892873,-1.5638717310288253,-0.6589302072344765,-0.43973309208671163,-0.6655255508796063
0.41408609959212916,0.08954478328723116,2.0837045843121342,1.0891610765660265,1.0731799296493343,-0.03554781166062848,2.2774158428918,-0.040329862185804755,-1.1922420354284828,-1.4258518635647788,-0.7574518054537671,0.2646659306127781,0.3027481371813872,0.17068847159097542,-1.0433277737044142,-0.5171906241607964,-0.31869460004539824,-0.8470177347634288,-0.6194149282971887,-0.0007086526934202198,-0.18976392601247483,-0.07645175322543094,-0.020443307125734982,1.204702657564673,2.0151507255695145,-1.1761309052656648,-0.9072164523662712,3.256255672541571,0.4697851552354461,-0.9283180909072565,-0.464643298386118,0.3648578197489113,-0.1506577206647984,-0.8819857692791122,-0.7550707473821231,0.6443041045156319,1.0463504472335379,1.5804925969853376,-0.15416937078365106,-0.912806220354236,-0.5997458653898848,-0.22172489810489696,0.2423074373306503,1.6365782084975193,-0.47427051330183445,1.0461149750041634,-2.1128221154194975,0.9878498536720095,0.06598271005533828,0.1747134673402161
0.7842796669143859,0.08045818835952882,2.4352431682289133,0.27614367169826004,-1.0700189369479798,1.089948986584808,0.16191922643341747,0.25704132706828636,0.20097199256515788,-0.28794147651698526,-1.6823100481904765,-0.12886649636524602,-0.5531006933921135,-0.38942763644690814,-0.04801104426111473,-0.940228208419716,0.2989552723483622,-0.6008707688798631,-1.0760679866411784,1.0458741122270714,-0.050092207359309866,-1.2657715137819405,-0.7200994226667009,-0.49275989066220816,0.25306513620541743,1.4505671602940717,0.8917724853556936,-0.060352716317491395,0.6145911718107783,0.10360073170382093,0.29747058580515184,-0.4154896453613395,0.39987913649016593,-1.5660480516782438,1.9633118410071944,-2.6272939151851578,-0.4518776759620558,-0.9872382704306999,2.1062261497121915,-1.3127458893855695,-0.053386819537397934,-0.8568767189297163,-0.8140225298914842,-1.8946129696281218,0.3164287904274443,-2.0971065244613833,0.6778808768908311,1.2972920556958982,0.975579302135429,0.3138744380908854
-0.6438256753335396,-1.152024685050546,-0.38879133753814143,0.43290075982755094,0.6159425856907678,-0.36327355749647233,0.11631137407421177,-1.1994441474790745,0.1348327766105879,0.039815309058998605,-0.7257826873520539,0.909730685251973,-0.7343405077726536,0.3091176009938563,0.33207341547585156,0.3452640133530765,0.15731245571860847,-1.7698243446770914,1.4635745432571927,0.9599347303888848,-0.8146611242556859,-1.175322441326342,2.083123394267297,1.2945531203974499,0.25238850437748683,-0.12642071787892464,0.8889624608037803,0.3800336661685046,1.2530362380596256,0.37922930903733804,0.1752342084300819,-0.81712267643066,-1.296479161923698,0.7581303482290566,-1.1607408299601383,-1.3405608995221503,1.0618114370955005,2.7223546242991574,-0.06126785335399916,-0.2301409672261153,-1.792808941771989,-0.15031273501686643,0.061572883170473276,1.4196389910225764,1.7267466927512747,-1.358415877738377,-0.811099360922396,-0.7923610388139507,0.21948540163399263,-0.5211146899060084
-0.2479585133707918,-1.2316301361041446,1.308232376481661,0.32506867460599265,-1.498054054652386,-1.812694238746328,0.884323939345584,-0.01733331035651573,0.9845786955432043,-1.380840825652965,0.5419799229632722,-1.0260997451858667,-1.672374458576671,-0.3524819824976418,-0.8970077214328687,-0.7876598804441329,-2.3116977474896445,-0.8886497072872446,-1.5502491859527816,-2.2195007368776682,-0.8292001189767951,0.17052015720244754,-0.5430982508784423,0.684827451173564,1.1638080194553835,-1.5782408862198605,-3.4390939651120673,0.49623084421349967,1.6531742928041215,-0.17300174131811544,-1.319734401779669,0.2109079424404451,0.8192498094880255,0.060233380367956585,-1.5190393027748472,-0.04671583067226089,1.2233969396700848,-0.9541190307557592,0.28851566905736514,-0.8966363023643994,-1.5765057960358873,0.7748548474255249,-0.051006371358683,1.347271232637031,0.6111494072492837,-0.04338693552519781,0.11383393768023244,0.8642834254508942,-0.13491654581207882,1.0039517330959864
1.6270408246001704,1.391343621085379,0.0354112591407039,1.241975443454001,0.8613780286505442,0.6500929815164871,1.4441673151825503,0.7223896837434329,-0.10818867856932897,0.4114285997193951,0.3245490846739808,0.5282614270305358,-0.44053083098414386,-1.426721540922421,-0.35514753594325266,0.7110472522242753,0.059904228353815904,1.1554483563640694,1.240002451531624,-0.4739290051188516,0.635874812441669,0.022256332557844656,0.157854254718599,-0.4801976722636614,-1.132225891711019,0.35735953578383267,0.3729983512281118,1.8041966342238474,1.1701219709094268,-1.561230305077066,-2.24533086679399,0.633162437245138,-0.23332559813386278,0.23339348623393227,0.27379473050621717,1.0850685234979665,-1.6707064809794114,-0.26148804186957164,1.1860475109883026,0.7143588535763165,-0.5518609607576365,-0.724314123838455,-0.18708611920028073,-2.657510668858469,-1.217262760610288,0.9684828504086377,-0.2946122201301479,-1.2249874618969603,-1.2496269686663315,-0.6276082594747694
-1.2800524552531576,-0.2693135534332166,-0.9916249430298344,-1.3304673995061225,-0.3531664447771253,-0.44791195586598614,-0.7867577710098272,-0.014737968902815222,0.20451146102720966,1.8011870300925465,0.84809556377356,-1.3442618827577721,-0.4099336341838941,-0.4454744539688916,-1.5350113271943628,0.4136996620379128,1.189242211640677,0.8148038970186873,-1.318423752756373,0.7881059096048192,-0.09875749538140664,0.525994826009728,0.4996535891126979,-1.063121611406315,-1.2036765728029057,-0.331088961232104,-1.4119595055143563,1.558863506957308,0.2967573325968913,0.8530656554403182,-1.6324302522813285,0.3712558120661798,0.8815745234108155,2.093938916099843,0.04066069026930734,0.7289031006357993,0.35436982681242896,-1.5219967307458895,0.5072288615011865,-0.6819448698122176,1.167082356407511,-1.1473101927883613,0.23097358946450874,-0.3848724309204136,-1.5141076856305244,0.7486673170729258,0.28930571922607956,1.0643235277157939,-2.0911865936480476,0.7508276446249447
0.7728011421489992,1.6432306899655844,-0.9175405441470337,0.7764381429161067,0.40839025016735614,0.4181893385899978,-0.8717622599545323,-0.5684145471594416,-0.38617347387620216,-0.07267172108485122,-0.5116011179442875,0.7795914404400475,-0.24465569588138472,0.11516089463406234,1.229498431580969,2.8450690183514853,-0.3548858091457956,1.1727843667382851,0.11852702429926999,-0.8047493369436947,1.4819616927432302,0.5375023059177596,0.9492869661321272,0.6451815526535485,-1.1618102267018824,-0.47045519901446214,0.39295366265823667,-0.39273261641722534,-0.7581967079922277,-1.0062198543290386,-0.04044409119864346,-0.6431808951284872,-0.7364337913074862,-0.9521417736221076,-0.30503413154944187,0.5920924837877785,-1.4928974600059401,0.33396885599152004,-0.8319460504935549,0.260940990153896,-0.061417876008009804,0.9194063638468158,0.4237195023717741,0.4685114339936409,0.21881244018400522,0.6105379902062666,0.31590162448030795,-0.03929795941543299,1.323697066411606,0.18723341654347483
0.555387923269545,1.1805674918635245,-0.9755508883492117,0.4518781889996301,-0.8246212781019618,1.972016990025042,-0.25016682248741606,0.32879652508393453,-0.400277539422763,0.3666360849701713,-1.5289680379809456,1.810380106142716,-1.7891185719335492,-1.1561477243372436,-1.1631928356557832,-0.45642755823034126,-0.5767092655924733,1.0204567855348037,-0.6005288798820986,-0.10166689806043677,1.2690266333267628,0.2532712772914949,-1.8387898864372096,1.0461598453816305,-0.9387361981082113,-0.4271496574213061,0.6140340468640925,0.05388580291786127,-0.6779608034696191,-1.686801405027798,-0.8585264934784904,-1.6768595684244099,1.4463712303685654,1.8218183586291705,1.4659695524246037,-0.338665404573299,-1.273998398711878,-0.11760318590471801,1.5474262464514057,0.6544181868779145,-0.06839911208671369,0.2900521568255247,-1.1013439381734151,0.5796558394832713,1.1509891012162943,-1.58614065941953,0.18159027615976958,1.7842825098846873,-1.4185346572940218,0.32776023990382236
-0.06271247755134192,-0.7220709651436671,0.6772086209416859,0.29853711181445297,-0.3840270134702478,0.08942568004403534,1.0882782793273258,0.23796366647311548,0.6831435795284184,1.7004789792804336,-0.14795296774362424,-0.5339667088719112,1.4551955777023784,-0.6447814896721881,0.8013630904377083,-1.6848972015844614,0.7906660121519477,0.2821527254920877,-1.692591632977705,-2.212032774220231,-0.12837762061569608,-0.34246620351360935,0.36679848927252096,-0.5614773831542199,-0.24860446394762606,-0.007637230305937269,-0.49821039899611025,-0.33422530661747263,0.917780325758642,-0.8902846999417969,0.5617878614907659,-0.09278243639940272,-0.44880922496120385,-1.4074640652091919,-0.40794789130084164,0.01873204624728608,-0.6243657461019038,-0.34061015123369337,0.8449489494022792,-0.046905948489968194,0.04594037336551414,-1.8698335166631161,0.32201761806037893,-0.7463390363044584,0.8923960556132169,-0.485132641217804,2.009458303153386,1.0879637533494009,-1.6882704127051793,0.5900182359629951
0.3567515209097785,-0.3311900546845054,0.6687707900676966,0.13449474481683432,0.5001391674664296,-0.5710621322746581,1.2314454670268942,0.7872894841972858,-0.24252979311184863,-0.7020447197044567,0.8190986589238788,0.30117843280493894,-1.3961941299537208,-0.30572909061664494,1.1454747629742277,0.30494335957233204,-0.23090503579006708,-0.9347686329084401,0.5828040054751372,0.2173102567735287,-0.3096524252676627,-0.32956046865920086,1.5013034286671867,0.26098890339625286,0.26768134278612044,-0.22487300676089253,0.7216295919451321,0.6236236838437708,1.4924345848482083,0.3281872808553812,-0.06427189954909952,-0.35847354886285054,-0.5656950244903586,0.012742044713016244,-0.4931165483890074,1.2563746834480565,-0.07566278834821413,0.8634892303472194,0.26579921765944803,0.06020889478165748,-1.4323304107375192,-0.7464579437751325,-0.028961195513144498,0.8005347623897238,-0.9683502057216149,0.9725782376958613,-0.5485851236832077,-0.6296799990868284,-0.32179830838751644,0.0997525057363797
-1.2825638603500669,-0.34427139611220553,0.8665905925100018,-1.084626400931247,0.8291333334567725,1.1615606655603603,-0.23808618630733322,-0.7743772366120268,-0.8361712935345819,-0.9272242012397948,-0.6410627884332109,0.2781669491649815,-0.25797227369095027,0.7448182362960643,0.8596968906455833,-0.640651883435653,-0.13525159606658035,0.396238813477829,0.26564905813539086,0.16174501511973174,-0.8730911920362853,-0.09372686959249005,-0.8707917824526771,0.5206343415379693,0.5938319266965111,-0.8166847977888729,0.1908628129409509,-0.21809761870127606,1.1490446224813406,0.24958308639169902,1.7266627486332071,-0.13903293036808453,0.14650463670628772,0.032317221423142875,-0.8942362990871022,-0.6001446427943625,0.22226814349097998,-0.5722874617835448,0.1419230198426367,0.2256235383677881,-0.71425244867009,0.10825465250255882,0.3521804779127794,-1.8485613383332178,-0.6784029983154811,0.4384694538818776,-1.0940023092441216,0.17268656288109854,-0.6195212407057167,-0.26366179773993054
-2.322763049858069,-1.3560176173851044,-2.0642076100656044,-1.0309573294402852,-0.18064742973423178,-0.8601186469174477,0.5548955968647293,0.7708518074706802,0.20757066154164003,0.3640081706711381,-0.4153336209158756,-0.28383899205991575,0.15244475327384102,-0.30218654338332857,0.14674867372773395,-1.4964350964658586,-0.2915858092117858,-1.885619266727221,0.019589009855061186,-0.3672046870793885,-0.3076066331310609,-0.30094364455534217,-0.19424761462370002,-0.2838350551869547,0.537350812914608,0.7215083801852417,0.45656842896178607,0.4238620936028856,-0.12949796118817458,2.198734651487415,-0.13552673662790057,-0.45586420132838296,0.03297111720834607,-0.8106657846838162,0.4783930742078922,0.213745469569595,0.9780723917931835,-0.0544258150037079,-0.2695794843492364,0.08160755883668665,0.010257118822773746,-1.989386912507695,0.7310415088204089,1.6858823666891751,0.16823365591388564,0.037709969615573546,0.39150831189043384,0.40458057582617196,-0.7666223549219338,-0.8316613265915391
1.3909861310856355,1.1025014550744734,2.83051040499853,1.5716871137066986,-0.19892617819591873,1.5437682281505287,0.2828060894734921,2.012257599172099,-0.9360183204402356,-0.3558481765149261,-1.133879644734862,0.35647269000634263,0.30993352279829256,-1.3207354656008687,1.1219770896284489,-0.6876959563796554,0.9982628118755518,1.188450817849448,-0.13484820576405548,0.6605923532095359,1.174257091818536,0.21468702344577453,0.19998580918919662,-0.8003089587033532,-1.5773977028077117,0.30399607117713634,1.0867231440551144,-0.1426778289596256,-0.2781736088188169,-1.2439769289914548,0.8690005981318699,0.31352317461688106,-0.693488086258902,0.7898317243231752,0.5517456494921923,-0.7472719900406578,-1.3806870638854227,-0.8875703570591473,2.581916941898381,1.438850835684674,0.5793967961775128,-0.3794250326463673,0.19501312291054462,-2.1743207217888427,-0.4136468597795601,-0.07888407157356517,-1.570514220576486,0.546894173573247,-0.3015605276966081,1.2336874299969975
0.7737848235967336,0.9863709697054222,0.04514994538268098,1.2579641788573261,-1.3804736276759804,0.8968345277272642,-0.9373121869652226,-0.6075099356167188,-0.6403606078901325,-0.6481576280047939,-0.9335410901596096,0.16925016575892785,-0.9396543543632185,0.9540661557017929,0.4032244880368878,1.5597252361792298,-0.14665041479903657,-0.44011964936747644,0.26867233828736686,-1.177233776333345,0.09921090070625688,-1.7108062243824518,-0.24309326886872568,-0.6869105776549491,0.13024856765286968,1.784737954091807,1.157955059793566,1.0915225632254548,-0.007989402962479915,-0.2760446348017589,-0.5383899586326295,-0.49243237511804583,-0.9595438262934216,-0.3615404488013425,1.2789206275741403,-1.1606889825602629,-0.8455835232996137,-1.4289489815527965,0.752622965916484,0.5583038933219554,0.19103243629411926,0.16643877457390654,0.1160457741814299,0.0012530318872489808,-0.281018954099328,-1.4376374662364189,-0.6909700205463766,-0.24144477674388953,0.46292244906842256,0.11077423729898521
-0.47344003430139575,-2.0549427327502943,-1.5852601382344076,-0.9973727640859914,-0.2307495498429869,-0.7983140190486809,-0.5635815224648855,-0.3016697806587082,-1.138531018922947,0.6513971543876415,-0.6304185359699911,-1.2380537162406249,1.6514194651808976,0.29925167663681096,0.7663151104949303,-0.013855244301372114,1.6719887845184442,0.16162399653851436,0.03881566163614936,0.8747086228093017,-2.067734167361231,0.30337479975261494,-1.6924243896080253,-2.3625972328546823,0.5730548431007141,1.649528338659529,1.4033428284808753,-1.4397620692259216,-1.4049328843916127,0.1920504123650143,1.9552783713689152,2.310374368066283,2.2152959072059373,-0.5444904004244542,1.6099377746119237,1.5335830954335965,0.8496448282541412,-1.488741259269251,0.5963935604987572,-0.09164504402863996,2.0111394119335397,1.1972779117949282,-1.3354943809245583,0.9691082101661682,-1.5353021565382785,0.09528296740695802,0.7138331093183511,-1.7831204391011253,-0.15536135605860896,-1.3668198041338846
0.5805295397465299,-0.7984090368758131,0.6486179331685075,1.1507474917212313,-0.37271718109405294,0.8799153588473227,1.727740159673412,0.6344299093686921,-1.1053711161794078,0.1601033166057563,-1.1342720900179668,0.05067401509742079,1.150932940088709,-0.6963694106669691,-0.1828834650736086,-1.9800868626677557,0.23261088704753463,0.14355357561604695,-0.8341548750446776,1.8646830566820105,-0.8976262892215594,-0.016502744258759767,-0.6405716327875175,1.0122289462528051,0.5319399549824886,-0.6375688251822164,-0.18030670078160263,0.42505825820976206,-0.23463831924878004,0.16022535129377463,-0.8465574075090947,0.4201557198658284,1.4169935014237838,-0.6673677747130343,-2.059868846186627,0.9541834918700235,-0.6645896892457439,-0.5552471217477328,0.6941478966757564,-0.2711169990084075,-0.04659913533305153,0.022383983867265363,-1.9413809899641226,-0.44141807310621706,0.25907093375465035,0.11810118596103471,1.2897352144433567,0.0860836478525628,0.6376333258042092,1.1822747482387743
-0.6297042395735949,-0.8501326863882176,-1.0001018052234047,-0.373262803007347,-0.34522342040482534,-0.5498395332276349,-0.49065141063844586,-0.9110254821153736,1.6659532004180766,0.21937403776408407,0.20967097468306323,0.1598236311416138,-1.416152210242394,0.3542625084123015,0.05093359866707408,0.6432146127365648,0.6153406274022079,-0.41305404731444406,0.35137439149863625,0.277691818249262,-0.495393505576184,-0.0646746450621688,1.0561689130616272,0.05257038998660342,0.1523687488432284,1.8605258636303048,0.8579746234171198,1.1487540993914687,-0.9150525720354016,1.621804358678507,-1.7703054428600264,0.07984158134170027,-1.518828873810719,-0.626783567470885,-0.27381238070198266,-0.5043079465827939,-0.23195138791898548,-0.6004495274488444,-0.588683020140028,-0.9793203706425024,1.5429777481415132,0.566282757340192,0.718768980383929,-0.3124659826281859,-0.332305687175724,-0.9090105288809314,-0.33481373426072714,-0.6022598684663012,-0.32618808876571265,-0.6552015391412349
0.8424968134915666,0.9267637830987963,-1.01697496551757,0.07227230473849994,-0.22091812148046025,1.9754447667552129,-0.07854525899141215,1.0284084455687001,-1.1828108892702596,-1.6483207823981258,-1.9336513257745394,1.5254039520109717,-1.5474267115489029,-1.2863300732064318,-0.5157954099719134,-0.27660676580753774,-0.15315656060596494,-0.2738833501078852,1.7567707394399203,-0.8435858185858257,0.7428554619988367,-1.6854573448196764,-0.002095228616044338,0.6342260039306712,-1.135931554726232,0.5436549276455717,1.4201478125051479,0.21229051320454173,1.2489498082335846,-1.5285051787549229,-0.6467780646575292,-1.050168640673305,0.3981724925627092,0.36770507982374756,1.35927642164715,-1.4552318739986716,0.09290776233834755,0.6713078579703153,2.0945517604393813,1.392388927936701,-1.20886956025949,-1.0302178072971861,-0.5055903285565418,0.5194525774448285,0.5362565885089778,-1.9566743939501436,-0.55478592257964,-0.4470363272705116,0.02096634507527287,-1.5469124610075184
-0.059179333041605886,-0.6032225363498075,-0.8505410304491605,0.30614190750819786,0.8711910645671568,-0.5688990683082579,0.18771090425268813,-0.5770878667257787,0.2531578810293391,0.31135988644619034,0.09104132828514637,-0.713880683697353,0.08542057264430508,0.5701828960680738,0.3704136046722698,0.4247621440417731,1.4064475393570353,-0.11633271296640975,1.061196144083085,-0.393799621808233,-0.6103932537144297,0.940035601098184,1.9293777647541444,-0.1863761264989199,0.15288032172217272,-1.3020648332485016,-0.9065333074684839,-0.9374865295345742,1.4239811934360698,1.328140523876015,1.007601561366989,1.0560469073889749,0.10667538084488774,0.8678030754011822,-1.571928983459283,1.2671872289968038,-0.46931239139534114,1.9208372950261239,-1.6284468598151371,0.4548447537388769,-1.106285747484855,-0.9396943695008674,0.41451595841703537,0.4552129233327028,0.4348803482475246,1.0901869395459645,0.3774678869562998,-2.042367170607583,-1.0352075750090164,-1.0571409852012164
2.1178631145354387,2.5417660522205705,-0.06744503734238778,2.857301568319766,0.6653876820245685,1.2036691168985458,-1.8936160721760338,-0.02492536584654124,0.7237628332896964,0.9968701328750039,1.6958217562895128,1.4970155615475917,0.4342567278656624,-0.2520934601602457,0.08979046403466483,1.8921605641184156,0.26092612882775906,1.4965878943541522,-0.05381512780039474,-0.3660653072457051,0.8673140746986969,-1.1755400454476008,-0.6974691079953806,1.147596150132074,-1.6519780048057602,-0.5807819736337712,0.43713250607700876,0.2271898964966229,1.2496749105966025,-2.169068494748692,-0.4071488316587655,-0.07523437930778115,-0.12674120550301404,1.2062503333299883,-1.0009825101400855,0.4416243287180091,-1.8692270910382096,-0.5555705022028696,0.1265077993202002,2.2244330607936655,-0.7056415303980915,-0.5854309673117731,-0.3757804302227635,-0.04623081207023812,0.583803033740331,0.20691356401228178,0.539267756431671,-0.313216252263352,-0.06626841179364497,0.2035510589293454
0.7094548047037926,-0.9385186439951334,1.7069612533551974,0.7726548079769624,0.059081045348052814,-1.3990540569407732,-0.7651761679251312,-0.5169691054959528,1.2490066206032,0.6158267950684561,0.9962425712045996,-1.1764793658468782,1.6099632612655617,0.561821911117635,-0.03611269304185378,0.5399921519471078,0.09010392094498745,-0.9293112576982293,-0.7940819721122279,-0.6539057862060778,-0.7344897180395905,-0.6381978671533354,0.0019163311236925777,0.5730086316143597,0.983903839601233,-0.4155382742857669,-1.3895025276833575,-0.2960933313307356,-0.9358648347159253,0.7978065416150236,0.43180143493757417,0.6159716272873474,-0.28388256743675655,0.027348094918520565,-1.6508368207349826,1.0611972636554794,0.09783876455567841,0.2546709856637302,-0.8661345804966702,-0.35552377186326256,0.7329742498726808,0.33318057920123184,-0.5374820365880723,0.8682700768966065,0.906659383446268,-0.25504847557848975,0.4962813249913769,0.6606074586210103,0.8164485462181614,-0.3788247535947909
0.573375444364487,1.0685390100012822,-0.12342786949267491,0.42377489507969135,1.987728152075103,0.3990197483573797,1.9333578983947433,0.8515355244640935,-0.6164204116919569,-0.05326111133507768,0.5768761896209076,0.31989466507007236,0.4811096903064926,-0.6724688253105203,-1.2821845438559125,0.6201872113831458,0.3043386952814123,-0.20045102972754447,0.9928668848626445,-0.6214792539884231,0.3953910975440211,0.32291397296723756,-1.4414794601759662,0.4294257979829057,0.3661865594078871,-0.9024067155372566,-0.6388477415387925,0.013092425259740349,-0.7059334157640405,0.1447645559077504,-1.5330492331601797,-0.39947935150079716,1.5868438173566468,-0.7281398282830585,-0.09857202644606418,1.9228519754888234,-0.6136902208973092,2.312779773833379,-0.5487791377607997,-0.3635782709811362,-0.9960618666081016,0.6378531942977417,-1.4838875978009995,0.0850866953735109,1.2470930324392249,0.7188215874686534,0.7702090160968716,-0.21375508780843033,0.8714292196337077,-1.2053347435278439
-0.11467710815746746,-1.901598024118787,0.09869716982972657,-0.2176184850295278,-1.1780321438371817,-1.7191922380908875,0.48987608330376087,-0.17801970897522232,0.6840777287440015,1.6540184804077416,-0.6242223073258226,-1.6678015511152653,1.088623230752138,0.5599931569635905,-0.35176530997922545,-0.450386134904961,-0.6223935515178304,-0.844736131056217,-1.2438890218672376,-1.8985942202132489,-1.0002540538480817,0.09464335096012425,-1.6352294350154275,-1.3556552351424755,-0.21282772297686509,0.6425226235341389,-1.5144783264579809,-1.585773815559065,-0.9511648275391391,0.7833597782831659,0.28812051754585233,1.1449463655433547,1.2850511369617807,0.17488214187631307,-0.3703450776870299,-0.9409460624542901,0.018363280124761825,0.8292117267320086,-0.8587437060914992,0.6482619706984502,3.1658690108284784,1.4365070363204884,-0.9815690433636408,2.0823551700079914,-0.41540156126785993,-0.8409050227446597,1.6023993070946756,0.05113857502250686,-1.1150588996592925,0.9436603878700038
1.5819665367573692,1.7547470944105588,1.2294905146667987,0.6374917960593461,-0.47763245122350806,0.6120396340765933,-0.9896012821814933,-0.07975671826668362,-1.2016995469485037,-0.5032296525297301,0.2505608082008476,0.5763119290422645,0.03186023083793721,0.3330046267190294,0.3006113766465096,0.7453902160439938,0.8022827372040556,2.288884842507469,0.7760072650884913,0.8436637511679778,1.7463248357839019,0.8161918823501414,0.8804991336890965,0.6940784859103919,0.49382575086130115,0.3391180577887779,1.0576116677480958,2.6649953441925325,-1.0771036029439425,-0.5642554670295967,-1.305831243223423,-0.9439544652209969,-0.03427740162165274,1.5468957327505912,1.2615767346745173,0.23008540400467914,-0.6105925397794668,-0.05685725632036735,0.4148554791780987,-1.177878577333366,0.45620249463000156,0.3233492564656595,0.49098143952401396,-0.12361047649350641,0.6754173168321557,-0.5901818397094631,-1.1231328044337483,0.11838290473679078,0.972151449372549,-0.8191755735276853
-1.3509054778850935,-1.3925068885464964,-1.1829127796928265,-2.0975864146302787,1.0736470378051413,-0.5080521938482138,0.3269778643187248,-1.1315187125532278,0.8752554294265028,0.5908956679762197,0.6468072835798868,-0.6425693511553496,0.9303113185329422,0.6627031551990777,-0.4514577303403874,-0.215889612096204,0.8963863417272744,-1.171608760913768,0.5379848082141256,0.6982451047760044,-1.9258559745714237,-0.8656069300842717,0.4721210816499048,-0.24848044835774075,1.4071022554899695,0.9843811770477233,0.1154052838666343,0.6789050009290443,-0.6450934428722234,0.5064501253756342,-0.4947657773980016,0.8208419004106146,-0.8729200662609604,-0.530792410908302,0.5410852626663073,0.5572748821784668,0.6319352184819463,0.22978820991724594,-1.2652194741191576,-1.1398002847794395,0.3128012782714944,2.443287833990733,-0.465832188119726,0.598886605191648,-0.8683298763505071,0.019315850725673326,0.06446694585920743,-0.5320445574678251,0.328954509634218,1.1629484740142353
-1.551269934494121,-1.6937316826160072,-0.674953518773905,-0.8746461425813126,0.49536675063355406,-0.7900367655541223,1.056603801127113,-2.3494542349123595,-0.23741510945511995,-0.20969706198812385,-0.6567319848898572,0.07841765491651678,-0.8531789445122553,2.268443106363369,1.123363523793568,0.11022168103680258,-0.14199193725926076,-1.192624115906989,0.5933915217161909,-0.8102415520340704,-1.8315759650469197,0.47447356671870194,1.1215591962205564,1.035801039847176,1.7759080063113057,0.15109211889878008,-0.05196385632882311,-0.6134641603402402,-0.9399309053097206,1.7076756605153247,0.9913238039774057,-0.5119079764058121,-1.8118316564987278,-2.1865061923822604,-1.6638792160347413,0.07253427082848246,1.4219863279828102,0.2468983847063729,-1.3993070834417414,-0.580729524939124,-0.13770369454129872,0.6857606242987565,0.6121882443564884,0.20834745001722854,-0.8573596635240363,1.1171677744484432,-0.5780155654812269,-0.5129463331299903,0.4723176720044933,-0.39692060896168074
-0.7246528388951423,0.5203060724821712,0.11548952194351601,-0.22599075729882548,-0.033205890889956236,0.7365606566335439,-0.33118183227807085,0.6032511811975465,1.312091352278746,0.9959393059024182,-0.4922333881433912,1.6450107243695518,-0.5469530181197977,-0.8563833665622994,-0.8142188514570309,1.202821554720302,0.3126830596384917,0.038493878755549785,0.753274458036667,-1.3052176585677147,0.7150169617641242,-0.053266838727603315,0.6834108986205764,1.2644993403059754,-1.2977983958129915,1.1173598624146455,1.1420067344128229,0.01756886789158092,-0.5645182350564292,0.030344680759318923,0.17655383691618093,-1.1389746194295705,-1.7887452133438226,1.173481363395369,1.2889521557220125,-1.400895803344056,0.1299327287655264,-0.3957182224557599,0.5672706058184593,1.4588450128845192,0.016544363939993235,0.7300128942071963,2.303854127546818,-0.5275898332374547,0.8521073917053816,-1.279519740119888,-0.39122290993563513,0.36376457722025585,-0.7463353877774199,-0.4906902566845694
0.8488462732572725,0.8199552662934122,-0.6162158062324631,0.4784746344110312,0.8512122066108544,0.653555930195408,0.03598834821126738,0.5641570666419158,0.19025999613561226,0.025199377229959782,1.2623274047962483,0.6749252925142909,0.9722303538847198,-0.7696538184405575,-0.18501279308708327,-0.1124913704033561,0.4271131624782893,0.5947238821417699,1.5142154497490596,-1.132873796846515,-0.055064271962691015,0.4573493785626906,1.1721369303653462,1.6252306417662643,-0.5510830034043481,0.8543006337884895,0.732540898828984,0.8671185518653347,-1.3053010230843398,-0.8632397490839455,-1.375382638921785,0.8289245330935521,-0.7654054051530047,-0.43235782789072014,-1.2489634484723953,2.150079709488781,-1.1617729097599057,0.5129649972872593,-1.1069883757229722,0.295235745004096,0.08436469569499261,-0.22073450490805377,0.5214989683603267,0.19268578026251187,-0.5192668555192587,1.9473073213113306,0.06732260087567134,-2.020341290547665,-0.21497344989549827,-0.6381525170110136
-0.37954007043463023,0.3994628651322151,0.159124089086467,-0.12004422059536798,-0.5336345575628273,-0.4197916315001275,1.4175853630538136,0.22302219572179416,0.3288242405629098,-0.9612725836365118,0.21024993472633738,0.6262639391631905,-1.1887622321019344,-0.3036562735519584,0.7246741164707314,1.6371231250226732,-2.8223658689377404,-0.08417173218632638,-0.18334810615404046,-0.20836560180916205,0.9628440273243674,0.32508299574336463,-1.2312601339164153,0.6399005215511702,-0.46650978664258524,-0.5355941151408167,0.12161167601510359,-0.335514680082684,0.9804168624083538,-0.10510773558289549,0.41908991839683785,-1.260551516903199,-1.2576748517345873,-0.010234753401014037,0.05015999379064994,-0.4737166427656344,0.23741376901869754,0.6066820930839751,-0.31808908663039304,-0.22628744316397542,-0.5283707417808502,0.6934312075803144,1.353106052617016,-0.0448686334398624,1.468333518571634,0.13418067041568685,0.4047932023051578,0.8915681806868545,1.8444163119643338,0.4284825141290186
-0.8106886945694635,-0.13609271643328516,-0.2244864926120343,-0.031832231546361604,0.16274251992710165,-1.0817146387875796,1.3439737652316597,-0.3739036278484612,0.5599700922160824,1.175172844638745,0.8831273683211156,-0.7711592597022906,0.14454737198135403,0.5577663144812258,-0.5145109919378722,1.8167232733340923,0.3573762758888902,-0.7638326928978048,0.3804286207738541,-0.21788100760049803,0.2110294529340906,-0.10178255387936778,1.4330688571696566,-0.1718595373415323,0.8275283841045659,-0.38116438368495964,-1.2003598369425743,0.14416307318099902,-0.9785848580457466,0.812351369414984,-0.1814013095425739,0.4708349284176387,-0.7951797228780333,-0.14008391096654535,-1.8604621682836626,1.6797260972080221,-0.6275318556027305,2.003891718774105,-1.7516173776784214,-0.7738277387890974,0.5099052222201197,1.0709945097661169,0.32963569531678577,0.03409138924310953,-1.2490126003170803,2.1401669934295415,-0.09734212795539679,-0.6742557683490121,-1.8121309788648539,0.08489729176843246
0.11371682979010252,1.227786812809033,0.8400757383959176,-0.38143748452574344,2.547770745709797,1.5834300699897046,-0.9443399894024034,-0.9258588902133759,-0.3435669066857946,-0.08313889064141035,-0.010291131388228085,1.7036337441383742,-0.9435409589308799,0.446422224849698,1.380901799050437,-0.3741033031575498,1.8889703320863243,0.499272507727616,3.0628682997768855,1.9012217280865387,-0.1032745362051439,0.841722134092489,1.4927501372167478,1.0815794670573424,0.15736619058816012,0.5450858760778333,1.9699713774363274,0.48018044258279796,1.3339535449431805,-0.7762551866329289,0.8581461687302011,0.43856227042277013,-1.0655755468845585,0.39375870751319386,0.8512766783136203,0.2522181542429645,0.9833660789361663,0.5376601731874392,-0.7300167427952332,-1.400863153843872,-2.249718298662845,2.022111277258559,1.8036968581907311,-1.8042213497734743,-0.47836712965471867,1.449044933328346,-1.0509867003799063,-2.5111140934996663,-0.22429496172595328,-2.333843076435565
0.9535835973089579,-0.49804817233780646,-0.8878489881005275,0.6237035976135192,0.7008716623028901,-1.080299629786483,-0.08894760977607193,-2.5621705686779124,1.0504585679937406,0.3670072658530891,1.2537192602439124,-0.6452487738689329,1.7786678436259231,1.7552988061903823,0.29186909714314174,0.26384017509343877,0.16672565338166867,1.1401164658661076,0.010349136906030886,-0.20502700210296967,-1.3159064400442892,0.8618801451481057,0.5660839017309457,0.7638268694507863,1.5771960130355964,-1.0282015700942637,-1.1028914296866088,0.2525518689208944,-2.7037774151756246,-0.06274437829109755,-0.10734925405232898,0.831101023509241,0.47938685343311294,0.0737411047470105,-1.370260382524323,1.270865869238586,1.1554590382904053,-0.306525620294666,-2.114917873118088,-1.8366716347063088,1.5005786561141254,-0.09433863963585447,0.3714450595932194,-0.9526526585408364,0.3582813423842964,1.140300088197184,0.17957086801347236,-0.34902871506353594,0.5880354485012067,0.2434232659838576
-0.4589208766142463,-0.4987387298984715,-1.1347182111920973,-0.040068625815939375,0.6417710083333986,0.939723880503622,0.4427157516908426,-0.4688301519412672,-0.4205248943310553,-0.08681874977232307,-1.294575495135038,0.1992842550260798,0.4427056107993298,0.34700695489192873,0.09547706882575877,-0.15168465465898134,1.8032519249351122,0.04210224224499428,0.5230847294976331,-1.4554709145352647,-0.9090065117057835,-0.705306850605287,-0.010028841622758498,0.10205007608872257,-0.04210316782646032,1.1198761554629164,0.6135483709208305,0.8193501266745216,0.3761654380212208,-0.843843122313308,-0.05382540688054672,0.7042624211917857,0.6593386841603502,-1.623193064052644,-0.1841271063386455,-0.16546943874997636,-0.2907984711614545,0.11880699681713201,-0.02575841844421559,-0.18963686578008765,-0.13639810759497775,-0.4331045979278596,-0.7597756739244016,-0.024121553251518546,0.006382607937794645,-0.44488091517032174,-0.3219843340443031,-0.8394314953678573,0.5397974858117461,-0.5034267675238255
0.5043832595693051,2.0537073817394673,-0.42970883210474,-0.19574219648767882,-0.7076555625737834,0.11562011417832718,1.1364110709347284,1.2799620366530702,1.9170564888219244,0.09529022637660518,1.2837214289872148,1.5947442647208803,-1.1106235799675892,-0.3853712920727199,-1.5166938358082074,-0.1147527113810567,-2.511470592393609,0.6039083602136421,-0.6107806985516494,-0.37670183564849885,2.4509213789990456,0.7164176247126213,-0.023611602593331234,2.7537191095139595,0.5616677348952395,-3.407293878816368,-1.946572672531964,-1.159325769275773,0.8709617653578067,-1.651596241296991,-1.3119178500921,-1.5647133560098552,0.7557450844380881,0.24541607906641236,-2.387852406816836,0.4860429231562427,-0.07111678068917594,-2.2706493131640255,-0.1984525497117663,-0.8588916076679313,-1.7866201755190647,0.6342581328659174,1.0116629468679663,-0.6841881047536519,2.6416455453588408,0.5634224185654139,0.9941640438678165,1.9664905864187883,-0.04915995390759111,0.9895339475711334
1.1135846299407635,-0.39645187165835805,0.5727877053301869,1.2732218222981406,1.5763972002433406,0.07093122127312906,1.4893104105086041,-0.2820200579486421,-0.534076845364295,-0.06387049985340917,1.3969801304974596,-0.7676210701835733,0.2817464619521351,-0.4460080181065519,-0.2808737472058654,-0.9849231019891669,0.6460496579481431,0.5598243652637759,0.7320404967723027,-0.865440336533134,-1.548627900497701,0.8968295004894283,1.1569221223348718,0.4420600986283154,-0.26620313625930525,0.23369421543426774,-0.4351850525094252,0.6813267702756223,-0.6818787899873349,-0.17716195632587484,-0.03931166841584921,1.7014672704554867,-0.14584694949517923,1.2963515355344146,-0.6794000520686253,2.2355111878326053,-1.047769780154632,-0.72928397058322,-1.0602723174370599,0.1149364510162634,0.594178964310956,1.1933973714181003,0.252208019520381,-1.389164044281893,-1.0984566493023131,2.2871917092391723,-0.698171870911413,-2.4775950866679723,-0.42044045539826225,0.67357515446173
-0.1130471447958049,0.47669713675489295,0.4419686081644447,-0.9720853624426871,1.3632037521627918,-0.7302336447853173,-0.7330892074272372,-0.718627046070209,2.9662183929300365,1.0002990682964106,1.7463219351747732,1.1821785687625848,0.7779270114272739,1.0444340759094644,-0.18309826681878713,-0.15044027505661195,-0.5222392353268321,-0.1823317410758973,0.6356675906637274,0.22632756328216583,0.12529484895438062,-1.1346008314248544,-0.1403214093653164,1.6394127331309276,0.26629844771226824,-1.2826503597152106,-0.7661898513212477,-0.756780317186829,0.5820053564811731,-1.1849590304902458,1.0597377696625636,-0.7373807635251517,-1.1391716396555647,0.4619558343206197,-1.5616526333347338,0.5228704858220705,0.16472532823112035,0.6040491249350003,-1.401118436971647,0.24256738143537404,-1.3476128159542928,-0.6158225802870794,-0.5299596085763212,1.0126460754556172,0.8351781502452292,-0.36840125846149296,0.9250721430438322,1.1308084824348095,0.28465069792051323,-1.9614264428970807
1.6866968173931816,1.0814851955866278,-0.17227506821116137,0.43111549323720466,0.46564444795945564,0.6156998895248397,-0.8815774867183968,-0.23684087724504982,-0.5527715341915639,-0.9564386444386329,0.23456803718965458,0.9353769259271596,-0.8776644064880372,-0.23524992194320465,1.9063640261900108,-0.10018483165908745,0.1302245223109273,2.5588175328433227,-0.050181807934010884,-1.1386413808177267,0.6759514615867418,0.07223176168248027,1.0649744376713142,0.674319243945492,-0.26763878351675474,-0.5000775156764619,-0.2164963719194898,0.8236159028354204,0.1585153750833507,-2.0550857386565977,0.9743912085781008,-0.43368016948889226,-0.28605713716774794,0.7103373253401295,0.3301718024476653,0.389026155611759,-0.045635361045954045,0.038361443299958366,0.5990486871171973,0.9483565230742601,-1.1825947050070806,0.44324456471626195,-0.14671675355023564,-0.39589386614328115,0.10641506771180657,-0.2685074245599286,-0.5964257563494963,-0.10521564368210785,0.8726665893777119,-0.4519191669261252
1.3520916856992473,0.06668941725726452,-0.46629589606759364,-0.4107291440887849,-1.0682641051487705,-0.2748090629599848,-1.274000014236812,0.5742774665955745,1.796299334740765,1.215815530053266,-0.4980328316565125,-0.40173290925865157,0.7260796691196036,0.12308953157079913,-1.827572788611924,1.5209603830099359,-0.8858101143588891,1.3852960445393092,-2.0944576160899797,1.1908074376856952,0.535617750095562,-0.5336031624735814,0.8372503739518948,1.292458123223352,-0.4630182807814719,-0.7863410622535085,-1.5412793540808374,1.1620434679166936,-0.30524680384308917,-0.2841280979376655,-1.5077569949705012,0.10274884560578364,-0.501784292399144,-1.0620310772654875,-2.4487664657409165,0.7738046456468614,-2.067453379493539,-2.0175625689438053,-0.2566959816578601,0.26333269324191133,-0.8334378196196868,-0.8727141602425437,-0.661967800010694,-1.8551452419268482,0.07943966256494063,0.6032833254917106,0.2418610754909453,1.32167336596465,-0.4662104682098322,1.8649887375422927
-0.12029211844629059,-0.6569376967394197,-0.4928120396321153,0.018994850181563914,1.4123813559309517,-0.7246736280762199,-1.4940994897745412,0.741684899814299,0.4673605620790702,1.7767319980329994,1.0360416558376804,-0.9284172387992446,1.955397038501854,-0.4720012845821465,0.30032793646197636,-1.6582604850744154,1.1278873444467643,1.9546926750155684,-0.39003831340285405,0.16865594143288237,-0.5552254553621292,1.7904324637074038,0.6661041440533528,-0.13346820919103317,-0.33927041978057204,-0.29729014060369696,-1.015121893191648,-1.6441764234177387,-1.251743885884577,0.2319857397396779,0.4943320739216715,2.1480475312207448,0.9476324643509556,1.4610198709632027,-0.2731251804247847,0.20522792918197177,0.43810564512055733,0.9594068910051703,-0.30322076241392076,0.48557613977679637,0.1994670477037754,-1.379976916722989,-0.11489161722057946,0.4128177503188506,0.058821145256584405,1.2413035978386309,1.8073580187102924,-1.8150757711394174,-0.3935115289007938,1.1699536259117493
-3.216095086735635,-1.489485889853533,0.153290217481487,-3.472125757733952,0.29086509921679266,-1.0292255516257527,0.5082562189096198,-0.4725264013990789,-1.6107999566487399,-0.2601400304316778,0.5623375473258985,-1.1410023600004806,-0.04069717212983271,1.1667947793599607,1.2709925914882985,-1.4468818407904358,1.4100816614823417,0.1778497006672617,0.1695787778253717,-0.03092793143570212,-0.7194637144107798,1.2681282174165651,0.9069330099233084,-1.037418443181723,1.8436246773400566,-0.45486694588060644,0.2031629373161286,0.031729582237668724,0.5892233520140271,1.0368265498782785,1.3628580615302417,0.6707056359313205,0.1290861920937633,-0.8308239983255865,-0.7241097560355305,0.2651974797905545,2.444971550534649,1.3469128510513135,-1.1149450043087035,-2.1060531975142793,0.22469638496827296,0.38836577422218793,0.257317057064861,0.15568968609212328,-1.3393669260397405,1.4800660838676105,0.46164151456166475,-0.7861634799679693,1.42385774731787,-1.5427877129900054
1.9928840594670165,0.5741946113754494,-0.04496129211664419,0.6504013442125972,-0.31374451964517136,-0.262219402085846,-0.33109457396674213,0.6680661752389315,1.2521414116700191,-0.5597249992815719,1.80712062177576,-0.5444199639408523,1.0006986045105444,-0.3297057408495553,-2.2901218958467706,-0.6327212259492772,-0.9347401724109877,1.5599314519953027,-0.3728226239328603,0.5760929083326312,0.25803562692590654,0.5187957284466104,-0.9852752074755131,-1.4599878996565783,-1.5523722741103532,1.4715508900409502,-0.30483181440235463,-0.021785464434678346,0.644899699017328,-2.1332531452735455,-0.2764280949798209,1.6317507443915613,0.5288283944290166,1.527380155090085,1.5013254240538272,-0.7260444693921658,-1.6775918422838283,0.20027373105148688,0.35093490231126273,2.0493341614468905,0.7113520346084762,0.19290386430598133,-0.2546474572266021,0.8956183214517687,-2.012000317553997,-0.8593391423472289,-0.45991684319240494,0.018018299593072766,1.1246249898668175,-0.5698565587442797
0.6645358844615199,1.0663712641098126,-0.6247118652679684,0.9804886291853144,0.33471691016082955,1.0616263489988673,-1.5453901297106087,2.148246213649172,-0.13372174363358186,1.1266259408803787,-0.2827573646349209,0.26475004303917865,1.6788275264523083,-0.820960222660267,-0.6614704465793295,-0.5266572493351817,-1.1673126942285625,1.3016048032297867,-1.1449629738483131,-0.14913770732272813,1.2041755865736508,-0.5703465771332259,-0.20680363037971425,1.2407528037744133,-0.9185723507544726,-1.282919571491329,-0.9385955017415528,-0.43252494322893625,-2.657701596259864,-1.0533058246706368,-1.892945296554436,-1.1446746262671257,0.6338710307303989,-0.9898589176583682,-1.1024060094790873,-1.0545436396675083,-2.006270511891407,0.23445797382355585,0.7929963592292203,1.3109202546708318,0.26160562452488256,-1.4174103007323087,-1.3046768049129924,-0.6909682642708618,1.739710447358453,-0.3455289217826857,1.4710159927364916,0.8735586114305992,1.0277090767777182,2.4828014298708814
-1.5603262441999288,-0.5707462620033756,-0.8213385636850192,-0.5764860534765964,1.476706021456148,-0.3784898170811593,1.6166519290752102,0.5080601118248065,0.26418758521776203,0.6293761227908754,-1.396155075496603,1.085496475713784,-0.9182714727046958,-1.173194352506533,0.6668290188226855,0.31140931190189375,-1.0033878887846988,-2.570755269263512,1.20132890644018,-1.4668892715594781,0.4843113384431288,-0.22725965970923256,0.7607124160320228,0.6121568596720482,-0.6590892513290868,-0.12435185732287185,0.2451309471134691,0.3144066419595345,1.1470301902750561,1.147929456360077,-0.4813316082943564,-1.4675831358418134,-0.44748675739429683,-1.4704491341669321,-0.8644734084258857,-0.11413888597308791,0.5899443394777255,2.325903772322391,-0.32889802705878596,0.5374402885983316,-0.9956243886130034,-0.1661372708013373,0.12611924579882394,2.1544705964916084,0.5815625107963004,0.17786871829757941,0.707352412200434,0.6611425726345799,-2.2244444120667777,-0.76205374982087
0.2297350168903798,0.8328591370707469,1.5746540314300235,-0.6918284804377388,-0.44992724751844126,1.4483082219285202,-0.49428843525066596,-0.5967008961656218,-0.6361571459548099,-1.6920078951195068,-0.12889659755169386,0.8977812796585309,-0.9656492420963456,0.38088206984363837,-1.061389449292851,-0.10757005765449247,-1.970146633731304,-0.5974739365384334,-0.3051266294581384,-0.6824008327095654,-0.3891142809169411,-1.6515110886457183,0.7163329767511495,-0.010600175191373648,0.882571090747533,0.6081328502383544,0.5510429509528116,0.34462391757991206,0.7326473982763784,-0.7963491320786176,-1.8866938395709936,-0.8431500254357196,0.4376882621241697,1.5394388531383412,0.6995289485870168,-0.6884120850908831,-0.32550163695281775,0.19007856703167902,0.6520837193228866,-0.873901468201757,0.026224458930772476,-0.22526068099464955,0.12313370033828602,0.7216799211077285,0.2331641056257743,-0.8816338552106366,0.6261418549343505,0.08571748460617737,1.912543332038662,1.9182007668973633
0.03430046362661914,-1.6460836940592258,0.6330161307420956,-0.012184014623530384,1.4090432882319965,-1.4181211025540637,0.38449671527773416,0.527822553757533,1.9446943955226945,0.9071121732684465,0.9257963545842842,-1.5663896038884575,1.3821010802599558,-0.7708898088281406,-0.9119626262938033,-0.5516341729805861,0.5175465150774358,-0.9049217858289902,-0.5934536106517198,0.6136195655605979,-1.8968343140475865,0.2941467983317736,-0.05579814327549875,-0.74488374592461,-1.2226960743009476,0.33535342677700475,-1.2030563485392956,0.38126694456941285,0.3879239417507621,0.7957274727642502,-1.5816717446267832,1.7476786232775054,-0.5075450648914617,-0.08864957909782017,-0.38319522642218956,0.39810306209033414,-0.5105178153515789,0.6970934305489717,-0.9916241979144078,0.6305543260148482,0.5558862931656114,0.8472339368154547,-0.5288231791277569,0.06270950116209371,-0.18212018404858246,0.5405509594074405,0.4798015061613159,-0.7872485340938455,-0.686051442379304,0.3319890800149665
0.2871392044823799,0.44504807384555084,-0.7344046768485273,0.8390579663984623,3.2809578079332447,0.29663428239035944,-0.5634727462546085,0.609337923150351,1.0658019464358937,1.3476992705296895,-0.13475035309401656,1.5100209260393131,-0.5019656643853219,-0.19949163177524493,0.051026651963997346,0.22587469673987895,0.7003427491769935,0.192287342190671,3.8685615993226765,0.1773057940240595,0.5148358788723136,0.2554668603352509,0.7856780469375402,0.7990959600475811,0.34274697498035184,1.4596419234581413,1.7239097546964401,-0.7712306170786971,0.4704931044840583,-0.005741785244378461,-0.039543012859793926,0.26490662307305374,-0.7617309267070693,-0.3223060703174555,0.9347816719245629,0.13068493551677762,0.26737017800174273,3.6057534178670743,-1.4055545029544236,-0.6595889548983224,-1.1547172310436526,-1.8313773537098939,0.3228468871733532,1.2659929869356683,0.1592857709438652,0.4204494459871844,1.176005936445925,-2.3073131788882306,-0.7560278870527091,-2.9213407383193895
0.25527365585560013,0.9370105321230282,1.279593793866004,0.3214209361019794,-1.51615730658518,-0.5163974346127558,-1.6825246138948062,-0.21011624058862743,1.548604886948615,-0.1968545560647711,0.0026167932136096786,0.24241726020086324,0.31057100381497194,-0.2879090825084673,-0.9438902453110727,1.5480557800102543,-1.8749259953258601,1.8610630957161314,-1.6706024821104482,-0.10555833617261622,1.6141799680361848,1.0099572515601059,0.6434744525331595,-0.34785753330024133,-1.2961870741654513,-0.5450018107823683,-0.7167601249327626,0.15239338088626891,-0.3878942922877061,-0.9305541679931326,-1.9068194681199229,-0.23909977421289846,-0.7949846587843711,1.1643306335630703,1.5438558774053641,-1.4968655523654553,-0.6547942323323188,-0.9970636324183593,0.672415039988285,0.2000096636243324,0.6490940403658879,0.8470575583582612,0.7859118400186674,-0.4070536971595232,0.7705734988411385,-1.2372319906631282,1.0169243456191914,1.8130116792512698,1.2814360180804,1.2975836454482503
0.3511849471021903,-0.5150341111011749,-1.6666347099904972,0.5156912217274664,0.06760971046753084,-0.628730590297066,0.44202543987526227,0.007751568482123874,-0.9410022927986067,-0.0032083809667986657,0.4177233201559268,-0.5547917648164897,0.9551518789719678,-0.1655912986800264,-0.6761663518875701,-0.49128702828187554,0.2910568678794959,0.5526178517582958,-0.2156530522902625,1.263822639780018,-0.16886159505984938,0.9360399758078258,-0.018611130669745467,0.31978439348415205,-0.8270798350162534,-0.7830361076476936,-0.28950412896711203,-1.0732152201163048,-0.6155236736378994,-0.383747230754321,-0.4820070191310782,1.1480519381211751,0.8680260479771054,-1.311680121771428,-1.6490428795468954,1.2200001972099017,-0.7265123661962193,-0.43263822806642854,-0.3003310267111272,-0.17759759758150584,-0.5044201589221311,-1.253332539745173,-0.4752406079351167,-0.41252060221298714,-1.0469336909407023,1.2591917466507194,0.8845015532904728,-0.6806106469244451,1.3176942994431247,-0.5900647522047141
0.33570775924718255,0.6693228918694004,2.3599088955309604,0.3412234202810626,0.6405021363063144,-0.18086074902109775,0.863118632620814,0.9053688695036568,1.1595046475234014,0.469975412769693,0.45927764840654606,-0.25794377029479554,0.5177107716356772,-1.0598235980108732,0.9475462206729621,0.07514871062189911,-0.10691196489729748,0.7849193547488721,-0.37867976093815564,-0.5011818300945979,1.0346078366271518,0.08411602321998755,0.25072034903261115,-0.8082825856787224,-0.15748277251238973,1.1336516427620085,0.3126428281252585,-0.07530871700436416,-1.572961408744233,-1.1465033174621841,-0.8477463873602729,-0.009204592087376956,-1.076257918714571,-0.8506569813742318,0.5119057594884141,-0.15094335340375703,-0.9284420810717028,0.8442323705426648,1.002300157432977,0.018910476155300823,1.8613623433354851,-2.284740149698673,0.9714655304129981,-1.358333743017017,-0.5925098126495213,0.18060034941201783,1.1521571809633708,0.7393596598611036,-0.5103940665301611,-0.4723421221819108
-0.6559506742475592,-0.5564448356083371,-1.3536129697344677,-1.1457890037659333,-0.12718275941148965,-1.234619638227704,-0.6901017466192548,-0.3241190037750229,0.020767234026282996,2.0258538628496483,-0.1543113350071891,-0.27318612093269035,1.6914063254061107,0.9561665355931325,0.719557550686762,0.4578634769768705,0.3665828047943657,1.704798580990411,-0.4524859171740709,1.575684973965287,0.4954245503138979,1.5420097714369252,-0.07055537867778827,-0.1669196930380034,-0.5241159253246044,0.5302669037651161,1.0557993097823777,-1.154632095551777,0.3392143561695285,-0.9622738610523461,1.7181711111620626,1.0992191367563129,1.2130823915432678,1.555037303993863,0.7176542201698557,0.25023950260174915,0.3942710712110748,2.2272822405090995,-1.0935088542943026,-0.2861934839717196,0.47958112718634444,1.0496491834368795,-0.4377130484986984,1.9607620733187254,0.017796014572544865,0.0948909354352976,1.0597665519655441,-1.1280982052122073,-1.4192969128848156,0.6920712086828656
0.8466255323981108,-0.046766911334294066,0.8008191733911921,-0.16054657174381412,-1.9823675632709983,0.8550689375763366,0.4406358712330988,0.6565355010413283,0.16769351921906897,0.6544434196183299,-1.1589116405944713,0.27094590262045903,-0.26503750159894235,-1.1141306514004474,-0.51569428757791,0.4289779887092612,0.6748165463374949,-1.3926647382708472,0.29948540750096314,0.981194645531551,-0.10523464841855883,-0.9402303633101556,1.369185261351801,0.2736344964124699,-1.0602257273660438,1.2889623012310845,0.8316886820299341,-0.43149308678715176,0.4735042062876478,-0.24051163779176288,-1.4948279960186313,-0.8502547957142108,-1.2970848015300185,0.731346285906081,0.900160578920871,-1.7801091248437875,-1.3015414588667846,-1.4339375783764186,2.1607252995708763,0.35020507055452693,0.10010880553263746,-0.14308789971248848,-0.43828362161270995,0.6626619513524241,-0.17836680799548763,-1.728533789916542,0.09364688059461851,1.4131229919150095,-0.774137963901663,0.3024079956778677
-1.1091449867004353,-0.35531325027011335,0.6701144291681216,-0.3554518651565698,0.07085525610873322,-1.0689149083799039,-0.059108135636160346,1.8677096887847475,1.397116943310622,0.5052484837870983,2.108242070288704,-0.24750443731783695,1.6591402965182067,-1.9029651498169144,-0.6146234208799884,0.62507121311528,-1.4755716554512277,0.6491878512565515,-0.18743549333535772,0.19820300228328663,0.5139578880228728,1.1519294108233207,-0.502899687860586,0.3140563971393953,-2.099859937864491,-1.1047136216316107,-1.1375360830463157,-0.07965941551145429,0.4279973284602237,0.3827327253711963,-2.14518429618476,0.6031535581593297,0.5207372023554723,0.990398038178528,-0.36737382445582334,-0.9303484288754821,-1.2859131390913041,0.11681972446762189,0.06759076584340995,1.1602595827104627,-0.9050485638545787,0.19854030696840486,-0.1310492155850705,-0.8796255708880865,0.4927994522545079,0.39531350489639255,1.1949614051608963,-0.44098174240402127,1.7804996120484435,0.3784139209235682
1.2299961336381624,1.1299916156898961,-1.4557393757217822,-0.627153369935553,1.1416160295840265,1.0571595163002798,-0.8157848240111437,0.28548179515303157,0.03073742814169351,-0.35708752175625735,0.2503788950256104,0.6226668112763314,-0.760515683673186,-0.3652261054098454,-0.641596482641494,-0.518276139764741,-0.46035668399126994,1.1978538600197473,0.009637223299250635,0.41439758458538667,1.0970515581003677,0.20982983263189148,-0.19479497914082106,-0.04529351171327524,-0.24627014235226471,0.04675034014151808,0.27626011495436775,1.6191367152924827,0.5955708863600923,-1.3566833557585511,-1.1759384159684214,-0.40736496749796697,-0.8064049032083479,0.6895886977066557,0.5670129485496184,-0.7490107964390204,-1.1772014225996807,-0.916635936980144,0.05681913735416401,0.16523564081659778,0.2779172092280327,-1.7772900431785443,2.668899146824378,-0.9266186157272457,0.24504005360519118,-0.001371015016204567,0.07648618837788519,0.9513219250809307,0.6777092875555185,-0.29165438812382666
1.1327120013489533,0.6560016406228496,0.037305808359348686,-0.01817692707682701,0.7616673570739466,0.11064956660094356,0.6607113262342188,0.6282208594609632,-0.07002469744412287,-0.043790395133932784,0.6887024878357267,0.5800602511194083,0.9605853007965727,-0.8425868186735251,-1.0808580148636424,-1.9380543762946112,-0.7059231740676504,1.0912597804392201,-0.6871161505070731,1.1597166881650773,1.2486149747624087,1.254020870467603,-0.28462742780142,0.842383299227787,-0.38546459393486054,-1.4971618990714326,-0.5847927337333073,0.19923023394167694,-0.3407255342077979,-1.7228970085292838,-1.1325853888176354,0.10658302147596527,1.2298909518404222,-1.3051823011236896,-0.28798454862745115,1.2947206534753057,-0.6673087993781885,1.9310049045951303,-0.01284010981121471,-0.020413634172493037,-0.8998099297683688,0.7141908817326809,0.33737671261854624,1.7813665179814673,0.23901017023305648,1.062008828645263,0.6800092913619297,0.9321762079114144,1.1864664078148832,1.8078267336981526
1.0402623555430826,-0.44450612435008646,-1.8995151372713908,1.5749787022123019,-1.4606762036080714,0.22896555667323806,0.1566958093813182,-0.0761799685901826,-1.1570447013188299,0.5919158744698333,-1.2246321048815638,-0.49393487650117807,0.7162362668796314,-0.11088723747468947,0.0715987273510035,-0.1477663381904349,1.324299357522266,-0.08301648955854463,-1.053207259817744,-0.5185461300904675,-0.11884093369213639,0.11960812479288986,-0.5873318227567345,-0.7448992591977466,-0.30399728374484203,1.0449658999981357,0.9105060956990252,0.007950289341051579,-1.7705777423725573,-0.06531717441829868,1.1686440193295131,0.7340601567101712,-0.5252864832217955,-0.327899010547759,1.2771535162827141,-0.05507271717656418,-0.12457155556490489,-0.7829326624256119,0.17189210255398282,0.7323589918268164,1.6556584356911273,-1.0691266901319731,-0.2964236851631382,-0.6032880853405623,-0.919468781782849,0.1045136644165661,-0.798693983408596,-0.46069112632005743,-1.5158822926300746,0.21682052028215248
0.4749863979471146,0.6087627255427199,-0.042068404998383005,-0.6620981424357583,0.39142920845916285,-0.019698336864484706,-0.3598786152951172,0.6447175465171445,0.6826949538900625,-1.2508003815384343,-0.27385626331427976,0.894525476868536,-0.8295936881259741,-0.08146307830484531,-0.9114284737988082,1.555734943644429,-1.838867681639938,-0.1527087501005528,0.10932593192485762,1.6587481657332845,1.3173637304902772,0.8489587884819196,1.251889945986935,0.5693995616991886,-0.5187248744604667,0.922331928640545,0.6535739539256731,1.4823253035684893,0.30313296440970744,1.1664723930057102,-1.3144037513523976,-0.64362757129494,-0.6303086596104638,-0.8261237467552033,-0.00703657613409687,0.09154762348902709,-0.06845922302174391,-0.3266755044133581,-0.06234002334818859,-0.4410497567959077,-0.29658403226976643,1.0464943165743938,0.23329819539851657,-0.3376918362707125,-1.1436631898643357,0.47597275499781,-0.4676096375831276,-0.04184528344979469,-0.08249664211365523,0.8104921333482898
-0.2401613829519295,-0.1414271722480993,0.2887023543182567,-0.1523925772280497,-0.3155753880734365,-0.4973058850558081,0.6374215859930684,0.23406524540309526,0.7424057249645176,-0.23806570692496185,0.08293192053466299,-0.7693145429291774,-0.26704678613260857,0.03844803602213935,0.4454845650913973,1.226442611048098,-0.654946029214387,0.004080688964335382,-1.345779349704609,0.7466710378802194,0.04022520489166497,0.6033689498488806,-1.3890433325436582,-0.8230090033292871,-0.19265755822215777,-0.4195327657082929,-0.5654939251376933,0.2186724330606643,0.6206937633524044,-0.5287970819161419,-0.18638538282026407,1.2581429810364557,-0.46175695547012113,-1.6571232120583128,0.935101670382346,-0.598403707543929,-0.19945890286561818,-0.7697557693039146,0.19043718576074378,0.11392889188512006,-0.8944165698179211,-0.13254864346802492,1.349351775370525,0.022918729573362946,-1.5026131013307222,0.22831399615231157,-0.2506062055342137,0.8011778107229514,1.0646562693661286,1.5401755349840551
-1.2762399886760818,-0.8430696759051147,-0.5381928239745086,-1.0142300994702218,-0.24821280073910235,-2.2185835362390405,-1.0904722533815625,-0.3805091713425082,2.030130496437898,1.5628243392434837,2.2330486707367534,-1.5392537480633344,1.3351146828566112,-0.025860881282403596,-0.279564322770143,0.8054548934602012,-0.2651619227646673,0.9835801544299981,-1.18052632252603,0.42803717420658266,-0.01316325779685044,0.4770442025452642,-0.9024825775725511,-0.8282345376498655,-1.034007227098196,-1.0515395600248072,-2.2276881965894404,-1.6342094356821695,-1.642392162003478,0.1568030092238592,0.6857812859233178,1.2239308641034863,0.4501481129863736,0.9582983921163571,-0.886783798071548,0.5303599009930461,0.47088684587982976,-0.35246159204929894,-1.1089998473286575,0.05413657935478261,1.4122413004331908,-0.7457254783095504,0.17260999557808812,-1.1664219964476403,0.5496731599499544,0.9155936259265591,1.9868990221744103,0.5208266889386682,0.4049482615701481,0.23702473593123177
0.40315097164474933,1.3054704583715004,0.22564023167424324,0.7469417286357369,0.3626104059659423,0.19080615897174782,1.0508177987837526,1.303629736275475,0.2835673942825633,-1.1838119819128525,-0.34076668682439537,0.186581395098369,-1.7078389711531097,-0.5505070670000676,-0.5507992657297623,-0.2157526554680154,0.16962559719938353,0.0014809362710897743,0.04346981855199453,-0.5909941947537505,2.0364292588735076,0.9164627336046555,-0.8928482316004114,-0.006182846539435433,-0.01894046463141456,-0.5650784694866684,-0.5191820879300806,1.388669191858239,1.5516806312764682,0.12586399853057825,-0.3195164210971656,-1.9267972677060958,-0.10954918456574836,0.23243958701009512,0.6229142171049348,-1.1355079883240886,0.5811114080891041,0.3880289714618613,0.30575732248464055,-0.06589731508682962,-0.5677147234540122,2.3495419859066002,0.8544447082934394,0.49513984414242174,0.5376017978728059,-0.12119835347131078,-0.4997585877438347,0.9538667459935045,-0.4533374232131762,-1.2793544517555344
0.5086465062289551,1.7909202551520897,-1.5632968539624743,-0.18091656236697473,1.19449495209894,1.538802287693706,1.3432236599017182,0.738181519044081,-1.3380171845924262,-0.6859013070608739,-0.32582519171448515,1.5071638568731345,0.6163096895988819,-0.43362006957186233,0.16628227356771993,-1.0057263656913829,-0.7097525424713345,0.21306925810552246,1.0049925974950815,0.3091892010933765,1.785382022182386,1.0900631459314294,-1.2704870863749038,0.08079478181987619,0.36260509565295895,-1.426895001429142,-0.10857161822918529,-0.6549401980110633,-0.560898070211988,-0.19302935779381608,-0.25561690382474284,-1.5457447907375887,1.4326339043100988,-0.18548238850890905,0.49221322452267696,-0.2614232764599691,-0.3238116097047728,1.9704484446898183,0.25191647688026586,-0.34333316187093316,0.6368830268971523,-0.7046639759855742,-0.23235752404735407,0.5040629610676297,1.0387517414364973,-0.27878421689799865,0.5210709896257743,2.07788583400325,0.405187542703847,-0.4264764422845483
0.09497029999099815,-0.3283309510918783,0.5698839306277094,-0.07353905401495753,0.7197596417534796,0.09780531456187645,-0.10353344241750144,-0.659622305536129,0.5493210494525774,0.1749060198406339,0.5842399064435913,1.0191503846476797,0.35301189242928666,0.6738674354022525,-1.1166553120002591,-1.417839812541752,-1.7491832669542424,-0.5267593218238505,0.9690250986365194,-1.7907783064400646,-0.49406993790771947,0.1361867538213444,-0.7594407670286576,0.024030564848210527,1.176267188839083,0.24912241526850243,-0.21118347274523713,-1.8717344155813762,0.7544020388223285,-0.522259448745606,0.6643457772985036,-1.1369795421707727,1.0139760563836255,-0.5872195973221346,0.8699626230822992,0.24048775053828184,1.3513670433515639,0.6481415049478552,-0.1323327710535846,-0.07279052288372016,0.15476429768779762,-0.7709540543923232,-0.4398729234276988,1.7110457516201942,0.034034523671378165,0.15066966020000735,0.6044905107162928,-0.15751432177883437,0.6089838988002434,0.4090245833191071
-0.19814390698192438,0.3545080274060907,-1.3526260669075625,0.7435200216567973,0.15592110581668833,-0.24470016985590604,0.6286946594604718,0.820020310848974,-0.393801131645256,0.7292644997044941,-1.404184923798474,0.3291206054535958,-0.3179387312456591,-1.1390595318239078,1.0608332553522295,-1.0674988402771788,1.0024116154801572,0.9974589059772258,0.5800256906338315,-0.3202193434404908,1.883974805122823,2.90814110560922,0.4835621242128431,0.844763325498036,-0.7441210424372133,-1.3130467438221005,-0.3398631946825072,-0.6318421687342086,0.5896286921633732,0.37484639219196403,0.8202538989192968,-0.05672896931561481,0.09986169170936493,-2.0633050130001562,0.028418914106621354,1.231026319534708,-0.4590412197396247,0.03726662530854555,-0.22954156166793435,0.901438881997903,-0.811798766410134,-0.9000515720508596,2.387040546692295,-0.21987596929632572,0.2426659234009211,1.961178405114887,0.37451073542271734,0.40561599456968345,-2.3205209230736914,-1.3835661883714416
-1.000648540749107,-0.39976621553142216,-0.25373806954947414,-0.7821165092458421,-0.478441510094393,-0.5290947573139739,-0.41902802823146534,0.08532292398092645,0.43068796161529976,0.40523812600592735,-0.9867646222071885,-0.026412886497742438,-0.10799036341507778,0.4865274679260712,2.5304119739891187,0.8646660172232753,0.2572121597858431,-0.5333786660581151,-0.9781769796479214,0.008293427140144654,-0.2632670925469879,-0.8420208641026422,1.5243964253194642,2.0619322138031726,-0.06534312838157716,-0.5372442035394873,0.2274188160699538,-2.1731330389550143,0.08487115015673745,0.3531807189602758,1.202026357656409,0.23727477075871423,-0.7432418261108431,0.44531092840060454,-1.0833256293031182,-1.3889407543665735,2.1804720986339032,-0.17273227711695252,-0.697894320769288,-0.6388622259376602,-1.4245951748524373,1.211279885357911,0.26284105480456843,-1.0140516813331468,0.9620289459467476,-1.6390034703958547,1.7689781739848094,0.6153864257075319,-0.32384660444269997,0.16579947552211402
0.9940148334299134,0.49488105135665517,-1.0910491980134105,0.4795664790249842,1.3656380229532945,-0.43288119792974805,0.38009329022780625,0.5676614409807167,0.41183572358270726,0.20644894622364937,1.8386657243428774,-0.18053588354208075,0.9457862424072581,0.02412242954694579,-0.30624944527734016,0.2775284267279902,-0.3781926497880826,-0.60024579040337,0.8445338834984552,-1.9094172718353506,0.19192536985313835,-0.041246065500120443,-0.3209152982448826,0.1729630677308081,-0.5664618339594449,0.08493569371541376,-0.5811419619174562,0.32845351897712877,-1.5227418499824552,-0.4721813990178285,-0.5693553215920937,0.5603521609034965,-0.031347561967629174,0.27047930713378915,-0.7817438011447836,2.181222578544401,-1.3659876514514986,1.9563434546403446,-2.265018439480707,1.481983621484193,0.38144102116778156,0.7549280609103997,-0.30619934447304475,2.0423188664682432,-1.1875916012476768,1.8921694470507988,0.2622071290631407,-1.3450960898951654,0.17891088920623932,-0.29268523551711034
-2.492790864589624,-1.0625119460745276,0.021405921202514673,-1.4722071708748377,-0.29991507132463324,-1.0583284741976686,0.19703604764287624,0.40286277709516155,1.0229612040157958,1.8357818740867586,0.8688653147089849,-0.4842659239085388,0.8109906665387729,-0.7338179768657987,0.5523096410165617,0.29396828438436906,0.5131278355055385,-2.304162022728391,0.18786449380535725,0.8386790279349294,-0.9880103574884213,-1.6083850921119536,-1.1339692415617928,0.21010849254784464,-0.3291004310540381,-0.6761504851204495,-0.4789357147306591,-0.12966961415133255,-0.4178560737379257,2.804396719063333,0.5812924513942508,-0.2274623973336936,-0.3359773483337819,-0.05813019365866311,-1.0756390132673996,0.11530219230345452,1.4106968876743688,-0.5420756333487758,0.03418917326331905,0.8016335635418934,-0.016831753413299223,0.7393874223832886,0.41953562258674265,-1.13073941182821,0.9209424067037929,0.203149904255047,0.8904190113362994,-0.008476661241387339,-0.30123651370325943,-0.30299044120617574
0.020613956056154112,0.21202481698895193,-1.4409275877713323,0.4440600609311874,-1.106022273548362,0.7924926464494484,0.9015747977608631,-0.07239365487645397,-1.466612001832099,-1.2551686742337131,-1.504711574336918,0.23410681792319155,-0.8297209056015508,0.21778490004965506,1.0804526465765902,-0.5063595845817926,0.007007648638406535,-1.2524693519972585,-0.2608290646682947,-0.6787011475554532,0.4731069328093408,-1.4538349579051342,0.40616585401993066,-0.0281648896884294,0.9899888939723731,0.44824727815471327,0.9963424283111509,0.9486642702955873,-0.24992485115409535,-0.5113900943875131,0.9071246874646132,-0.966684786436128,0.1354737170648358,1.0311082016606665,0.6580994575185737,-0.23211561370928963,1.3698174389995035,-0.20197154476668575,0.17156063094323307,-0.5034037888328661,0.19349436856270427,-0.7043849385320906,-0.7462574186558952,-0.9274304716811638,0.5826582525376317,-1.1281112194773535,-1.57969133213071,0.42725566741980836,-0.6842732688304399,2.2535867559907863
0.9068269946732032,1.8315992106604189,-0.2688383894134442,-0.43153325487733024,-2.401892922358095,1.2547203176292434,-1.2662908990493298,1.6219070210105935,0.772386931895705,1.680751469834861,0.6737255962231096,0.2961940131205352,0.2909429803087251,-1.9625962288458285,0.3945506521606636,0.5875934570268344,1.185883574748828,-0.5342594267978346,-1.7186704439725762,-0.00924541731647084,1.354958450853245,-0.8472102060141583,0.4582400764409682,0.25056391669567935,-2.363956654082771,0.41120826813564704,0.3165318552924451,0.06505309615323936,-0.34042965718867085,0.471248948186981,-1.3291421288456442,-1.616110516258835,-1.6200051305051841,1.2096497972857438,1.5592054817988366,-1.6446989577997728,-2.610915709530511,-1.8427246959271022,2.028210358792943,0.9156214935254329,1.4822719533373154,0.33379918506234585,-0.22532362463507818,-1.0373870772699874,1.770252851231803,-2.0772360101405427,1.1141705711750518,2.261059306970743,-0.38289149479115864,0.9561528377653603
2.7746339412308476,0.14295742279840745,1.0145427402638934,0.7759110697830555,-0.9866594017200382,1.8988783206391187,-0.0013364668936186237,0.380655938833874,-0.10289013156750998,0.7138692398820796,-1.8348876243038756,-0.025570383659445466,1.4031881031465383,-0.19431198512673045,1.1019781851982295,-2.0732164025199804,2.7219200108447588,-0.6032857819836134,-0.06321982502362185,-0.03430952404427037,-1.0792115416105796,-1.5761536095710447,0.3081261539167039,-0.14177279489252484,0.2263461706061856,1.5857387412773745,1.4581743557307876,0.3984814744048405,-0.2967553945218021,-1.6408173392352947,-0.8542144314292873,0.9390917621488418,0.6084825966221831,-0.7615206459392634,1.2158172307736657,-1.9827145183338297,-0.6225814947947012,-1.5342748732132905,2.0386399987306447,-0.7490530374557774,0.030144488139624347,0.28290535218744817,-1.121852342695466,-0.45382070019787535,-1.17409483383947,-1.6358977185007184,0.15043822916952596,-0.6856986973330975,-0.8015539401635537,-0.23763628590174288
3.420455111181754,1.4485047815297,0.2443347435911476,3.836891713312508,-0.8586986511117671,0.4118600014684617,-0.8464340375881498,1.4006556424085337,0.16745287370968415,0.4650109651587858,0.6171918064787698,-0.1738284333441841,2.277500541778228,-1.525203569947658,0.1519971359085379,0.21108971931375495,0.3242615875753215,1.925941390003665,-1.2731584128500937,0.9669156165368913,1.042322482585112,0.02097640840534468,-0.47033630667999715,-0.8554132408429843,-2.188598914659345,1.8789383619425084,1.2133947986489115,0.7709024828995877,-0.6523036443617845,-2.9618081435998556,-2.0135760298250243,1.8488220772765482,-0.5210749317868966,0.37846240376226187,0.5526533718933943,-2.337913704145826,-2.906584389636644,-0.2698268253886902,1.3844040051204956,1.2366483208984342,1.0183595273707107,-1.171449526172764,0.9248005837098081,-0.33226915831429316,-1.5871455409525275,-1.414943190499116,0.8901907091325879,-1.3808833970524304,2.0283684499051526,0.2948741124318347
-0.5591680990694169,-0.12678991831526948,1.9590550961638886,-0.693206788213547,-1.010752954766565,0.5400878250016686,0.242811005999607,1.329748093793312,-0.9299414940400664,-0.36515946386645043,-1.034366813746876,-0.3927022759800921,0.5138646474823181,-1.4537439373812067,-0.3460773061036831,-1.7717244679537234,1.2194572897255793,0.6886175794343791,-0.5952976265477339,1.8021876711482006,0.05075310418959982,0.5034589721732722,1.0823693771181224,0.44230621520623864,-1.1168863600377625,-0.25627434702392693,-0.056861246126482114,0.8483482226397292,-1.6622775708052884,0.1879131215214709,-0.8656090473470182,0.7964169174270547,0.5223144155705634,-0.4409200054970645,-0.9711132615802175,1.1946006780401723,-1.3484717427411856,-1.3746078901100813,1.4241801880256426,-0.7833464875675895,-0.5620325359536331,0.3432381836480655,0.18533839541202485,-0.13752256292956103,-1.6633433115756766,0.8999933869015738,-0.36941587744969967,-0.08052536959709518,-0.8055860975109279,0.15250028506734495
-1.2849859715322576,-0.8898007388070376,-1.2980905257462494,-0.23863174905494744,-1.0442530892257498,-0.7690245156564433,-0.5430146269934516,0.019192884691032367,1.3750311037312122,0.46561463634093214,0.450176279031007,-1.152831001997946,0.6546134900514116,0.007226888021971323,-0.6206695533046898,-0.5370836817300975,-1.0765079568633664,0.35992564011941913,-1.486228221734806,0.5304842212860872,-0.2203603817535673,1.370113345675113,-0.8676583486088848,-1.8462870874140962,0.5263588201456988,0.4061009369187795,-1.1096704381942861,-1.0860295835072373,-1.4071155221151537,0.3611837150333978,-0.14843671820700935,0.6711654097300771,-0.3034869262796289,0.793097332485781,1.4417813724266793,-2.6843571747530777,0.6777299634774259,-1.6036398618501648,0.6213370071381616,-0.15774830895712075,1.4227500827356097,0.0019318802684508498,1.6156042174532264,-0.05671333173087548,1.221040898677424,-1.4887170550532507,1.4797390535065942,1.2720445726266274,1.4337954441934353,1.4118944309997372
0.32448451297717285,0.1000330155369404,-0.8151869184325168,-0.5243441675936815,1.314874208150673,-0.683742725619725,-1.6779173564945087,0.4547810761368749,0.1993140429674191,-0.4667984427056813,1.1281700150327743,-0.3924913301248382,0.1891937863550456,-0.14428877499567547,1.2384897719799364,-0.42171383882423114,1.036506068254368,0.5892905904379885,-0.37449887992653613,0.5803942772549934,1.1481690836586813,1.112914199476883,2.0923861964226114,-0.05176835270797801,-0.8440064681603834,-1.1451718469030088,-0.5069237525153227,0.4343174999589723,0.1762680960699486,0.9292260747010264,0.6481417341009036,-0.6829654529931763,-1.0098096014146585,-0.47495455400413833,-1.6468176491763122,0.0397709378698461,-0.6024216432935404,0.7709140797052226,-0.5987595450559149,1.4299165732183101,0.10230057714186801,-0.8507615386473844,1.128390580660811,0.44939947815342307,0.6091082188502469,1.2809655876653472,-0.23793786278087778,0.6819487340424418,0.6243873180221456,-0.23606908578080427
0.16623980712378486,0.5625273556069534,-0.09637301452822755,1.357580194616835,0.6751071860565371,0.49556165048049333,-0.7639970811068578,-1.2761118700725964,-0.6396390198047411,-2.0537799468087132,-0.23449587272397232,1.4560330087630453,-2.1085970309098774,1.1058453024118984,1.0907690053831305,0.6615735374457953,-1.7633060076103269,-0.42588416763325604,1.083090464927211,1.9644112303273948,0.34396171004448467,-1.0921331723953698,-0.4522330733736891,1.6062433345107365,0.14720932385750662,-0.22355875129622535,1.4686314288606246,0.9638819855103893,1.6862279913891034,-0.1801793982212404,0.34117507993144475,-1.9287331318523047,-1.3794929476926123,1.7625647840281773,-0.7284919224775941,-0.8365999502388403,-0.19767015994053141,1.131223920922379,-0.7458325481037608,-0.8472965132096638,-1.6225956753344226,2.8451863496948057e-05,-0.9059730365779991,1.4310673073915892,-0.4578732752917021,-0.21238340381933898,-1.689399447364137,0.11703705466487091,1.6289186902534074,0.09423886707590029
0.9124255956117358,0.7483750256065914,0.4441596979077455,0.2625267564632897,-0.45194949165383475,-0.03606048590659248,0.3817186550305587,0.8706604415919448,0.8963469148027026,-1.6366421391697672,0.036764303835171194,0.4144905253857643,-1.1602154507962865,-0.801572897088249,-1.027635558889123,1.479756753956878,-1.8215249154529582,-0.041829850697819325,0.47125625297480644,0.5803663102613754,1.4608756263113467,-0.5152908239581657,-1.1697447811355233,0.021521397492293662,-1.1853448190995666,0.961528638955582,0.4596179277333009,0.6067219020163481,0.6631274272985537,-0.17873588695280704,-1.328881083635182,-0.8270318896166435,-0.5628678895024677,-0.5496269271650303,0.2666409192709837,-0.025309606683275344,-1.7451502296155454,-0.7723694506811,-0.16711327579948848,1.2608420735146453,0.28007128756047195,1.958511411458258,-0.3909348447792816,-0.7313470802642887,-1.1515748657724592,-0.12106460859681066,-0.6175856206690096,-0.21715747679078992,1.1699950659982574,0.0358491567686298
0.8540137214766415,0.5464357879733157,0.1935225692078563,1.3640003445116624,-0.0462802908129498,0.5274348696558852,0.06451484885882693,0.9569143324402543,-0.8398071782173698,-0.8839359851184564,-0.6992736322981936,0.710316861686239,-0.009935841311314789,-1.3627503832906587,-1.8875631083635254,-0.6909914456771418,-1.183235143381826,1.0698473572013494,0.9223354427060314,0.5357956381750489,1.1834475248337302,0.6900975606185901,-2.1794870125505734,0.4043178289253944,-1.5079101423087804,-0.17410958140806335,-0.4423105611096531,-1.2605320359932695,0.33868558177983604,-0.8050453147741882,0.7858194417018881,-0.08465644037292656,2.088457894038964,-0.45197002786552953,-1.756794216372666,0.16205213333553284,-0.1466154194252865,-1.3757053368596333,0.9261677024205845,0.7685428396545481,-0.1480454451076074,1.8785370183584635,-0.20601842846296842,-0.8308183378542375,0.2129869089012057,0.7071015437146605,-0.3999079000598989,-1.71246074070595,-0.31532818824088765,-0.5834603635128408
0.9854577568603108,-0.2956176932119659,0.02641762199309086,1.6791428947936822,0.5697996450059105,-0.7014739567213637,-0.9165318650617699,-0.9941797397922616,0.79495548076522,1.259535121860845,-0.40738513715894775,0.05128884951941077,0.0987555077031805,0.9621941283167171,0.6057962082943863,0.66223280419631,0.2015167833365938,-0.4136209364683739,-0.2923461191574252,-0.3417022930310227,0.04141064940727691,-0.46717307652529416,2.1665430337984577,0.5119724371907901,0.45774711689381736,0.35029793293011513,0.004513450488172645,0.322640861054963,1.2948853748749751,0.18851813305327478,-0.03524671556505519,-1.3975256874131776,-0.9303500154096437,0.2119001323892638,1.0695753238165324,-2.4169709419035192,0.42927462367585095,0.6635877997658751,-0.5237045661140168,-0.12706154417028567,-0.8246883554346779,1.3589233572223438,0.28618793443796936,0.19384620522027524,2.0797734867996827,-2.0481567965901237,1.3406910591450139,1.5788479201619212,-0.08065330370105903,0.11931465259536904
-0.9452013738350484,-0.9085909457243413,0.17164249175837193,0.031194483198555903,0.5267957478810122,-0.8262121008362698,-0.6814570859857152,-1.1339338008277657,0.37416317089260137,-1.3277379535165528,0.24596079688775188,0.5348589760319363,-1.7596859231945516,1.0799488363992389,0.0159353367933359,-0.009698645900760219,-0.28139187559417905,-0.7256333128541237,1.1285885350625147,-0.4712317355358626,-0.9469377477895587,-0.6252617222333507,0.5881202741588625,1.3310062436566408,1.3297823065403522,-1.0276076195618287,-0.4244548652409425,0.1270906237553919,2.2079287923948447,0.5713677067673297,0.48569055317298604,-0.7862000951855524,-1.2246765471547156,0.056687658195109805,-2.0021573462398874,0.46477898304771054,0.7568708039695432,1.192513734464347,-0.8911712469934749,-0.5391563898499726,-2.8747289578287742,-1.0026945620413337,0.05574989173904023,1.558772411954354,0.10223707723912155,0.2252477878336831,-2.0237223001358644,-0.6303396505523507,0.2989024766507083,-1.0357941016458956
-0.185021523839736,-0.5845168506177993,-0.49106225969942024,1.0615635457916688,0.163942421347664,0.1489595896351528,0.081179629499383,-0.7546243459373414,-0.7185376417028126,0.14908940227639908,-0.15260425937782035,0.47054943337716415,1.3803279356058684,0.7384768578396429,0.8001937168750143,0.4281401175970293,0.5694795029701913,-1.2201838905862752,0.9242205037358728,0.15189925175675345,-0.7876058212331745,-0.6412345666721001,-0.011101583908940428,0.22090284065861346,0.8215225232874834,0.9864651662974843,1.5312973547180866,-0.20075611451277506,0.21839569810707357,-0.2088618559935404,0.6158277257137174,0.8282628200491268,-0.43148273435622136,1.6728547555020479,-0.568342903148482,-0.0036943011609895516,1.0175071162178666,-0.1489577418461592,-0.7397629158626823,-0.5781089265155853,0.6922513921915099,0.9235807368006534,-0.041778326893005556,0.9955088016568788,-0.5698562167890043,-0.042152539303450164,-0.23446776548053633,-1.621769048770035,0.07869525604292248,-0.6346983126012347
-0.5247660640761971,-0.7129070277394937,-1.4506167154344225,0.15768159418873604,0.368875075153636,-0.07434922502436822,1.362041306959556,0.38865138755224865,-0.8836180771605987,-0.26252574466749456,0.33123192410982455,-0.13271034765964426,-0.4304577701863697,-0.6581225309185794,0.026147815435458393,-0.9343729363473018,0.6226023887366052,-0.2923488157107276,0.674879076532762,-0.25450445409942146,-1.1856063441908082,-0.6397663107678212,-0.7936542312763021,-0.05109091271122891,-0.08996755739498798,-1.44486794888428,-0.7977218205360536,0.8876505792941153,0.745674547717272,0.9478662677539118,0.7335347396500775,-0.5244459281870719,0.4786949191749791,0.8177400105589848,-0.6741211546347092,0.6061231830006801,1.5080307361581469,-0.19437768795709653,-0.3224319505967504,0.08560304513231967,-1.2478272432366988,1.3928387731154661,0.15077783967244016,0.4063209584471521,-0.42968034060232696,0.08840743239504709,-0.7280020264712211,0.324283751124944,-0.3791606451243731,-0.8041397802681965
0.3818170994909432,-0.38864908684644045,1.8338253488636655,0.021238160642018587,-1.2370544654407065,-1.416532154822776,1.3944457529727319,-0.8536387376893727,-0.8530268949433276,1.3283655583421576,-0.04051387620053724,-0.7513330281715114,0.49356927135604184,0.6514308057495347,1.2285243713145537,0.206985569203032,0.6396706698656632,1.1917339651973804,-0.6769898388683212,0.5503252955243813,0.7601228341851879,2.426467867368326,1.1041185254041581,0.6567541461661082,1.065202855540195,-0.8444932925042742,-0.4797412129880792,-0.5956435331429817,-0.3022537840099676,-0.35074994354209915,0.49872791744953837,-0.09013722466194772,-1.2853295743947664,-0.15361838710051123,-2.1923133873130385,-1.0891138868051529,0.0007405717029814173,-1.307102604713416,-0.041928089053882386,-0.3762898152382602,-0.9839825659308353,-0.036390532877189415,2.4837704043602034,-0.4435212890785681,-0.2200534297137363,1.2384977462653235,-0.23977766251668223,0.6300789204182691,-1.8034470778226617,0.25754046020697474
0.2796141698389446,0.6757257730109864,-1.3343761592802683,0.17189708080357707,-0.5593787490753995,1.5443688392046346,-2.3847902094303364,0.10829658306089121,-1.8737395894771207,-0.9653863159714946,-1.6999204859617647,0.2523797525262349,-0.20297028170797962,0.13036113054566756,0.7253536447929887,1.1222316954538858,0.654505732624092,0.3745054130945247,0.29869965596987935,-0.02555393249022103,-0.08459296699033891,-1.2978787179989337,-0.21030595724491005,0.6487468470664569,-1.161348802205419,0.9752687951689636,1.5381168090509618,1.5202262152054224,-0.2744954192260463,-0.5579905433759876,0.08244781157540101,0.08700347903649017,-0.43593436677022424,0.7045580898910874,0.4003831843484651,-0.06812225300386245,-1.1995808554224041,-1.3248323517281833,1.5918044005889176,1.3721160371677754,0.6453241757460639,-0.9582419882194241,-1.2532915814492918,-0.5686598987814162,-0.5064973671915968,-0.36682706627315226,-2.2877461475073355,-1.11726005447559,-0.8311287027805605,-0.5049822326943277
-0.09467779683954412,-0.8459988641082153,0.35825927470960606,0.6480973332776437,-0.08883866516036858,0.5710165181222334,-1.7158841654793762,0.2872408852116109,-1.0917610717519441,-0.7798060964900178,-2.0771496461309344,1.0976172423972166,-0.5359669824449539,0.02238764105496722,0.030027062351366037,0.7587686903093998,-0.4598637546912975,-0.4678170469080328,1.928470875597668,1.0459105191117282,-0.5347744827930037,-2.2110179236487855,0.6024952127745303,1.4190320610043998,0.3141259273553342,1.4949380808400423,2.0894738549422467,0.7846285174058433,0.022171224535436566,0.02818246626301983,-0.8166302228066964,0.021120049405880942,-0.86967833157624,-0.9916399743557729,-0.4758094902952729,-1.2724615592253452,-0.2395701504071531,0.025211659363546825,1.6822282876970773,-0.3697268925403304,-1.1416350226289815,-0.4217497566268263,0.1254925123621808,0.8373350031958083,1.4431257732748735,-2.22431316707306,0.2979182896032091,-0.6923671658246956,1.3088908592825617,-1.5637451829156799
0.9640552062777157,1.2041705876896824,-0.14032589118906835,1.0454307769309799,0.21531606742718465,1.288592618580846,-2.1171528762402385,1.5046781112632683,1.2404229804975226,0.050601181788976816,0.5195356500119865,1.0276730363980044,-1.4285252549572267,-2.0005053529614574,-0.7374843421458585,-0.8961663309044596,-0.01987973537667258,0.8528735320899994,1.1444733167992187,0.9958572551190162,1.2216674968591468,-1.0313608023971141,-0.979569187680595,1.0098184820353568,-2.36983255948297,-1.1738377376915274,-0.3901486266510277,0.4669677032133282,3.0095908138237526,0.45511774737412564,-1.0744863267991065,-2.6768852065831727,0.032023545486241325,0.9049158737610383,0.5003941813345424,0.8488904036127323,-2.1941373028359408,-1.1590313008144695,0.7235016124659548,1.527756512322428,-2.8669704375122746,0.9819242348395765,-0.9145567035092347,-1.6466197106995502,1.1736054106496254,0.35114913066257175,-0.03771245444045188,0.06260578643528014,-1.0046051307892074,-0.583575238545974
1.4041252076361925,-0.2315626696633363,-1.042465914414314,0.8773789958231686,0.3631634553738284,-0.7158531142672624,1.1292192405924233,0.6107015895545083,0.2919688664375387,0.8946582332793348,-0.5608203754426851,-0.6700405369450274,0.9023439684680528,-0.7058134967949664,-0.5304732858850519,-0.29269068315223734,1.369463041357681,-0.30752039900592376,0.6591632046095106,-1.88933608601113,-0.08236931998057988,-0.13118542635653582,1.0626480732708883,-0.8409074888080499,0.5268294447122756,1.0900373958803922,-0.7576791613281342,1.501254040130143,-0.5740442364486814,-0.40481151134612176,-1.415887845030082,0.7373040938268752,0.09463607254689331,-0.7503227982311989,-0.3963596697223468,0.7025667670522349,0.19412532911708053,0.9610952669900474,-0.31640839813862437,-0.7188157733798283,1.6401008068959733,1.8344105721898527,-1.256070291911425,-1.2557083530154358,-0.11027399440247031,0.0040495880433977244,0.29022309156901416,-0.7734060602291646,0.21931718611066167,-1.0060149854536669
-0.21120521870131936,-0.33102044283235743,0.9039229230100816,-0.44489543949674015,-0.04615715340379436,1.0507893283586778,-0.31382949630476226,0.20427273542012428,-0.3420167536763797,0.25304118272199244,0.05504011119217003,0.4918084580249472,0.5290867421285371,0.243154772789912,0.13257188642867254,-2.175071222548151,0.6811872812586925,1.2399502289051123,-0.49280098118454524,0.7238917129316154,-1.079970158112929,-1.0288838838915748,0.3957989189342436,-0.32385750567280863,0.40074853191650806,-0.21303059354849338,0.43881366569521013,-0.13018460181233607,1.1102734124456044,-1.552114125843788,0.6037713625878846,0.33748175361670946,0.5289439495447704,1.2966466688547498,1.032904555073845,0.14525897438166416,0.8738651856368821,0.3062264040159388,-0.05110330707520161,0.048165105270794,-1.1947288383211814,1.341236322514256,-0.6845433382249054,-0.42672534297669845,-1.1824269772032352,-0.021059810693850912,-0.6313705032270652,0.6847022538403675,-1.2862896813943367,1.6480694359198111
0.6599811144611935,1.2217892025070833,-0.6580101920446504,1.3044776195261847,1.081890792186005,0.6006699826715047,-0.9753155253338043,-0.35898638677374956,-2.0050302394734594,-2.3896695473005374,1.6079478526871265,0.9686776261607255,-1.5834495847066086,0.06244173009172868,-1.3563985393016802,-1.6703503465238385,-2.454838966711885,1.152541095639554,0.9137625765205083,0.12418809074789391,0.8437285813918697,1.771550646432023,-2.8029589639110237,1.0528662850461334,0.11911171269519587,-3.03834634546334,-1.5723909528900997,-0.2258769791298477,2.0282109704171667,-0.17430701607477736,0.09148096665612646,-1.375372534912749,3.7253558533247033,0.13109214362531912,-2.3587023306077555,2.1234232078311814,-0.34533956254294473,0.2590510187623616,-0.4250410559741095,-0.3626837856156482,-1.4364880225924517,1.2973483403540114,-1.3231913296693159,0.2514894917557265,0.1530021839751443,2.1915052616587025,0.3727077049649501,0.6117908268521985,1.588542422384777,-0.53905089425507
-0.6142427388943931,-1.2693590425522046,0.9854778079702032,-0.823397561952283,-0.11979236650379305,-2.3292384562266677,0.8104190263724302,0.14350277668532085,0.29495351654901397,3.1556123760586567,1.1424226848427752,-1.7690894982682337,2.1309276114574462,0.17598892020409565,1.3320769073025625,1.1613360862517976,0.5573751573978589,-1.684102639059124,-0.6760928056481752,-0.057656959301610286,-1.2451851464211356,-0.7509628020581117,1.4456308712431458,-0.24721863265250124,-0.5281720333090848,0.44964453474412835,-0.7088307304518816,-2.1709218748998285,-1.6136151745023013,1.3402552119871354,1.4588917024232173,2.034276412985421,-1.6282912312279951,0.3565617808567516,-1.6854624387302652,0.7048151604056524,0.33384762493755465,-1.2143927824439327,0.46947216832475136,1.034221023768434,1.5074934889005962,-1.4478736897597777,-0.10815604780016203,0.6435531941704451,-0.826133003190948,0.6542311937845071,2.1357027334526553,-0.7136756155717414,0.19128578014978415,1.2693676175955646
0.0226621388888828,-0.14659112665818,-0.360635516094341,0.9280310128242554,-0.7109915111352489,-0.19432485233661073,-0.20028215987857623,0.47932316394300006,0.7042637590684231,2.0238361145863712,0.1765998574416052,-0.31057446022153173,1.647206354646827,0.1555680478572883,-0.5614606950424742,-0.39681119489552735,0.5716247938048139,1.11342033571278,-1.1277224290603223,1.1179446545016403,-0.31301884417292697,0.015436442907520378,0.06762008151003664,-0.4179832334183468,-0.16490736704571432,0.2914034008120763,0.13583260749378925,0.1443985257456975,0.3669185733186101,-0.29774546628854665,-0.8319148789348512,0.7572927021201006,0.4326929497009772,-0.32570442679118305,0.6942463982311913,-0.10799433325051316,0.4926309670718657,-0.12237280909804404,-0.5374869318613849,-0.6536808176807257,-0.39125197247237087,0.03228661743966738,-1.091051806994248,-1.1276090311794285,-0.8494840526975784,-0.4298610377100869,1.6014529336935819,0.6541105477131022,-1.0306169021739493,-0.2912481915261758
-1.1166419028173606,-0.7444967583357494,1.184275890664615,-0.8502293036208619,0.2877706266047293,0.992510035065996,-0.14517561668027057,-0.3300003751205706,-1.9292812249856268,0.12824942851397086,-0.41599165444403413,-0.3987401166696631,1.3800801005950352,0.09578778962811216,-0.14520055739813317,-0.6872607283074327,2.053267219102125,0.8038526247011784,-0.06141621889070264,-0.5250798778671398,-0.5263943934362924,1.4626915729397403,-1.214029040066953,-0.17886656605976312,0.5578025769093566,-0.46297255237995655,-0.10224437831191728,-0.2431865237269436,-2.174549934047277,-0.20301410529922936,-0.3729942233913273,1.2846774999681647,1.5385933160895924,1.7586880493780146,0.03837070224130281,-1.2190321602021394,-2.855470741295419,-0.9583649967742089,0.9052497047582904,1.383614418309884,1.0551111457884779,0.33519030767139185,1.3032951231776144,0.11435746170974252,-0.46979534451130767,0.29250411522060255,-0.40204323291857247,-0.9522951507921037,-0.7033952989766514,0.44400468084694955
0.02559395883557441,0.5486546284704429,-1.0678366714625263,-0.2960072392962449,0.577024746144541,-0.0049069609055512635,-1.0573428772157327,-1.5408490321843973,-1.0459711014364834,-0.08053386476144977,0.8288793769674248,1.1961044802915248,-0.8820799654580633,1.163389151623998,2.2214989887824093,1.5334560819790046,0.4229155800207041,0.8614190688806906,0.6299636514368844,-0.46561722043169335,0.1550023534187279,0.1120900652569944,0.4292732993283342,2.3413167543252227,0.07427293974071512,-1.8970631705196739,0.05271689303433385,-1.3000406762496637,-0.34173913839854464,0.5114684148035674,3.018591951887838,-1.1675094742303147,-0.056262181214767365,2.852276527193832,-1.4396447867355404,0.6048374026399577,0.6876321843892101,-0.07111885724786006,-0.48910074073218934,1.0517100138141513,-2.2604593268937636,-0.6558605951612103,0.37091606267475163,-0.5731296385938206,1.2152348687756767,0.8213583476683911,0.16589236376228234,-0.9980316877499406,-1.047595490280155,-0.5253724478715347
-0.0057239266423478275,1.5767838553555558,0.1709057605668247,0.926968755682993,0.6907486532252017,0.6773416847282574,0.07550603316196855,0.3823859402305708,0.7118041475818722,-0.1716711221141292,1.8682649144275043,0.6937039723297511,0.373932544716726,-0.08694841507858476,0.949484508585975,0.4984852534203481,-1.1689233185614285,1.324711418708949,-0.0696559001485219,0.07388073562144072,1.062572447486191,0.47201806489858383,-0.783120853281199,0.08717635566034028,-1.0254881678405543,-0.7461333941442944,0.6412002592221004,-0.9295350309148555,-1.458458248968412,-0.5691514611776348,-0.03329473874795616,-1.3522714364630823,0.1844057341448939,-0.05932919226122135,0.01783799476779498,0.36719209486398513,-0.30711818184362133,0.037284643443451705,-0.21405088316310308,0.02997404589748655,0.5141658079793965,0.14615390932104838,0.39383433088799175,-1.3133299247322985,0.9697705616489825,0.21927026030834315,1.5424161334359012,0.7546860969686537,1.6504040938478743,-0.02748947157106355
-1.9394889044438908,-2.4056103059619796,-0.618661744346999,-1.338504981958871,-0.8616948953215842,-3.069134175328485,0.393269126057156,-1.1247284280557475,0.4515729266193437,-0.5726227630709994,2.146443027928544,-3.11917899874704,0.5915440448801889,1.1245611422801984,-0.2992766060775324,-0.32759059873322494,-0.23134704274987306,0.6756777578490994,-0.872610961937137,0.055240672885562794,-1.8795868958689845,3.1539222167769676,-1.0456620145377558,-2.9250808669868738,1.3412017979217297,0.3958080873243067,-1.950908758458792,0.5874342866484376,-0.7224615291823839,1.2821404689780833,2.0019869316842374,2.7182060673463573,1.1647647071805953,-0.42043231045506857,-0.4129473090640157,1.6306675425746628,1.1086606248233373,-0.5539920222515584,-2.133723398558491,-0.3345772037653566,2.787959983110651,1.3703805030332872,1.2381402641054682,-1.026299647687116,-2.5889729312234855,2.1188833836339067,-0.8240147825751611,-1.1182019829253664,0.5133661881582225,0.9751103016415932
0.5589248015517398,0.5323843014226592,2.5023123914122896,1.0774376180594905,-0.04609509268199158,0.36702808464103087,-0.6962835183323729,-0.5323120905858576,0.4378610019438301,1.0608170236095247,1.750263912505118,-0.5411387836260203,1.7009042943977242,1.0953189384535371,-1.498782582535285,-1.6198874362347964,-0.3974768732607144,-0.06778581669415013,-1.1878451624892927,0.2748636864609781,-0.9168541580361487,0.4908032656865717,-0.734946023368789,-0.20981386624337361,0.80038915901964,-2.1666410350324923,-2.2454966475867244,-1.07281381823679,-0.8885994576820588,0.3390430060481381,0.418202087322195,0.12942342767535786,1.43473931012562,1.0152381323078472,-1.5034912199946882,1.5211518392550505,0.425498662340902,0.3204114622787399,-1.309912008318331,-0.1986538965554947,0.30394692201207874,0.8096237566595363,-0.5997803156776311,0.44351312212203103,0.635798402807549,1.6902052421457334,1.7091727278416888,1.3519469552940824,1.1863243157106844,0.30203286145894115
0.7335063863567145,-0.5444246467243262,0.48722793669822334,-0.18708747461209904,0.08559727023693489,0.49617938332635836,-1.6890638442011559,0.19703855699055287,0.31655893814404884,-0.023948088456594494,0.20477827552846628,-0.3014832507049185,-0.0919049320737562,-0.6574380603653738,-1.1126427608161944,-0.7425501577346642,-0.13687935446792324,-0.8024951742276887,-0.2555306633137519,-0.2820293740938912,-0.9789830170573567,-1.0202083819000718,-0.6895037721558175,-0.7069698971366015,-0.9304447918735695,-0.18869162847301152,-1.1213287213147127,-0.8401032540517683,-1.8213684717888967,0.4340884842622308,-0.3351049061598068,0.9009615701129735,0.17077248812048745,0.7214122967877453,-0.5602792089513727,0.7212526070876089,-1.1261232682256768,-0.4790101488635887,0.7231855645367502,1.1011410274849374,1.0281066797088265,-0.18422455908501414,-0.7394377364446423,-0.5641411241801192,1.2024353344191179,-0.2613166519418213,0.5192297226046394,-0.3567787137560237,0.7814062285068538,0.09641101215658125
-1.79509410813051,0.6215372265139154,-1.1668491392539333,-1.4716911254849154,0.8716339010551639,-0.586420050614025,1.496922230529725,0.651011757371755,1.0235610705351228,-0.32681339771407325,1.0627681991636329,1.1641635294672525,-1.367481541872633,-0.7365947864022521,0.2536205810232839,0.5209124699023967,-0.8156162751984805,-0.7384514119800336,1.6959026087306652,1.4764094524993843,1.6310670480387102,1.0546920769670864,1.7208878659525055,1.7227010404499434,-0.22933401634207642,-0.21130498990469385,0.5946789989223658,-0.5178645952703901,-1.1484213312704459,1.2990397972580714,0.46710219717072765,-1.7229005540239497,-1.808209232664533,-0.03187012294607075,-0.01540982679367781,0.40658398779363253,0.763360964424783,1.0314704842153377,-0.7497932971299022,-0.9880092513642089,-1.189217781108581,1.2311781405098527,2.618977434607753,0.22371756494784356,1.110214970567783,0.7091260108258722,0.2410737276415841,-0.34384166124863963,1.4467170826223659,-1.5404632207741489
1.0045011731958575,-0.34726327636710774,-0.18419013127128592,1.3283225446425297,-0.25237249686447144,-0.12642223914144332,0.9113544860567293,0.8294234187021089,0.22636117572561315,1.282240531178175,-0.038044716030399245,0.02884670458901607,0.15449980500180466,-0.8256483932731731,0.2000879053042224,-0.9362996796428661,0.3485899536249026,0.32706098279053275,-0.24352941629704838,-2.016671445957445,0.45820991204004247,0.6216126792038152,-0.608729524283119,-0.22263198221949348,-0.413212259681536,0.23145465106507243,-0.04072556388671222,0.054674899784883164,-0.4817588592863494,-0.41791826644371594,-0.5011214017012655,-0.2222474175970693,-0.09307556536647832,0.15662012373172637,0.5291014455718734,-0.30381960231812327,-0.21749905151178547,-1.0318763642395095,0.9820139155070488,0.6354916200273756,-0.8349673558688671,1.0973027521243837,0.5760875065082361,-0.14671750666276548,0.14845673832490605,-0.5051136866876565,0.4888456963176261,-0.5970619938966562,-0.4280098790561964,0.12311982215381834
-1.5643623581248929,-2.0101540433910206,1.9692311840416505,-0.417260259530254,0.9216812299028386,-1.7254138104841588,-1.0325315033100737,0.7325378797123624,0.5143803948467145,0.5625543589580274,-0.6818848999517928,-1.5822824917908282,0.9429332953861065,0.05667268181213275,-0.023240299367896802,0.4934016544055879,-0.2078399051088443,0.31908645250627005,-0.8030730783438447,-0.4657689039444501,-0.5118958565706032,0.36232084934672426,1.0658155292018154,-0.38263435182956623,-1.1252642046865104,-0.19409793668030187,-1.2567587864774243,-1.2093818096246844,0.6898636590586289,2.378554533576995,0.5451133877596336,0.46514774361383726,-0.18431490944020987,-1.5482827685119775,-0.2398477818398737,-1.2043904803863692,0.018735088290677427,0.09125776600755699,0.5828491991171242,1.344050797523973,-1.0579998561806774,0.1432867051260709,0.23476414742917656,-0.04982835698811102,-0.025659938905468704,-0.4996036470196619,0.5037556738257242,-0.1594806332240759,-0.2219049856177235,0.9106117339412724
0.946999597138193,0.5920701118288233,-0.2191372695941388,-0.2992242949309955,-0.3180910895044874,-0.2790900492947813,-1.2757667295078292,-0.3191006459647397,0.0561382223533056,-1.0183558945533355,-0.7942387081408862,-0.018608437667106677,-0.43939982169490477,-0.7365070471743961,-1.335314281044433,1.0033992544565415,-1.4876291510636148,-0.8881340630941444,-0.04207036036921352,0.4269737251167669,0.8954958513074092,-0.9934401643208515,-0.8570162221238486,0.6195303964268785,-1.096047963431102,0.4804961601194515,-0.4138476885289113,-0.326402286451733,-0.12480009147949597,-0.6490128506394812,-0.6526280010849228,-0.9195226726933976,0.24741357985448376,0.36642032050626216,0.5320449242386132,-2.3841964242198976,-0.7472624506843727,-0.32553661241180115,1.0257430199999267,0.18402179720460746,-0.365248475804973,-1.6075978717098798,0.063057959669415,1.5601149017468348,0.6946966152684236,-1.6525943118417314,-0.05785598823513405,1.006487521393822,0.20393420131324227,0.04655406341517445
0.18667825624772105,-0.9418457195019498,0.476313600688485,-0.23534947385095642,0.2851183447152538,0.339238732586782,-0.025042149784034188,-0.8821978461987022,0.7028599281767469,0.6713163140199921,-0.6576556779768807,0.29334136059131927,1.2313448191105132,0.9549933495741083,0.004173874430953828,-0.42931017725531145,-1.9286716548035052,-0.9698243558036168,-0.3815282165061407,-1.3499364892532115,-1.1552927305738705,-0.8566220273230407,-1.9615578514474716,0.20753215850083215,1.0438503140301587,0.7136014404778519,0.2980710016677121,-0.023511499165189437,0.2882250791731982,-0.502991903764103,0.02986088185406955,0.33662382208811137,0.289511129677025,-1.5082611946198223,0.06969809763651404,-0.9788594297740736,0.6634572699447732,-1.2811864498060999,0.7780448310651206,-0.25170978433399205,-0.44308366811939986,-1.495364359685001,0.24549211061542842,0.19756639864058567,0.5255447973753568,-0.8011031332560753,1.0940696764206177,-0.7040390491270563,-0.33353039138625795,0.4629989592541945
-0.8672970804402004,0.13102213886862835,-0.3151625540385482,-0.9074893474621109,0.6343225513941236,0.79173371158295,-0.968264288228938,-1.0871272825446354,-0.6249107636779798,0.23592179402668112,-1.0161013259845222,0.09558180893100778,-0.12714766339755468,1.1763163633293563,0.5290487905119057,-1.7464784741709274,0.03763706315271895,1.0999203384208769,-0.05182944215036295,-1.3109681283388936,0.4618839420465994,0.4968711256767008,-0.2919889470481393,-0.9563664962606274,0.9437357312802143,0.009693583714001672,0.1540769860677212,-0.717586893675758,-0.00818801325838367,-0.21335563577309918,1.3978577213487224,-1.105554745476046,0.36864539500136473,0.06285353991549686,1.5025396370568405,-1.693444791597205,0.3717033921187331,0.7039101574774743,0.16608146137092564,0.42636094146728765,1.1455175595252918,-0.8343260948070105,-0.22139320544789706,0.6064960104509933,1.0426847564158572,-0.7035942952342751,0.13350619266751698,0.8625194360826808,-0.811050905930382,1.7604974372733033
1.2704108644251915,0.9027506073611431,-1.3747440125161974,0.9351310395175783,-1.3880483485976205,0.5664216016036133,1.1072232272051583,-0.5446023573027136,0.6272732053758051,-1.6943791760120632,0.20359265665945134,0.5051701994329397,-0.5472051244729383,-0.05502848228391863,-2.4547858459721366,-0.017682021698691815,-2.122309535302772,-0.016089327321539806,-1.2474655537740291,1.2981704764329398,0.18912242406100963,-0.013589248165550322,-0.7975987832334678,-1.2991133899595282,-0.3323813181035518,1.4416833986758388,0.40248445766625723,0.8919817128172456,-0.37208800036289125,-0.7868867376922738,-0.2065834279391301,0.7974294892203095,0.9757896624260689,0.39331706938946465,1.7728908644658232,-2.6872771180060684,0.5500102500719599,-1.4121612161211574,1.0467018390957505,-0.2481495269992017,0.6244425501447055,0.22743328632745816,-0.11573010965892115,-1.4793618537536637,-0.6673620040812032,-2.043767785591457,-1.023796723910064,1.155287769662508,1.3544476700509704,0.6971942985708628
-0.5051936806951336,-1.2719522933921026,-0.8691373853364041,0.4189047853777679,-1.5072006108949303,0.09128353101226981,-2.2687479460899436,0.6395340675635629,-1.1327449570496275,1.1857912243697488,-2.719738553372852,-1.4652393920787885,-0.10861588939638178,-0.04019684056070641,-0.007426146906787729,1.0484258808134532,1.693279877990554,-0.04875814165713958,-0.7459576978248375,-1.5784387593239506,-1.2584067620416206,-1.4620233866984544,0.28819634779821807,-0.8299811008412398,-0.9143229861888368,1.6372808888564456,0.08602950986702985,0.13049217938448415,-0.06816420704238409,0.827449970933261,1.4908701875225159,1.2690522847199586,0.48850045872107645,-0.8209011897468884,0.24939565605565572,-1.9178701796930249,-0.427132791697877,-0.23278848300244961,1.520410826445808,1.5552566371434464,1.4531098098028046,0.2625648947219135,-0.9246146554590986,-0.5253580381296583,-0.663177080483247,-1.7696097243612392,0.07934690488416471,0.013371664265380365,-1.488126930309783,0.6215260124400839
0.0786494167088333,-1.5513698789357557,0.0133565574987088,-0.11386505795397071,-0.7697199477413291,0.2881111413276428,-0.712700752089647,-0.7933136460673528,-0.6818080598716508,-0.17889641107690032,-2.758678447113062,-0.8954617897384196,1.2513106033831316,0.9931371885922933,-1.2635792086992257,-0.7332336282663349,0.7537203021743206,-0.2640098233973357,-1.5694640338492056,1.3235314017881417,-1.2553227508319211,0.025145467981615006,-0.717920543837102,-1.8239022005566041,0.4840794368844084,0.34628486564326866,-0.06757806576377229,0.49235765159737177,0.38233150694707035,0.26047594197032714,-0.5203666584622737,0.7624911051151909,1.0145625915698386,-2.416571744336564,1.6330407243020824,-0.19839644799084857,-1.3615328172782963,0.6041124015583391,-0.15905371103206392,0.0885089633499863,-0.3595589254257531,0.6836402227355572,-0.6878872333794803,0.040784834326284033,-0.17729143805386302,-0.948776208597575,0.012760055531012069,1.1042602516640216,0.09960056386269761,0.1132930108738133
0.6676938108711631,0.1422429815584326,-1.082147796109669,-0.3448058091516775,-1.4905099305690976,0.06410451420867765,0.9977475463168087,0.23695409772112025,0.22950756084117438,0.5502841249134712,0.06344844118208895,-0.09973901776572794,0.664006847104946,0.2536556758664837,-0.36696604382890274,0.06569838274713945,0.4615898420103384,-0.3952645892190107,-0.9910465637282129,0.35359359889696973,-0.09295512223216552,0.5481808843811741,1.0975318480684153,-0.8593561177750114,0.029348270244723768,0.43223379325746425,0.2787250232177511,-0.440496059193004,0.2709083836727899,0.3234294845381422,-0.28125282363953497,0.23405603804626976,0.5853294329068737,0.46892044661212,1.3808174699370082,-1.3121410105495839,0.1314917745784291,-1.9806822637448387,0.7124010660511574,-0.8181277355177552,0.11210422936141085,-1.5928566410077076,-0.2596366603176217,-1.3316510371254897,0.6260566536001908,-1.7316435844151943,1.9187702078732238,0.7696131056790466,0.7605835738338155,-0.3820317380366456
-0.5945138495359102,1.1504446801258563,0.595227430917433,0.42277714145761275,-0.45507403102034405,1.5194034643313694,1.094124645195548,0.05013362491436376,-1.0855342478722665,-0.8334407563903606,-0.489358060567403,1.5059513969169251,-1.7746889923925744,-0.34611344324136817,-0.11768786586972001,1.1589769019193044,0.9752565330492187,-2.5494601876647107,0.13821966144119055,1.1965717147745232,0.012421314408410182,-1.6469798850448496,0.9279570883042239,1.1517604307164133,-0.7692805117289323,-0.5830122764749602,0.774144902316095,-0.09369064623299174,0.4582897721413085,1.3401990384552938,-0.2524460833393728,-0.9706823383815719,0.5367565129696245,1.4006336180708368,-0.6678767679957318,-1.509923312975851,0.11883761379820351,-0.36764160356100284,1.6211632702473489,-0.2808329611759513,-1.2058514080379603,-0.012749519647961524,-1.0394980676949888,-0.9052705816098966,0.9483726159426938,-1.783983194342288,-1.0537108760082092,0.31888839518506684,0.4789031236939546,-1.055178464314706
1.8671976318666783,0.7308366137860725,1.2730284783438317,1.3980935667091134,1.695490256585102,0.789709738593443,-1.1095518629988628,0.5594707817624065,-0.08031302164761608,-1.02993888063848,0.7870769449143193,-0.15822739993031648,-0.9979021675768639,-0.8862476438192282,-0.8840071532554118,-0.013406153969681254,1.7632017209380078,0.9287859603594907,0.6459946830492022,1.6389170642122053,-0.3159508392806635,-0.9614515790134964,1.3322885925791974,-0.06370288729736467,-2.471106670090957,-0.307514783085615,0.08840134027722873,0.5145065706270573,-0.28083943282707063,-0.29866930091102023,-0.839331322608681,-0.012077129444467214,-0.31272190083715096,1.067812729621615,-0.09282374992069876,-0.9823800456622068,-2.2188228420307876,1.1747200264774953,0.931550190713041,2.4623727141383984,1.200664345406011,-0.3868249288907739,-0.6269056375386249,-0.27771643360322806,-0.06586458137015452,0.2183423204256765,-1.002204962171876,0.23304736852465113,1.1966657508824514,-1.543841361131787
-2.598605826408695,-2.358339491618564,-0.8484974024675007,-0.5205835371256766,0.32440136627522026,-1.7738768382358616,-0.6469244453933913,-0.8722186716213185,0.09016430943960473,0.20495417093446985,1.2092226811515818,-1.6886388478579635,2.0649207761609687,1.7951104663563175,-0.13775926319741222,0.008402554911222765,0.3230600599938521,-1.4386178080844536,0.06060082468856515,-1.1586127436712033,-2.651674523941109,-1.2376816412135168,1.2337914280618074,-1.46148985608374,2.0944540734295867,1.6461037106612508,-0.11338817598221551,-1.6007061725484695,-2.5366261074497487,1.6087940050177365,1.9306904082196876,1.423597866818603,0.004393935322736958,0.4175674981796858,-0.4333880900956606,1.3112223894291248,2.4800491796793165,-0.10124421737330995,-1.1735367806313022,-1.0043977862471751,1.9957853818674813,-0.7552122987210691,-0.3746123236206453,0.19200916487896225,-0.6149336695191198,0.11547079305967305,1.2062024854724447,-2.0121390547687747,1.5517122125195173,0.7347936306592007
0.04582873932341856,0.8577749172286426,-0.2992839278358067,-0.16813922032566603,-1.3866155273183265,-0.16509031963190016,-0.9220181738880826,0.254219875373798,0.526192347227913,0.3164979284290018,1.65729273501594,0.06920056829534182,-0.34766273883847554,-0.47001267120542367,-0.5622875961867062,0.6724597731079516,-1.1390947789451906,1.942891197128219,-1.8639987824486484,0.929794991944508,0.707715766510457,0.9942940524210987,0.04085264701677947,0.4318167191875005,-1.2249744363770956,-1.2483032272747738,-0.7271870490046188,0.8899929729786955,0.15043252939806726,-0.6132457784058535,-0.3725835132041179,-0.4624872359445186,-0.6947447552537667,-0.5987139757675719,-0.5946838779461714,-0.277657777645828,-0.35597193135307786,-1.837974223994677,0.06028968348348344,0.4255024403339741,-1.0077706507768758,-2.2058614570549318,0.9036992658607634,-1.7638681046970386,-0.23841878215666854,0.582738841672774,0.595291615113191,1.2173612332264994,0.5671783270183797,1.3950404899872928
0.28342319787266285,-1.269369107414391,1.1111081948299952,0.20346807566867992,0.19431944990946487,-2.0850311756417574,1.3972412585737197,-1.1479549521814258,1.656318749213671,0.1367232098052974,1.16135848861884,-1.844421363628262,1.4420097643971863,1.4257572825258846,-0.37459171053602036,0.17032653503504186,-1.2589130413926821,-0.44552752835339454,-0.3463730603234533,0.446748634984396,-1.7673230071679802,0.43063261266784963,-0.754069021279168,-1.3685552566819097,0.09895092501733772,0.808518575931569,-0.6747522102804555,-1.2446722894555875,-1.136011950356676,-0.2952963952469278,0.709125373498032,2.441281714134234,-0.6880260412041882,0.012613382693717392,-0.614723037980966,0.9252226884326571,0.18994163582633444,1.6186870498129047,-2.507731589091135,0.6593050491249933,1.8884272245425184,0.13612923709188696,0.04702901653561732,0.6402290680435366,-0.6891827594833362,0.6989170603466252,-0.2734641464895964,-1.5879004906399274,1.292717306022615,0.9893284178861783
-0.06650467976304815,0.7650736454093969,-1.1468507454302115,0.7442346305850622,0.8821432878651504,0.7885880223970044,-0.3247150066062266,-0.17140737349853544,-0.0073126418951706615,0.8748722666566187,-0.965715428414704,1.0192586310414842,0.053532817130045304,0.5866419496860446,-1.0365316084960945,1.615586131786437,-0.7528314587214179,-0.63129869230307,-0.273482040345247,0.2933406404535823,0.050578133083624355,-1.876520452758734,-0.4261982906274542,0.37669313840446234,0.4455104623988974,-0.3525082249720415,0.18424819185095767,-2.1106272736871756,-0.12705539323121617,-1.2525985304490483,0.2954651552589862,-0.1261180784944008,1.1281141773997625,-2.275165119297071,1.2026959354005131,-1.9076394965683372,0.8540473416878835,1.3901344537789961,-0.33508019789998605,-0.6194335462936702,-1.5009779209946748,1.30398292641682,-0.11500246046990671,0.2960831805822244,1.2276785235043204,-1.1797948804614897,1.1470649146365948,0.09970865707684534,-1.212078509825773,1.3481538324151345
-2.8383218938318295,0.14537152338529966,-0.46194492593599773,-1.824221683954728,-1.2843624468513926,-0.8408707628883261,1.6469801772764616,0.3092314643240928,1.4112942457960087,0.9606438689978408,1.6095081059728273,-0.9349229080202295,-0.3553252977176468,-0.5634858460229729,-0.7368617353749293,-1.3102577425836588,-0.716454647690308,1.1737976754477328,-1.8825483871673925,0.164589971768534,1.2378587623962698,1.845867088843393,-0.6398002221435959,0.02886264481303725,0.38216043952187173,-1.4716303700856064,-1.857728811391399,-0.653688137243589,0.6700902954368977,1.3639235759376096,-0.9024219250612544,-0.9934064461731259,0.2216347523444655,-0.6672743424665539,0.05645272317811189,0.03801798337679231,0.7233631457636044,-0.9636683536852784,0.12388802838371828,0.09468251667674321,-0.4491042663126255,0.599765298319761,-0.06683995318365929,-0.552861509480555,1.3538107371271388,0.2156798286030268,1.779423742639604,1.9256001113113144,0.9195947000138195,1.358222437571492
1.3145830054250782,0.5898668498842031,1.3064261239062895,0.969283180285455,-0.31121956856190824,-0.26414921689819626,-1.5294493795350121,0.19324753227135824,0.8143300888844314,0.260127566892392,1.2459116151148646,0.9833040428818558,-1.3855627213741715,-0.5193741086479385,-0.05229041847375656,0.8138842572962889,-1.1832721823892518,0.5565229121639282,2.241989496559995,-1.1075031249295988,0.36467954205549213,0.2226212064476729,1.0549483916618236,1.7840026965834834,-0.7191330709694522,-0.359445377550242,-0.3886219288660741,1.280089433513342,0.6531306121070033,0.015628153420354295,-1.4640816803320769,-0.5782670255501825,-2.0122542109665753,-1.639580969153756,-1.726795915992205,0.7718325994491129,-0.6025457302673766,2.6116808261188393,-1.430126196059216,0.33568389388797487,-1.7704663524004494,2.213572242366381,1.8183145161916656,1.5772142642257267,-0.0947845302300181,1.5623019743169952,0.24951910474760328,-0.7553288062282867,-0.007455767590958212,-1.1362805139805494
-0.9014440505371218,-0.41713275145871614,0.7443473151623772,-1.3613042269440576,0.10315913039560404,-1.0689506857339228,-0.4765989281144109,-1.9644551719372085,-1.0120901027583427,-0.665766710150504,0.30245278487892086,-0.5662423129900125,-2.459519700708249,1.5145266807624673,1.8173737707179312,0.51253406085736,0.3827446575913172,0.5362753005092366,0.6775755453171969,-1.7540976244166202,-0.5669133927698243,0.7528860663501047,0.4520932146219698,-0.27610683813962955,1.1610926776194577,-0.40173057570062953,-0.1925668089717705,-0.15162518624490007,-1.689384171490044,1.3672052371493075,1.8156465990164576,-0.6537465005844529,-0.29109730465229633,0.2875587891492785,-0.803864462686239,0.7248992493314858,1.4705266017295349,0.1752866074422723,-0.9842558277511844,-0.4141036648181562,0.6209511292271389,1.0204485425121466,-0.9494442525892303,-0.2567284969481022,-0.5152897590643547,1.318556847150709,-1.0310891336772947,-0.5551105312939059,-0.5906405553459605,-0.11886087926984408
-1.1667367241237798,-1.1081658497602425,-2.514179696386313,-1.2132524182656075,-0.6946837866021637,-1.4320144506416475,-0.7816490142213803,0.28866703172263813,-0.16696533607561057,-0.7649697271370034,0.9815242661018786,-1.688051540776171,-0.41043460793995107,-0.17765364683797066,0.5668110290100089,-0.7211849189939845,-1.0337033400607607,-0.058991866424944195,-1.2046421138566925,-1.7232098401672422,-0.4277526797898849,0.8086531435637331,-2.319865530159267,-1.5242091784401606,0.5956279090133915,0.36867057980644286,-0.8220198310851586,0.23993650124689883,-0.005780790267975756,1.7830118257244072,0.38194310025321826,1.0035129583891844,-0.40221532472903765,-0.34188838813616024,-1.0518467768681667,0.0487873229574275,1.7754378929151322,0.2490055021868437,-0.6687826416089566,-0.7365516069852569,1.9714951451560763,0.4673533187031296,0.9686755889530222,-0.5355502206800457,-1.3446082059882958,1.5482481269212651,-0.6399793314734501,0.01748620363456579,-0.36730501946848704,1.5194389014712901
0.45066850546121356,0.046944338714281206,-1.1778972260165248,1.0458057308372337,-0.2271629839496606,2.371068724379634,-1.2509135946022472,-0.03351587906255598,0.32851246136359835,1.3750149963995595,-0.4179501350573717,1.3784937541193771,1.000665340597164,-0.7394456577644101,0.849095353494656,-1.4266771933535227,2.2686065689934485,-0.6041605810073103,1.4443227303835586,0.42464420795243,-1.456804853434164,-2.390598597387201,-0.04871876393503895,0.5461204117993371,-1.1160942925750577,2.667672979198983,2.6594317913804586,-0.33007821402650556,-0.5740912212803391,-0.2064303485153541,0.39783426578773584,0.1913593833647807,-0.9685729118034431,-0.13862380379359462,2.23154272035026,-1.1373259173885357,-0.6155458660278031,-0.040143881761515225,0.9049255863229235,0.5460954357373654,-0.06093697360244208,0.35294368093987644,-0.8119497768123372,0.361704366689094,0.8678849374534067,-2.0254984325750254,0.5608800925053231,-1.6646756784507404,0.06825722274187293,-1.6753688341696047
0.19615166634389525,0.5499978522280324,-0.7874879567250233,-0.025494321096248964,-1.6084031718742293,0.44194571839835656,-0.005530299487649917,-0.8396960887716162,-1.1240896171222197,-0.5460760034651063,-1.524759029007389,1.18642028863256,-0.5871111707334026,0.6672012575601383,2.1728240617804113,1.4999835537820494,-2.369852141183299,-0.17518377749934855,-0.8662076005021209,0.09598506195511776,0.5645228047021802,-0.20439821231032,-0.5356112820056508,1.3897662545304297,-0.5325430258632393,-0.6251386780593463,0.8883304015894579,-0.786662292796164,-1.0578100800392127,-0.7280718820367086,0.4237825468003146,-0.9510814197753311,-0.5043158331743627,-0.2564098061535181,-0.9890224713069011,-0.09369828586708769,-0.463809524278684,-1.3578978919916793,0.1904966611330178,0.5944073803715452,-0.2629619558495622,-1.020629156392728,-0.0487656943788048,-0.19432246796228456,0.901379434552309,-0.04430025740110289,-0.021414217543371687,1.0654580845346133,-0.26858102653742244,0.785012246842905
0.186553903576178,0.03275649196571164,-0.27090981943773285,-1.068643362155457,-0.7801641658653239,-0.30806907382072063,-0.3887422073023088,1.481896430275234,-0.4559701367165003,0.5511561028510817,-1.2247249950202808,-0.13847628612039561,-0.7462272482297404,-1.2152652995482431,1.5788741448069552,-0.6205239207470171,-0.24781421543161167,1.0324118231769184,-0.38954394405888526,0.9623827979248174,1.706319167932586,0.7258203409762102,-0.8755038060175244,-0.5753971101206582,-1.736517478447901,0.3471202821559787,0.8697706625885824,-1.0210383285470626,0.33592561589098496,-0.4472453971750015,1.5128029879454026,-0.08344137159406281,-0.661295592407926,-0.2939920172707372,0.4258386773233341,0.504100402633175,-0.07560843013069721,-0.41644529684219245,1.0773156300831146,2.0976816495870976,0.5929778259075991,0.37419940293947807,0.004122649708867699,0.4919878678553339,0.1547338645845684,-0.4711247270544151,-0.41302576463299767,0.10923284127254317,-1.349832428174518,0.3547963426550255
-0.26672548244508065,1.4477121156829538,0.5543104910855277,0.2425950461458954,0.7715612557105179,1.845312123673215,0.06527569395990072,2.6037957721258436,0.5878164118755697,-1.7080851446698098,1.4867965281221998,2.164138262029749,-0.6813061830593405,-1.894549389055153,-1.7843619187054347,-2.7844441084657854,-2.146362548833222,-0.8198271484702185,1.3411960708796522,0.6585841390850069,1.0244868812780874,-0.5837496318785975,-0.33025423627787953,2.418342721764075,-1.6669950336232888,-1.4861984965011366,0.36987674977795,-1.1076738733913467,2.2221013465878987,-0.408761884610686,-0.6872027095920096,-0.9578581631984022,0.6705251730066283,-0.13891305224971537,-1.4957902630738353,0.7462938145239604,-0.4319487409732914,0.07244052671716793,0.5527564824021652,1.494826388280005,-2.960653962859646,0.5566649158990953,-0.9661203637863471,-0.33703289816969956,1.1170046532767022,0.36199545081900875,1.4036614608091218,-0.7401895193521503,1.0751851053443289,-0.5379079874202632
-0.658020811503506,0.07560015945590194,0.5683857524799899,-0.26976393130790577,0.3402826502388437,1.2015732580803131,0.39226734159160137,0.07013760022581486,-0.458798512498342,-2.122702391384575,1.0341361568353364,1.0769242435415163,-1.336568905134635,-0.5912854571384584,-1.5611094122498814,-1.4027972012804073,-1.3750779098334998,-0.17557448786407298,0.27183015653337467,1.4431661731040293,-0.3231902504046283,-0.6506717768246858,-1.1238700020175798,0.8056630346220452,-0.3872649120986703,-1.6665175667289318,-0.3374246626455867,0.20295370586508282,0.06584854665881584,0.11386005699995067,-1.581676954899015,-0.7596061212395617,1.6843982078415312,-0.7564095097879822,-0.9783802217547344,0.9340230738629941,-0.8992626230002727,0.27580725902375686,0.16035904549336433,0.1882957380412795,-0.23438269231059095,-0.66843782880444,-1.9909044081802627,0.15801997540418522,-0.3145928792864608,1.4025926192855462,-0.921345010367791,-0.18256727281486984,0.1093561991871108,0.30893730415032694
0.2870585664753137,-0.6006792704405683,1.8025140290568131,0.1279578867952029,-0.13834353736989669,-0.3325303552512432,0.07349615728325187,1.620890329710087,1.3731388811247127,1.3768221594097003,-0.1991902514347267,-0.37874444216335895,2.530562155964946,-1.5262978235825564,0.4190064690753694,-0.7673204993833739,-0.9443696678334021,-0.042906385345423965,-0.5363389551456493,-0.5509207370804874,-0.3104431248801035,-0.4334760472639341,-0.8575248405943372,-0.4745361072294286,-1.530731008691751,1.6591818468511195,0.5225579780316649,-1.6176528696456023,-1.29762085086316,-0.410668860279934,0.1889380105799412,0.9743191730800008,-0.36192753738744926,-1.4847006309031943,1.128211988729579,-1.6065557884279955,0.11540759207460069,-0.38245211224107073,2.057541257604686,0.3922383033990716,1.3703842936524229,1.003862321578074,-0.4814545623742274,-0.820901320735704,0.5418240962399756,-1.7269103815981854,2.092449582467621,0.1730750934579208,0.9916127596429282,1.1090321364603204
-1.4628168383321376,0.4548720634622598,-0.46172000082794457,-1.4845428877428728,0.7790099719065597,0.07156351871580227,1.535076846028639,-1.0995734493720286,0.2438669455891851,-1.593375926062847,1.548623388226331,0.6175885398452314,0.30878752838840273,0.7650043687478959,-0.14713434475294196,-0.3529294866940868,0.12291638973374407,-0.4697074233390418,1.9858596273394586,-1.5186889299500839,-0.08135623641316107,0.8627527127357029,0.0427401094805945,-0.5422046375995788,1.431167542182676,0.16781562875716335,-0.4333415999960087,-0.42453211839291083,-0.02850141011278555,1.3501504245435638,0.6254671412146472,-0.7055872221330379,1.2115448399174307,0.7983432144560098,2.54023715670419,0.9534269358296781,2.250098824166445,0.3109300010689238,-1.121988741482342,-0.8595926255026707,0.12371789333608635,0.08173761415074575,-0.6438922219098346,0.5369261455245916,-0.08559564698939659,0.4584424775436844,0.2184897695903718,-0.030202895784091365,2.336264199941028,-2.178405635357904
-0.6981695512171866,-1.2365639754076465,0.9763244448908939,0.8722429913085605,-0.6737812054789021,0.4606298809292128,0.5344883665831287,0.2939377537102674,-0.9036383154920338,0.4616584263467075,-0.9731831821519344,-0.8671605495151247,0.3141521687978528,-0.30932165374749,0.6340310100364556,-0.3598367091753876,0.7589062811094991,-1.7515373772490315,-0.4837698685011379,-0.044461335040886944,-1.3662917959997385,-1.953822196381648,-1.5194889336189692,-0.23948371599183266,0.12897508837596125,0.24980110811076403,-0.18953378014388192,0.03871367197747385,-1.39281978338785,0.8812721038322088,0.22002536004741355,0.919641466909428,1.4508583368142187,-0.6402548157379188,-0.17351520306709137,0.3794924896158946,0.016489613435594103,0.6051138933400229,0.3732362883483843,-0.4055229890560662,0.9120329403838944,0.4704401310173943,-2.3944915886414533,-0.06296965245915748,-0.6256865121084167,-0.8704805352577847,0.3002424193422253,-0.7605521747376991,0.47525984799635734,0.7422805653903495
-1.2202599024718992,-0.05147409556733277,-0.9371178260599555,-1.8036373053693502,1.8408895658269704,-1.5890447373178127,-0.05276698441356535,0.12096543130331903,1.5888893687376315,0.36533750020478095,1.5940988680552082,-0.9243184274630418,0.9877447494948615,0.6020584906545868,-1.1469556213125598,1.9722265707317512,-0.5223293260429821,0.2286392646399604,-0.36678223562753387,-1.2980501841225636,0.2395046708698926,0.7523300975656354,0.6688224716949338,-0.40280784207498477,0.8622944217293369,-0.2671324415264948,-1.7802189515421398,1.9804944676171061,-0.956857217843385,1.965514206770394,-1.1282233768221561,0.08497246371790772,-0.81801358874985,0.17529616056569824,-0.17206936321185123,0.0859298789588819,0.6729838903233935,0.3046402675698243,-0.8660153308031773,-1.4897860630928617,0.6229225610032333,-0.4686502272634155,0.5268609027584726,-1.1779460603555996,0.2549533171558637,0.4989825881962197,-0.12070628349822958,0.7211590190404628,-0.5629764682305511,-0.001100551446890682
-0.671114675874812,0.5187029100793707,0.4577093575924933,0.013062288605078964,0.6511746407246636,1.1827747001308486,-1.7347524942149761,-2.1995531729432702,-0.6883235632982782,0.2294079048621306,-0.046746735497323506,1.929616627654535,-0.4627915619408628,2.6105411052037666,0.979502284587775,0.4978305116245089,0.4226969435406806,0.7596650865581425,1.1409036351030342,-0.025046228056465725,-0.35779149472830946,0.3457872337321402,-0.18958819918826325,1.360626160820498,1.0057745492368868,0.018207468531372017,1.3020373008677708,-0.3877790358020052,1.5881776630417554,-0.13348564470379273,1.4535481681389886,-0.9275168625353434,-0.026143211667277174,0.4297626037735554,0.01075526414147086,0.08062989092729828,1.308496982809819,0.4183280970695697,-1.856799251293355,-1.0589262734013614,-0.8565566359130474,0.030582229777982,0.36002959739253637,-1.1016423431982751,1.0028808764584671,0.04453365949277278,-0.5353760059147403,-1.0087380415990275,-0.4427942581469295,-0.35432819390217885
-1.8621640217581998,-1.943208364113898,1.0477145267839503,-1.4672127929112815,-0.8090636848327027,-0.9790165756521575,-1.0337275478550636,-1.4873344638711814,-1.0256957534655131,0.9196222403817006,-1.064277451372621,-1.785506958282537,0.06911990888643667,1.5342136298291067,1.447943969904892,-0.38962265789452044,1.0050060545467643,-0.16509575303251847,-1.689347735384862,0.5488570546269299,-1.2829996567474422,0.28338895776735235,0.12311641670571308,-0.4582282864721643,0.8623890589813419,0.05175859729068694,0.01002944833424069,-0.09829037079019644,1.1943087224190638,2.0362585268000992,1.4674158917323517,-0.20443499715500757,-0.6110748321124655,-1.2929617572575371,-1.1534587138178098,0.8981323303378308,1.740065877019404,-0.6087178754390814,-0.25906775062562176,-1.1028432834574662,-0.6713793884644972,1.6004852150929079,-0.5865578491724532,-1.2490776179922836,-0.17650644129915524,0.34813938574302306,-0.4591623049044148,0.9033689881680654,-0.8674049789968886,1.8567118250607462
-0.949410148497652,0.038064949929500165,0.6841754274103077,-1.4623649994359533,-0.297721166510253,0.2972630926837226,0.4561887186577045,1.081460592987437,0.19079451240357417,0.2883979025422442,-0.0856786118770807,-0.27472695624090876,0.0055200962096513834,-0.7267640540950309,-1.0787608963034634,0.2680435124173639,2.2373587506239314,-1.2312197668642955,0.12659881649190538,-0.6157332581148516,-0.018253674336580702,-1.2441834332997135,0.6690391081182921,-0.15890223727771377,0.44918949644920253,0.26054102137633006,-0.6078950061310416,0.5436631081310842,1.0594234679778058,1.6820858652613622,-1.234943612995656,-0.39324429154751184,0.094853894281962,0.15952292413398844,0.10149147426241704,-0.38724969634657397,0.1454971468301113,-1.3351251097484609,0.7815459492134821,-0.736391149023894,-0.7298949788083834,1.3156125969417292,0.06093895927941,-1.8062573940200828,-0.10210291371579272,-0.8204101553374242,-0.3292966489976492,-0.07936835378973915,0.05789485498434528,-1.1892434047535823
-0.7597187759370381,0.8432436366696862,0.8745740315678588,-0.8165008111139659,1.2980349925487429,-0.8994333615132283,0.39714286410393657,-0.6324325368896924,0.9866764600742991,2.1083434256534885,1.5761497891484093,1.4626798031274784,0.8096806020153126,0.7895718456844238,3.6886781365719847,2.945691265260149,-0.9397704356831527,0.3544954514350625,1.7415855720564672,0.7284995285699435,1.0991561969492578,0.45425938980621,1.0384105584413041,2.5762298882189087,0.8516032323109891,-0.6698313803307083,1.3018211114349456,-2.1185904132554376,0.11775293176022815,-0.5633535412277516,1.621543952390624,-0.4024031069223703,-2.7823667096993927,-0.1968404627159241,-0.1810542330074368,1.0930280400678218,0.5768362830021541,-0.15174603432915998,-1.616138633288459,0.1926119675997022,-2.6663341667954836,0.259579495993062,1.6652247453346716,0.6775100206694871,2.4450095369202223,1.4225244247704891,2.0921988776286033,-1.709889613835544,0.6078765349553253,-0.9071568140835784
1.3150695862845978,2.048203712122943,-0.8281987541704742,-0.10688607931850534,-0.29784024654253527,0.8556660993525069,0.6185116214851439,2.122364225014705,0.5184488148596786,-2.0829242229064246,0.9383201890828826,1.6994976882837223,-1.9508977218348729,-1.7027801320893858,-2.014479018404464,0.2507128160246686,-0.817908996380183,0.09883549824806694,1.3592488694527816,-0.38799457012803673,2.452966635833724,-0.31560848646884215,1.0951245172489634,1.517603512301203,-1.2295878002651104,-0.9932773943166414,-0.8990900167999245,2.1068428451901373,2.0023074637148977,-0.29965194669533024,-2.1766940564644726,-2.13847185099769,0.2675848574596612,0.4587206438468481,0.5849529976701321,-0.27616083194909263,-1.4731252911596229,-0.7737313876130614,1.0896957076438976,0.18570350440545041,-2.149892131794042,-0.6807647622645809,-0.28229654917215713,-0.3157957211421558,1.8939535999117005,-0.9764157934674477,-0.9967708405252259,1.0213001610889991,1.1474549327262074,-1.5371601909805468
-0.432917435490473,0.197005559318776,0.24094844411115884,-1.429126864880396,-0.3939921687992844,0.6338057272126757,0.5411287248923314,-0.3976291471559114,-1.135872054002905,-0.18541952308192505,-0.6516367116287952,-0.48116708418276166,0.29766586638249937,0.4742367796330277,0.3077471489744472,-1.1117483429259802,1.4186048971052632,0.6977217089922458,0.3980675549987857,-0.021390035412669914,-0.011527871360876952,1.0437291038536656,1.8891095676440195,-1.1622267284144574,1.0574528295475205,1.9801324376931313,1.1102324773222976,0.27931718136243516,0.9288498237459506,-0.008257828431297479,-0.05587994101665309,0.4985052082926615,-0.4424369032823267,0.5871379263233835,1.9025807749449564,0.16214454460364414,1.3329585116177236,0.02507310438015304,0.10828548412774174,-1.5532167049770316,0.8417600515172508,1.2094039782196495,1.6640058783849156,-1.1034842156403226,0.14882376538752012,-0.28503276738163635,-0.49841700901377517,-1.1905074987207378,-0.4190140509157855,0.002909476057937992
-0.8975223588003647,0.2835993887425797,-0.5602181745970609,0.2652545634837553,0.022345688894043945,0.6370331221409675,0.14307328414883197,0.33594487887456104,0.0675178639366949,0.02234536626478074,-0.8669516495706114,0.480299096903184,-0.4108851680312265,-0.25187517412454125,-0.4212160502504538,-0.701055896400428,-0.41064185346053783,-0.12544152443237855,0.30071623573466455,0.10716892304725384,1.0045073322361457,0.3788227115597648,-0.48643618244678105,0.21636469384623935,0.7024875781687746,-0.21696696567419835,-0.13437257741778766,-0.1789206755171123,0.4963963587806425,0.522179114439011,-0.757009592769524,-1.0745287832846875,0.04310804131440276,-0.8280768228286354,0.45385679659254813,-1.7063189440504096,0.6264680771009895,-0.2741204152081004,0.5486565466243023,-1.5036805798871835,0.12638785605969421,-0.10350414847511123,0.4296870322112977,-0.3919361289352286,0.4112614971770628,-0.9590355301824706,0.24008324688901767,0.5506568053676176,0.879929097967312,0.07400368724382145
0.42846545909897354,0.8164958035747791,0.1946141747610942,0.22128829996035373,1.8794668401628722,0.9675405568010356,-0.38282205364975963,-0.39036082082341017,-0.04088160153694167,-0.4523168499275355,2.416522835704738,1.6231861534777983,1.284147250154128,0.08206320732606921,0.22173966363306272,-1.1950238558010045,-1.127040019182947,-0.6915464601207078,1.5047884241955867,0.34742565789057794,-1.2370922205581865,-1.8515712915843188,-1.060370400722603,3.0623355506101184,1.167037607797959,-1.1048810766389638,0.9482274500050702,-0.851467660053186,-0.1546690815491649,-1.1093836332723546,-0.19736328296587155,-0.3601970045601073,1.1796579676087717,1.177271820819045,-2.103303965746561,1.676458647151954,0.04912349136045596,0.8955291920597481,-0.31863099775848347,-1.3458284645345657,-1.6395258466681901,-1.1120941042940258,-1.8651328185606435,-0.11742075883475844,1.4407753258435072,0.9353340138928131,0.2905498268476163,-2.044118291127269,2.3983955158167167,-0.2145348138655057
0.0957445234389621,-0.36197427509684293,1.9151221927196556,-0.7941057352773573,0.2714770291498934,-0.27642529476595307,-0.04596013221812509,-1.5105639849053605,-0.9231030445613099,0.048216503566078636,-1.2515196587323516,0.8920663934547419,0.17436229728905786,0.4887697194054412,-1.2009365797616904,0.2644776095132488,-0.7314801933787693,0.949735522682342,0.169647793602301,1.5177587472765768,0.24444414771498446,1.9344028691422355,0.8961886847407488,1.5549598392313873,0.5151979219652936,-0.6242165879381966,0.37325712855509313,0.8899660536054576,-0.39741845870695636,-0.0452987863727993,-0.48326583556103947,1.0387135964437086,0.5428567355444074,-0.5326489783315853,-0.0933289102364973,-0.04385851050132187,0.3524531187270707,-0.12767030242269062,0.1240509689264662,-1.0972050762725112,-0.5914295749619323,-0.5158640781303148,0.7326882909521666,1.8069020629026478,-0.07785366320373867,0.716663177977875,-0.9522322767641723,-1.1221622902463726,-0.9113865637786324,-0.6286286482885738
-0.4377200657330858,-0.48690137669029154,0.9494499499403906,-0.9081524160552756,-0.75394212974694,-0.2295028185864236,0.2187742042134724,-1.071270777672439,0.052382485862857014,-0.2177135670351772,-0.6339249395056189,0.02182007972195379,-0.9960470797720323,1.2385742060910943,1.7741754922820452,0.5698108846447566,-0.9302974507306063,-0.9977293052711214,0.44548039875451667,-2.342400793409115,-0.5000422112411572,-0.4198290811030565,1.1356914607505812,0.12343487083801499,0.9195463017952767,0.5958317922714298,0.4969489346096838,-1.1818211193062351,1.2044052955424458,0.23310885907639725,0.5985775389804299,-0.5411956029362306,-0.4638952755789736,0.5396746258126881,0.17618602927971524,-0.7622908274780106,0.3706463632386335,-1.1156715688591294,-0.15664215421257469,0.4207596693940396,-0.6488581542230638,-1.9247404072805034,-0.5101716014392352,-0.6242365579905463,-0.03720696642133254,-0.39177209698530674,0.8100991545341291,-0.7609982706836954,-0.6870317547145194,1.5037211444190246
-0.232424510738129,1.5411020660510795,-1.8374028648486622,0.23551314972961745,1.52266185214838,1.733144727166768,-0.32624228812909595,-0.738127192549077,-1.8559383680142394,-0.6251102771570021,0.400691431723003,1.3721168830343202,-1.2908762769058015,0.3851513237449077,1.325881738675622,-0.026210858108271094,1.2526431805935232,1.022292232030339,1.4286726177957463,0.10373912474527594,0.3822999083426312,1.1959078815549624,0.3426715227539244,0.41866162096224857,0.7934320543984884,-2.1571655446072175,0.16102830436098284,0.34041598917805943,0.48136266031742314,0.5731753800083171,0.1023353476859196,-1.5004683941201657,0.9287518302205617,1.5110926847998212,0.3327336165393098,1.5715298131568363,0.016357143156711374,0.8245136077121447,-1.037705552748578,0.9199544917755638,-0.635422079164416,0.07251961134055504,0.651614199752432,-2.608950307188068,-0.03247368809607269,1.8549004211955717,-0.744044679579243,0.13811315999071083,0.3521583643543004,-0.9740773740327439
0.2646638202220619,1.5016494109525458,1.2211680851435818,-0.05707173302786696,1.5879825676299546,0.2735945405562598,0.24300181104136379,-1.063921438738673,0.6895298600484535,-1.2225335733248621,1.6412124219187676,1.8371437156665171,-1.101888377400355,1.5581727232900002,0.2430295836443424,0.44107740408409124,-1.2906436838958497,0.4888153525640325,1.153420942092865,-1.1281969699995535,1.470729703088307,1.5171871436558682,-1.9390333186537598,1.0525782495627323,1.1917178930174654,-1.0880541770071097,-0.3952733026937026,0.930269440576079,1.376574364036732,-1.1245000963478204,0.7715225126803978,-1.6563407670510115,-0.8530058941749034,0.839931696729762,-0.6863499238886245,0.556210623723592,0.049707125347314834,0.9793122124812308,-2.7930466156710225,-0.539473052587449,-1.0552579825651194,0.64791735950621,1.8232656563432144,0.586364467699003,-0.037591943956480245,1.3131228652608973,-1.6742166163148748,0.1804242735390332,0.8039456851925002,-0.5417935727922654
0.8660496670741044,-0.6923852159258457,1.0810815216453535,0.9835554546968012,0.40741980031614866,0.37479271380504053,-0.9725937206207949,-0.5527728451694931,-1.6807165809258964,0.21704241255850465,-1.9627036132725804,0.35667108139537756,-1.1448986279905091,0.4234653509830903,0.7588306331543683,1.4274442457521836,1.0282276963335388,-0.7268254648624429,0.14418930720111242,1.295374053368853,-0.7566356237226968,-0.9447307290121174,1.228724634667914,1.0845405149267793,-0.5101318398117568,-0.6438150243796138,0.45833814687039454,1.8703595657723213,1.207747217609623,0.6507130992373008,0.4138394773039327,-1.1181036674420297,-1.2748356090447865,-1.9475185100437078,-1.00362655088593,-0.022156744348279175,-0.2832070858545943,0.5693163888370972,-0.30198426557630054,-0.43001503718823725,-1.5920364273418626,-0.20724989471671484,0.531163409736105,1.2574415378447394,-0.1493852705769868,0.5932665614543543,-1.1698034086019413,0.3109753813600735,-1.4093861896657363,-0.18073691595469238
2.118905063199396,2.2979590352385113,-2.261576564610424,1.344693791333949,0.4775334690932121,0.6881482551658779,0.736748092854531,1.5934490532112089,-0.5546805068697288,-0.38380137542160386,0.6300262974782704,0.8984661641318252,-0.2936648132510177,-1.1338332749169817,-0.2861836180084634,0.3478890886999901,-0.07252423204924895,-0.9645622098325617,0.8799802350373686,-0.8145872684470886,1.901411414987028,-0.07594861574860554,-0.5965846605816842,1.2268130480645991,-0.8227164840931445,-0.23639531660315605,0.18920445960193152,-0.9663099134891112,-0.08551741585843342,0.6980731986844724,0.4824205721599607,-0.9494025667598535,0.32898101417867864,-0.006314708017542785,0.2473591706180267,-0.6337722582816139,0.42946821124971085,-0.636754927654821,0.5920741757372832,1.533713651181604,-0.025769034688769104,-0.9865082767474598,-0.46979902854353794,-0.6361533465742293,1.0106579256478005,0.5022158882232363,-0.05191779852596024,-0.2291878245762435,0.5259019229204148,-1.2640282973214905
0.3780958237349972,-0.8655997431260877,0.7572832493961501,-0.2359786489693601,1.4523261177160736,-1.1651071829460802,2.7133248193045643,-0.5767446181801719,1.100005601850234,1.768305153448338,1.5294327130726972,0.01884148467480831,1.1556069224568986,0.5183429425174533,1.084340198054247,-0.9412284449562064,0.2579230821465637,-0.7678936055231814,0.8931908846282328,-0.847524840080024,-0.7321530172853714,0.5529647804133421,1.8641583063958809,0.9109826964561777,1.1256911627994342,0.4254316807987089,0.36573013870480275,-1.787456030636023,-2.150853476599555,-1.2021179600672423,0.7591673440836311,1.57044780867149,-1.047133137153737,0.11200667819095292,-1.6093766091935913,2.5295364564238914,0.1338025431828955,1.6264765634319684,-1.7095170521218164,-0.9186924620348919,0.9539014685765691,-0.5444877820004249,1.4164827715951045,1.0956475783270212,-0.3222003857228135,1.898876337584283,1.8686493443852157,-1.921039285331401,0.9905455957339396,0.17146167082785616
-0.3528581803720971,-0.925664036070945,1.0880178406426284,-0.5917353727811246,-1.1528079916679292,-0.6347235525844684,0.9985933410425284,-0.8489628256208726,0.3369706230069008,-0.7517477864238947,1.1242315928624478,-1.0177589105734215,0.6615166102368443,1.190699806343416,0.14772665969998144,-1.1810044940856925,-0.7384636379823858,0.2624932891066118,-1.42086485765166,1.0032186828666059,-1.6188437000830536,-0.03405359472079488,-0.3813289362838763,-0.37322768822908825,1.5010811302312643,0.1447510671132908,-0.24627779144816112,0.24898276244684184,0.030730385993499695,0.33037485730001753,-0.2912116106594288,1.0913461361371561,-0.33575385455808493,0.09240258663609419,-0.0790692428467427,-0.6810150042579024,0.06289920269080067,-0.7126537791148744,-0.09934085423471566,-1.5638831520973393,0.47902473467799744,-0.03306380456131367,0.34692522211679067,0.7062350390013978,-1.1047548256087323,-0.3056712264431353,-0.6125531964809517,0.813924082824385,0.8144490331711207,1.2996144375217193
-0.18003129949159627,-0.5893516715367655,-1.4806140214586367,-0.8152893314314864,-0.6703182904456545,-1.2035978002233714,-0.24277784288781662,-1.3772872524886652,-0.5320253676817538,-1.0600730963426754,-0.35374144357310994,-0.5487795889523679,-0.684375033913978,1.1910789036463663,-0.6193424023597952,-0.5827185069797335,-2.5584520313842183,0.7875169890473515,-1.056258838824785,0.492229822954597,0.37214559193927527,0.46042308708640717,0.6825234545710538,1.218692610648231,0.02772179253093829,-1.2971241544448961,-1.2150068261002935,-1.7228802521750555,-0.3697290929800843,0.4770284384261677,1.91843060170208,-1.3475157496885397,0.15156040367380616,1.7194545205629415,-1.1120422384056312,0.7130323546240933,0.852185560374374,-0.3057495206317162,-0.5309178078189875,0.530794487363905,-1.028219301243069,-1.4921833634374657,0.622323167745476,-0.4653591895008238,1.3349318395048382,0.37814475435532274,0.227016889949048,0.7512451399458908,0.3664356337238673,3.1405561633434873
-1.9105646892740678,0.026908418718070114,1.5347624329157517,-0.7958201237890079,1.9625029843361115,0.6357846598301609,-0.34483731952560576,-2.007132099867683,-1.8412080630746008,-2.857965394531961,-0.3435663181315617,0.053196841943645594,-2.0166972360710838,1.4874077837317488,1.7173968421907513,-0.13624813449561832,1.0663376398954523,-1.2121329555553944,2.183255138121601,-2.7159411656468566,-0.16267377153907644,-0.9403045676218553,-0.2692561755738551,-0.3851700453793006,1.6698858591729036,1.3312567054681135,1.5335743366067993,1.9745989173103728,1.0384660494600666,0.8758048061439493,1.0366014687295573,-1.1687561440885326,-0.3280669308449273,0.6002904327287593,1.4539841864471674,-0.35210937811209153,2.414772026294658,0.27062307752216563,0.19419033010680442,-0.792158531545845,-0.027106355971497895,-0.31846435083006996,-0.30479366442020533,-0.03878605990354154,-0.9593063803168255,-0.3750358390372367,-2.4889480107166415,-0.9398633752812348,1.1583357280597282,-1.5146607701584374
1.0922602362258447,2.0218955312202445,0.4150212758472247,0.11053089271421647,1.8149574492477756,2.412678875402764,0.12270278057952341,1.1532498300048464,-1.1509896249165708,-0.44879361069827906,0.26206298313493065,1.147433390702545,-0.20399285226758448,-1.853431808935832,0.9101620327378885,-0.40304821250588546,2.2171843040551424,0.7495479122552156,0.3781998953453641,-0.038747864094563544,1.0802413596666702,-0.7041087307063562,0.5543736132255612,1.0257297923644846,-0.905589645160522,-0.15561338866434155,1.2617591857186945,1.1312592218193125,-1.398137664419246,-1.8754160746287964,-1.0481373275564048,0.5955766596661947,0.09185010963382996,0.024478708745524547,0.2866307172722042,1.136167940762239,-0.9713444938184735,0.041794304626727376,1.3698672783287884,0.6861732394748772,0.25848643557754836,-1.2075812972365154,0.008527839676516933,-1.570029057797456,-1.4057661004965742,1.7380642575817593,-0.35589542151077486,-0.8863521190477704,-0.34400633915538525,-1.1619976857595808
-0.5333135516905989,-1.3575948549436023,0.3896284760669553,0.5000648080118819,-0.3281555410652997,-0.5395020575999644,0.40206130365252496,-1.1723199787032048,0.1318402937894292,-0.13633699000193078,-0.4475950445053364,-0.9385305582950947,0.24748610093171858,0.12762413439036077,-0.5140764298901797,-0.344434901796514,0.4150488443527978,0.523200649520434,-0.8148497800041519,-0.13133382092555992,-0.7414932951235526,1.8617486284055542,0.13963544735244193,-1.0848699273316005,-0.5661538189576711,-0.6556893156246202,-1.3000180463271467,0.598832400540514,0.3365467626852349,1.1403625744610935,-1.0271037416395559,-0.15278603742245583,0.21553787731617496,0.1468316905962549,0.5730949731545908,0.3415944668075874,-0.810317345416446,0.42627343713727334,-0.5126492766588306,1.1533601801106168,1.2580460988523976,0.6667864338483196,0.9028355072809838,0.09792377894345215,-0.21625314177254065,0.19674771225936474,-0.5297337806334916,0.8381713351535325,-0.6104629336443347,0.9308906672181643
1.6881535481873775,0.11173397736008729,-0.9083027588688555,2.817759131861899,-1.0261661097131058,0.18283880598923008,-1.843787369038597,-0.25729036970219976,0.2571481325284829,-0.5826921848595239,-0.7470732256898208,0.11295585327407018,1.117827514667659,0.5054978637322434,-0.9589890703731087,1.478393866362015,-0.28482772022170505,1.6588636732897495,-0.1657200559402046,0.08154648942165431,-0.4339153702839393,-0.6674445801522187,-0.10577016566150682,-0.17698917950081822,-0.8424927818918574,0.7476903561302034,0.45805841982197176,1.119152548045162,-1.5180154833083646,-0.8142525646666392,-1.5009138116715417,0.8132093571543437,0.32613662735886906,-0.28098990985773936,0.0756778470182347,-0.22660676120774173,-1.3884855444085864,0.43474639843156365,-0.36294539396906345,1.4621883599050751,1.1827177468618966,0.9745649896618044,-0.37603901824387215,1.4836349927545422,-0.7818850268093165,-0.4493587290581857,0.2849134142774988,0.010365660911657736,0.5005542979778956,-0.3749247791005688
0.5908806981976499,0.8322651819002957,0.03755984591580748,-0.0663574204481132,0.3220469440955345,1.0602735043476146,-0.44691931063229134,-0.4950467221117147,0.7590916441262535,0.5434804214830171,0.17449899017584017,1.2253904440448224,-1.1175486742904701,0.5530981858870364,-1.1771530545083042,0.9505218985830718,0.5340075137300061,0.5753811369867157,1.2345956182990947,0.48340879639621587,-0.029099224550782066,-0.49370851984140784,0.40221418899213024,0.4348604417726326,0.2917713206916078,-0.19297714965613869,-0.31036645490646414,1.801058584806535,0.9032397294492673,0.6075845934936412,-2.4106313161808512,-1.6075391778196844,-0.2023191911794076,1.2632403743236704,1.4494929749644925,-0.07371024152414746,-1.0897412230010337,-1.6055452823885619,-0.5395002579376027,-1.1365349913406644,-1.304101743806235,-0.30867767301126875,-1.181683117874237,-0.4736308456661198,1.0517721403858502,-0.5027128938378875,-0.06985064222472423,1.003171483226757,-0.5130672307297443,-1.580998822323337
1.363339411492175,0.9353295440425707,0.6902520357465411,1.7652378443713133,-0.0889709739957102,1.1257573497341273,1.1399121923298325,-0.42811793254512653,-0.8267311649800045,-0.2529650406770956,-1.0315203685092895,1.2711272056915703,0.18566325981638312,-0.3505747631894294,0.48388587446470377,0.7425902598744893,0.4751639419760793,-1.6542231239876384,0.09297099892989442,-0.49569597008451677,0.6329233587941213,-1.2148361030902723,1.3859610509087563,1.7459224285510695,0.16219391206727463,1.1554405064116362,1.7111345109668739,0.1429013360688683,-0.9557269631703057,-1.1649967571907005,0.20283389298355697,-0.66700456978345,-0.5201147114834465,0.5345570484794956,0.8764817014791414,-1.418546077534154,0.04248830219990608,-0.6607102206847797,1.2304342398176944,0.4728982625515529,0.2861803912843161,1.1808582664595668,-0.13219213069945446,0.047507454507684864,0.6378417866597624,-1.6663845878477155,-0.6459865960363727,0.48411589395663107,1.1225237818610105,0.19910848483428448
0.8322634305163565,0.3419071443750482,0.5546713087421766,1.003595350135134,1.4645020176473003,0.7653040828334841,-0.008138842733167862,-0.9385336050159936,0.5195553477433275,0.7962459225177497,-0.302948209943891,0.7993205961630203,1.1470312019248043,1.429305627356621,-0.08949458626703077,0.38498882768669934,1.5554506747791415,0.3446583932689232,1.0380601490961774,0.9854252535707999,-1.1263747109160875,-0.6707519642408454,0.9323037710571435,-0.05867484082761877,0.8641928264050138,0.46650969438404577,0.5857314755864391,0.9143285774894329,-0.5252660416853823,-0.401416619898402,-1.4128823718205075,-0.3107653261116182,-1.295054600326146,-0.07574466438340774,1.0122655806971061,0.34438630886465227,-0.1250820274782412,1.3796000985620482,-1.1389197082302993,-1.1404237085356432,0.8072367734512551,-0.5519924212373646,-0.12445353615942475,0.23716547722548817,0.5876699413428599,-0.36051620771699744,0.24761564447367587,0.4421664554475731,1.9469428556594306,-1.8760667158064799
0.7740277532420126,1.3594150941591057,1.1423050090755733,2.433284422333881,-0.4686055813764668,0.9820621600281108,-1.4613655257220757,1.7638024350162356,-0.2844537488329713,-0.21500879628765546,0.19405120874352727,0.47130599064854684,-0.8602087074316775,-2.3435513568093116,-1.3332024150757744,-0.21165879275685895,0.06185017051318106,1.3714072618056192,0.6406107240615913,-0.5268926776568852,1.5456064093126058,-0.28193808265376574,0.18400792256668103,0.9761987368689737,-2.9256341967821142,-1.456772889168362,-1.8092240281299534,0.6682362370095642,1.3431697074226316,-0.5763142907476012,-2.201463749044634,-0.07438220521531694,0.3097580025394951,0.6306722058819247,-1.3170976326080919,1.332089365789435,-2.508769402700188,-0.20976749064073277,0.8924701698189129,1.9482232072137127,-0.7796279240100318,-0.46127061352828086,-0.5966386483171424,-0.06478554775057499,-0.07690318284712734,1.1282295484460179,0.3525021678262885,-0.4298372786954742,0.37950175620507526,-1.3497046095873437
-0.6679861461143265,-0.5090345384544128,-0.3606905245974536,-0.40091689463015034,-1.8033122209003103,-0.8238212549387912,0.19278530019878679,0.9486648013186033,1.8879868099157753,-0.09010385491781768,-0.7332974017912182,-0.23008024674976935,-1.463402717617801,-0.46453499500783413,-0.3974816816607981,1.68030807696313,0.3301592904981408,-0.6348511176565159,0.8553474947321932,-1.3073477247040535,-0.030520755754309507,-1.6116926075949451,1.7882971505537364,-0.6784561401744764,-0.7636552618438233,1.9249742288145235,0.36846652333569585,-0.1496471240865147,0.7308500703264946,0.8280543256648552,-1.1339287965268385,-1.1009168547790684,-2.482219017075184,-2.194850919618435,0.6082708448143175,-0.7681236250423444,-0.510780527057579,-0.0037103010671203345,-0.02840309234869068,0.6530413396984313,0.2579808231407091,-0.28990748945995626,-0.23283908343890547,-0.483248531553032,0.6913909778677707,-1.6955470482089157,-0.18183033579930954,0.9730472678938955,0.3458677036847209,-1.188260191058745
2.711717532379529,1.946933067571019,0.04959153074266447,2.797626458876882,0.5720303176700955,1.9830317005156897,0.8248763336381202,1.3074618655199202,-0.5748055313646403,-0.1993890434291047,-0.3845904109051412,1.1879378968269814,0.30517894252230054,-1.3654010409421002,-1.5433852586863375,-0.06914788107833658,-0.5615194891376706,2.236888764580619,-0.02726033353366623,0.09921392690185621,1.306482813785184,1.3930237622261579,-1.8152617101236148,0.020682321625313648,-1.5690268420048585,-0.2486174965965859,0.32060639030720584,0.9601365683667478,0.8845148134244162,-1.578969142358506,-2.1485550764402457,0.054643157854602366,0.9839559419756049,-0.7989086902594015,0.06286516775954998,0.4854717035844734,-2.1223432633762966,2.0790992787160603,-0.44384156427443244,0.48325857969882496,0.5211694227334891,1.4235205604418737,1.6256325384763473,-1.3174198563194068,-1.0933995196056014,1.488952851928252,-0.7538742462731284,-0.4690744729043443,-1.1282284995970997,0.7307869166279145
-0.42328665095445867,-1.257945331292914,0.5690043110625086,-0.8164236108694262,-0.3367439170789115,-1.2225793268198457,0.3722333186220929,-0.9830306228229082,-0.7911214017394729,1.1418582223084672,-0.44636345703012514,-0.45853370563710705,0.07878573199585431,0.7329560446176202,1.5051335394561562,0.04253373271033607,0.9557807992434414,-0.9765919210658555,-0.5006002142390134,-1.120650138649093,-1.0331516965956047,0.13331105474223576,0.23438402311104825,-0.14668387815208192,0.23369967024152327,-0.4129302647992022,0.30083664067189886,-0.6086454703403786,0.10672431302993185,1.3283402837566682,0.6544058236980713,-0.4509236569006122,-0.45893745065467306,0.43363820018437155,-0.12944002321015496,1.1117720613491113,0.47125110587353225,-0.004205136195247792,-0.09279591141194822,-0.4467507605247541,-0.25292545282092627,0.3166090631826748,-0.2320982756464138,1.0102451428021657,0.6480597785547835,0.33963281879475227,0.5133863900675562,1.4098768634529175,-1.3623902105357153,0.2728911886296353
0.06026450735800956,1.8365351567287165,0.4951535711175526,-0.26495865857217593,-0.13373432297045554,-0.647748550449059,-0.8778939807036341,0.12040523645795882,-1.3303221848703572,0.5996263431779126,-0.06655749211914545,-0.6800530689575686,-0.28373739163590234,-0.4523717666195404,2.0793457587795983,2.3797906559939856,0.9911397612453735,2.414744222072191,-1.196038150365869,-1.3009898682547236,2.4641036472269433,1.6765089883972983,1.1891653385323757,0.7552706102291115,-0.9981791835850403,-1.6492869351366006,-0.5931575578836794,-0.10148985443681434,0.11824102783528606,-0.5250208614373897,0.5856504195481711,-0.3545736511071325,-0.891039292021737,1.337646739682006,-1.661668279115189,1.6528945248970146,-0.6627819654494598,-0.9594999944427713,0.2405232363258632,0.9276392272963613,-0.15006257156425026,1.0150414489684145,1.93097047261767,-2.2758744571531175,0.9455687301961105,1.2945126467336185,-0.4035056549953088,0.8795781429636762,-1.7800230652826667,1.6161159697992995
2.4754744957220174,0.43594477327868636,0.4820263231422896,1.2755224468244448,-0.7766017120805653,-0.48037771918104666,1.8239571543108395,0.9810194093610369,1.140198383674542,1.36578258434542,0.05115229965460055,-0.5521600777112732,1.9879414338729628,-1.0100751370971963,-0.22852264202112654,-0.8169618937363742,-0.08005824157778027,-1.2515332682817235,-1.0644019289669242,1.6634386882935157,0.4618165643505011,0.09266980652576892,0.6993292440255443,0.6767158612798743,-0.10589064072814894,-0.7232746623706628,-0.5864963126220665,-0.17312885803411723,-1.0137960160156423,-1.5899499004653759,-1.415772922460864,0.41757505856210186,0.1342200485691368,-0.9399039970714803,-0.5513185315843205,-0.11962132151513559,-1.3375610196284566,-0.5865940448529355,0.5100983980078685,-1.1230069356016408,0.007850075136232947,1.7653227541529872,0.594895070949983,-0.38672172773019803,0.8955241986159526,-0.33227380720426947,1.4078702857689442,1.1573484253847455,0.31594043972985525,0.46826809151755827
0.12175368140166776,0.07285681237453032,-1.1808898940883323,1.2126890166665174,0.693192246595045,0.5498159151800164,-0.29565457625687674,-0.993927143360439,-0.6140524977531053,-1.3043412353671282,0.06836441083160433,0.9336758355556082,-1.1904331232061367,1.1462639526614071,-1.2902811072585363,-0.14728606898161858,-0.1622538278842061,-1.2692754030928475,0.6202393696700312,0.1612106941527026,-0.7418213972939971,-0.9905888010834608,0.29758139990914895,-0.7645122045072493,1.3992716737274333,0.6484514515493963,0.3871148021432101,0.792127329828753,0.5731158523380855,-0.47023292851876836,1.039376688766094,-0.504068598995501,0.5363177641106674,0.15369162591954288,0.9839656596048155,0.0926276071386258,0.7456988733224912,0.7202700268375957,-0.6799591811484327,-0.9536466213350311,0.7968917769150807,-0.04407109427513189,-0.08756249572110499,1.487674690945625,-0.9114367950985223,-0.05129032889865139,-1.9212240358358772,-0.3235437542850864,0.43601651109541456,0.26921636892888845
0.21629515395303464,1.8195563595524307,0.5352341487823667,-0.08730099843802304,-0.169584475768666,-0.2239462709103743,-0.7138244037670788,0.5515354180839965,-0.7667743877815115,-1.5026282423437969,2.423930359900301,0.5002117794619519,0.2712823495327686,-0.1739795496343091,-0.5605785292779752,0.28459137554824043,-1.6442052747076217,0.7909786890487038,1.1110487739993187,0.0874281262023088,1.3575324760646403,1.8681382926642318,-0.6011005071667916,0.38267318612932255,0.26769215212058206,-0.691364256298261,0.13419257084842826,0.2006818510373407,-1.3976312834789992,-0.22551216290206194,-0.0949989014209854,0.6590024429893285,0.7085461417469007,0.955904515712083,-0.891804595224365,1.7374480319491505,-0.02245504690643599,0.2983549695808307,-1.5346445426678874,-0.08475994653803369,0.8519265685711611,0.8100494467972549,0.6597409131309833,0.4285907370586054,-1.4078293396856834,2.8609061859921012,-0.8521588554010173,-1.3128538871991697,0.7756223464377662,0.5812673747977456
1.1917934259891239,-0.057446903930623655,0.5709007865507711,1.470740846481431,-0.9763898541219732,-1.0814247721155534,1.2771632727715614,0.7659983169630037,1.6021429929317401,0.5279988465858054,0.8158387843578494,-1.3477386470602504,1.5556152718660536,-1.125006068595879,-1.5397158528499615,-0.222783197664027,-1.116411326206577,0.5513911691673711,-0.9280216974473834,-0.6421671965626958,0.031759316553321836,1.8901587537234097,-1.5487726651958895,-1.3448414454787274,-0.2453966552436489,0.20141520043653022,-1.4876532026411877,0.12972693557798276,-1.8956166254410383,-0.8791027775817062,-1.829855110715342,1.7825337132910575,-0.29712540983241986,0.45513610766002677,-0.4874601741536307,-0.22375408829050517,-0.7319614160265295,0.05490012102386804,-0.2997721257284148,0.017143356767395604,1.3594496551320907,-0.43380167400767533,1.9984589859666915,-1.4511382650851623,-0.5542131049233068,0.8909499286379701,0.9366007026132728,-0.43340689412219274,-0.6232828500812387,0.5221564115325403
0.45941383778214084,0.003425503597126948,-0.45853884801336636,-0.9277219892156044,-0.016755518799600497,-1.9968745435579414,-1.6506537922367097,-0.8815428485453694,0.9617760153361029,0.5348559710145401,1.9319397111591945,-0.11271422789854608,0.24970992857254481,1.1331875185565807,0.9884993477916226,0.9582264301301278,-1.6478053601957465,0.6841405478575148,-0.4258010341687068,-1.502065476426306,0.4242700525312848,0.8923558164645987,0.8315269198115396,0.9103462821516362,0.08174382927808141,-1.169124132090735,-0.7921767316130666,-0.459755857375515,-1.6914571983560416,-0.4867777950055673,0.5730525954407419,-0.49428201894025325,-0.8635628835204306,1.35870288153066,-1.4358302046298514,1.597311525375459,0.14087577230676487,0.24555784641180706,-2.0192214879927914,0.42736609147825644,1.4822921089494239,1.6031387295125519,0.18365770830082284,1.1168029824467047,1.0937245105281295,1.5084483668383226,0.6409415975352717,-0.14997303433983436,-0.2591214184176393,1.4886973193339543
0.3896149935010274,-0.7495774698746205,-0.5195875667013783,-1.2290999791667032,-2.0813945283472504,-1.661233087881842,-0.9113762898895055,1.4071435908201206,0.8104574152199961,-0.12434310104709072,-0.3129798294312995,-1.0971445730923963,-0.40973706248962066,-2.0185089769334987,-1.028344045870293,0.5807099516588154,-1.2597844035030865,0.4465249239525417,-1.7780545007429327,0.6956674108946717,0.9081593346126036,-0.8958588318825264,-1.3108345548969103,-0.1725935332596196,-2.615599827440963,-0.987461941772892,-1.4945465243194331,1.3177337877702375,-0.6912173974050692,-0.06291150951900784,-1.335572942590567,-0.11702231344280849,0.287317307295101,-0.34618511164434074,-1.2987587723733434,-0.9458060335142091,-0.45445578947110005,-1.0342044977787104,0.9267587067002255,0.9589517982138455,1.1065540225888149,1.7180941681045347,-1.1873506239586613,0.11274728307434448,0.10876535627393318,-1.2084026629467284,-0.48253014893850416,2.786413966842405,0.09701136648989844,1.6926091335147861
-0.9250743948174276,-1.8101547184242985,1.5492351999988168,-0.9111546051109662,-0.5360850218710852,0.1042385634871944,0.28839841877758743,-0.431181523011358,-1.156392975404086,0.12565677255720809,-1.49666773915746,-1.3701702490484235,1.0136893498593322,0.4135566872769614,0.6008200516748361,-2.371302619798267,1.3575170471709852,-0.361707546738006,-2.298617411558731,0.1926754105206016,-1.1474513696667248,0.3435843928031401,-0.5011911160586551,-1.5116741004297125,-0.09161176050454997,0.297154210913202,0.11077522950060878,-1.4193412052114756,-0.7912589784137575,0.8416252231723013,1.4930251493524216,0.8137099082450778,2.0870371526621647,-0.13662539821226283,0.7670149520399541,-1.482292710017627,0.01051949228241075,-0.7474803049271047,0.3149305929618166,0.431933039660166,1.0567442334063728,1.6249056921075797,-0.3503507294138331,0.6652140232151496,-1.3542580117214498,-0.14242166437520076,0.05694258212011496,1.698166798205415,-0.9956016470261516,0.36865952576778716
0.635704751084989,0.1845226387380293,-2.1984976916013994,0.6717983461282162,-0.9758976261322581,0.005764216241672878,0.022325820913433284,1.1143108229143137,0.5141720012381227,0.08977058371396184,1.7017470681901001,-0.10030797585123233,0.8793469999112391,-1.0434676157615927,-0.34487286438917475,-1.5346713001469101,-1.3625017470460383,-0.9462383049227595,-0.9247656422500954,-0.9632075672074444,-0.024324653597206095,-1.2075058180360754,0.26657952798444506,1.5846400298961476,-0.9123019411546317,-2.352778123987553,-2.3035170413188166,-1.126396822626016,0.8508114868952128,-0.08069660684431373,0.3574492494339945,-0.27934817414404545,0.5916217031518255,-0.48403136572159094,-1.7695324681225872,-0.1914298192900657,-1.02657073195428,-0.2550440152418399,0.15183440508118884,0.9286842728066242,-1.1401392350926998,-0.8397305704468901,-0.7113720561628164,1.5080817665883743,2.0361486980137853,-0.18350024346487495,1.649396328789716,1.640751324999808,1.4068075367715671,2.0267006738838416
-0.6959504564191251,-1.594929447090274,-0.7690727819129439,-0.4108736033247098,0.22227840398847123,-0.2184698337713214,-0.4659049695013731,-0.27614505154732844,-0.002760425911496431,1.3001293387477095,-0.7702241883852392,-0.6298283079857625,2.27687005636518,0.1702531663343364,1.112558619990843,0.7886928752039556,-0.03626851193114212,-0.45713179550090405,0.0315417899820876,-0.0317452281414039,-1.3145303050508408,-1.095684065037627,-0.18569645260177842,-0.7453513603615373,-0.062107775887993606,0.15472342653333127,-0.280355964930504,-1.4935420366867433,-0.9974307739189799,0.539075423174935,0.7892704441168897,1.1100519406058549,-0.9790844914312145,-1.356483291823209,0.2393594403864505,-0.04203293157433525,0.8084149655612742,-0.780532746466749,0.08575541821746695,-0.1952146382696945,0.29487361991244015,-0.9199373473615832,0.511528835057498,-0.6352218067154805,1.7478467976643597,-0.5011975150109136,1.9325642740666644,0.23570012529756493,1.055146478214899,-0.8883179753360904
0.10573645118731372,1.148311285374431,-1.7279604130358936,-0.23020280560858464,-0.8328775452539046,0.3815626850945797,0.23781242158103155,0.4283888624051384,-1.5689442103870184,-2.0432954536401264,1.0810171768906571,0.7519624574635437,-0.7974497607212112,-0.7582102641618087,0.717441604498136,0.878727793450411,-1.1338446120479966,0.1643532443033211,0.4078226161140163,-0.16900926467876182,0.4699535075142061,-0.6374669480284547,0.12313733328128706,-0.199247129663211,-0.30814840747719063,-0.32770069691875003,0.14243510529948378,1.0780542824865493,0.11233377077207365,-1.7353895615798407,0.02069078075763048,-0.07538268016270676,-0.04928168595152366,1.5349764352878736,-1.631745733652601,1.03371087568188,0.7080694598621515,-0.3105101415365308,0.3360970407162595,0.8925483055311975,0.22769503820879608,0.683527705299467,-1.9147440172741945,0.45455704554799997,-0.4260176512138982,0.6189091219347341,-1.0831366596489669,-0.5766634361521016,2.7958997984878047,-0.8974755505988518
0.7287242369568617,1.1325531279710646,-0.09425323419747623,0.5630785215378786,0.6117020013261064,-0.12377403919078706,0.5531135254241772,-0.6728347733202891,1.6891307860172595,0.9602051172681991,2.670757737910732,0.8736561207277775,-0.03004633745367229,-0.17646084534794554,-0.20921688305284086,0.640160742756196,-0.5246497590143068,-0.05741894285975177,0.0683970992667695,-0.7733019809111118,0.1598266641164083,-0.3128019934852005,1.6001096095615626,0.9786957198281023,-0.2112769018651698,-1.178328527235589,-1.0547445325898972,-0.0993702694477478,-0.42959276901480054,-0.7848242414722861,-1.0791926758437385,-0.42721828848577276,-1.0601409238679982,1.1980523769574862,-1.208396530032882,0.7278145038682131,-0.9974701091101439,-0.2358829807749189,-0.25100476957583756,0.008864484051607198,-0.1822606956903637,-0.42804668649078825,-0.3941423415489363,0.24851637494884923,0.791368738839208,0.5178607920677034,1.84583604651877,-0.2679571820966431,0.4922824513671954,-0.6449427010520273
0.4497035320497399,-0.5301654035220001,0.6722649072919896,0.5113934863333648,-1.5941525757219577,0.15061791508616224,-0.4915761705142314,-0.7924245906986539,-0.6672303744154613,-0.10996336211620787,-0.6657847328433435,-0.10782373511060608,0.037553796326718875,0.9442472472131512,1.3806634575466061,1.2534547333005888,-0.14276706336161454,0.8910647520505585,-1.2556396471248665,0.760398706028874,-1.1796551046252053,-0.7855968160888973,-0.12323858548260976,-0.36146499196661835,0.24479309642328406,1.3858135511455811,1.4909713331248189,-1.6148786720395993,-1.046126368359805,-0.6987098873925318,1.1772006063078584,0.4693536645992241,-0.6733968303946838,2.378293717549181,1.5455065989150065,-2.921127512276544,0.7048259721965303,-0.8383776287033563,1.731593135171537,0.19274726498925487,0.9472754439300682,-0.06616709329689087,-0.02315914804760993,0.4052620341499042,0.6499687977361168,-2.453461279246866,0.20424638509184312,0.1686904687192955,0.5178609853579467,0.6967158123782566
-0.8433527855040608,-0.16050999277064484,-0.15447191017685347,-0.9763213225784262,0.2133758659126332,-0.48427329534470026,0.8557932221648048,1.6090679425911254,0.9388254255135008,0.4692785246724739,0.9897753049432244,-0.9846356119682637,0.16484623902470874,-1.5383994627288282,-2.3188230911177934,-0.9136682216072481,0.3296377035956982,-0.4916311801276752,0.8206199018753606,-0.8932413393915201,-0.16318270111558253,0.9705895070302532,-1.843746559985377,-2.5498114467708572,-1.826578197413318,1.221131699008489,-1.0983810402331173,-0.2966408740464727,0.7654699739493703,0.5063679596352552,-1.4557646405331193,0.7504051697745991,0.7288595276017673,0.05994441653069253,1.516591847890236,-0.5676498957869273,-0.920348426244873,0.0827445610991949,0.8635042487352844,1.9162404989613833,0.7373460212344748,0.6114697288184452,0.4352998976265246,1.219546403257123,-1.3493745390468284,0.07367694859944,-0.16186779052459024,-0.8287219016079097,-0.19118063071457672,-1.3132959696024211
0.2722296155496815,-1.730521844482049,0.6049633932988994,-0.7138522359832454,0.6875653248475334,0.5474040000404078,0.44993573435734496,0.04590067443639277,0.17130705418564304,0.6788680316972665,-0.6462198632154518,-0.6284491675205665,1.7723493813148659,-1.8942629285857986,0.4240687156645592,-1.234887302956394,0.9889760052706135,-0.9594736302222436,0.30221102946362216,0.9150967880658056,-1.8984629669675908,-0.8879971834986001,-0.6031445182776665,-0.4741988239121637,-1.8737362514877094,1.1880567414209653,0.7373204025583439,-1.7538539992063822,-0.7314449642169892,1.0506711835909837,0.05098314154501005,1.0964405602395966,0.6034001821958408,0.1351984666650719,-0.09548316840503224,0.9193883889904841,-1.8130646124215843,0.8384749282255892,1.0264883197349601,1.057228583227885,0.8674085830755062,-1.277339128288588,-1.1801442933005373,0.32856576812490373,-0.058725052176366935,-0.31214922306134574,1.2225667429376728,-0.8990746865748784,-0.7326203653939687,0.41808407241928036
-0.12477552645046297,-0.28213189343228434,0.5478165154193527,0.4939934779191089,-0.21788066535316233,-0.9159546202828971,0.028192441284257238,-0.11921481172900235,0.9403094496174927,0.839295623548973,1.8531439164616272,0.7478001478679923,0.43566205154322796,0.04133233851977226,-0.05220705770082193,-0.2579167462645841,-0.5951862462183732,-1.2665583287875541,0.6147270411216195,0.2732429006675101,0.07756796221355375,-0.01281573407886538,0.8957447425734092,1.7747937928990813,0.4707934936410651,-1.8627410247025837,-1.0920964792080818,-0.7623189703560385,0.2500411578630679,1.258921331533952,-0.6163499134162732,-0.8400058270850101,0.07708841377079449,2.5204937936998406,-1.549081159275058,1.3036582859171515,0.40309737781135646,0.31694952331968473,-0.9730958816969659,0.14096136883934535,-1.4075583275305674,-0.015237744127592951,0.6886043129699279,1.9057421011332272,0.8624408583445415,1.1645953159298197,0.877223072820092,-0.27433553657444254,-0.9057261969149626,-0.44243760280698896
0.2630955558193477,0.16178342728654033,-1.5738831811805638,-0.6720661312194174,0.5437191127036382,-1.2999364956260977,0.2533329369557926,1.082823253298648,0.5331560507232281,0.5069456360612753,1.2720809349932358,-0.36488715456848947,0.4030397279858972,-0.5847874262054951,-1.0152655990959845,0.49959783828824134,-0.500941617850972,0.6821562847801838,0.935101985996535,-1.576550341674518,0.5440327773298627,1.9850524983673534,1.1122191828646828,-0.7325916711823457,0.15096002230274963,0.30165250211669214,-1.0256328115222122,0.36169901836016544,0.31767702072372617,0.5821455576230102,-0.19011520118918532,0.8134838957278779,-0.8094607773036553,-0.11226488554732639,-0.10599026677613661,0.8955007401123035,0.366427894499938,0.8154437725776309,-1.7790446855527173,-0.7976882178388398,0.8504030469825138,1.6909367777995126,1.8689017600543119,0.30877419752365703,-0.5229423903641823,2.19110920585259,-0.4953562523294337,-1.78028312395007,-0.6809009777661401,-0.43094595985661616
0.759938185307061,0.6880502024195176,0.04061576218207119,0.7644123953178588,0.4218482014274588,1.7168078158929654,1.0179925019424894,2.244681044662353,-0.8655405650033859,0.6172681985270909,-0.134018713785671,0.32843960259933996,0.08382780785089156,-1.7745880181528464,-1.3200288775665843,-2.2122481514582044,1.6866161604654726,0.6413858273363622,0.5481128303980793,-0.9417192888047519,0.3883768501946939,0.5576887038109435,-0.6930143818603618,0.5543636059901628,-1.0331743448692978,-0.07773272458232769,-0.6421637152713655,-0.2542866907068519,1.4559888847072329,-0.8165695096618906,-1.4158752446028922,0.08770938925785514,2.0632006306507833,-0.22048128164782593,0.10914430998393669,2.193300896573065,-0.5969223963663262,-0.436377793921274,1.1300464143890585,0.7880873355233948,-0.8109903402061699,0.9389262283227594,-0.5703294037173237,-1.6372763550685872,0.9298070436938787,0.3991117023322246,0.8084394870806214,-1.7992849034072658,-1.37700012627281,-1.2050935810750216
1.726238776794621,0.5094181442992988,-0.6733501642102415,1.083304125693845,-0.587406431320464,-0.039429208805942174,-0.5128051415888254,-1.6312268537909134,-0.3104513238295238,-0.9156836844695808,-0.36044818315858906,-0.32497486581579305,0.12102232702234056,1.3785918525735488,0.7823327190344387,0.6964386158026062,0.0951735031729763,0.88785311365034,-0.7685088654852378,-2.2517029075620396,0.04367333419837072,-0.03380535513797401,-0.03528618147933188,-0.19764227938991422,1.3279373435891606,0.01719326244449588,-0.2766450080383749,-1.1236544204887768,0.574119074360113,-1.5676479643434418,2.0646711149647543,0.01314774294776522,-0.2553998613042102,-1.0972452208719932,-0.13482651968322767,1.1350927941060216,1.1956663693928171,0.3196837074797517,-0.6884443951236882,0.8610683057212123,0.21717309271813404,-0.7814298166258762,0.2835867977232183,1.0119759204013115,-0.8002228184043708,0.23136868268632552,-0.5015251974455737,0.9076031336816912,0.26847062996924215,0.15089068535480538
0.16908744945841006,0.8302438926562102,-0.4781007133677343,0.9503287112280085,1.0816519098033095,-0.06609428106914816,-0.29854918043085055,1.119351449603703,1.0924833194114119,-0.8632767503758813,-0.28287962208055933,0.665668139179769,-1.256869963982001,-1.707351304467093,-1.6966537372057373,0.5584632534593736,-1.6135618409005446,0.1453638260751866,1.1605767595470098,0.7791640620035899,1.6366245905762398,0.2946898251374444,0.7690758808589312,0.6922314560366628,-1.0499722209005624,-0.056225970357925634,-0.7378545590463975,0.9661457340631895,-0.5560589309439135,1.0977148578776503,-2.4768645843589057,-1.142805927421637,-1.270253418541956,-1.5363257573694211,-0.49129422694302,-1.4044544666561167,-1.194096609167242,0.9933668462534688,0.10580699515834985,-0.34125180627717405,-1.0989470120252356,1.2779334936935338,0.9226667521307692,-1.2364053951921272,1.9850304961438303,-0.03933114769877254,0.4509834640297641,-0.672168063756262,0.7731616089656849,-1.3645476116968829
-0.43207572849498616,0.7483234864938345,-0.14675590538512834,0.2069280229684929,-0.8818412856267606,0.6091102249862811,-0.9467523391804397,0.03696879392045328,0.1440807252681496,-1.246135981426621,-0.09116779982809738,1.1990239108883114,-1.0678181724234976,0.14806269443204556,0.5684986556664889,-0.27434922680248947,-1.1479419829050017,2.242331305871837,0.8222759884704539,0.3064759846402236,0.6979902874771738,1.3516413954727486,1.3469608830771782,0.26537058089132876,0.6795487892365949,1.1392452880895525,1.6523527558334525,-0.5220575724241825,1.490527258831498,-0.7916750651060585,2.124613930451566,-1.1861990860933953,-0.9089748492177695,-0.8469374843536394,0.9876573300422709,-1.2347124012031128,1.037554447614705,-0.7878150160656328,0.1249614639789188,-1.1693526741271156,-0.135716727816072,0.7294728201445999,1.3465508722623396,-0.8905266562854006,0.32476223126397225,-0.5226582753639984,-0.12369701082533044,-0.18210229858226298,1.52448682491047,0.17174942379650385
-0.026314592052776274,0.17939953307134487,-1.3525965681662673,-0.12539826276281604,0.22069655676748343,0.992514822018594,0.8299204290751785,-1.213197421267859,-1.1557130262488406,-0.4824638301111504,-1.63885155475363,0.8492853648784197,0.7059432939159025,1.2016194938935196,1.0013456135537944,-0.04735527119976779,-0.40668560576640755,-0.7754852184142454,0.030772413923580086,-0.9209924137241808,0.07676686949011509,-1.3186480566818863,-0.8740298804998002,-0.2505452715217062,1.369593586595242,0.8673957503922464,0.9622268602749346,-0.5219615614633044,-0.005304940320132601,-0.06887943610358602,0.6652149634352975,-1.6718236104060131,0.25293087317387175,-1.3399487047360776,2.106633757131407,-2.5430517552175105,1.9316702186598906,0.7029594049656213,-0.2467676922899326,0.006604633971404264,-0.016079676040191525,0.4256400321448535,-1.3350407472431474,0.024126876171756333,1.7147831631435309,-2.412441595013655,0.9978573210703953,1.14194555425223,1.2523401122117412,-0.4306921480828163
-0.28899042801680386,-1.3447005416543043,1.3142723525600448,-0.6945280950072453,1.3067019622852696,-0.6452852764112308,0.7870833366421465,0.4886406635072138,-0.6824334190177432,-1.0841168081977361,-0.238220405797757,-1.4359483587952142,-0.3578356618258176,-0.8064525664572628,0.4125262003669328,1.9446386603355648,0.05347621920136768,-0.5677493717401394,0.004284506923552153,-1.2188899296929676,-1.633956286039668,-1.0579568738429728,0.8758482446620974,-1.598414744164989,-0.6315442536447888,1.3824078338982184,0.06887910070324682,1.0099417839102827,-0.6313465093178853,0.7121011641815251,-0.7747898986430489,1.493575982266221,-1.0525100791426236,-0.2763901416952839,0.8355915810029104,2.0220074781668003,-1.3754474949496798,1.005606856769592,-0.17797678050205573,0.8687083264757656,2.0703398036139915,-0.25727347183767857,-1.3056396965982717,-0.715051875049815,-1.5289482466639894,0.9487440259956956,-1.553478677580691,-0.8559512486481092,0.39027779723969463,1.5190108404107228
0.34109359758152846,1.3560289191673747,-0.16345526090633994,1.480766157307369,0.30100409069512934,2.0649793443503537,1.5827215986103813,0.4343909625962136,0.40359303637517785,-0.5919062221325118,-0.6405075235708199,1.768654852681092,0.047957763421555964,-0.7216004410159353,-1.6259931598434785,0.22585288946734167,0.008361128782327192,0.038927977756430726,0.38030467785069483,0.20294163643324722,0.5428573429900662,-0.22659407101830525,-0.8354804895563149,0.6263884954062643,0.1124710833712153,1.0484281169816303,1.2291587753530246,0.04624320185048479,-0.9636589550373179,-0.36694796843452576,0.09528412019682417,-0.9707396296577951,0.24644456459882969,-0.32908828681241065,1.7337871351661407,-0.8586581795012742,-0.8424337385303847,-0.42291293117907275,0.7601916137188769,0.04865477773083684,0.6193623556516544,0.016904709394558733,1.0621113755490024,-1.4455349647398505,-0.4438262876065943,-0.5323377079928567,-0.8329745571855649,0.49476163296200526,0.8658219490566618,0.008754265301466129
-0.05949367985152424,-0.5696976368179679,0.1394833184975663,0.3780763502908917,-0.7105570924719029,-1.3031871999835716,0.7336374127254877,-1.6051183596515257,0.7947755784482697,-0.052379905001586236,1.0781492878097783,-0.9799318210187474,0.8997506612984788,1.9047846444605154,-1.2801319246254028,-0.4992084547616188,0.3036104430724806,0.4371982108317122,-1.668142382434314,-0.7599748794243694,-0.4094352606686967,1.8732260828951024,2.746216644468809,-0.3136165128397053,2.8495173909566605,-0.20098705292987892,-1.409505841678714,0.2733489812980969,-0.31722113003791996,-1.0032369529813452,-0.1931782630352611,1.0456002524174117,-0.1680347445974259,1.3649432489304991,0.962849033071118,-0.7500465841388352,1.0443573836198021,-0.6429731435801552,-1.3475407328598994,-1.239795607683996,0.28381195852226493,0.04141964971688989,1.6879636865047944,0.32584827977203945,0.1713581997937399,0.27947582081807976,-0.03026113829043822,-0.013683674952544885,0.3824017677485697,1.3782888579873238
-1.4647900305914316,-0.5018056970885122,-0.6601391926311385,-0.8448260948359326,0.28464267834637896,-0.3172565740270169,-0.36484346360819564,-0.8457604429678922,-0.17836872929339562,-0.7378226020367211,0.3832653342161549,-0.1158491884505355,0.2929135924956476,1.2281214237466815,1.0484611970763142,-0.8258174399360505,-0.6564642609526589,0.16366209588748856,-0.6869341338149548,1.016962065081504,-0.7338262479485251,0.0018307582025098603,0.5510835240123678,0.8165226558397102,1.0717612607322287,-1.2612839437980572,-0.12563785104557834,-1.9351628398265919,-0.9417113946791731,0.467073440107808,0.9950642141473146,-0.4893032242256257,0.5595973276470736,1.0998887553812158,-0.08593066732282612,-0.05422137597118116,2.0412903489528254,0.8118828347253332,-0.21686586807906472,-1.6215947000315314,-0.5002385392151648,-1.3019965794749695,-0.4859290607512312,-0.2919607758982619,2.042437856175636,-0.49339492580384636,1.1191431876754965,1.3973342829551911,0.7874763968102256,1.218995932649094
-0.3283229427128148,0.9663540457554314,0.4120166902765517,-0.030034191560281046,0.9429110600366606,0.9431464794496631,1.7401403598363734,0.8902420902682053,0.08283157137900873,-0.9431486565249614,1.2618473260277776,-0.0627334413931239,-0.022986471236028268,-1.0932089558688434,-0.761372367062803,-0.35292985411181266,0.05759152207466506,-1.228177663871214,1.0129848047741794,0.3542404306758053,-0.4320302401881219,-1.164853548056393,-1.2769057786003586,-0.337605108865896,0.3276576010976603,0.06436777613583858,-0.2634887561261541,1.0156700049282628,1.2851627647626835,-0.5045042062129206,-1.8985812147243837,1.0219660716862315,1.2276287201959133,-1.333641053117609,0.08461332976491644,-0.07965082976185614,0.8697978116019134,-0.7045951173987354,0.38891315060841375,-1.800727897102262,-0.8328897530534192,0.8895383305110474,-1.4835625148949434,-2.432395862487911,0.08306835864159053,-0.13968655559989165,-0.2711701972508988,-1.4559678687927815,2.2097110395817556,0.35648431669859304
-1.952367333840191,-1.6917327394143902,0.00220452068621049,-0.9402231021486288,-0.9457534427089139,-0.8656578076406353,-1.9526242093033102,-0.09299795802891712,0.05251082684961009,0.3836466598245812,-0.6537312452160958,-0.35208642088075237,0.24189473845470563,0.298842437716887,0.0001440232329451626,-0.08868555193799868,-1.1433893478774746,-0.3894743876982029,0.2572239962918798,1.499865396792118,-1.179296597868331,-1.0237955220897919,0.005503308897595062,0.1342343035956791,0.1635467948415963,0.15968032901328943,0.40699192506192633,-0.34547092461341994,0.23831931275104987,1.3064308564761455,0.20535463577804172,0.17676729203087005,-0.5640927928966519,0.5773483980312097,-0.3644524918319354,-0.7640692638415486,1.2896687191006644,-0.7620882026382952,0.4285123759961921,-0.9782652725921123,-0.4355830978479265,-0.5046949555230517,-0.002226369463114622,1.5667368035245905,-0.07095385568207231,-0.9308712335444586,0.23891857144098605,0.2679027822636336,-0.6186626173831822,-0.16080838244247875
0.8044485852979615,0.4638290856070445,0.47857971827775353,1.2058832769045504,-1.1865012105774206,0.5083073066764546,0.2181602253113115,1.987155715747868,1.189041030963993,-0.13981998703183948,-0.5546071884361425,-0.414972678999867,0.018980991012206707,-1.4259251616267024,-1.1991431199605715,-1.0290703138185011,-1.64993265178267,0.22455458568696565,-0.3305203779023016,-1.4934679547116558,0.837368134814816,0.1226550653576259,-0.3929323177126902,-1.1844857660394768,-1.2653178762746353,2.0802637371919754,0.10922871892748685,-1.0416357125991194,0.7189489101786316,-0.3879964133649068,-1.4840028953962452,0.18750016629735686,0.06552268490590979,-2.411081277723408,1.5711631591702058,0.34007034101768524,-1.1429348134268549,-2.1975989550127295,1.3558108263596291,2.0578512010486048,0.5647054552827149,0.5779428364267565,0.39280913973151493,-0.08723822412493265,-0.9646118687990063,-0.678116089845092,1.9503153027611393,-0.5694211215333148,1.2508603067138115,1.6005200413342746
0.23019754353691985,-0.9830821837798239,-1.2746651278013428,1.273246268405657,-0.9095276902182304,-2.19034932015828,-0.5700964534855165,-2.0887794505236754,2.5447017633349334,2.7363837839033125,1.0931000186474453,-1.6131955000424871,1.8358258487928278,1.047041232236881,-0.05712900700104696,1.2248299714469737,-0.3033287743093478,-0.21564953679719276,-1.7785256010967603,-0.36058107772449494,-0.8434362630687096,0.13356683133505842,0.04532337945438963,-0.24905911583974985,0.46772610932353587,-0.503045945100612,-2.095185303231536,-2.0045589372599077,0.1893511748906135,0.12822290159324068,0.5974072600792518,1.0375369671422463,0.08332148852856024,0.20616534798665134,-1.2315894169634733,-0.2967740933411562,1.290496317902545,-0.2434248381113394,-1.4733919427963693,-1.2583135117926694,0.0036910802563311766,-1.5138929302469186,0.23567121501200242,0.009999332300028614,0.44382826259591396,-0.055338847423037296,1.9166908196740282,0.2871797277889189,-2.0046870534422716,0.95110085854999
-0.4620175342804939,-0.7169367529061756,-1.2260483644969786,-0.5013684464486164,-0.9327353450682808,0.8256909443329012,0.8357835379146951,-0.8811883735156195,-0.7898002126676957,-0.699232910991805,0.16938810709238486,-0.8745767460685229,-0.45735516140415294,0.332056527362276,0.3743886522992799,-2.11415022175194,1.5602776058348717,-0.9540193015036407,-1.0995419886162487,-1.6909447035599212,-2.1329757848635107,-1.4290293103411522,0.00437816749069482,-1.663760401537474,1.2017278127734419,1.1955925721542895,-0.27043918028133834,0.456264399974241,-0.21029519197115992,0.10563078350017999,0.3101762554871909,0.6066111793989744,1.7150495898233356,1.5234275180339072,2.385349215110815,-1.4222247212503278,1.2130653776349354,-1.2363863627265592,1.3196642245017653,-0.6767798293340433,2.32296772532418,-1.4202308017231773,-0.8252759569946825,0.36212519888459954,-1.19572196053116,-1.7716112351088504,-0.8071875587807427,0.4940305161107512,0.6888046035783026,0.9456110098202561
0.9023578085462713,0.9693875308076474,-0.6759268402759108,-0.38846739307925293,0.9941758473720107,-0.16335028286089423,1.1617497555764424,0.46905576442258906,1.6393362190134462,1.2668061451069406,0.4385761441854754,0.1047295852040294,0.6843224854752133,-0.27587517337060613,0.4371224361256303,0.16742932295278384,0.08673321491876516,-0.1717639290765148,0.626533874964033,0.4544532035044828,0.8662017475481788,1.1271399193708451,-0.4579012937775693,-0.6202417927430024,-0.7185547413662081,2.4377223899924574,1.9400448553863265,-1.1396560821189616,-0.20998824414839706,-0.6250510498173241,0.7909509312411982,1.155719561347543,-1.2165905778538315,0.5212746348931047,2.1859938557607266,-0.916960685260296,-0.9191357450838079,0.6753129539357636,0.11437591174917769,1.242785813232888,0.6817852691099098,-0.8999225680837721,2.848008284253687,1.4465283405513563,-0.8962553979643478,0.2160669422137665,0.918607463294352,-1.7962509121054522,-0.9977575128161507,-0.10004529926318526
0.7175898039628842,0.008505999181814756,0.5024123176787859,-0.44175578594256054,1.0480322311286878,0.1749041184113799,-0.5175437971798008,0.6886409637323645,-0.07762308186419879,1.1341446290452826,-0.9221273498424739,-0.5417782293100707,2.987292218050063,-0.7421923021528471,0.2090918233106281,-0.1377797066281584,1.4192735089033601,0.886729020537443,-0.6307675262704013,0.9599000329297203,-0.1742840149762599,0.4794371824354007,0.957404428310405,-0.39654518747353956,-1.8371744807601929,1.4944150274534267,0.31499125135644973,-0.08276332120198528,-1.1819854657405053,-1.2757273769656265,-0.3659750865657157,1.8333140519314277,-0.6764347076501674,-1.9369237744923935,0.5004667357479305,1.224555249815306,-2.3155490746781897,1.039688032345943,-0.7392925472708923,0.910421811127644,0.40446407379331345,0.11320700877611026,0.3498521508827822,1.0545924487157472,-0.8590917634988091,0.5828097851279409,0.47121767179857027,-1.5377919590047473,0.41001963168568506,0.6286967797467933
-0.49902052171735145,0.8962136845245443,-1.0374773135598983,1.4659734856947562,1.2433756679761263,0.816982730987972,0.37188169703827884,-0.8782116452716048,-0.01639187002624259,-0.6904359930663237,0.5936815041044861,1.3087846675574997,-1.3030828083077879,0.1404433254682845,1.2077767132796637,1.2039405947284267,0.748326395075228,-0.27507661669589384,1.0193857205702737,-0.9354401806305107,0.07510184119918667,-1.0268290900875072,1.1564687173582464,0.6315937812990062,0.2860694216221352,-0.7477835144356615,0.024801521327327918,-0.4459533785727153,1.449441864759748,-0.8119216031870004,0.9879069881963852,-0.4867084616475637,-1.8251297204280048,0.8381293013371889,-0.8513675052480878,0.9113136489024873,0.24858527410591577,0.6974405503768505,-0.6261845994639949,0.9299310585294861,-0.6369339754490545,-0.12403329349099988,0.6068427612742885,-0.2444743915393032,-0.7459565416225671,1.2734232878326017,-0.32807944923355153,-0.45669052493164436,-0.21088455296776049,-1.1736609283334503
1.1147670175070046,-0.29666295506447393,-1.6363409308757493,0.3976805117066765,0.8067400198882564,0.7639850387587904,0.26583070501859796,1.4354854821884553,-0.6233305319355414,0.08601426539845272,-0.9854754053577928,-0.3773061215485069,0.8019190458670139,-1.6663558145823323,0.01736751045700509,-0.12666912801176874,2.565936953461162,-1.6164134531391772,0.15457595552909598,0.9894096028599929,-0.7638116109715042,-1.554773707711586,0.7258588070128492,-1.0669747156955218,-1.0910822660067974,2.3418518899016596,1.6788710594353302,1.8055435547989114,-0.5496728981381457,0.6183755874395662,-1.514457679320509,0.4427689319819341,-0.31907798430494316,-0.8228469247141844,1.5460145444701576,-0.12226351966649875,-1.3012812000382044,1.3335410956055649,-0.006793375750493671,0.32834103391744585,1.0411706638945917,1.1207361363792319,-0.31654554130273377,2.5447368904543515,-0.728480165703212,-0.8923576189243406,-0.5354220921925045,-1.2795867464849695,-0.31684676687981284,-1.2122362416758359
0.9564250567919685,-0.6529519735774512,-0.3286808198677424,-0.30503385820594736,-0.6763333799327039,-1.236202583005787,2.040187374670836,1.2394079112090888,1.8850484538382708,0.7817190252445011,1.2253165314438295,-1.1956976203583798,1.078478079458384,-1.0467088063794987,-0.39502717792927333,-0.8887271678053587,-0.8449589742505703,-2.5342581562271858,-1.650451540364149,-0.6684266568419572,-0.7245671709079299,-1.4435981372730866,-0.6526846624522292,-0.7262371961449533,-0.6187077642177718,-0.6715585746346251,-2.1067020981519295,0.7631129350971082,-1.1022601694892804,-0.2774818612484818,-1.2980870745441169,0.5722614375143037,-0.43214903809759253,-0.4761229888977978,-1.0485280470406895,0.05355237898911598,-0.6067436075936723,0.7669713509822444,-0.9791160262757964,0.10532452148513909,1.1568895149049552,0.2305490673199659,0.7171063619595447,1.9369821298724739,-0.5829944814140008,0.8759024803686278,0.0929216307732545,1.371092104231908,-1.0785440630598844,1.3849047236999688
0.7153784557622567,0.07884428912928311,-0.9003905151636961,-0.04812227797334007,-0.9089280009826914,-1.166223398930477,-1.3345009078628693,0.4961141898838478,0.5042128275998866,-0.4498947723608587,0.060369083850827045,-0.74921545397642,-0.11695549123862242,-0.7834757076485586,-1.7523265371095382,0.872419566164662,-1.9991528430019487,0.21539879473751639,-0.066592756751558,-0.2376634138845411,1.1476515676173022,0.10790077652102777,-1.819918119931323,-0.7126549166913841,-0.865439168460961,0.14626314528464465,-0.9526706446377821,0.2930909824115224,-0.5636664702346024,-0.3903331149538607,-1.6371491505449023,-0.12273183228165016,1.3436398665329812,-0.24816248064600505,0.39704912485724586,0.021576564758001432,-0.3151208788490049,0.007175343391770064,-0.180253324962024,0.07919572805658602,0.4230560346821594,2.040873317941327,0.4270843895883936,1.216458027151883,0.36654277283955367,-0.6609722475692472,0.9191723253719216,0.5554654018982894,-1.3680101884288984,0.3177336298207028
0.4457000533347197,-0.3768441968760666,-0.42681677789235806,-0.2182693781597231,-1.8196810295705523,-1.0301640201662163,-1.0703973803346227,1.1056120754751557,-0.2950278840915344,-0.9989883768628611,-0.8101118944565208,-0.867150568764714,0.18265373998976214,-0.8984335564211261,-0.6101357636581795,0.3091211218179256,-1.6601925590123106,1.1168422847529436,-1.1574038035757555,2.0719097842441703,1.494415001928109,0.162562647149968,-0.9071225931345791,0.06591963435546046,-1.8582789951066645,-0.028746938636504973,0.1103589046708449,-0.24170167840335147,0.4068665791045868,-0.6934023309138193,0.8449385187935604,-0.9967802959488868,0.8197267600477882,-0.06921297534338068,-1.0631234980102127,-0.8805094204957687,-0.6814659640137479,-1.425028251067992,1.629669796526825,1.152710024797663,0.3580707954828377,-0.18404694124325072,0.39674940418714755,0.8466371256686829,1.1691968271345718,-1.0505278728142595,-0.04195110746404957,0.7413611131804082,1.2456516975695615,0.9059659505856819
1.8489650841462855,0.9735033814878391,0.9974250486733554,1.372578479322422,-0.4018614166778507,0.7748057149272402,-0.2422132218569833,0.9515655371465712,0.135282055394219,-0.4804805478630771,-0.0033219574004922825,0.5554038979018727,0.7579385578795927,-0.5190459570614252,-1.4280591959404434,-1.8060333813513525,-1.3583014301853458,0.42441634795929833,-0.4779527853227627,-0.19724153944081055,1.135158793109818,-0.6827917510790161,-1.9652800444535659,0.22105624900658508,-0.726993251894557,-0.6455086799347658,-0.7593432806924845,0.42903609425875516,-1.8163926315273526,-1.0819645702168699,0.1500962415591782,-0.16177055555737183,0.9559510247482825,-1.2624441055332587,-1.1256650322360653,0.47785665842043445,-0.4126394707504044,-0.7764966826689602,0.8984559687222524,0.5233817014343348,0.5799316299744836,-1.704469409332287,-0.9679736781052354,-0.4371249870730535,0.15576723451529723,0.16871811422065963,0.2077911531908375,0.12362082307147651,0.5505438147756346,1.1402203676960871
-0.7865709127127705,-0.488076250848604,-0.014568351946378113,-1.2814392864497623,-2.7002689800742625,-1.2065203420862924,0.42871328599622277,-2.0882622302216878,0.816818523377796,1.7367801047107623,-0.06860121107296187,-1.795915916603875,1.7020713998660568,1.6027398729138875,-0.33371251465818125,1.1449992998903251,1.1248306197903548,1.7607666867059044,-2.3372329984381666,-0.656613164893898,0.30682206273767726,1.4270099359884583,1.621016081841965,-0.6470957026455497,1.7390713509126985,-0.0493079474700898,-1.208913684060943,0.5590479552871536,-1.6834512167830304,0.49861739475668426,0.10263944343021787,0.1910961423819794,-1.9708814044893461,0.885946648986867,-0.12715958110771128,-0.31318924810372156,1.4345877950708599,-3.161286775879211,0.03367839112129576,-0.5899072015559916,1.2109116153040238,-1.6848031358296038,1.3359467015279096,-2.7352134128084864,0.27593777780816053,-0.24044575589595,0.17177561100259708,1.8165061772865145,-1.8680472882949213,0.9610830757692379
-0.00832964129804266,1.1099637364292654,0.41974839545069514,-0.4092268201920844,0.22471952542236548,-0.05859344932009219,-0.42493714881334205,-1.2275712675023103,-0.7864708648181089,-2.5486194695683566,1.2108146334467806,1.6323530031052624,-2.27964513201823,0.8101519477454181,0.5893645219760557,-0.13185156708904,-3.3457573475078117,0.570893515938132,0.96112854708589,1.8330513696087336,0.7021574509548295,0.02468224999203493,-0.32895363991174825,1.3390811736273733,0.7148549040602746,-1.3090340240633986,0.8664520453750342,-0.1883501990273017,2.2308855900445077,-1.4394609418520758,0.8213894589462386,-1.124167126737332,0.11674618811227831,0.9100674719351791,-0.653106122697521,0.8092352414536806,1.2617836200300576,1.074784018885476,-0.5757275805773551,-1.3519009523494832,-1.9552804295267279,-1.5601900425187136,0.05383714658824879,2.063387612659466,0.07601442489349249,0.8703265356970364,-0.966016055654594,0.39252134629462343,1.3800815455462734,0.9731823838556283
-1.531312915017372,0.3910553401978944,-0.18715862217619317,-2.047303835946106,-0.20765864663755879,-0.46143191022564783,0.09990414795614563,-1.3911131651824267,0.4643211519165357,-0.9516616273180526,1.1276659004725529,0.4891577302077728,-1.1146012054120036,2.4480016339110815,0.5975288177898633,-0.07935391653515404,-0.11625101241856692,0.25615888356218103,-0.8609537578345654,0.540068294200589,0.6901178625768551,1.6835238898844407,1.9206576508632947,0.2525091191001638,2.769031574459193,-1.600550633635223,-0.6434250801334334,0.021397787922334613,-0.27569679875964753,0.2465612841546689,2.076083202579839,-1.125079144689308,-0.4905213970183558,-0.30046911151605415,-0.013982195465449267,0.688323084737311,1.5483919985559915,1.8610417041783942,-2.926592816390818,-0.8868274985187135,0.36192527190542556,-1.5319904910230648,0.5121355911991317,0.022452137800865787,-0.013090734939093391,1.2452409279032672,-0.9096337237368533,1.8302202717326062,0.8466785627117789,-0.2691001659412414
-0.1940328127269178,-2.046324647216783,-0.14325496836974974,-1.2211963195645807,-1.5444930438342834,-1.7082355813371268,-0.4332800477737473,-1.0738683654316545,0.9027800084584837,1.2263076479593358,-0.04622335699279309,-2.6031420513468038,0.4292213955298891,0.8228682365789627,1.2523978630432333,-0.29465032713389694,0.798939801971987,-0.37150851348571184,-1.9053594422403757,0.7107498484001001,-1.9324748521168051,0.6399283447401615,-1.1710482107666322,-1.9040891897158752,0.9099783667277014,1.6439279218410616,-0.1217969955174891,-1.3369576920124233,-1.5275050615485561,1.5144506614724311,1.5243479816981322,1.7979426610139932,-0.2596394181435623,-1.111685596111829,0.11789579546355297,-0.616693224367252,0.461814655750238,-0.3725299226805802,-0.6415525942947827,-0.9338698695019371,1.3877975597273051,1.1883903268437788,0.5449023280175662,-0.06354075148463803,-1.0608646660265983,-1.0330968033867276,0.8274364939616795,0.34650964968792136,-1.1345722715380286,-0.23572776058498504
-1.1733317323128425,-1.3209150055003172,0.27770504213209685,-1.7301343554730146,-0.6579522339419022,-0.9986560643366937,0.02408205602173548,-0.17141638210506044,1.3301326489569438,0.83322665528105,0.23335451058069054,-0.6626834087494835,0.9880821957296491,-0.15888097042006738,-0.4396628878420749,-1.3506242023657506,-1.309894144980114,0.1886417574842519,-0.5332677997996971,-0.841105053926081,-0.8822578066878143,-0.5974595449400664,-1.566353795681166,-0.2862274040791118,0.1345301809630754,-0.31269167444652035,-0.894883662088038,-1.23348194277582,0.4863991755958468,1.3676561956368856,0.5949442546976911,-0.5621394786048446,0.6001995830210827,0.5778034505300699,-0.10714274281664232,-0.649986341009955,1.577541771967063,-0.41531417149993644,0.3848177454672369,-0.41525019594025786,-0.34392816889956984,-0.3939097397166752,-0.5444302587585876,-0.39835108225583,2.5158343997162937,-1.4190286802393222,1.8999422455105142,0.07161457101435316,0.8242095056284886,0.14850974923966304
1.2633053579407787,0.4598834825123741,-0.8757171988245858,1.0275424598660106,0.45127826443038044,-0.30591740464221673,1.070958751487819,0.1746858996636321,-0.18449773876260755,1.7417334705452323,0.6055485712530388,-0.0015560239362875533,1.7277656486623436,-0.0035303302813107,-0.3727920934012655,0.2957220817104473,0.6318981095513794,-1.09942193458109,0.03155530913154349,0.5243239022189561,0.15944504244976954,-1.0025117570124678,-0.060573314138729156,-0.9178517539149323,0.36575824984230065,1.307536038786425,0.8948647909880991,-0.8027822579091178,-1.8139177833667401,-1.2905982002956273,0.8763538823672397,0.9721014909257353,0.6751622103035541,0.7590439099960077,0.5046053045721762,-0.0929436956082102,1.740861598030975,-0.2628873895272322,-0.030206644316459384,0.16946349565204197,1.699700169220758,-0.27348474272893497,-0.7926700017887686,1.070441877005815,-0.6497713722189189,-0.2290211136807236,1.2900201247760588,-0.9631388717159819,0.016943334632003173,-0.4643492867024165
0.35769385492160943,-0.061469895278719815,1.1598396029639457,-0.8504979447300185,1.159228367377847,1.085593055647535,0.692564576823993,-0.909621798012523,-0.4799568788247491,-0.3773753697094479,-0.9448037589353226,0.2518227055674171,0.2591779269433615,0.9897411058883586,1.821211588787026,0.6154154696456053,1.409386282450302,0.5305104140389836,0.029066960125681874,0.3668874359365096,-0.4379042131573198,-1.050820164988348,0.7936233869233223,-0.2744294468296813,0.7589419940687036,1.0129117252730713,1.0235810816304034,0.39611524944283893,-0.4109805667670908,-0.8889911327764743,-1.0105436465218542,-0.6830745548487779,-1.4822008576607346,-1.1613119611287859,0.4211317244096262,-0.7696630638208302,-0.7805818421043852,-0.557539287085475,0.08889223028518915,-0.994517815516489,0.23675956317918814,0.2544103010073047,-0.3310317654487348,-1.298338560741486,0.8477386085038825,-0.7952863487346697,-0.5548367942374821,0.4258324193988369,0.5289896709895137,-1.3630013599518958
0.43194806394062674,1.2977973540290129,0.034792468861735745,0.2421533592901762,-1.7988876051543647,-0.20305220337532076,0.07621243582204969,0.9467711087353928,0.27563119910475026,-1.2501354620573701,1.0124734337117547,0.9013928737217152,-1.6194206839160863,-1.2888962746816026,1.4453296055940763,0.2552960601153825,-1.248673819775228,1.3362291728831492,0.3036224232320347,1.7764710753104436,1.3844353718488047,1.124149318647257,-1.2872500584051507,0.8104251189947964,-1.1522948401503263,-1.4777870657862575,0.1524217713369731,0.435875047809092,0.10009984502619604,-1.3628932251083266,0.2607637227368522,-0.13646587575056876,0.2584555345080849,2.897492221194848,-0.23247550608147932,0.3027984091333036,0.5819198370524026,0.3097911447206778,0.3404334173846218,-0.11376408477691557,-0.3479023758718073,0.38625769093226775,-0.18670602470654762,0.8238478357010122,-1.8306695454779685,0.7387337916803765,-0.7016981299806908,0.27482040221912235,-0.5254570683095499,0.1475197238459518
-1.2333642697028946,-1.321642392711685,1.00044489530188,-1.3643316149452158,-1.2893640801756685,-1.7733629627703735,-1.54521093971748,-0.27434026668782413,-0.3127467845563655,1.7139755761792443,-1.1069390267022372,-1.3306038639034745,1.458510352564039,1.1553094880086572,3.0891173170468824,1.2165563732054478,1.8454442251345178,-1.3529058660158992,-1.2190930581641557,-1.6099653245865146,-0.42499766911322384,-1.3756397252822397,2.733979216885721,-0.04354775187066958,0.4259786841711415,0.6915469836093053,0.5235851130549671,0.3275804826493379,-0.5307533684307438,1.7300771149326093,1.4403038110547883,-0.3063487644451977,-2.4238017104254435,-0.2725528256231465,-0.6940118143667207,-1.939728382431549,1.400762075703794,-1.3990410826192625,0.6225419465476277,0.35089160065835195,0.6115099014152927,-0.6258532593337388,1.1322050465333178,1.0544830140305372,1.6240224486513666,-1.0046726405815871,0.34285838867235946,0.18656953489379655,-0.6288206041228389,-0.013589144391577386
-0.2604645584482836,0.6885539644770708,0.8316956862821222,0.2745506744389005,0.017803634938871833,-0.4372993260035828,1.858962423354956,-0.928781484502123,1.6369873254579186,1.1527110834455436,0.9679481879497533,0.9938867501666871,0.292706264243145,0.8519916034012112,-0.7308615788880387,0.5379533231838572,-0.7689287047326695,-1.0696091920460895,-0.47146911537254543,-0.3531018288513044,0.6586388610196128,-0.18437591387099322,0.5641119652731422,1.0023665343434747,1.6480042678652471,-1.3750654356916001,-1.319074467011064,-1.7089761428719406,-0.5253625431917488,-0.49965800612701655,0.2099157676591047,-0.7626679459815245,0.10247973643581322,0.3968341800762229,-1.1715359098340807,0.5620186583275362,1.3804221193917263,-0.7081647739209054,-0.7979479546059475,-1.0115573352532758,-0.7348045280914255,0.3134494419434918,-0.01752837662123651,-0.35166704479893823,1.4378853040710284,0.21227200428832985,2.170440385656616,0.9278818012549439,0.24859906295384007,-0.5282855554504102
-0.3813585641138219,-0.07523622415843467,1.0730318012434907,-0.6989526104586055,0.9950061800034778,-0.6934676984197586,-1.045309284404853,-0.13227678482318322,1.7846369263966182,1.9381939161589568,-0.5055246452188542,0.590516731417822,0.9015407162281088,0.529610101387341,-0.25199065730953335,1.1601659101229798,-0.8235528744210411,-0.2952600162686745,0.6101470896089065,-0.08693856196606249,0.5429206533450932,-0.8808833984618173,-1.121023110172216,1.0009936122836876,-0.10488263762272272,1.0505944930257582,0.496882460124064,-1.3104572075471927,-0.3809750895726171,-0.7178330234590696,-0.4049374079594395,-0.6652256066942277,-0.9581655380934921,0.6082216727478933,0.626385380815674,-0.5475266694587559,0.8612555907431523,0.29568639454622775,-0.2133360140280962,-0.6022132327427163,0.15462558056601333,1.075907074883754,-0.800693773020003,-0.4624887250739836,1.4027066940932857,-0.8133550920512264,1.5118534658366383,-0.09593772523234008,-1.0535210670183672,-0.448110507485981
-2.0173208827777485,-1.4160207944108483,0.0025764957707756285,-1.6295098360179217,0.014262309549095192,-0.9460113787412813,0.8733513110647906,-0.5726251400841852,0.7471962809239853,-0.3096557342342838,0.7406528464086536,-0.173585076383672,-0.9450396391437281,1.2834348999512724,0.26994958243311884,-0.19003291634977937,-0.11491736394140648,-2.822398680541792,0.10782396810449275,-0.3387571541579462,-1.1654923542257636,-1.5631000317776451,-0.047826001967125206,-0.021282224230598435,1.2679721690261783,0.3998234471226337,0.06856748964059221,-0.17737609813626812,-1.6594647412156456,2.5806532696106785,0.8247175239549246,-1.170221997265945,-0.019128616035985643,1.2830351285813284,-0.21641196643108682,-1.166543580420035,1.3802752229849333,0.5549217058640342,-0.8058026066994222,-1.3765314510737157,0.8806008697060261,1.197461613107323,-0.3512957779988246,0.9376687398282204,0.5472668754883515,-0.8789831853361403,-0.22647252956516967,0.7610827687186631,-0.4315498213029791,-0.21834140653640643
-0.22501859615150463,-1.2772030874251017,0.7013008759244259,-0.4429459973003334,0.12378992463212624,-2.4638939094928376,-1.2817876166628952,-0.851252457189406,3.4399774366696416,3.163361473562109,1.362857907674584,-0.6067475581088366,2.2342749402301663,1.1206292655901529,0.24950596577246348,1.836590511608901,-1.6533791385752863,-0.7780669272023998,-0.06472577856884412,-0.732387472136455,-0.8133430542526597,-0.8227737276497458,0.3338774726251044,-0.1815406381262118,0.6035368966493199,0.7065196162096414,-0.6560519528658494,-1.1223168532496774,-0.8664094183820933,-0.2160803718646149,0.8421003415109879,0.5212870322068475,-1.8002874254448447,-0.8682425501446388,-0.7772578639869138,0.13229604542248738,0.6482846251398998,0.9836083498022294,-2.411793220542237,-0.03894002573696491,1.231891649200039,1.2332556414475482,1.2418237938442507,0.8023836476923074,0.7014461026654771,-0.28747503952665676,2.400616408790848,0.4079006414494183,-0.5490008548623068,0.9817293152859919
0.9550718016934108,-0.7869233960970822,-0.3468263687025525,0.8447264543275493,0.42728121902726285,-1.58908137879918,-0.39813229685938895,0.28087854876923213,0.8630833908366289,0.9848590056654382,0.8968026672270772,-1.5323365957739552,1.1221357453449092,-0.6162356376441678,0.10440117498987879,-1.0222212092258711,0.737406273821943,1.0529472756325566,0.3666457345639371,0.24236561591322145,-0.49541251075537346,2.212532649455648,1.3913956022501772,-0.846758640671472,-0.9371283306769441,-0.5902221260595887,-1.405267302479639,-1.1017719665113663,-2.166380755222189,0.7515620153708994,-0.28723898543832543,1.1053796486052112,-0.23660963227732182,-1.0455691394630393,-1.6111466247922943,0.4954268887653271,-0.3353102108808473,1.4748590575858724,-1.4601942299165735,0.34729583067734665,1.8357659426625812,-0.8013959682165852,1.6134074497488606,1.1984260865719214,0.1531876002113033,1.5271908059801405,1.3049409164698786,-0.2591655359853527,-0.31672889810362653,-0.7071957902396498
-0.23254309054289268,0.28932588112898266,0.3488446746857961,0.015216763588272973,0.0050333929589852985,1.839397928489063,-0.006416550691271454,0.65516597148458,-0.6893894422754777,-1.0310927721901182,-0.47722378475140487,0.8809858347714288,-1.2952190641793808,-0.918511622928314,-0.7834071017051009,-0.42256746975085474,0.01282903822076173,-0.029804303210739593,0.6640088313178634,0.5448568542263731,-0.5477552188595559,-1.2707998974963008,-1.3042042875483342,0.9314133034899585,-0.18655377533862838,-0.8097784265899197,-0.45273290040589664,0.8694428073320135,0.6076699241975689,0.47924464354151497,-0.4745407247340725,-0.8996455102859785,0.9011612490310136,0.2833983231792626,0.6686911088258581,0.09057677120553521,-0.7065212376085886,0.6899460839947104,0.5570114900974946,1.0076438803209167,-0.5967584777310412,0.3644717437353513,-2.072307579334684,0.41976883039302737,0.3038683517572808,-0.6512400271375068,-0.7000114212525761,0.08190188183099245,0.29291615973903506,0.3685544259278544
0.5578724352830204,0.2988782629523637,-0.014718675612320669,-0.742617009057554,0.36128817780772404,-0.7914962637668101,0.051037521687915054,-1.1210887353908376,2.280408509878407,0.8476696218289299,1.0099525356813572,0.37675047884508983,0.3255896101617854,0.3142657588004058,-1.1101000295666945,1.613903447086351,-0.7361378849607378,-0.20061350803391592,0.7658886355745145,0.2216415331108484,0.1078150973491652,0.17777915680808268,0.46206630910869034,0.465751926403056,0.34136864832963204,1.3327046294033493,0.11752808580398987,0.08002744548202331,0.3293658296703,0.050376934536210324,-0.9192453163941245,-0.2729931650360291,-0.6012978279841257,-1.1529099877278222,-0.31044550837561957,0.4145858994895069,-0.0456480171201644,-0.48837404290721137,-0.9423159612729339,-0.9331336375577122,0.30680968668680997,1.711014091026735,-0.13609985858050316,-0.6160521605533699,0.652912966128422,-0.16661156812828518,0.45177656568885816,-1.4654185453974917,-0.835765597782627,-0.7020715355482844
-0.29486634566189146,0.3142597936340092,0.10583053032990047,0.24112220382677557,0.053377214691667584,0.5263417598245909,1.1804124056324385,0.8998842490973407,-1.6847118568072237,-2.3146364578664156,-0.6197557571096658,-0.19472711849976465,-1.126877716887876,-0.795232492538022,-0.7852947333898276,0.08654792807929625,0.22945810401317457,-0.02688598958136481,0.6599425128587153,-0.39859839002359854,0.15265196893598265,1.2395802413397339,0.4192243043766276,-1.2414070736652383,-0.3530350973276867,1.2148842236283346,0.6359810942521773,2.9400543798214764,0.8770272493389734,0.008493925234520153,-0.7919473641435111,0.8591401097629503,0.14121415011917662,1.2816076740277547,0.1637700867423652,-0.9462236043864719,-0.8924730137278276,-0.13001096481888144,1.6483212173067052,0.2294405761029749,-0.4273240766572302,0.8748913940693692,1.9713708178754712,-0.291805128187344,-1.3167783027663722,-0.04544271300074743,-3.4177786412707114,-1.5493621821673629,1.7026708253548744,-0.35277018465967724
1.2835715059368318,-0.530124059651775,0.3285316173962177,0.46012560821915527,0.41840394912528067,-0.786828650547184,-0.5920717030133699,0.33995126668633396,0.9624500754900442,1.8431500334186668,0.3309619180163506,-1.1904492301835496,1.0475582770235305,-0.7775442242786158,-1.4823516101481216,0.5351671183037366,1.6608742498944555,-0.7482971398545911,-0.6818458250527308,-0.20424816962087192,-0.7939186574031986,-0.7657966991368546,0.7603696583672713,0.0527522754973788,-0.26947321921958595,-0.08655658884711737,-1.3223456215159637,1.6714414080494773,-0.7490743468259418,0.08923203251141328,-2.817769821899777,1.7703544989166426,-0.2679451584759953,1.813176126398693,-1.2345307357488935,-0.17783865083853467,-1.8113934000344494,-0.4580889819179779,0.27037225764968315,-0.416108773274123,0.8515634914613194,-1.3260323984855849,0.20949566289482754,-0.9902836796750346,-0.18610666202729753,0.10954979201201658,-1.1300591394753985,-0.42239424204934045,-1.8622290602030553,0.3127169841770195
-0.7923069199604913,0.24816115903324748,0.9403036205367908,-1.3643226329479616,-0.7570363621251031,-1.1398680728613184,0.2262909107401885,-0.33009205912988937,0.15944335689151234,0.5117896312780655,0.9592966252557724,0.02527639456798621,0.4286407852935332,0.2307335409456043,0.3772267103436417,1.8915626569305162,-1.2536470007556568,0.10852473506872527,-0.8796464484351787,-0.13396848467587064,0.9306779027587144,1.088164827337789,0.055229512810592775,0.026273149426823995,0.4046277349434557,-0.7484364050784152,-0.38244937231515197,-0.10142728265800662,0.856411489516788,-0.12862592274078008,-0.7756445349001968,-0.42174774955486166,-1.2867187121352932,-0.17214577380674795,-0.937873578983818,0.314020375323938,0.09500937492416878,-0.5597528805201403,-0.5229134557479485,-1.5128599119602537,-0.5541553361563795,0.9511753941250647,0.6868571116229564,0.5756061412966296,1.1334584718535847,0.46090292786596193,0.41602198682738845,0.8392169419981641,0.9916549976660783,0.22946255225529535
0.2658121766514939,-1.389590019887181,1.274400471146103,-1.5516774297457945,-1.4108259428152568,-1.1862938176724254,-0.6044799860206015,-0.9899221988329845,-0.6572450495823381,0.5754601173799151,-2.1011745940581577,-0.2643417200445759,0.26489143186479036,1.4994580108711104,0.9526962113075566,0.526939671793541,-0.3602968300732896,-0.012988668201727572,-0.6382928641683713,-0.3728079880473243,-0.3767974499778487,-0.3739054768887493,-0.32256724724020275,0.6301966707573241,0.4285379445067966,-0.30412112600267005,0.19399378276795268,-0.4156903854244511,-0.3482749660892038,-0.8427611369990254,1.119917069401657,0.5459482441827435,-0.40575706470411255,-1.7504907733208734,-1.8899372553593705,-0.9515020199153025,-0.2176585349321344,-0.2846508980264199,-0.25991273346981386,0.37194125289254903,0.34257259311508365,-0.6166787071715801,0.254620567780658,0.8727966079466932,-0.02941452011675188,-0.3116291243830041,-0.12057164419304787,0.53310779072744,-0.8403081812092946,0.6423380145201093
-0.7113129008473317,-1.0662103969439392,0.055825952485541216,-0.6297488370617393,-0.18029838368107398,-1.5206715557918253,-0.8127504902279334,-2.7024277833848807,1.5045610442155943,0.9222654610454353,1.4010342784218857,-0.4540220972856094,1.1696821221245908,2.66805783648433,0.17757529751760964,2.027302852925096,-0.7220989171729453,-0.33939511178323806,-0.21377950918354144,0.5518201312033344,-1.6842503267028666,-0.30870334397464755,1.9592867829740237,-0.1576400897431481,1.1859834309358015,1.0817585008836823,0.04616620154859579,-1.4726556098347776,1.0157035350266246,0.9725397504405666,0.9573404520851575,0.7367395384079899,-1.7551418967344263,1.263520091109275,0.03700522516331273,-0.7343461808790355,0.3557113444153975,0.008511786637833441,-1.6419407101818924,-1.0129789105332423,-0.6843099910024697,0.6154719007635797,1.5913272175868145,0.6299288255516369,1.0630322792575109,-0.6554933960527913,0.5514601703521709,-1.3105623096411374,0.03367892154513825,0.3725019682087201
-1.8037302956869867,-0.49784435036770464,-0.18899263421077583,-0.4717028085564035,-0.10625541854488695,-0.09894585932319418,0.5009269567092839,0.31459378491316814,1.1169259873196407,0.10067602194841237,-0.08944825856615077,-0.037925401471706116,0.3487910564229917,-0.1399238568503679,0.8474003650025981,0.03942360433214167,-0.43196149577342924,-1.099343792106577,-0.6279075279250156,0.643024676013243,-0.4741232418238255,-1.2663049054840703,1.6712401371516719,0.4866029097930556,1.087222521462652,-0.35355833689241895,-0.002187787810256021,-1.9823723925598542,0.28708185444237927,1.3006138764859128,1.6753546737138516,-0.43173012741153916,-0.27351973037946353,0.6965178037748666,-0.3378692390082128,-0.7464415135510682,2.050201134769962,-0.06614176609763633,0.721240261338736,-1.2809744319143463,-0.8902132018773954,-1.2484594063209649,-1.838770304739716,-0.5426285174797044,0.940695973964907,-1.6578380904725805,1.0265880982693505,1.1187325016813998,0.465505607145961,0.5915402229004092
1.1736174630702636,0.6481909912372634,0.7934919358985624,1.069471662979686,-0.3375046130736125,0.10647362678026615,0.44806646343812906,1.3449236059083403,-0.3144251277823468,-1.08536676718397,0.5415700530462061,-0.3412339554878768,-0.043975278428246944,-1.3938596698789052,-0.6362227247969396,-1.4333544122102684,-0.011322008909655094,0.1990901690099869,-0.023524285870328517,0.19014289181260105,0.677825806812847,0.5257445669553812,0.06661852031124299,0.26421699070134863,-1.577734405523783,-0.19510309243844248,-0.5247021042478972,0.9561872927556043,0.9013180786304655,-0.8900462643842473,-0.5323128213922602,0.8682579453318233,0.4531405192214036,-1.5523085914828634,-1.3082691436776597,1.6288766544816398,-0.8980249664180133,-0.12634497879453108,1.8011819865223657,1.8722037760579673,-0.9190508908049406,-1.6465855536648666,-1.0201015908703557,0.0907433893306258,-1.4810491026657522,0.8554994004497986,-0.9639107629921582,-0.6866640549857523,1.8208115157847982,0.39394465747708096
-0.8341194233198296,-2.5425023282270933,0.09507373065368131,-1.1258323792401834,-0.08338598832356571,-1.628439766624658,-0.028069170085910276,-1.5675312724229893,1.3691405203262481,1.1756937503838043,0.23162359133744206,-1.2820421567855707,1.3457831036602033,1.512354725260685,-0.003137807485223498,-0.0997827142937668,-0.4823450614850139,-0.6027405022858403,-0.6120426306199839,1.224937327482079,-2.4471595499349847,-0.24360830626002294,0.10703032854186086,-0.7922077764441048,1.1522666085280653,0.3010433028032731,-0.5368837498884405,-2.7811732186219302,0.9233795331279808,0.9608874816552941,0.6616489240042793,0.7603953409347383,-0.4660056844889587,-0.5063130898400461,0.34210685762930054,-0.4780362156631096,0.7454150428666128,-0.7492023464871511,-1.4764400428244442,-1.9564532264772045,0.5796578733484172,1.744907047166839,0.49649178440412933,-1.498687378686032,1.311049219752726,-0.2910609506577138,2.3498159070671463,0.31238809808039736,-0.7389988495374025,0.1709297207131954
-0.3418974959750147,1.2901526902812783,-1.5323469696894234,-0.891291112465289,-1.0945711490570835,-0.366466134935636,-2.4093308329644367,-0.5420386307795898,-0.9068490253935355,-1.5869044358067952,0.13505645291697055,-0.6118336146246499,-0.8702245803415712,0.8932923214187845,1.1523923217148346,2.452739499042744,0.5874237761966492,3.2438451593419693,-0.6462219086394616,-0.3717859650656733,2.0123894128498834,2.801014600364208,1.7079825130121078,-1.5871037686891405,-0.3521380626125251,1.0119340655214975,1.2334095034284627,0.8491673290402627,-0.20423876068923913,0.3587921240189229,0.573925319930631,0.6888341300026645,-0.8503423548582365,0.5735638928775516,0.296152777255077,-1.3195168990169395,-1.0730855637098875,-1.6164760979901196,0.1569594975125282,1.0383343662539242,1.1650570146131625,0.2359702753910093,1.9012698385891118,-2.4151997425150347,-2.1953154135871267,0.8371995798647859,-2.3991409607357106,-0.26448234038075996,0.8226249810356705,1.3500101682529153
-0.6841531240924992,-0.44961715141598063,1.0932906324183798,-0.7614204583096725,1.6151279991615883,0.9175158196812592,-0.10537826126898679,-0.5839521583382142,-1.9644678198374086,-0.5722089381688769,-0.9522666581939403,0.5038899550155469,-0.813561049613965,0.8906313687095381,2.2435979114581595,0.06069133995928064,0.9531643493636223,0.4163129341082648,1.3872768037664178,-1.818373486418882,-1.266866532258702,-0.44016800123254046,0.6100232525923065,-0.13152719402525576,1.1970816606430046,-0.05928404308053592,0.7519433226549566,-0.17744121176448732,1.3224885588876947,-0.07127746142374675,0.8085447810538879,-0.5046835976376222,-0.4672814569610463,-0.20851415487985983,0.2841462861235181,0.3890729030187061,1.4823083541708906,2.54463932153443,-0.0792018565573016,-1.0595517859081833,-0.34456584828617187,0.15284937640453355,-0.28781085980621285,-0.6201658155250317,-0.8623626686919423,0.7206857680007237,-0.7905516374112412,-0.23242871313953095,0.36963646100783903,-0.7907388125823527
-0.6709321385528627,1.6441452055785564,-0.8665667377605967,0.01472090700514197,1.0067547504198087,0.8188643932057833,2.055076026709428,0.05104876938399761,-0.09988137328361707,0.0773061263872979,0.12857244281597027,1.988147305435809,-0.28153334210018877,0.34431391706327835,-0.772638526328557,-0.19663663630894826,-1.7431662682298619,-0.17386390959470244,0.45686878200501396,1.0269972241474152,1.7374511550582263,1.2658424653632103,-0.07864134632860725,0.8510374807276909,1.3965675984732075,-0.5863329104401471,0.45131142007641023,-0.48155279444629273,0.44585138445410005,-1.0154611129184707,-0.746543807662025,-1.0020051369304945,0.9066640177010669,-2.1003864341978575,0.40350463610053894,-0.009487026197462618,0.2956336202120428,0.4349504531106441,-0.37775978256738446,-1.1815699454337445,-1.1592711413201924,-0.9460680449987552,0.40067096957618814,0.38347371879280134,0.769293532803367,0.6949511501882274,0.7837375558733869,0.267839486741851,0.24742400553158073,0.4542872275397206
-1.0202967757773285,-1.462147570827684,-2.1908631905021876,-2.0351904735886803,-0.6940532685550488,-0.09371835585098627,0.8569745651964749,1.5051440985795461,-0.9332855431011347,-1.0701938128059225,-1.2509410266407324,-0.5136519473756314,-0.2872242181813543,-1.4255480313356967,-0.1034750584536182,-0.8705925916290043,0.18536889493583417,-2.3853924640310225,0.34741456776026874,-1.079415150397656,-1.1877376739343373,-1.4953735780979391,-0.9083452686907612,-0.6599172952254186,-0.4929309011438013,1.209222110361535,0.6742508066121911,1.0251423406176765,-0.576859463865503,1.3697374173989492,-0.4253292325920733,0.8546625397713735,1.4116762540659753,0.0036889289247790504,0.30169754075679334,-1.0584959859936656,0.3468455835696523,0.049324228346920886,1.6723360725482916,-0.18880263029650127,1.1105552891858816,-1.4050174269278408,-1.0938263783323634,3.129001414237025,0.047225906702202274,-1.5983939122856836,-1.052164689513951,-0.8972200176676521,-0.15965308074926585,-0.18959883146601716
-0.01625988625563658,-0.47747377086126447,-0.7814064058079229,0.11713153565590904,-0.45089213719152016,-0.799203916237172,0.30857884692027704,0.3005904124103166,0.37214085481619014,-0.6981604967141939,0.1908755144120073,-1.6610720149427833,0.6318993871607691,0.17150654108183114,-1.1980981327218956,1.0647841791006294,-1.2775410350476528,0.46327067291267215,-1.3945675397625412,-1.2227118724053005,-0.5356996914391142,0.4962332314326724,0.19027252932987918,-1.3713799500913357,0.9639796491621829,-0.1343884343672227,-1.546669758018324,0.5338473342629187,-0.8002458712665559,-0.22864938269964455,-0.14261168417349515,1.3867236254090904,0.42494686414769317,-1.1383063967879368,1.0396127740293772,0.40883507495479005,-0.08894651125040053,-0.8595063232801551,-0.8838986554730144,-0.5234526935260083,1.1260639463495523,0.09886750750582052,-0.15362092075716133,-0.6773289557483114,0.09080131326569378,0.3611105173872229,0.4284040913022957,0.22863517990704965,1.7211500373185296,1.9267489205949309
2.500765700688817,-0.4957085974887197,-0.12475775781500913,1.955340391005255,0.4316412008278887,1.6409022580183714,0.532545967678583,1.447828222052556,-0.37645755044573853,0.3591522524665893,-2.2651168683792404,0.640162272824415,1.3263430714950497,-1.1583549328211429,-0.09399968642052847,-2.0811620500157977,0.5389371586622947,0.07973394854798237,0.42988927084350465,1.1033860412466536,-1.3990556808297356,-1.116435385712968,0.4268727355968845,-1.1267609497002145,-0.8029032545253384,2.5249168729937863,2.097845689826227,-0.9181379806610649,0.6790605949719194,-2.250153415953898,-0.1500904138634291,2.14072346459396,1.6914776277251267,-0.7776055924245456,2.3660108132433773,-0.4414162486372406,0.04351165444457852,0.4312152203465856,1.1307516627041863,1.1275229309831047,-0.21680411373172137,1.4027966808962689,-1.4094338465042404,1.2413305600540172,-0.9911283324512431,-1.6102475187904106,2.065696626402983,-1.6076538128116307,0.269391620869327,0.38764453928664905
1.7876979484579307,1.4693408885440704,1.436678360684214,1.5547421430758899,-1.2109626163370104,0.4720001592869819,-1.5195268080317816,0.12955406464731073,0.22151626608659883,0.7371712284000749,1.078117241806609,1.1402308351887478,0.9605858394710054,0.13251271690225525,0.34590436580625883,1.3433493649753852,-1.0678610695170763,0.3471681889439001,-0.31837480087698317,-1.2235304671635294,0.18825682593171214,-1.2425977088575406,0.32944389873773616,1.0814408356295468,-0.05610829650262768,-1.4882047269887444,-0.38321341847678775,0.10097322155161124,0.16695888870141365,-0.7113885018923413,0.8799861635997112,-0.02881605481246769,-1.0777290536369886,0.3423433235081559,-1.602132154398192,0.48700209995647487,-0.47226871133390247,-1.2999821200274033,0.08566341662048646,1.0524105850985668,-0.8469656787320824,1.596383345329947,0.5191511034505434,0.04235772025980577,-0.10941075793975594,0.3231565577010585,0.16162087775346362,0.24981817641076973,0.19969703238024816,0.6620836543305321
-0.048125822566081944,-0.5792010451194415,0.7882705188889829,0.9069727349655945,1.7620734575491221,-0.0689310313541118,0.3526475082383607,-0.7562691424478563,-1.838828711793901,0.6518857590197089,-1.3684659964484696,0.13783839759644,-0.532086023275962,1.0671033682989648,1.7413600059132033,-1.4689535111045735,0.5763069243924746,0.7013499968530532,0.5887547097678975,-0.5476277239853348,-0.5935040475161607,1.078431253707125,-1.5226631570160047,1.4400960026927547,1.074856275583146,-1.5404014063253504,-0.26270539931943543,-1.6100833589656736,-0.2135220987922513,0.7966181355160927,2.321708424278698,0.31724889455349586,1.4703987886706649,-0.5329748979081687,-1.3810077753783863,1.734275625119267,1.306531166249998,1.12481022486691,-0.7589159321964908,-0.1726631610532818,-1.1417469158794595,0.09591238280561365,-0.9219143159655055,0.930960593994976,0.3054709275543155,1.5525557966308154,0.1979209409496386,-0.7978464528673413,-2.6038843899709123,-1.6735685475688653
0.6690259617633444,1.985868958960331,-0.5979996088805998,0.8155633326816241,1.4834515793934926,0.9369244011895288,-1.5124206899408998,0.6122876655324865,0.9187583658566082,-1.3915060111677333,1.6737664573637974,2.1357293584702677,-1.8457862178419384,-0.11020657239894496,-1.5790189131849892,0.3518110281852901,-1.2625206518649486,1.77326802746771,1.7551544770206995,-0.8208169700836736,1.3939845775271995,0.4289724970331727,-0.2282930000644171,1.5371785520334647,-0.6633888740098061,-0.7805184192258117,0.08881783838842935,0.3395488730569258,1.7788371663347717,-0.6593274994278233,-0.1274960867133714,-1.810951729114764,1.1607763629791341,-0.8597076552987627,-0.4042258464430959,1.6444594607538054,-0.757547366548151,0.9221067152923763,-1.6834263161149448,0.8497934974022783,-1.0984852532953155,2.043777815600173,-0.1346974568689092,-0.8243783056922566,0.099573215059728,1.6879728385723896,-0.003272053022936592,-0.5980125215651085,0.8825343462116404,-1.7865682795878568
0.73610805206231,1.0069533876673602,0.6954671397505212,0.4057102241513685,-0.7817940515806985,0.622953868473073,-0.821462019854937,-0.054393517506371426,-0.4306060049197871,-0.6947088914213989,-0.300861459110986,0.2710544522813304,-0.11629360855783086,0.34496169854991426,0.5324846770981726,1.7017113591470099,0.4446850380370956,-0.8141296913067174,-0.3352593202248134,2.169045485768753,0.4402511549254753,-1.1669648006971585,-0.42969873086881616,0.5475593609893777,0.04394398261907238,0.5253447277421012,1.2139919228077205,0.9532607996292939,0.8877477706893512,-0.06707002812030591,0.1765487839788123,-0.6417108639669257,-0.3621139503992307,2.1154002774226344,1.4933105699052158,-1.1672147583960115,-0.9111929288068065,-0.09724958593358703,1.3164948549418087,0.6254058267772649,-0.4314083015655099,-1.4034105930159488,0.23942347898697905,0.28953416976097995,0.49354181430613586,-1.4897665169915604,-1.7595527480386834,0.7878678620907011,-0.6315996372536474,-0.9112889128952122
1.7881989086425112,2.5354233849148597,-0.019081309097038816,1.3823748782389293,-0.5144677212267755,0.7416498072573013,-1.2106013717603543,0.2508347934705677,-0.016926501544622042,-0.3861042292717952,1.2473191494156977,1.836533085695425,0.20432550718968917,-0.9139121229568996,0.451499509171197,0.6344533239598029,-2.191743901764783,1.0018735106574634,0.4917464998259586,-0.5040261594879925,2.1085177151491923,1.0309516852468241,-0.9684853316811372,1.26998389962384,-1.4606643408846132,-0.3872292545056792,0.9328994963159714,-0.07168596848453074,-2.1830284840460576,-1.5423249155638674,-0.749271594653489,-0.4968564926916701,-1.1589285712904378,1.9446863030750738,-0.08702623905505373,-0.25693034582582036,-1.2072910401787353,0.3411386548272274,0.7431530961822913,1.9134366557986904,0.8526632474888207,0.5006986535656929,1.793673375222701,0.631024740130831,1.0560676254850807,0.22500874634537357,0.46922146063904374,1.1420342921856652,0.658662618736475,-0.07871274009156995
-1.0950598231868964,0.2244814400668245,0.23734766766181334,0.15823118875159334,-0.21024045083621049,0.6660026848311347,-0.4696813553755222,-1.7166020027067883,0.7249982120899466,0.23972207116707453,-0.07286001810458781,1.9163323134114474,-0.7923723652145022,2.439130652031007,0.4960338331889828,0.2704928493700599,-0.7961437055650227,0.8395615916810867,2.5240561674977577,0.9626974542117759,-0.19510605012679327,1.230194060343351,-0.8868169149583348,1.7059081340380857,1.8018647326062938,0.8254255989023541,1.5592266302562792,-1.959870605056158,-0.27907793021096317,0.19518810348807528,1.759515817264042,-1.2649233215552154,-0.3149365046502458,0.49896712535066545,1.342425054048615,-0.4897585010739882,2.1354724525261384,1.3542288963415963,-1.9202549457935427,-1.1852898196727748,-1.0282658631927284,-0.9036315321071303,0.47538441324340364,1.0056627801948956,0.6801590719116054,-0.4258304874892919,1.1168431999801751,-1.8391835254972457,-0.24689321814577841,-2.0618929524498797
-1.4459210629431538,-0.8018613891218356,-0.2379055673454929,-0.6608477468575426,0.6799318207110309,0.2701724545582146,0.497300764649342,-0.008002914846888339,0.5318140146374071,-0.345174926597812,-1.1671697530245528,-0.7830203231854416,0.1445084355766063,0.3620938933691142,-1.596774334169594,-1.2040716401068061,-0.04216597414892808,-1.3025130790362642,1.4770968829913993,-1.6188816393889771,-0.2067998493727979,0.19480678990879033,-1.5477473530785337,-2.0781709483281148,0.5720072612365605,0.9431748635910031,-0.8233551608491786,0.7025861288901353,1.5619018788107262,0.06809815231889028,-1.040422802912635,-0.0579000192849423,1.159299275818189,0.25905212492587343,1.839440907411366,-1.3400641304853145,-1.1988501128099367,0.9869987859496865,0.22435155822994038,0.12074242537871414,0.48815857929027545,0.4056460368676976,-0.4617246904063199,1.1206046271721821,1.3693867161233881,-1.9572904003867715,0.32246399967282685,-1.3656232504080161,-0.40762790702720436,-1.2389058674150217
-1.5571670805457252,-1.5170514086780302,-0.25580918375890094,-2.089920726295337,0.02855103831711536,-0.8680586459908045,-0.3782468194352484,-1.3063801203355034,-0.8601091585430432,0.06664318678690305,-0.15485873322560928,-0.9034254683999289,-0.4496288554519359,0.3920704125511071,0.49134198213154834,0.2154349416258063,-0.6920651486971959,-2.144956471456177,-0.922043517431306,0.5607581529467208,-1.999716188656977,-2.0049734421846868,-1.4846012394518,-0.42259523332317883,0.49761375108913297,-0.5831932016160853,-0.5888111769328491,0.2856740739608139,-0.43772581851618325,1.1639925203926114,0.5674916421727892,0.28329714675862827,0.41877169809734743,1.1375830643965323,-1.4331392743698004,0.8592394048627323,1.1267872360548916,-1.1985385636067971,-0.012904770987198867,-1.2554557605214178,0.44075224260378165,1.0694784323652406,-0.9066400419729514,-0.26031748337924226,-0.6266017763676078,-0.08910458165406618,-0.9258437128821398,0.793420281076483,-0.7451151985192281,0.8364344379118605
0.21792387287631967,-1.2609078011514476,-0.8424496923107547,-0.35271805387102473,-0.5703789684731532,-2.5963804956668355,-1.6170924345349196,0.10054547349335315,1.4494202189433534,0.8901987240470366,1.618243291892212,-3.1051140776897905,2.8227002519275484,-0.36899692617271157,0.6762636468422726,1.8112891325651324,0.766505530998825,0.312144366016903,-2.3146432923685256,-0.2679272542675047,-1.4496238322250585,0.10587768814630004,0.5892418615675488,-2.6683797455607863,-1.157150001506034,3.2259071842619464,0.5731196542751924,-0.8589287800921251,-2.056709946745948,0.20801116236696038,0.6795970334028352,3.56680858837687,-1.6159505348225156,0.1084702374493571,0.859929550433944,-1.6741784033896998,-0.9210457388473079,0.6736066496420299,-0.23011273592472922,1.0389609435551885,3.103312254051453,-1.2099164822576283,0.7830222024357394,-0.2929057154313098,-1.6307510813706605,-0.05101430459354673,-0.27914677161997326,-1.2830407997641928,1.0597396781718862,1.6142543942262941
-2.1800717017482354,-1.080559572065581,-0.19421376828037293,-0.14690755424132637,-0.28398837404153043,-1.5547845620904024,1.3406614471565586,-2.0271030150093083,0.3833154260291691,-1.2330701574400755,1.651230142575827,-0.601606156595945,0.47134995421021153,2.2851247477775565,-0.5462684117856721,1.8864811253272105,-1.5703388458043717,-1.1406607466645544,-0.1940367502748932,-0.06285595233637005,-1.582673529644681,0.8402618170185358,0.24411281472613863,-0.38780838690621705,1.8939221728091173,0.7544216888816511,0.1801964083950932,0.47326828051353803,-0.012750480589434537,1.820774448393173,-0.4422909404291642,0.7028149970369985,-0.8107084724057013,0.9652437642538847,0.4235577632302703,-0.9539418667380697,1.9286131342100847,0.9092759394349776,-1.7487100098721857,-2.4605246061484998,-0.3254472739202215,1.2854341176634574,0.573515259375019,0.8536926458827379,-0.6781703625981389,0.12881353141034863,-0.808285174507972,-0.12734713364844422,1.8857019234239547,-0.07914362775643836
1.2055287007002684,-0.8164364774973254,-1.5488980338758722,2.1818487356550595,-0.1453641117748087,-0.35299277444154425,-1.6008845936640292,-0.4933180415667145,-1.0257120764133703,-0.4342905828017235,-1.9452541629800904,-0.13155604435477541,0.0903862538349844,1.0161310342546384,1.2188373596017035,1.107193980340394,-0.7163516284274143,-0.03526453897490622,-1.0721997379665424,-0.03184771187995512,-0.5602625347590338,-1.9354485432151591,-0.17889893884045294,0.5926876406515607,0.5033783658591265,-0.7070214813501392,0.1617228800158919,-0.49105476278783955,0.7701433306346144,-1.8957727139323555,0.11282148262902554,-0.362331017276925,0.7299000283212355,-0.7557666814394012,-0.5455547058564653,-0.5613815067905871,-0.5809884566742946,-0.44653737104501756,-0.17749898743619616,0.2652639732613205,-1.4705267097232781,0.8347584649221579,-2.329332458956835,1.4998225600622361,1.998470635860073,-1.1658449290467467,0.9788623841922603,0.14969409483610238,-0.2461018284788223,1.1691322137156903
-0.6822062915432408,-1.2925448504574408,0.6589546789351488,-0.43080074763218107,-0.28833772916593087,-1.070680849902868,-0.12366432442284674,-0.3069488119739659,-0.8101947345921833,-0.7562367067084095,-0.8660478792081646,-1.0512678558059854,-0.20704523955664125,-0.8005981735985807,-0.9448575998775561,1.1815278971263918,-0.7113174441459041,1.442450891299182,-0.09713039308835612,0.17409829597513274,-0.7634744101035648,1.3768702975630553,-0.20727324084397444,-0.5658044261627995,-1.6765649036281165,1.3098036986706796,0.21776263842231014,1.227221279527842,-0.7767554491930974,0.13427329941179486,-0.18646662715027085,1.532238817255338,-0.09857052149102388,-1.823864558331485,-0.040469853364065916,0.9298389627329309,0.2032090652421865,-0.8762184888628356,0.695232606049989,0.4510977255730483,0.8617841257596748,0.1502454745903239,0.3979752519999689,-0.37266092332521483,-2.240973363611206,1.0055410885425666,-1.8256901776971401,-0.11590691550374418,-0.5293975222249752,0.4444327632536504
-0.4907859888926162,-0.5311583053173733,-0.5027272484529797,1.2027210634071053,1.0442373515209735,0.6270282689226151,-0.043226438677499486,-0.14725291052688547,-1.0931964756379673,-0.5127922540866867,-1.1038677924034694,-0.6362793041106238,-0.06724898959381326,-0.8620429915612691,0.10794291000450469,-0.8439994772407242,0.8671092767732302,0.24819485601957428,0.4961300161193678,0.9087490041573338,-0.8115124034495506,-0.21149550938249342,-2.5566624925929005,-1.4939805120708693,0.09033455961608614,1.074032085684619,1.2127268435564873,0.6005884788074192,-0.03172821271685491,1.600397348019179,-0.435204114454273,0.7173505779288083,1.8453103673258608,-0.641174023605963,0.8962562818680121,-0.6576184275200981,0.590687175263104,0.07753790077922246,0.5709037741201833,-0.8783640149276434,0.7306799350610167,0.8432147862465841,-0.5695614069872537,-1.203214764304062,-1.0522669438720602,-0.5134021739071453,-0.18439285027129632,-0.7002352196664228,1.0591747559312594,-1.364827095679383
0.18892000157421274,0.6929769886858271,-1.6471539496523582,-0.19440134286358873,-0.19023236301177446,-0.14231275886990832,-0.7623169478100353,0.1258661099406387,-0.735572778518126,-0.7178393231678075,-0.4087793437081548,0.4309856103826901,-0.7334723687563622,0.418311249826174,0.38575782084987575,1.0058270485218825,-0.04171495347193976,0.5611862743675541,0.5259475509055223,0.3645080951547262,1.0475073344094685,-0.04249035702818207,0.89191691736632,-0.33409753708386297,0.9100765847032862,1.5519450622366264,1.3799008290560877,0.13646407952473857,1.7727404971491918,-0.9979098026093292,1.3105499677654617,0.07663461740373737,-0.04447043932891296,1.028262177359687,1.6982742807233075,-1.2125175564402337,1.1641439945876764,-0.5765001582553128,0.43054671049260496,0.0926766177611495,-0.17156890923080956,1.0877130291677866,0.06558903709495645,0.8145153176581066,-0.6688922808949057,-1.7095467001626532,-1.0752881318335534,0.1707803231166009,0.49067708243358316,-0.1701827080861493
0.35349735816080846,0.06554904835184867,-1.4311595087969033,0.7075979092029415,-0.26855612256919315,-1.2436428995590845,-2.2346838809376455,-1.7586151962066026,-0.6840205918824581,0.9706911529510681,0.4317463825167991,-0.3381849372564773,-0.5292092014366115,1.5513470109429335,2.8759114035413313,0.9491968972167988,0.1152177385898155,1.7095870788640968,-0.1866656507841213,-2.0071594654592353,0.2707193888645066,0.542708135726129,0.9657939374969705,0.9091470371313907,0.29460737842845836,-0.43487439318888116,-0.5347740193657919,-0.27763035708513667,-0.1167867237532146,-0.26060965552323345,1.0080472082669982,-0.09286926097373933,-3.1557549626532677,-0.10804821148794262,-1.300974004557125,1.1111112148813722,0.57168545966431,-0.6360450523721258,-1.186364602975744,-0.09915824117254471,0.32267565940373677,-0.12818951505751416,1.7381615564324728,0.3902160787829333,-0.4009174973110648,0.7252834236168699,-0.5376726995638152,0.5730990329031702,0.3442323630418705,0.38965741342769106
-1.0100406114424076,0.1626070925942336,0.920160579188045,0.6404424622176415,0.4617856763236257,-0.3309170677946993,0.5584049706914347,-1.0841634982891821,-0.35720699617774254,-2.0528294943738334,0.21555586898128454,1.095070605927359,-1.0974623772268504,1.5857456103692402,0.29580682502974925,1.4489078869830019,-1.7811232459636945,-1.1261858473799482,1.339036743636403,-3.0783179797952642,0.15439828973368158,0.25890457528685445,0.6525400064663572,1.1632588788109992,0.8245103079798147,-0.6864232275884948,-0.3698807909162995,0.46979174212054636,0.44479315497961874,1.481240405545261,-0.33059132969711086,-1.9774946989799131,-0.8151245561524537,-1.2528480167032257,-0.4952588309709607,-0.14983117516744932,0.8261354080329606,0.7603312297360874,-0.7722064442215287,-0.22835258124463412,-0.43678694703362697,-0.033343185923778045,1.2686263372231454,1.4369357948976955,0.8251454432069558,0.24165858578262506,-1.7371960612043837,0.5120744749321429,1.554899407023604,-0.6613667945801002
0.08207431700288305,0.6998628640808903,1.9593037722377997,-0.17327931907809052,0.6879660271159309,0.457901501420103,0.9948320028832656,0.509154364320347,-0.25243284796809845,-0.3732073686821748,-1.0635969237816378,0.16409078623097148,-0.7715649123131834,-0.9161826011034265,0.005365792960191398,0.5738025930893451,-0.5881219113368371,-0.009361490031936247,0.9514790948994328,-1.9854211769222256,1.7882696348868508,-0.1313333513250727,-0.7301079547506492,-0.0032717190377638053,-0.13072174704815664,-0.1289167329005982,-0.04585347696025729,1.090191809167384,1.0838384602715454,0.7465151737629919,-1.2440700399980653,-1.5504387493042235,-0.3790601460173716,-0.5154851941293003,-0.25874268348373664,-0.5863189128204712,-0.7162247529262955,0.005972957778987241,0.9741751713949246,1.3252166360171955,-1.1805160934034402,1.7305975534774882,-0.0753064423938926,-1.0942753122148485,1.8373463821806257,-0.7881871486502047,-0.015577584979525945,-0.13064264626676406,0.18345656414539885,-1.1289683272107425
1.6177553195205534,1.7805649236348156,-0.5737096199638316,0.9333548675700396,1.5183012725760046,0.37388702625240133,-0.40185937973979635,2.583267888037559,1.7761340696693022,1.387734128814671,1.350127677127847,1.9049691882342616,-1.18776516958508,-2.166804590116516,0.08008847077253275,0.792180156001494,-0.3637664112731844,0.40406250952825884,1.4886570505612051,0.41032551476667384,1.8835609304168517,0.3692309529383481,0.22556745871899037,1.448960080263847,-1.6635417429324246,-0.6910541058987352,0.22837208828635774,1.900034345407938,1.6123105184443332,-0.6361811743504016,-2.538841713474543,-1.1468768667420293,-1.4904546212663377,1.9948360766941604,-1.218444161055953,0.7646370652859376,-3.0699350967827237,2.228253792012753,-0.7168702633319529,1.4852632848578196,-1.5944860806055805,0.04991645761403975,0.14706671216125652,1.421067822244244,1.377098361691632,0.6816039495476132,-0.19586815805225252,-0.10805356737398843,-1.0789705136878818,-0.8299045047145543
0.43793476205893306,0.2019863753033738,0.20087037150601703,1.1781155993982968,2.092246616667348,-1.070353699183028,-0.4828664843952945,0.6368732241139584,-0.7689995288162117,-1.6585739445358725,1.4452628105481466,-0.7088705334956032,-1.0869091255335497,-0.01256980627077947,1.239777899762336,0.5019632248210806,-0.10585312873087402,0.5665879399068083,0.8640925569270461,-0.7667503472659292,0.2450876422687428,1.550740058673837,-0.44708596572616144,-1.2885002954212907,0.8259071809230925,-0.008912654515599042,0.102099094107637,-0.15294619688377398,0.06784612149304449,-0.09261380754716173,1.991525188688559,0.8593169316290219,-0.739877364028471,1.3849644043486047,0.30549772716826007,0.3510443593530988,0.4240125109570273,3.2483326058831117,-1.2181554023483572,1.2187506121480811,1.3535214195035297,-0.8752327871667123,1.600330959998593,2.0112342942119366,-0.8467223550561294,1.561425308551669,-2.0409651056826035,-1.1022172190453567,0.27174607546119134,-0.6934455896602558
0.34670383571016966,-0.11202184474546896,0.03958773514419326,0.7637740222422172,-0.5822407473618109,-0.22306711382977043,-0.3104723242885431,0.37246363369587054,-1.3392976333655626,-1.2964934401515902,0.289784724982476,-0.8028941588780937,0.42247713442353807,-0.4326158077464443,0.17250102846610776,-0.6099615470589013,0.4959777379002159,0.31651889903181407,-0.4257498333488173,-0.7290187409132806,-0.5853556008449236,0.06505645653684226,1.146117116583275,-0.5916785814900553,-0.07822250467630924,-0.20591615497164503,-0.22379116247847708,-0.09792001784791945,1.348886675849527,-0.41744233099206657,0.12523304663078283,1.2518131372635142,0.005722832450369036,-0.5585890553718947,-0.8477036518539454,1.2630103497231768,-0.20122926744661368,-0.16619307576505954,0.11415363777625728,-0.1690232041790074,0.27840998556776286,-0.467640295497088,-1.2061909916706173,0.6401779457133401,-2.215259753739373,1.6310561531558063,-0.44539164997532704,-0.25652427007274614,2.533210332169553,0.22266439641249022
-1.3492552084082987,-0.35548007692955336,-0.39540138023971555,-0.7753072280530316,2.3101206545035233,0.14058409599449892,-1.6144786642209867,-0.8548003749508036,0.005241414440403919,0.18859485238856324,0.5930781458313901,1.0566473565366508,-0.41546655715897274,1.5928311259737977,0.3024382535567325,0.3155860835137354,-1.669588115415599,-0.21592259217938153,1.8945317970976032,2.6387627587934794,-0.8418595531791272,-0.1014090281383736,0.5489906484135199,-0.7548786810331248,0.7256786695366864,1.7579052827423132,2.848394649706208,-1.3249868552946542,-0.34883296994598817,0.5853749608320167,1.8568818721184033,0.3122479790609599,-1.6321455462283785,-0.6067779449298194,0.9460999498153045,1.9322246877113607,0.6078790774316966,1.3035508670122267,-1.634541535383263,-0.3852610032667287,1.4376702173425604,-0.8516965753574378,0.2748694727173624,1.1925592043523157,-0.8283533592534997,1.6865905695377017,-0.3947206870400738,-2.340814491939456,-0.4174055085293408,-0.169849429124033
1.982659765188946,3.3614685752280637,-1.3050185534424168,0.10829229384509538,1.4342429055146535,1.3513865057333883,-0.0621742578570457,1.1089294922865296,-0.5569755332508453,-2.7022275595769267,1.4841333207051413,2.52031513344282,-2.7107981831223107,-1.5237907713898409,-0.04835767620283183,0.920911442670934,-0.5078641094584934,1.8811300615288522,1.6906938284672723,-0.5317632791183593,2.7000610998626224,1.2596577575955739,0.1967750301332348,2.309338989442159,-1.1176173127731526,-2.0672713388777733,-0.3769706323231461,1.6414420999138104,0.04830797381498511,-2.445707792676208,-0.4594594153995401,-1.3277185920364112,0.19003929124234833,-0.9470518804035614,-1.20219952185666,0.871873200247455,-2.0379189770772426,-0.35320958411721703,0.1001422161813243,2.160261795153246,-1.5547838442856106,-1.6204174513680558,0.9296071020137511,-0.2998286937111102,0.03613915466372019,2.1532729944549645,-1.5851828522305136,0.0028661008771424315,1.8587542412942142,-1.9990072903177636
-1.071079083588438,0.4017299427128329,-1.8961411564217348,-0.07329508981459014,0.06568682910413914,1.761645515883551,0.9513018475514486,-0.07462035467414348,-0.7186845226809178,-0.33135416530382783,-0.913134705620101,1.2081633017514495,-0.02805660489344593,0.13735258200458803,-0.27541444429061224,-1.087600540024421,-0.7952698710995018,-1.4054996668715038,0.34096794186304413,-0.3651543164836965,-0.22243109194338131,-0.7210068624088031,-1.3412406219819566,0.003778301293362869,-0.04752711993636601,-1.0565924323229094,0.11267856217776852,-0.31002259129474913,-1.077604739434259,0.6366393710846812,0.7345657379245226,-1.7527183545635119,1.054896248522224,1.090626424011076,0.5410841689678206,-0.2832985918524491,0.5197573641501355,0.6037547139415388,0.7589701161662759,-0.036658019236660594,1.0937401814565204,-1.240811883423714,-0.8294702023576336,-0.7157628811816406,1.4155704743963764,-0.9491029900122672,-0.06018646148891084,1.0687983059523256,-0.3014044026306439,0.753352367310767
0.43015171306272065,1.7767818328524518,-1.5762413210757504,0.005918448572388316,0.3763289853272942,-1.0353268983240294,2.761216412225663,1.0489480829237463,1.5431240000203033,-0.1777946116404561,1.5478632641793635,0.7301356791312947,-0.5790240072690807,-0.0600884305017167,-0.6725321968245584,2.1378404399721305,-1.8516583333256005,-1.1558220116762232,0.01642840014692358,0.2418726101854646,1.978614600994405,0.21095958719177685,0.24445343339343395,0.905415294025428,0.719058637113352,-0.5685077653440358,-0.2828445744032136,-0.6169756732406771,0.8085231848512386,-0.16471442573691095,-0.5612690287589847,-0.7296658890677622,-1.4758465330964836,0.5757940527757953,-0.15052907693533557,-0.47207264155813605,0.9213250954097864,0.5140094478693578,-1.495468076582644,-1.09250435090882,-0.5378771775643543,-0.3216640649900936,0.998976741795788,0.1662841834928796,0.8013940634366175,0.25054606367432275,0.5742925795641216,0.9032717388126573,0.8673173565722422,-0.9471600037278921
1.280218541112656,1.612938095748457,-2.0057299584579416,1.3455723168874854,0.09496170007621686,1.598200160934412,0.678893832721855,2.4998017368341827,1.3619255381520536,0.48219562590367004,0.611429406919662,1.3695289212289552,0.28128917194712577,-2.774186350994145,-0.7609638392245367,-0.6526181540516728,1.0319356505429762,-0.15608115639449208,0.12216313961673467,-0.02558642937539739,0.9710707343443267,-1.2120077952126658,0.46410012318167276,1.0334403951054967,-1.709147614535219,1.1347652654456182,0.6365105534752264,0.08778805085418781,-1.2966110597867255,-1.278943735560632,-2.003072757574293,-0.3213637565781337,-1.0048779394027882,1.3144870117337804,0.9216511233361289,-0.7866737232847528,-1.663326221187811,0.6466777485555324,0.5398433658852615,1.8572857948511377,-0.1417585855051372,0.9701148229284559,-0.8844799602656578,-0.6840792109966899,-0.12648819717204357,-0.6606802419576395,0.11819680262841414,-1.008774797510726,0.0590526514303118,-0.28548903925704594
0.7331641632675509,2.146959105584494,1.6237232001199982,0.021654679025072576,0.08868231057672935,1.1286585241658988,0.7662729281235418,0.004357284553214329,0.7763676728051552,-0.3558371370897595,0.5859367055910313,1.9728611107978922,-0.519347101879977,-0.07768262724776027,-2.144033679990617,1.0640903628166714,-2.118656074438497,0.06350902321594872,0.06165979131323166,0.5556048706691847,1.522726754292311,0.5307989425571593,-2.0945009022486563,1.498471128646181,0.24758644915621508,-1.8690120614793244,-0.7311535962518818,0.4344984312981672,0.7612547864215673,-0.20555731998450422,-0.6466895205673465,-1.4511163608954816,0.8810929096167979,1.027096346262621,0.040775572557580415,0.4670617138144097,-1.255619389741345,-0.8120890231125182,-0.12880235921342797,0.47416415279409435,-1.2320301905467088,0.648412724826224,0.11391262230951395,-0.5523557298174685,0.38327005927062546,0.6220547301415229,-0.8725276548890105,0.7507258897362763,-0.6283984529384374,0.04294786998905554
1.448429445740917,1.0411980610271885,-0.1518314657705252,0.8890669865619151,0.7550925691521365,0.32118870065798644,-0.7039916416196108,-0.3344250921187082,-0.7299784153792036,-0.010621997881991203,0.07859233785125523,0.8749335747481946,-0.851136616694223,0.45495703674561877,1.5076388815424022,1.9211293164005134,0.2217223550134453,2.111541258110921,0.371572154653804,-0.2952529706669568,0.9195001431697677,0.7109308520114169,1.1423828251771644,0.6115582148508626,-0.27313099345397307,0.36591240724787777,1.4958031873443982,-0.8438608442332883,-1.4129866802143896,-2.013637572009529,0.3449139467308081,-0.19223370453556524,-0.103709248842301,0.3257413626472125,0.001956187679704698,0.4470758155476783,-0.37974339529459206,0.496258470690655,0.413094126524845,1.162502497404661,-0.06226573623222441,0.09040299812454042,-0.1662946512410652,0.7938832377882871,0.6387545619734347,0.18610259347827868,0.37177264800982474,-0.5727745769030124,0.4382369403976881,-0.7573950797827448
1.1193337339992209,-0.73387754421578,0.35734866642229124,0.5439005264304096,-1.030810280858805,-0.6667510247615,0.8597809461311744,1.4378674889084717,1.5167906509856268,0.6515270392264333,-0.3825224694690761,-0.9989048965188821,0.7920019880854897,-1.859576188108074,-1.108957868403826,-1.4510268287246288,0.6054134148062625,-1.5565788936199014,-0.5637393840495262,-1.3512085180400972,0.2558664778826713,-0.777054982437945,0.47885647423222916,-0.15324606176231279,-0.34670694360409027,-0.6167707864491896,-1.8406863962736657,-0.13331423875298754,-0.1067604863191174,0.5721986302558871,-1.0106376604519518,-0.3141342836651723,0.5160313134706636,-1.1080107843301732,-0.37517921546015687,-0.1624982409986587,-1.1793183676721026,-2.6671593018019655,1.484226737478826,1.390840659687913,0.20383039563729552,0.7918555689334925,-1.16075497691351,-0.3847161026095329,0.4389486761674103,-0.42861665820592715,0.6766652007040715,0.8145091731887406,0.44820871589325484,0.37690976137841636
0.3242009127912617,-0.7456660328376903,0.9570762975885401,0.7325216104270172,-1.032544211451055,-1.0242562616838429,0.24186747247192392,-1.0934365951378016,0.3788587716161911,0.0052948826830259005,1.554625111770101,-0.15490901568976415,0.042378518047717334,1.250495031036473,0.19384502331802064,-0.6666017591450499,-1.2927000925637537,-0.3813803601864399,-0.17410754393395653,-1.0433582692112626,-1.2593723171227849,0.042428739574715234,-1.0418374442506038,0.6653248160131398,0.2675551144262767,-2.8834446594967544,-2.0463165512667962,-0.7654314222829485,2.0134876447134413,0.2718900855520595,1.1160994943938058,-0.408559429327721,2.600140273599322,1.1961229727271006,-0.9847503321003489,1.3108893140344777,0.5081579496763614,-0.46052694001435607,-0.457403822339935,0.19066009840803055,-2.0693075981628954,-0.47248639308792706,-2.203998603413368,1.4379470998915065,-0.6821790059996168,1.0087328672790175,1.457188542946553,0.6565485817119671,-1.1982016837449119,0.9086744114744809
-0.12500514793254724,-0.1977486492198376,0.9512084868321964,0.24960649331389848,0.9771720943399677,0.3827709449986596,-0.5287517006289485,-0.39640153939065675,-0.6796091795127371,-1.2123762543020475,0.14588650466530864,0.40426434742041767,-2.0299326606797345,0.5231974443751479,1.6069682148949744,-0.30088915742240896,-0.13146229304178692,0.6223114741532522,0.9938443085591431,-0.6579448385379205,-0.05856060852431375,0.48839217501324284,-0.8632030109101811,0.7227551372945272,-0.10191677138582594,-0.033102965927076865,1.3000478170747594,-0.9003535555577032,1.939603900741576,0.4272820725076707,1.386229813255159,0.05367523207080092,-0.5905100091027938,-0.2691367108350423,-0.6623426896046307,0.3275449793503925,0.3314644503387165,0.48388829929728117,-0.10741217628515164,0.06612950144373503,-1.231667968548596,-0.4961528299267878,0.3486115514590702,-1.5936220671191241,-1.0691030641937105,0.8958568938735691,-0.6869252233934073,-0.7103061374751044,-0.2681837888527893,-1.0819596342816142
-1.0039816481441082,-1.417588313040966,0.8897555895919498,0.6957223465116187,0.041075299837653706,-1.6984249917907468,0.7265819352906769,-0.6480141826315572,0.04478322717994497,0.45249856180185793,0.8114990728637482,-2.0807807903442304,1.7806417703126713,0.7888368048256045,1.3913323439132437,0.4303225819646967,1.710178884495241,-0.7085770524137612,-1.3305407147757913,-0.12203470516411401,-1.286601682265703,-0.10531182416254789,2.2374954560086744,-0.517691092615367,0.5568914525331962,0.05270430813984716,-0.6161082624441209,-1.450484792418543,0.04277630881072009,0.5116998671937889,1.5432207903651691,1.0439792971491564,-1.4245489932100845,0.8455589214380543,-0.7694960021693286,0.18342860264668961,0.5388959585697651,-0.13684114655176088,-0.512359264677968,-0.059766109067387496,0.3778849626995734,0.7052902405086968,1.4712171046619682,-1.5719009069480698,0.04839642622472074,0.10831448134632576,0.46956972031978145,-0.2894438442074158,0.7397455592892619,0.014278010112958433
-0.5503261177905882,0.4613465365737447,-0.02158618537977597,-1.2762232496524275,0.4726526395762055,0.05202340636839199,-0.11376070297834517,0.6909046696069843,-0.7964756873378808,-1.288875572362626,1.441413436166042,-0.39337360819400913,-0.6388026329200741,-0.6676022668709304,-1.134172251379423,-1.4585471829567365,0.9617532927472034,0.637276969678231,0.9463310466557067,0.4236241420796348,0.4633436584836049,1.435776747175385,-0.12897370315085416,-0.37746342155755735,-0.15838700590875818,0.33836309428721195,-0.10412328558274486,0.37965483664449395,0.3294257075046615,0.8239684951655603,-0.8791940890073349,0.4250736368611117,1.1081184665478485,0.09064499717356943,0.27776874051579725,0.6467085960052711,-0.5682532531691044,0.8616997293662452,-0.9115455842562548,-0.6322508242608628,-0.12969580777084988,2.226299211634481,0.8135630085888395,0.03904070219462822,-0.7498364230305725,1.3651952279400017,-1.0023174014506155,-2.264891230578715,0.05867803500810268,-1.6817718137848736
-1.7519206773896334,-1.4119818315606483,2.1253399382849367,-1.9267008410590103,0.9061089880727143,1.0233145812024629,1.072320936013176,0.13046777571668677,-1.7703727146843367,-1.878643067957433,-1.0517829043841707,0.08456804561897335,-0.22553977943469572,0.23435342911360135,0.1818229500114551,-2.864686657923577,0.6969168955399878,-2.2297819049312664,0.15424002107373086,1.1915344629887659,-1.4423571118961378,-0.6548774849535235,-1.5207462959095546,-0.22968398602524828,1.1377809914957702,-0.6292045222691617,0.326568004152686,-0.38097741404010593,-0.8428411936604011,2.124471698938408,2.408371687609838,0.08881216769558832,2.2214596703076874,-0.4085611140088799,-0.342815309958315,2.297548124929742,1.8730566965460096,0.6507715379094398,0.5015066634815705,-0.25146481090007927,-0.057433767351616406,-0.34558765987761736,-2.397526522133396,0.19652835254588835,-0.3811511725870786,0.7274796237364223,-0.9964025459374303,-0.6407450723446931,1.2237394471237717,-1.0882433969969103
1.1797232515763176,0.06448916046027262,-0.5143464609297765,0.34376763114433545,-1.863542261116735,0.5133527979067662,0.08861385526109719,1.5896317209227124,-0.5646369331786854,-0.04626211029888082,-0.373015763779424,-0.1525173971976282,-0.03617611969914546,-1.6085056598988485,-0.3323068164219444,-0.8849791506757343,0.06956424268505901,1.5370424159567213,-1.242033623550077,1.114593375504844,-0.17106031529890217,-0.03827617821046624,-0.668911406877497,-0.6857641058730566,-1.6235836778900703,0.4623962898412581,0.7099387022660032,1.056897434965709,0.382139608369238,-0.46218527103203366,-1.0456063797286013,0.33981220420697295,0.21870312177179024,0.6884818447537514,-0.18889745575575334,-0.5443902572036614,-1.013066644829038,-2.59589516113813,1.64008645702381,0.5889641161912963,0.0919376640470516,-0.14498405391593844,-0.32988207684163656,-1.3221368197507872,-0.6077042910569206,-0.8280051383687677,-0.22949694831557074,0.22452612685571047,-0.9390018030028026,0.3807051775287369
0.14434520392322955,-0.0638576381023376,0.05238802237315955,-0.5399788383616707,-0.27985170833109757,0.21484602699913768,-0.4425004942344659,-0.448145856673802,-0.33509425017648786,0.35062362975851014,-1.5387161015525048,0.1520532947120819,0.4969436345926126,0.9048892148101045,0.6904515338677695,1.1617538005971197,0.1258061059657031,-0.623413856921535,-0.1612752255515546,1.336787897373524,-0.28031128889057627,-1.1936593603477152,-0.6556850610035069,-1.0164251163821758,1.0916538994681297,0.9686974460446987,1.1457326684994216,0.3368103667902551,0.8031479873311429,1.5326284638078522,0.3984369546161279,-0.5954526915367794,0.3867176615174247,-0.948164427319642,0.8534402052419449,-0.701484927245676,0.3205401857859393,-0.9530307420717025,0.5629842914743711,-0.8761934825740135,-0.14578884148366422,0.202883422353888,-1.3045074036062985,-1.1205884376361597,0.02165561451717232,-0.9564026092607423,-0.09245313162494023,0.8303908246388275,-0.47152529398349996,1.35514698532787
-1.289571026685172,-1.2516030268612741,-1.7834131851932875,-2.2244330660442873,0.882581330617611,0.04193478746257451,-0.5440547415964984,-1.3974515005020969,-0.37202838064520927,0.8879580560069715,-1.2544522280738348,-0.5337026785396609,0.7637764285674568,1.8472139974250605,0.002419256834203956,-1.1135457085174987,-1.0625716008210184,-1.7505732321457004,-1.154835045124199,-1.317583632917661,-1.1476550637514518,-1.2567677814154317,-1.0238207716108982,-0.14770194636740072,1.554787088079591,-0.22251910344149095,-0.6836103102090748,-1.368350147866436,-0.17874986395889705,0.5416859614251547,2.287837597991201,-0.6742455567713215,0.9834329718090843,2.0824243030545673,0.4455169165250464,-1.1525079601893407,1.598438910235411,1.601644104003815,-1.3365788575748625,-0.3950627761761014,-0.22812721629464272,1.7335250117261667,-0.9517539556118098,2.2336111155438414,1.385108715889981,-2.084156197799795,0.31107045758250507,0.8209147678130326,-1.580236860181156,1.9575039730474837
1.460548574501596,0.6969541136667812,0.1349102115449923,1.228455578254645,-0.7322893562190717,-0.5785625075942966,0.28618623820512634,0.5850373943022938,1.422666222399045,0.2976593695082204,0.2151717290479968,-0.5288750118183004,-0.8252963952757821,-1.043924978606751,-1.2089711484936698,0.037833210500948046,0.049704026761634074,0.6880065160773029,-0.5085117806559957,-0.01786316301155521,1.316477660903473,1.18214462922358,-0.028492468681272563,-0.8454167181734447,-0.9636148275954038,-0.7308269654078534,-1.362443905020294,0.8209219845151545,-0.7468414087903579,-1.0195969342760536,-0.34389295962241545,-0.22334956573374842,0.03828937048649472,0.04742369780279635,1.2634558130093168,-0.19560218488155307,-1.0780089229637952,-1.6527912990094489,1.1171815184204361,0.9909656379763785,1.1817010123093599,-0.6742330304436084,-0.9068455666217736,-0.9145132851104536,0.9638687683375387,-0.86938754572207,0.052634261905109454,2.3393264127616993,-1.2840198599955588,0.5718134225804741
0.9436546168975186,0.3377695510463061,0.5692344036665098,1.0878648572995173,0.256045569559184,0.1182588282581511,0.6139357929160802,0.5516986735246097,1.272123537068142,0.8000174385862763,1.2718806866570371,0.4186976506988808,0.1111604252501098,-0.45368157260009206,0.21395044568807722,-0.32924722638914344,-0.6908591534003491,1.198222405989034,-0.21226307894380173,-0.7467339611633584,0.18940718843614268,0.6034647236122499,-0.16769991742269266,0.9345058186052889,-0.3418527109297516,-1.3600596203714577,-1.1099077877466232,-0.032771009554720024,1.4470185098913635,0.20127974030915918,-0.6835617010582358,-0.3242946309508214,-0.3320914411460848,0.05237278928449397,-1.125788377028784,-0.696926558560414,-1.715352301677988,0.6494484144812992,-0.19925792744468404,1.7988026550898868,-0.7717820925021194,-1.2448450583789108,1.0125992157329144,0.06638484475468887,0.6098619025952522,0.8134396567153964,1.0141282400820444,-0.3261272509044756,-0.8684133329650907,0.29291760663035077
1.1170892692227496,-0.016675531694505287,1.3423298616414483,0.6525789374559117,0.6565650526948227,0.8058707321470072,0.42702636349166817,0.9747631846861,-0.3361640152406373,1.3595732215009129,-0.9008511480113168,0.49090885029625647,1.1608404991748338,-1.2300926211695318,1.3162768890956262,-1.5030795657349993,0.1192079995576109,0.3819389041467644,-0.1674042909576047,2.122117793828769,-0.20188839477638687,0.9340042226488641,-2.087673777150644,-0.5869113625947819,-1.1032821278531286,0.8789941257544999,1.5084972770682763,0.1729114865065131,-0.9418609036243121,-1.4027730688238682,0.7686017152369219,1.4065418144266089,-0.10725522443564549,0.0022015177503702426,0.3686179850879867,0.2888424809021164,-0.3894053903883703,0.8726741105017308,0.45917930732935947,-0.5114202737612397,1.5175341228718215,0.2867215391908762,1.421803934980896,0.9245900019153287,-2.0114229372923043,1.03635443307604,0.1220188636862925,-0.24630077338884124,-2.011579870244401,-0.2612174968083649
-0.2015715103413695,-1.218162175987742,1.802500395361055,-0.0911276694365004,-2.406770596744975,-0.7047965421274605,0.4353332558125265,-0.844445995834215,-0.4873456890242128,-0.523193633848913,-0.4478253143111144,-1.4730858969929213,-0.6266840170054827,0.9411485626115874,-0.9908000948980586,-1.0318034571224257,1.1144214159204948,-0.07329426864273858,-0.9144135221801357,-0.32942228401851803,-0.856064518291012,0.28074384598123064,1.160967849107828,-2.358562775426812,1.337216923357737,0.17955878625146343,-1.0327737981400789,0.38394098253420544,0.6091834131446092,-0.2752160645918867,0.49223103983987826,1.1180910003821205,0.6648911171074325,0.3951051952931076,0.3055996649347374,-1.2755252691844015,0.05420985172228467,-1.1966351185222308,0.49572053043877057,-0.41559751132764816,1.0374402204281985,-0.10427971154720767,0.2883479861614194,0.1015099357127878,-1.8306482343031876,-0.4919536052888846,0.05279468246323992,0.9228415349990998,-0.2949086706932399,0.12126379962718922
1.5525104589137937,1.0055692213894951,-0.6462221916512618,0.8293181443405716,-0.05335969333289644,0.223329679638958,1.1700236256611156,0.9392688339990196,0.6691800232906094,0.7229167495675052,-0.8286216806698699,-0.1321034077612557,0.09936380021353584,-0.49916849889867065,0.19704117611626557,0.3066724653924602,1.0636818265248182,0.22386614892193316,0.1554839998951127,-0.9736482520872398,0.9575443254131479,-0.3181123316292568,-0.8165883955183124,-0.7716945845107777,-0.43509318931527563,-0.328368064786153,-0.3914873592501477,-0.3553793273329388,0.9188727785875075,-1.167914149082245,0.16318567203111192,-0.3248612932487273,0.8704194233803125,-0.33426083352786373,1.169088555503992,-0.3128952150598778,-0.07194016664057665,-0.31261737555824615,-0.19333466431426785,0.778345481722278,-0.19368436881839182,0.11987405108718246,-0.6632935214509539,-0.26109401494055107,0.63210270194717,-0.4267119498127995,0.31254576091372577,-0.21157248490757344,-1.105206924014603,-0.30290632608211954
1.879802166928337,-0.3320225103361523,0.4975171526335339,1.209400736694969,0.8281375115723822,0.15174513086126126,0.7165998369810984,0.17393949232181444,0.597383119046112,0.6133408421689521,-1.333702768943345,-0.035187276524528695,1.5210801622874006,-0.10337427146809751,0.21195940901214128,0.1143017870106566,0.9709216279618843,-0.27472200526687496,-0.1630189048761411,-0.11854440878270225,-0.28213030257670046,-0.8815840841862236,1.3475584165169407,0.00839878550256269,0.14294782421419755,-0.20522990657203657,-0.5574446736648582,-0.7068436424520025,-1.1194287380589791,-1.1973285828807423,-0.475065435479802,0.5633430079218344,-0.8784520043005692,-0.7168444375560293,1.4881034800431356,-0.43810065492679895,-0.9076884299032194,-1.0180179636200748,0.7870661121769759,0.570742488949134,0.5542787521226697,-0.40098984451894715,-0.29560849381545135,-1.2313095267717422,0.9465462874338877,-0.15326446031175725,1.0202958560191768,1.1402431967315143,0.18227752360177676,-0.6192820351852998
-1.2499185110241595,0.5837880773370384,0.3554385368586806,-1.4877753437576648,1.5673811784339902,0.09395994208600285,0.08784628027790876,-0.6079320760140194,-0.15880086438785163,0.47766568184324326,0.8210492052001755,0.7430944194874558,0.9486129080201076,1.0588995964705123,-1.9077326625722442,-0.7821089397923346,-0.36328808369825677,2.002941822944405,1.0158404849623162,-0.6843159923581246,0.6802770983675889,1.8733286477948,-1.5603525509886715,0.609482891370878,1.5465662390264525,-0.5069755134919063,-0.6793445578810996,1.4995965951197727,-1.8709038908218718,0.04807045623353162,-1.3814866512834911,-0.5321230952835242,1.3790412705792576,-0.04196306055126902,-0.4470097726718149,0.6815792505046272,0.7736112524965286,1.672856951063019,-1.2478576188279267,-1.2801104420876026,1.0280456440816446,1.0100207208724572,0.4381895745010497,-0.31456625503159846,1.2344560299376603,0.9226068614871743,0.02417617562761266,-0.8332721724497818,-1.0361404756602894,-1.2726113853814005
0.26960030833459403,-0.5669176868655862,0.6968948846246988,-0.3512611540439624,-1.9916850737370644,-0.33572292515466695,0.9718523044607168,0.8277495288161816,0.12018075146352293,0.8792426280398804,-1.63808862482896,-0.6281350726173156,-0.024731368690354628,-1.0125519077061131,0.041200185801025,-0.008288750768108897,1.837083501767172,-0.06672036404895001,0.3692138768304841,0.01992277825297754,-0.10588754654081457,0.8314676835500722,1.0095388397103546,-1.255210829069059,-0.44039495517660204,2.308638237237252,1.1394637819443316,-0.5269004469232947,-0.6648740383447583,0.014081398074105437,0.8045372695678448,1.8730983678251842,-0.4023005864165657,-0.38092934732290423,1.3659940313110923,-0.8127853470012382,-0.2711387515448686,-1.7714405786223038,2.4503103325741584,1.4686709781596472,1.203730425800036,-1.7768979208828435,0.4747191252721804,-0.06804679855111856,-0.3825502411312897,-1.2189393668015023,-0.33607152781853916,-0.769716435463421,-1.671418916629483,-0.12849397971978688
-0.2527006450766988,0.7662676843438617,-0.656482600648613,-0.8462401214569348,1.207472907369845,0.3183901607746637,-0.5022051976070262,0.24362488508282934,-2.1013771487965447,0.8577746831051037,0.13524129837879706,0.22462488274110992,-0.7205920680671485,-0.08171649954671875,2.496069272722252,1.0698675776531583,2.1834853135911296,1.3404383709057481,0.9836285830344996,1.1230744012420892,0.5874098754540736,1.6276775356416135,1.6934045827664745,0.09569540094650981,0.2478379812016983,0.2661046041319224,1.592389156101287,-0.4174194308298076,-0.7992361258269529,0.22248418951648272,0.6334795453708139,1.3337472316180805,-1.2813077267381878,0.007089415097597585,-0.794357727190414,1.7573118983049905,0.2113967779168623,0.45699524874902825,-0.940123335062741,-0.21709446664518167,0.7120588832402234,-0.09939762301056984,1.201404910211515,-0.13307912306135872,-2.266794960623597,2.5927792990402607,-0.9338138743927432,-1.095581070192354,-1.0861876784051425,-1.3946857125648842
2.188519841551045,0.14243977292338117,-0.9101252769979151,1.2641664551356702,0.097003891354104,0.0694064172083318,0.5232018586028822,1.3172808652910082,0.22223317527817746,1.1560693920403897,-0.9900976567254509,0.25274827802251965,1.4659246084778346,-1.3022834268352579,0.04654502310357095,-0.7355802300935146,0.30721172403991803,2.1565565862740947,-0.08543459628310959,-1.5118203352702524,1.3656017541864707,0.7532759435963476,-0.01784734926681519,0.2837835512375394,-1.706613956762913,0.2018520637405076,-0.25406231436107285,0.6015891246932351,-0.3520559159843546,-2.044599159006405,-1.4715602529970695,0.4651817177983866,-0.2643959779626076,-1.855268818812514,-0.12779677297696382,-1.0435540481521124,-1.3704205119225779,-0.09032988107827693,-0.15592187812810188,1.8680529850298566,-1.0167080357764715,1.710560818952505,1.1653174737588783,0.24506511614006274,1.0286852855869733,0.07493222475531508,0.8117478793641113,-0.8055852793581202,-0.0030991386526659287,-0.7017459248750556
0.2449175354392446,0.7416945069693418,0.7041405963176367,1.1777918715931857,0.11532823293046023,0.7589012444886574,-1.4634181733096903,-1.4430724613057233,-0.44697390127057113,0.8903204361387583,-1.6847982092691438,1.1086302192901059,-1.2133835739792724,1.9446157568764693,1.3545470147420675,0.3693010856964866,1.4495187533130955,0.8837108964595842,-0.19940850478154298,0.33468078493556136,1.1614026842668512,0.16538523191903184,2.2923045030055986,0.8504404393312013,0.5167896564195159,-0.5693971202141347,0.9287312914378486,-0.2716581040173842,-0.4237874616319578,-1.7163295967341166,0.44211201472091893,-0.5884616360502608,-1.9469304655749453,-0.9673853262523008,0.33191470312748583,-1.6230518630407318,0.9347696335619833,0.5114870393407125,0.12600839960706825,-0.16358546975002008,-0.941914758039282,-1.551954397705938,1.274615373784073,-0.03399020801604913,0.04928463806815163,0.23584193751431587,-0.5133857831882807,1.813940878497588,-1.800623284987516,-0.5636770821904084
0.9757040423315437,0.8183894004754729,1.1459822642215267,-0.7551303858550261,0.6959218897588406,-0.17390998388545187,0.80861471993242,1.404247825580244,0.3841603437968357,-0.604603437932605,1.4301896827847298,0.6569353319159746,-0.07070218293727998,-0.6765676548174154,-1.0978107458633464,-0.8810431663866687,-1.79028085991008,-0.0309870314434058,-0.44563673657942376,1.2245660783012287,0.7273475147496188,0.69935435216584,-0.7710444755801585,0.02326302140045053,0.07229539753198883,-0.9362956344895396,-0.7725038309819864,-0.624444615435685,-0.049418745621050156,-1.4553550209487702,0.06097345961598065,0.8360235434332511,1.4780844275420446,1.6617476068160633,-0.33039215438555564,0.027063817341369516,-0.45606868069031936,0.9111049714921752,-0.5557243190054169,-0.4425118523404512,1.313861990264243,1.5318537600329898,0.527738895087214,1.3251982820254011,-1.8226946207568109,1.199803577535986,0.1946677961696495,0.2055516724217616,0.22958326456211103,1.356431598097951
0.409441002733626,1.0592046213155781,-0.9287463955810074,0.7045350232113952,-0.26679835692188464,0.6329042528347281,0.2106710435661601,-0.42006203356030614,-0.2037507365248431,0.9995213213181576,1.0328674137751,0.22553816088322196,0.33016339721887106,-0.32511869759427287,0.8623568733321249,-0.5822857579708486,1.3359588134446987,0.7184390786961936,-0.36975174570583164,-2.147611627766836,0.892311252066301,0.4113916463018899,1.3169192025691197,-0.3995145392299623,-0.19610859375889642,0.15367057346273336,-0.06041721294649627,1.1564437225697473,0.21947671545595743,-0.5233216737545001,-0.7014801280007518,-0.14178920918082732,-1.165436584166784,0.9866951805509224,-0.051760144275566036,-0.207964717409383,-0.41887193440889686,-0.704445802373982,1.2175503381843098,1.2902453317854705,-0.30143264715247725,0.00981543070406352,0.686543353230903,-0.6443836194930188,-0.6741052926411385,-0.26636895377261627,-0.1510533940031526,0.2203051197398663,-0.6499262795294034,-0.04132258303456381
-0.2768322812257144,1.310404884110516,-1.1285401390601706,0.4075624747597018,-0.685673143091333,0.3117601509551106,-0.5441087348570365,-1.2688729592914865,-1.0530802963104966,-0.6072124368155418,0.489072174243964,1.2838948464146647,-0.5625746554928663,2.048703884219675,1.4963050046344653,1.8865930531336534,-0.21383124521069113,-0.017572416889735362,0.770419316296033,1.9580815135018166,-0.14458804776732073,-0.8409169291638975,-0.7277961679221544,0.7427694609323985,1.6592265444730947,-0.7707860715382312,1.3713453746343844,0.37988133548741737,1.8928337488471283,1.2691608327079784,0.787169243570623,-0.8070099730482195,-0.3659160738557588,2.0699503696386783,-0.8532086203923521,-0.6053430196083857,2.5130673727892043,0.6201422947754504,-0.7874750761981231,-2.579718864941676,-1.041189613377737,-0.2131606485044932,-0.22382870283187228,-0.5498436384048322,0.42609335141112537,-0.937606771630175,-0.7757845326381531,1.2293478909063635,0.2673052262701513,-0.45250779868842295
-0.6285715031200328,0.04211361283902004,0.032338761316094894,-0.702568758662461,0.06040708359392494,0.4317602872947753,1.6348252109246633,0.1910209358477869,0.017010669751889577,0.9227036138004173,0.20998359224018723,0.456618596484471,0.7249571487209949,-0.27115614547791844,1.0839565622975218,-1.3921896691885196,0.00011273496725690743,-1.3590165046129088,0.12754375410652322,2.0586489980347027,-0.3625326775939945,-0.38537693487525754,-1.2033525585599232,0.10377587743433894,1.1131027141706717,-0.3993268641438426,0.4637181737842272,-0.3762155657660986,0.20934843374812068,0.9109751285223191,-0.0347809306722251,-0.12406121054651967,0.3746370349179191,-0.07621400538547381,1.1093212402764714,1.6885871622925273,1.3495669145112394,-0.45949899249126563,0.16125657857269646,-1.6151983226341107,-1.387556068667137,0.6050185865645877,-1.7793015103361889,-1.3473071865245074,-0.22501339583885793,0.11799563544903463,0.9389103149633896,-0.33844950675792274,-0.041602178769201116,-0.7655987241454859
0.23938230249963954,-0.6515318527663889,0.7312343854592142,0.16602247904589082,0.48651791805991607,-0.6187999780932241,-0.30734454389950727,-0.21035279859500522,-1.069895331824855,0.8535857670433334,-0.11144677823615184,-0.9219285359260878,1.411143684253917,0.019216717557162113,0.5206468880242737,0.0702866499817073,1.1829174570090848,0.05511200635765966,-1.0226858226997522,-1.1280149897279448,-1.2456167593195846,-0.8415199444210992,-0.6024062195786799,-0.28503860645539536,0.6621824786298802,-0.32702947874385446,-0.5606650146243755,-0.3268372270168709,-0.24898831646285807,-1.0256746336318343,1.2091631706985233,2.523083816887882,0.19533712424824368,-1.137276948791431,-1.810401396538141,1.2041525768037122,1.3131458851577182,0.3159154608694866,-0.4933217477077673,-1.4990329288381927,-0.7320518903616715,2.109326205558358,-1.5941944419488148,-0.5051797194676676,-2.3014304912844805,1.0500371440311198,-0.08844908499693017,-1.4039076124296965,-1.022127662251186,0.551532341389624
0.12111222001511764,-2.2106115247102593,0.13946360045877298,1.2178069652871477,-2.5456132115773635,-2.2983052559836925,-0.45326621841472914,-1.2011547945307057,0.283369657484878,0.9903785619377022,-1.6880023686094634,-1.5936784464613003,0.2918517475942397,0.5224463254253875,0.15004783521918838,1.2583775500863374,-0.18606528333864808,0.7754415033780618,-1.3689091588055062,0.015802233289149432,-0.4779703306301918,1.048545933778705,0.050279881120672894,-0.26018858061081096,0.480968221945747,-0.09497249334565852,-0.895564400532794,-0.3186127318361915,-0.4416826180347532,-0.38373898998439615,0.6087822880720409,0.4876947940790418,-1.0087063736228092,-1.6982719086940485,-0.9818532541193861,-1.3402267700541375,0.2047403109458896,-0.7594357576913104,-0.13454802327307414,0.3807285633599266,-0.8345167700460985,0.714206838857713,0.7566808207033633,0.9341816600867038,0.13096168957185517,-0.9734995252897745,-0.43319010198691865,0.7908553531414214,-0.9989485561535947,1.0303421018667311
0.37786955543464235,0.28575485378026844,0.08879069969880778,-0.2173072281881051,0.30695617980769885,-0.7270121679153067,0.12272697964421643,0.39126814701926493,-0.023629007038247805,1.9595248110144512,0.2521900917528909,-0.5477170226827072,1.6279752985312204,-0.41421215334401035,1.474095458343442,-1.02777477901478,0.6648756823535955,0.7608352556113864,-0.9197880329384704,0.14270133542866598,0.5582815091160516,1.33994001253351,-1.0675327788091435,0.22884690668155466,-0.7956386404770541,0.018130310782412427,0.2549723881364066,-1.0337041546954324,-1.6436241846705621,0.24841253864168594,1.0758634187367853,-0.1020308270459823,0.8822903473582485,-0.7968406703709452,-0.7833854574568084,0.8681556944928605,0.1675168308621028,-0.46814007727883594,0.1750255965536266,0.9578233670785394,2.179219539954613,0.6577555004731644,0.7575646693797414,0.8273082787659339,0.8648480965663214,0.3017311614662787,1.0290981992273216,0.6566066671765651,-0.8361953712175871,-0.07904771573706933
-0.0954521553494577,0.1369308833287141,0.5274161281660832,-0.03694251001428475,-0.437962012156574,1.540601551152164,0.24645923420861732,0.3785528859604186,0.21663350439983864,-0.9015465058890921,-0.5867676141990336,0.6307813210478581,-1.4837744154004335,-0.7519784989765548,-0.7046422956110454,-0.971535604237605,0.21194657878234063,-1.2305740409171115,0.011722941806771149,0.1765447435239484,0.19290358213221767,-1.283534705353941,0.6587958737566728,0.05094390181745503,-0.21218839986506963,0.13537342619474715,-0.0322937674908072,0.13127800900758654,1.5686519811799509,-0.7322422126016149,-0.15336711269156122,-0.8102328178984586,0.05625543697103424,1.2728171300364246,0.26148435518087065,-1.118210966907036,-0.9220662323463743,-0.2508827983643993,1.5756061222624513,0.4040539742009812,-0.9850887448545378,-1.7781661298662865,-1.9272141983328317,-0.4053173942972741,1.0097094620764149,-1.5269972586895801,-0.5313557343207056,0.08293462123809461,-0.43470275274014114,1.0733070302523953
2.1118718771569576,1.1310248305379977,1.171438672091889,1.7697650019244537,-0.5205951878574172,-0.4581839431457224,0.4386499548864497,1.0334183101932004,0.06407295540214708,-0.6735905990990103,0.8456014693875934,-0.2547217774787096,-0.2188119748194083,-0.6942880935457558,-1.2904106267226614,0.2729891948040799,-0.9907730198343572,0.6157901274082049,-0.4949684967469429,2.113514719324666,1.7899848445376132,1.346449099397625,0.4197679944480429,0.6771335533125508,0.37301213905531055,-1.4533843233062886,-1.3971642878371457,1.4128921375844756,-0.09213894148843166,-0.9903182329067493,-1.6389189854312438,0.3287142530005733,0.4132920532688281,0.16276940488657093,-0.7013798477840654,0.32428727402568,-0.25934357775268174,-0.4235862124673411,-0.10400187964897159,-1.520913025272793,-1.1858029916906612,0.07088555816282238,-0.352546730253505,-0.29218125394276306,-0.875920807629629,1.189906070108651,-0.5511971869533472,0.2585360650799736,0.44103698028932414,0.4363061934817852
-0.1940296688736292,-0.11909511924729288,-0.6687763101020988,-1.5861454152184054,0.9069034839606845,0.7175225205175819,-2.053892291185923,0.04205766317122347,-1.0648399978829264,-1.7937561835930307,-0.22039247147006757,0.24858755706984845,0.1468246956347974,0.5334409744782197,-0.19788534014761555,-0.10616690730522961,0.8434178909622609,2.0043792561217058,1.1784494731666357,-1.401511364828275,-0.930860729710908,-0.9160222233925969,-0.3882446848920555,0.09249625213540187,-0.3911132355542015,0.11087763405746758,0.6734619718692304,1.4232781194507527,-0.0003846149187498124,-1.0166976547272775,1.1441994586343396,0.8727771931216471,0.5929265114775149,-0.047064923960469275,-0.3819893398441069,0.8019751959182998,0.42233594588012113,0.3500422911678404,-0.7371177317408346,1.4889907067396497,0.24437267792628894,-0.2935261523976133,-0.4445626672192003,-1.1499303041362263,-1.9817355056073642,0.22653712543262386,-2.1273349153534338,-0.044511493849584215,0.5346338883802564,-0.5914122169669302
0.6554211031711187,-0.24980435770039874,-1.1309454562803132,-0.07967103887390559,-0.2711771703242696,-0.9545778856824572,-0.2643781757781981,0.7422973129870429,2.6353277932980896,1.2841930877750267,0.8868073549584128,0.03096577409192321,0.8105987544361171,-0.9630353705200781,-1.0286026481890111,0.5259554852234914,-1.8617639827113541,0.057802154447211054,-0.04212424485614922,-0.009508800328784851,0.41356552706375743,-1.065543640129278,-0.28032171422011637,0.2973126655836171,-0.553059230754521,-0.7657712299054306,-1.2788237405738667,0.49439265571017227,1.1988810871325115,-0.4981233862892877,-1.527258751663963,0.2552621256810213,-2.3113179500030605,-0.9830314956765717,-1.670892247491683,-0.3131816180447043,-0.827538097104677,-0.4180043785967395,-0.8706316852648769,0.1464032459703086,-1.3974415856758458,-0.22598623896010714,-0.4136564514506757,-0.045378795880198844,-0.5175745219031336,0.26176614327123787,1.0344219147589553,-0.12819688319589004,0.3359678459523278,0.17166942443237124
0.019146713996362294,0.40482340163538133,1.3755408872060568,0.8941717840968729,-0.66894121754226,1.5920218759507352,-0.16159410263384508,1.281592012052319,0.3045028178422269,0.31674037220437173,-0.33601180538053194,0.04434240436939396,-0.44482731363483674,-1.0138481821895806,0.8697945882121616,-0.651084544164175,0.881274974794059,-0.29784934824820436,0.5376316033992119,-0.45864868673966863,-0.22963450388123166,-1.5170768413506395,0.03347302640050391,-0.3641557942231593,-1.8059580016740495,2.4421532443427365,1.7355276865836367,-0.4310309028693574,0.006579076036416895,-0.38367720852180787,-0.20706480968404478,-0.02563492107569745,-0.9831432492955334,1.41257328029695,1.7743319441194003,-1.1720281954795635,-0.8658327193796045,-1.4090638712600967,2.223795266792442,1.6372010129273682,0.545719930179211,-0.8580668567822239,-0.037546741787254895,-1.1221975040119951,-0.8119236526981776,-1.5979535874977622,0.4736793689456648,-0.43251062716466865,-0.4414941847160545,0.358862139300939
-1.4587906345653188,0.2833031807887157,-1.8885321437629223,-1.811792624986577,-0.707531474818972,0.25153534418711526,0.13626355596933648,-0.9794256978974231,0.2194122003889334,0.12924385554059672,-0.016535202188994572,0.5007711755256127,-0.230441943438125,0.633524683804347,1.2784906351613425,1.3344264960901708,0.3652514774726079,-0.1449716124419939,0.663927083987821,1.088308175671465,-0.5231798374372216,-0.0661578677222436,1.8604752990297737,0.03024792662563553,0.44168013402088746,1.4415854921975264,1.5896315434597963,-0.08433821861610812,0.26182607279395403,0.6034330408442409,1.590506355776109,0.46478752162617637,-1.5910467981563703,0.05996993903908552,0.8007653668505262,0.37353589567915174,0.4142456360846467,-0.3783946230306493,-0.6151354122523163,-0.696621452102756,-0.713016519951361,0.1822907332064185,1.4184398377137395,-1.4939297906275075,-0.8035748223061141,-0.0257904203593474,-0.4649100635817416,-0.7701602334182139,-0.26603739127811826,-0.028078076848486705
-0.0730983615001886,0.6293888379771319,0.25322633892432794,-0.10237427395681054,-1.633116604670751,0.2801111031151739,-1.0055735127236396,-0.15450972958424433,0.4609968259233873,-0.5723131079874944,-0.5871661910307169,-0.03089675328864109,-0.24329383271468924,0.009893991997080867,-0.36438167366774094,0.8126406021087987,0.3666892006734341,-1.2413581309468118,-0.5336021499874298,-1.1206978936811942,0.7063389389308241,-1.4986497198816477,0.6953389233672955,0.9294891248634921,-0.43450987949121406,0.38475496321882885,-0.05330105827088355,0.4719071995136983,-0.2887352185175769,-0.6721776116407636,-0.605940634654066,-0.9905629071701058,0.8099233043608747,1.4760100153609421,1.5208639936380455,-1.403870267757122,-0.35760941885494213,-1.0625137055734013,1.7811908826461924,1.0704990708552182,-1.107820074517528,-0.8979422425906606,-2.4946322503917346,2.2406131043125104,1.062173569518296,-2.8068373351257727,-0.43999163530434904,0.7400027828067385,0.10811988763401804,-0.9427184773290344
-1.5760129698098617,0.36146995559632383,-0.014924070103846996,0.34642404684490474,0.09088301227529062,0.8835357162579544,-0.9501077524540517,-0.48758663361935617,-1.3223559441934747,-0.30364757383515917,-0.7505325043090313,1.0395456892807975,-0.5955685746468835,0.6223484594685544,1.7575826876565432,-1.2632422374785133,-0.06756405318387831,0.5785220967394612,0.2876425799255452,0.6898624146802756,1.4517860198755135,1.1653560689215017,-0.739713064857338,0.9159648867466821,1.1086298792015739,-0.5502378621572979,1.2841357130972832,0.7849709914880983,-0.3042795672293731,0.04665911538067608,0.8070341027311745,-1.3312399007228048,-0.4211972968483357,0.2755406896521954,0.6099924556825508,-0.43184293939842006,1.0243596517263873,-0.4381166780378425,0.26486363513076755,-0.8384348791550844,0.6859972102483817,-1.3057097773496833,0.8241310661874117,0.8219917645418418,0.9232352203687981,-0.39404704165723087,-0.8841724376019593,1.0674319575998854,-0.492193099730999,0.7052157256865509
-0.4226731874309922,0.08579474135738613,3.493377072550769,0.3886969041433371,0.4942484916750761,0.3068775436280075,0.3023037657199858,-0.7611844291864732,0.1375488228495203,-0.9121984596913235,0.07363351231972662,0.47035144425703673,-0.9614212687374964,1.1920296967471569,-0.3793414428882553,-0.05179757590966715,-0.7277764074283616,-0.8658308706766052,-0.7924427059683607,-0.992133844257348,0.05767555731989781,-0.979538132788023,-0.016897004213447853,0.5711649890804176,1.0297304981055775,-0.1851600388745058,-0.22838487528798515,0.004741998353158402,-1.3772994817173416,-0.016883461020040107,-0.29781753707317304,-1.3100374851514827,1.4057462422518523,-0.5172398170542863,0.735717948954119,0.0036408809133653486,1.1061926697680293,-0.6482931915882711,0.34283387076997585,-1.1987237305152454,-0.9900267987330844,0.14697850363049728,-2.2648857186842988,0.5709876959985735,0.2811329161499005,-0.9932735358585715,0.595134564928188,0.1750059934364509,1.8159238801223139,0.6127625086450822
-2.1481946623124144,-1.5361542770386825,-0.10586183934135622,-1.338843583570253,0.8066009389426972,-0.10861921708589901,0.265694762884231,-1.2110936809708566,-0.02644988198374012,1.1131306250346396,0.46105506258421997,-1.014150236009269,0.038897824324905565,1.1764273590928862,-0.8017802813557308,-1.5641525829500034,1.0524204040492042,-0.35661127960851,0.2490026216797238,-0.3621320075942138,-1.803985502368187,-0.44071516534467914,-0.5104519150330618,-0.29059060595363795,1.815599627609073,0.3916469625364195,-0.6429906011316043,-0.20883196844877375,0.13170970420351488,1.0922973267797176,0.5783953481216141,0.4716516282257741,0.6886611354810864,0.7190580592924541,0.8274325334248465,0.6491062547847484,0.32516037083681854,0.836778554198349,-1.4284398804284884,-0.19823594038992817,0.6563014108918507,0.6243833738246721,-1.8829683018950163,1.664506540249397,-0.45869895835520164,-0.06973667359735208,0.6278557085671354,-0.34249872227988926,-0.47057209353041285,-0.8175628744420635
0.1174088105827742,-1.3584746756470742,-2.6826372762076662,0.44249324225964487,-0.49570128744696157,-1.2794614095626138,-0.19994133216047083,1.1806779173615396,-0.8534366524452469,0.4850740698214287,-0.7718744162891448,-1.7552875655211722,-0.4135367431989956,-0.8493143934045309,-0.4094316441902201,-0.46830693137335183,0.43047610915411977,-0.7399425774520852,0.06801378660553979,-1.2186745415392755,-0.16912512315324024,-0.005230751844859736,0.2961000345773689,-0.8035923870565147,-0.6701980360278751,-0.4964985341140921,-1.631715730576403,0.14902718723507705,3.0591207860028193,0.6538097832634375,-0.5023714974693081,1.032566903747138,0.6812031757125642,0.6602559247418658,-1.499150521413547,2.0329845636503054,-0.7266207958111308,0.627886722446054,-0.8889989655383813,1.7837588680369236,-0.7242201079086098,1.4824049965571602,-0.37430828946724465,0.6982174922245784,-2.013605883324005,1.0637244515822604,0.12110266625050649,-1.518390167951947,-0.42476620047072455,0.7286332315897073
0.49576183357600834,-0.5514276968567602,-0.3817403650063921,1.1565105013881543,-1.5198417503190353,-1.2908854537488317,0.3934895659783491,0.6548472053964391,0.8906010495668875,0.32040808197308435,0.871370597866206,-1.0020867803853262,0.6688827905672675,-0.7825170371802977,-0.9220902889458732,-0.20537172675269547,-0.7757269975443313,0.16709712163556442,-0.994344333107522,1.9245569802468356,0.8862639849617693,2.023799659302103,0.41044583915472893,-0.7967021190962382,-0.5072696648837542,0.11598725854391123,-0.5710431521023405,-0.22600322153267793,-1.1535912165718931,-0.32624182601518703,-1.3084192023141767,0.8041532403275907,0.36435030036924243,0.9619191073979346,0.016083418785843327,-0.894547412821922,-1.1375725640624754,-1.4356533746364613,0.615223186026582,0.2770467847856907,1.7960384366662079,-0.037879645572853886,1.1496379972895636,1.3341877232880617,0.5064526229174969,-0.41753247368479834,0.704270513980558,0.5297212451175145,1.250245785447383,1.1583537796887198
-1.0783719594150387,-0.6186250693120683,0.8570428946628772,-0.7297573394995286,-0.37784988647992296,0.1463925765131175,0.9839758732572393,-0.7253247134145708,-1.4984621252053805,-1.0627167820945063,-0.4727835419043396,0.14362375945498385,-0.5288879254346198,0.2815890318950698,0.7953277631592959,-0.8798117485368782,0.20319484020062833,-1.007901609104947,1.3547208400791897,-1.6034364597231003,-0.20790088477384594,-0.0492182389085071,0.6926241558359002,0.08733746197559769,1.184416173863287,-1.1690451721905724,-0.1336767064908823,-0.08266599607946414,0.37188813251578434,0.02269356808712051,0.8332517690444586,-1.1189237839801955,1.445668327367202,0.6037059012451181,-1.2839611625906129,1.119185589504854,1.318716738989905,0.8745231473787193,0.33770680246983203,-0.8027653053882527,-0.17844445086674718,1.6485944803381012,-0.9318851114036678,0.11509082810291672,0.6642917727654064,-0.018995417222792247,-0.4163329117729272,0.08180120934677167,1.1905356050938973,-0.46066332249200015
-1.2049689061418398,-0.22897551364010033,2.151076157098878,-1.3672499959220792,1.2884720746087852,0.36973337121635075,0.8380858558904282,0.9703554174941827,-1.2541373300434848,-0.5409190166707926,-0.5189877619254454,-0.3150828321794587,0.5095365363892276,-0.33576816966235346,1.315154784000926,0.17182375791165563,1.4863176193025054,-0.4049784447804181,0.6976669360123786,0.2424310078627898,-0.07338911565352897,-0.20558335384570017,-0.36439548998592347,-1.3041875277571595,-0.12097196841849886,1.8058584243038729,2.054039126829322,0.1264543612386179,-0.9024710319911834,0.8194185105239624,1.0841330793632216,1.0488130450519775,-0.48935267695109935,-0.2617082629855534,0.8806351407080228,-0.3901049050842482,0.2646005447410037,0.7204643278671861,0.8809552923527618,-0.40091249244128857,1.2092754085129247,-0.420598454174256,0.8410734679862495,-0.754896832084014,-0.7144443793136525,0.21002827251022396,-1.3240444543534562,-1.7358341095875336,0.5867889728123135,-0.9993844425162978
-0.897135473727214,-1.3024134825597415,-1.0981595600372436,0.30538871385645316,-0.0348014030771776,0.5902980245286665,-0.5280661153708271,-1.6058620903730878,-0.6271925403754044,0.7479912925170302,-0.3464514909677616,-0.04956140597756444,-0.6528622266396386,1.086767212312053,0.45364235025002003,-0.5455096511805717,0.11450506959499482,-0.9924540349418378,-0.5758840392671974,1.7124458182452371,-2.2802926311106932,-2.165446141178519,0.27145243792904306,-1.1376906759282062,0.5842179971938848,-0.7145968404826111,0.24405133133782653,0.6853875891589514,0.3946971657677591,0.3808661847974619,0.2320949652499283,-0.026080596763333453,0.16225789075070643,-0.149724286456206,0.33226160482813255,0.017525370814113744,0.9682952540696634,-0.5043831100990244,0.00568743783573235,-1.2020626497623732,0.13740497859328082,-0.46342420389704386,-1.990646027658691,0.5888297444978631,-0.08545375506369392,-0.22387840942477655,0.22174245229312428,0.8930416918237242,-1.528844469708392,1.0468097400881666
0.5811541835086289,-0.1932228551600543,0.5121137515194418,-0.29055197695985163,0.7543657587353045,0.7699492653956634,0.49924511445701625,0.00784703496520907,-0.05527862429454693,-0.5875103178992369,-0.35002766352437426,0.5635206176941792,0.3526825721893407,-0.5834846661816575,-0.45120148170953517,-1.1030092931534974,0.1591013881759256,0.021117336113665952,0.048765609027372585,1.7735330159726297,-0.16110961606114307,0.05715946441921287,1.2984332959906983,0.9295526452016545,0.1844266467511394,0.018361639008303215,0.7646737606772979,0.7514688265872996,1.402774355713745,-0.28589098352591485,-0.24490963403492894,-0.4866194448021181,-0.12346276348445431,-0.472146572137478,0.3805012522020549,0.41847578220314247,-0.3408995058713427,-0.9131476437345127,0.2570235881789304,0.2399296951267015,-0.4970994774865268,2.4599042608316974,-0.059262220403912096,-0.6746911515989887,0.941741405680989,-0.18150653886910237,-0.3151670200677937,-0.5777550405494712,-0.7513791447221088,0.44958613340546627
0.8864465594015964,-0.04646326720585004,-2.4908531890782992,1.4690788009635134,0.2981494878690185,-0.017334488360159606,1.678703564783983,0.8903420924540729,-1.881937837877778,0.5568163070056337,-0.6267679226670474,-0.5303171008820784,0.031393752162858266,-0.09577640808753057,-0.08666768219892539,-1.6129929897387354,1.8916125059501512,-0.15526106429570213,0.6312498145082565,-0.537834669461209,0.19752276460819743,0.7091972212623372,-0.5162573819402828,-0.548165075032803,1.022885897688787,-0.1268966447586161,-0.09911192844751328,1.098336880311882,-0.7727307358900684,-0.5476664508238243,-0.0010499364108550425,1.422009297585934,0.5362873538701314,0.21528691779772371,-1.3222330464730667,1.7115447527483871,0.5686417501516554,0.9736763157204668,-0.7162053332624198,-0.8330587023896954,0.5944508440483008,-0.6454378565490124,-0.5275248666992972,0.6191457843874536,-0.9119188840969594,1.0374860374689108,-0.7838644334980914,-0.9987175451676692,-1.6190527683674862,-2.1323678660723653
-0.2540098903894003,-0.18705496079271766,0.3140443098704127,0.05954672381643823,0.6857874615502051,-0.27843626939970356,-0.11012787554698486,-1.4407708364116307,0.496525705345306,0.724894386743479,-0.9818559743181543,0.828036745593247,-0.33463721253431855,0.6344731237945952,0.5669420124471517,0.9036586352874136,0.10387382943031825,-0.07673455511543617,0.8941201746386891,0.156216911441667,0.40525488094164375,0.4596369718664979,1.135490250396482,0.9089649381313764,0.6448541278720432,-0.08257267730899528,0.9499920909717596,1.0288981049282317,0.5270028132631521,0.672344060598699,-0.2375893058081811,-0.9847875039260964,-0.9957260820383264,-1.609919083838299,0.05637507807765216,-0.23912952009555205,0.012317949012751545,1.1202851173029473,-0.9427561050777808,-0.8132167200901184,-0.3091750767901241,-0.29988781646382895,0.5112829411937208,1.7558265823444361,1.6099002474123179,-0.31240508342429757,0.5429456662997117,0.6602912052069199,-1.1551128864963414,0.15882632085588588
0.9171929218608296,-0.598376200391887,-0.2290730931256917,1.239514513590341,-0.6389012520825399,-1.0592775845720386,-0.007970285524326503,0.7662543491795635,-0.14725910055952765,1.3188867965054962,-1.0412067217022365,-1.3194782129380396,0.2524653750702034,-0.8916646193300551,-2.0995210473468173,-0.9957042831693905,1.1339537921009408,0.012867439848678008,-0.37661681318702195,0.03324689071689625,0.3155556501145087,1.1241727474312275,-1.002570267091376,-1.2095059488533146,0.0029033409941526633,-0.2591146956690186,-1.277854532978605,1.025014413555032,0.10651700044876988,1.410739535099475,-0.6903391876326397,0.33275239265858875,1.4034240452719036,-0.012396788571673535,-0.3060504370100526,-0.31827407990852663,0.17794064688950115,-1.0288371003591656,1.0128546875268218,0.34887928026350884,0.8065748594626113,-0.5781274238495933,-0.16622392544840622,0.6101157480168242,0.33093298142736044,0.45416396980219464,0.1307244457194226,-0.5900325542855108,-2.2343481288344074,0.16592271222946378
-2.3715180597120566,-1.1354217059481053,2.4033436409167854,-1.8002113738100827,1.5368645176037505,-0.9153495554018392,-0.46610892832803474,-1.613117119326218,0.03446184356656149,1.8860641704602805,-0.7984062089122194,-0.39372727015025666,0.6377631529977592,1.6490690865166198,1.1108785203504052,1.4428088694701844,0.10877123974973184,-0.21456745840997707,0.1660120199731481,0.28060905405872,-0.8809561330312098,-0.5915771228809601,-0.42989139296704365,-0.02884291264984661,0.44520623416877525,0.41249924992692927,0.11001561405148358,-1.0469053205213414,-1.259711650107106,1.6210644361363502,0.5376257371913601,-0.362468408101596,-1.1655154375599137,0.43613969470171515,0.14043398024669115,0.12342246834614005,1.8180993468348352,-0.2640570073485136,0.006825150451538484,-0.897456637843321,1.0639084815433164,-0.5908069209029776,-0.07351651406220229,0.006984167491085025,0.5705044677553228,-0.5834587182160011,0.29161050669719923,0.48901537830958647,-1.7584943941693727,-0.5613148773289299
-0.8904083811191862,0.45144655396627076,1.1028643821196804,0.7619029671802611,0.8663229783671725,0.608171579573681,0.3527143893577325,0.9607292594536733,-0.6742046895254791,-0.7189811183284338,0.8916370804400956,1.4859227499601981,-0.18005041693146864,-0.7787203008732925,-0.28379261864486255,-1.1505335826168022,-1.5425367864888544,-0.30435611847952354,0.5066188528212461,-0.9305338090005085,0.5570534663964111,0.9119982899299867,-0.47245718891369665,1.7063795328052167,-0.07740486550210182,-2.5816541298439195,-1.2639525128581455,-0.8368425818221892,1.130865165253753,1.1868984250279475,-0.7913578782024363,-0.7730185253898963,1.0886009475655596,1.5273206140590982,-0.5187568052696722,0.05578201901750998,0.43836900775888676,0.540967723906857,0.4588253788581764,-0.35201608735848977,-2.3911581269779565,-0.07923593193405637,0.23166089959523806,-0.7653026448520952,1.300046784468712,0.6474899705198721,0.2887368889163371,1.0876711453630314,0.548987101949623,-0.210153557738347
0.993390175376007,0.10908888979095281,-0.35873032922225456,-0.38648420155854984,-0.749856782769356,-0.44049613202446003,-0.7757924920668446,-1.8995209163508684,-0.5080582846586924,0.12769453475926734,1.870893394121312,-0.5407805047634513,0.3861065778278277,1.4694013330126312,1.7057293347826168,-0.16475526434910803,0.7092579833792412,0.18347458706906808,-1.074999423822202,0.8880865026640141,-1.0531985722735535,1.423170035858337,-0.1370749967954275,0.5821163699495929,0.9325222570643596,-0.41726596860783327,0.2592594741984742,-1.5857602555821522,-0.1890835508013686,-0.09932124111085987,0.8293887400376363,0.558574279458908,-0.6895300268446046,0.5542219610692284,0.3068210677741599,1.6408774150470578,0.09877569552498995,-0.7200669690101352,-0.5056809328419394,0.1556545423564655,-1.092161423500211,0.30114662644739854,0.8532743478939153,-0.265454057235295,-0.3236960051900509,0.7859387967268426,0.8709088418233297,0.17970853891731428,0.9969285532685385,0.3004092885253703
-0.5840966662447383,-0.92332721824967,0.5648571365158469,-1.5365405851838316,1.0902936375972574,-1.239220234014923,-0.542240220334164,-0.7598115588595517,1.681922349079701,0.1727421201032803,0.8662703734296767,-0.6141549072495078,0.5187953005612407,0.3440487204291771,0.8416684217079871,0.6117752044000806,-0.7000661770496652,-1.533233275493851,-0.21606115549405716,-0.24998078248356984,-0.3552730588555666,-1.2365082931459552,0.6147965561935825,-0.5653776342875229,0.27368943222109615,1.0365203830514533,0.7179341575670597,-0.816828467822373,-0.5768955653310872,0.007368419569521608,0.6774673603593858,0.3916033794508961,-1.786348753894064,-0.9629522041580737,-0.6881075817030632,-0.18086497182412467,-0.16096853048234017,1.4892799950744384,-1.528228077261597,-0.3798951636666521,1.3192824132755452,1.1686448553356046,0.05558612375410302,0.7285772905698219,0.5301656544309189,0.37924527287523097,0.3988887254877952,-0.6324884418820674,0.10123418632382954,-0.7534293413313576
0.28203532794179687,1.8719916565983616,1.0762929152158311,-0.7955560006229914,-0.24857872674616474,1.9286607772814162,-1.752982318878859,0.34151809674490424,-1.886802493745006,-1.9690814378775119,-0.697101683184217,1.4614952465728013,-0.6142636341822025,-1.0745949186341797,0.6091216284920222,-0.7914498346764207,0.07326485743601333,0.7562667874819948,0.9904975495506984,0.9255958584776718,1.4337604767832788,0.9479863844238414,-0.8548912275522091,0.5336371886912973,-1.5649674058719605,0.43057667636495234,2.318458035807799,1.8976382495743402,-0.19681801982573616,-0.9995914185856344,-0.32722514756697735,-1.3754033162181145,0.343913887279655,0.10824543214237074,-0.46278322871099586,0.6291883964851706,-0.7043749867187648,0.6563646151144553,1.0744690980306877,1.2397865402727624,-0.7239879470771222,1.2307934900836566,0.6350406163310746,0.9599125564986274,0.5933886422949763,0.1175713263721657,-1.8745140039026584,-0.5457970065123041,0.19920619851615584,-0.7874521668301319
1.2523104276592727,2.859232916813945,-1.0628875825228246,1.2822259898233404,2.0682105493970036,2.92105695100579,0.19078120021062223,0.5807812626718174,0.2013241784421242,-2.1888169496820136,0.9628510974128831,2.939478216962544,-3.022123303586211,-0.9051441079915419,-1.2473690918694167,-1.0777680731989248,-0.6229961788783004,0.24542052696407796,2.0977668084413232,-1.573953097995064,1.8409148433809333,-0.05659946952221967,1.4807926886548752,2.5773432857247003,-1.3332226209587785,-0.7391594350763372,0.22978271848718926,1.507251514082011,1.202488918633185,-1.6596719546152554,-1.471325336591457,-2.940134088309672,-1.520680191757831,-0.37634525407035613,0.3214985668646342,1.3963625774727864,-1.6473622254660631,1.3605928121044337,-0.23699443309738186,1.2830343520791279,-2.440004476702784,0.2341806285289904,1.2299290110043892,-0.909849563974977,1.3625498243852572,0.8726009115682213,-1.8681449753600659,-0.1806473564043982,0.48048555105352336,-0.9725669793840173
-0.0824322951298277,1.4229421779281266,-1.2506518116758607,-1.3619289957013736,1.6120201484453478,1.6133303089609103,1.2417818409151666,0.003013548890838915,-1.0870723593914127,-2.609739230215207,-0.7365356832319796,1.5031703299278767,-3.290360016610313,0.08323416094182419,-0.7735520379437476,0.10828994244899005,-0.06944745011669405,-0.8401352885083683,2.295116848570712,-0.47229846762415784,0.8215944760822793,0.42535624167783925,-0.7177486835395809,0.6202256213707866,1.3501478112876715,-0.6617628467898792,0.3127668094098549,0.48141134052543133,1.191874480930785,-0.11697003850230384,-0.3284519085355674,-1.4642236172020393,1.0556455292281528,-0.44780683996825,1.3118672918000416,-0.015083984699801788,0.1998831612952475,0.6673495995645198,-0.4241375008716825,-1.1313829023961581,-1.40535604155403,-0.5845950329331562,-0.6637064136367352,-0.7485780962879199,0.4575969876767922,0.7126918277780381,-1.5178151866991008,-1.108146041342145,0.5886693847263185,-2.119262838437779
-0.05880510804147249,-1.0130601783001352,-0.9409667260003388,-0.809736688211587,-1.041021721901247,0.10406862634516266,1.7411964920081064,-0.752073080609542,-0.7789156523542532,-0.30761738912160663,-0.702985624462287,-0.8179886772383339,0.5220802329639405,0.8121527206591372,-1.7873554386031187,-1.7791795868435654,0.4575865545411086,0.4216698538404876,0.08071968335320873,-0.7516622217750983,-0.6664512913614106,0.9339286358973405,-2.507677225198524,-1.4376710065104716,1.5339283733416658,-0.34867450277800943,-1.565570708463809,0.19611433630133918,-0.1782034816938307,0.4925738280979898,0.9694567040201779,0.8889188695175091,2.540374665015231,0.006165880349914442,0.31792633366461936,0.07192944314803423,0.18856589590296688,-0.1964364782896765,-0.9409261815610014,-1.0568324804915026,0.616320822078947,1.0422606126547764,-1.6789360180890085,1.108044299997753,0.003540080431976754,-0.07640340475544635,-0.8567491562640199,-1.061126138610751,-2.3765561544767753,-0.5703147841754895
0.22274113731768644,2.0691093973109402,0.5549854167268945,1.0661288976484908,0.3354370154330895,0.28468013798777236,-1.5643992311790558,3.414857131451176,-1.4295201410588227,-0.388140674336245,-1.4942093948819526,0.10471849713584186,-0.19692332369170443,-2.7668921191593605,0.8540140701759432,1.1191353679369311,1.2984262117432495,0.8406077113400264,0.10975401438771906,-1.2153879249959814,3.355467982901434,1.7994524441526292,1.2619016693635652,-0.006988030484835797,-3.5545662729660017,-0.7361795820473074,-0.20464889760545682,1.931620410139399,0.20108267227338675,0.454244441411963,-1.0718259799342553,-0.7423628255516139,-0.2450589495434697,-1.0633135312035704,0.06490736427496795,0.37146237396278975,-0.7149549079483242,0.3720286756012903,1.4263445690637893,3.001604591763671,-1.341984438706738,-0.6681252700991979,1.0896547367175267,-0.16737776641588062,1.0249975185691036,1.0745291377207347,-1.160097518885224,-0.36535939211637347,-0.7474994488359583,-0.8438494455492741
-0.3646081745014195,0.6451469560334454,-1.554460075110232,-0.9586035239477033,-0.41333140912015376,-0.1024292414261338,-0.14184847462667866,-0.09173677598986554,-0.16763253802765743,-0.27221599207467756,-0.04930174321878774,0.22359235417607112,-0.26526585172454425,-0.3932514144240525,0.9030505892081822,1.5465059891137654,0.3474166713630582,-0.10834353813004788,0.05706994469221393,0.7953818354187384,0.34796546977545806,-1.0694375307251416,1.5442058438680284,0.09168735921161392,-0.6507490363353577,1.5144998748147358,1.897275306964656,1.1250429658680798,-1.4498436940302206,0.02248166476054783,0.05117122659016411,-0.37688477950518556,-0.821395671030742,0.3762709256210606,0.5105916400884412,-0.9339024342106034,0.8379991864357769,-2.2837978884477073,0.8612914675064837,0.2792159609435538,0.8846726450856567,2.0582692890848624,0.11345878981022799,-0.7832348203779319,-0.4355097581571373,-0.9658983853679238,-0.9350533602494098,0.14263845345207612,0.932807299457564,-0.05356685800928111
0.20821815107222075,-1.2435099905411562,-0.6382767492008464,-1.104198345492883,-0.5519886437858867,-1.769437036216635,-0.42913382236198405,-0.4284393517110009,0.7032063136575043,-0.22623245362376473,0.5730918840339123,-1.4348873673250042,2.0571346472923304,0.14049615612331343,0.1634301990270857,0.1917621478626944,-1.1382414658397062,0.6359753698468947,-1.407951214140349,0.44523459978585866,-0.8332758514060974,1.2052383635092117,-1.5136176156719132,-0.8878181203029477,0.08854426598713153,-0.08629601557148157,-0.9500739573340972,0.5414963220938244,-1.8001174897730445,0.9286069810552734,0.03438038803705466,1.1655491601747954,0.8826796906042668,-1.3967924196694423,0.19524217063543897,-0.11384637320436763,-0.5808973467623082,0.271517392877844,-0.7312437000452429,-0.5115765335343029,1.7316617121980769,-1.9893689696969803,0.2192157611098272,0.9650366876611135,0.7603799154560956,0.5255294356279849,0.06128584582349306,0.9357174435998274,0.7597500985243307,0.7087712949543596
-0.02092544688597178,-1.6736338320110142,-1.7972859204524505,0.3724387680326398,-0.09439278040253175,-0.3819210634837033,-0.024590052888311474,-0.04352770050035874,-1.0738852963079624,0.5804150683203481,-0.7196706870162253,-1.1045222959787875,0.652268739524471,-0.6773508120356294,0.6847739211639352,-1.7121793739929116,-0.346231825493162,-1.4950653613164986,-1.3869941096148806,0.7960215375271057,-1.1562744543602812,-0.7506444320570874,-0.9041084972269688,-1.4235686338949831,-0.6929166178005928,0.30249679392613127,0.3851568604401598,-1.6300549929276156,0.39231312896587256,0.2959825448336605,0.8554693290910274,0.5934210034034908,0.5625848662933259,-0.8313709045510782,0.057219707362358395,0.800573202404119,-0.46931326658066924,-0.19631791113559957,-0.449426299955756,-0.1601708008100202,1.757366240714183,-0.1586920526872038,-0.48980791316400496,1.8228865203733347,-0.1251927591850476,0.2966526410477373,1.0740105088530603,-0.016237616457171047,0.33482436211179595,1.7971098179056877
-2.128809259792496,-1.0602331815669124,0.5019747754844108,-1.9890088858299138,-0.8672714675185779,0.0770655355543925,0.9540079768666946,-0.7901020701291587,-0.0501252120250574,1.0215381849157157,-1.3794388847339483,-0.8122131560411748,-0.9906297008851221,0.42478807692305326,1.3095130772853751,-0.6343566826794304,1.4784163282739322,-0.43347716694447563,0.5235628476528025,0.07478548440999329,-0.6766690170558967,0.3543421766994798,-0.24459512312364964,-1.0553648005864635,0.09081591268344126,1.7918946737094343,1.5952370426220261,-2.5876935569578228,0.7734970810439562,1.303694732041586,2.587951173992538,0.3752471019111471,-0.24645533257354696,0.3015625500978899,2.47383367043205,0.4400653614044602,0.9524559882368989,0.2372047014618587,1.140301461394561,0.20724906530693843,-0.031293155272090326,-0.9021000808155728,0.37803623958729415,-0.3685685104961224,-1.0037466858550468,-1.3806581362467973,0.46808065509884744,-0.28370842122765677,-1.1073935223335527,0.9687877368732786
-0.3646620421296988,0.7374847650104528,-0.5673284988847161,0.9898689581260702,0.8285500339148864,0.6398005510517006,0.5210357068839421,-0.8926293637141982,-0.9404759348650238,-0.8851830537773222,-1.556119647870211,1.3015034779039365,-1.5114914158316346,0.26662879244823845,-0.0649167325614321,1.2941037256493986,-1.609053433300912,-0.8964910778548075,0.8266806813551331,-2.0182501063131832,0.8922981998856784,-0.06298351750271534,-0.636236451866316,0.45845579376107976,-0.09561612989387586,-0.7841275310100472,-0.39827831570293293,-0.2690731615867142,-0.14497997720791833,0.34271460454200287,0.17832062166225618,-1.673533128934063,0.42931615271963103,-1.621439016800902,0.4349660058260142,0.30826862862588267,-0.10833080153925256,-0.07485133685694106,-0.07931205104854794,0.5867747199947471,-0.4563055341128419,0.8050006269286427,-0.6486303723990816,0.4123142726668296,0.8988662871235433,-0.0443105441252859,-0.39613280969520664,0.5416595516710883,-0.7645926413839458,1.0643887108742225
-0.15156517597487953,-0.4107124393364539,0.347455349363736,0.5574844592219127,1.1706667352029896,0.06813742093966998,-2.2759183014428106,-0.5809039037381983,-1.5560416150328815,0.17114544716901625,-0.5188005737061381,-0.98153168173846,0.7064061786998068,1.0026300442586091,1.1058826392069536,0.24208080431648096,2.955069018020736,0.338412998456086,0.14527361524064328,-1.3802127540145557,-0.3128462687559266,-0.2929972049966513,1.0088717995202534,-0.23686513715996912,-0.50787343916221,0.5541114152071768,0.22789813232955575,0.241018898082405,-0.5977297206207473,1.1416455197244197,0.6251551570442029,-0.10712763209469522,0.18853294383448974,-0.6114208578462335,0.9020761799887848,-0.25529944962628304,0.028658517127993104,1.246697607709068,-0.629032017919381,1.4994916271147103,0.48103689831475205,0.37365700672366614,-0.22171156220799187,0.03425493022528939,-0.42952890601967647,0.1714792037792741,-0.10572954026051024,0.14434017830856744,-0.6023441470052967,-1.9029597702290477
0.06600129741582175,0.23260778728504827,-1.5806121622699767,0.33775239966132287,0.9013770126320729,-0.8774613031424309,1.1165640453230137,-1.4312521035514987,1.9648782612982798,1.2085698369709719,0.8816613885810178,0.6046000104772422,1.063686059751964,1.115478222742867,0.7573517646367325,1.347133036911947,-0.7531034370356193,-1.2046138771240085,-0.020619902194400005,-1.4216650479626969,-0.47650263631661777,-0.7874941023060097,-0.27849189446763534,0.3387855196995577,1.0393083222357147,-0.06717886088738227,-0.24435967998462343,-0.1186511339117079,0.2632072789787815,-0.763204641874273,0.6200312255254332,0.7834440995526637,-0.08582680241901038,-0.4958617857959758,-0.42739016685078507,0.3512918065565013,0.8137570676093634,1.7215699761767638,-2.160170387435978,-0.23643169937238814,-0.06516906125811357,-1.398097389228909,0.8032691856304092,2.8860112430020908,0.0904764115899737,0.0706615214943448,1.205077804264704,-0.13186969331182008,-1.2186279746738036,-0.7212409828671437
-0.25495952452899606,0.14530362507577269,1.56608980037001,-0.0651463758390298,-0.6515443631852953,0.26888831291246246,-0.15742991326070097,-0.768862410004373,0.6984019053573958,0.668345642566392,-0.000811786877195136,-0.48435838402922315,1.3833234094604898,0.977318145358773,0.6145747632435031,1.151144507754737,0.4139106880855456,0.8022203343440131,-0.7084749513673905,0.6419875951602225,-0.2761292486731784,0.5644716128867795,0.5857391751336163,-0.19915463959258028,0.34611157044439195,0.9953487140453312,0.5197242701880935,-1.5550048798118024,-0.01732103749409797,0.1659699562296789,0.15813568481775775,0.36220992096573673,-1.234484082281665,-0.7248281736238374,1.0352681125604846,-1.7072918571719125,0.21562435572520566,0.32470993511804974,-0.08820947981126759,-0.6639313681772666,-0.05847913240593852,-0.17981830109137906,0.6947363997388748,-1.8980117922178639,0.37801142341218674,-0.9391156830419396,1.993452220632884,0.35910601637165995,0.2683328713530447,1.2374004020540836
1.1644708091955875,0.8814178787008435,-0.16952235431314092,1.9416635715188346,-0.8246463783088562,0.18230494200758932,-0.36751665813614187,1.6934364681348022,1.3050037882003138,1.1423165485407658,1.067518007611463,0.37655671753962444,0.5654819519577247,-1.6097241822769075,-0.49678343615922665,-0.06704738762110157,0.4372100497177999,-1.0211770076702398,-0.7403661307344823,0.36032844606070163,0.7634879776093493,-0.9510426188965915,1.6501245981047246,-0.08031119974950472,-1.8727678046003733,0.23972557713915807,-0.7365520527509392,0.5464655204324498,-1.2636483670180783,-0.4495172243094214,-0.942272961257606,0.3425900789977027,-1.6110154808313515,-1.0414222178968717,-0.3248202668484261,0.3685662299547178,-1.805058816485586,0.07956095734262561,0.3753657943496996,1.086170412609087,0.8921167412026294,-0.22684035400792638,0.5230401530314712,1.1375769164703358,-0.6665973150221589,0.09490150006453307,-0.03440615385533143,0.35171662418612615,1.183152030944823,0.6216974232438547
-0.6995974829999192,-0.8017603416956546,2.5746641946765267,-0.3498437707499073,0.36453271861818953,-0.7406135096460414,0.5603924687713224,-1.4764555333561542,-1.7027545142313074,-1.1599189923197766,-0.015211163849067962,0.49337981391601216,-1.009787650232171,1.8483912386834016,0.015640690679765114,-0.42026032656019924,0.034160652016132186,-0.35279224167541234,0.9045106464736179,-1.2593871121860947,-0.15582624394459443,0.9381086543076746,0.5840573695861552,0.8471138463176618,2.1116745122879617,-1.6199810448824041,-0.7255928693158703,0.29589324811397255,0.6150881617153524,-0.3169063992177612,0.7625108340992955,0.16117798383657006,1.8024539700945261,1.404720286664057,-1.62270334045178,1.4130134535758083,0.6413052346345404,0.6530864036905278,-0.8522236401005224,-0.9897978578016082,-1.0471353154184317,0.34151882428648944,-0.7830100947241619,1.7350184069785137,-0.5689230706207115,1.8049393677323238,-0.9890602606127821,-1.8000410524828718,-0.014178392997357236,0.39493032001241757
2.295312454616363,0.5461305616296795,-0.9611413029505976,1.8556135043949855,-0.2228869624383168,0.6633091806531027,-1.0880532274564703,-1.4343787672004542,0.20305551599130336,0.23252108375395025,0.906001914391524,-0.22275601065010758,0.5663088903239405,0.5864096216336369,0.15074891938458132,-0.08578097833264113,1.532792465436029,1.5202328934705367,-0.7318915002952057,-0.2877640997971215,-1.1063685617684642,-0.731973297702051,-0.031163460369317185,-0.7676843921443004,0.38238406457770907,-0.44994256434473234,-0.40089790610569753,0.08055153439185367,0.11874505991454448,-1.4768728253321095,-0.3351945933880813,1.118260016423394,0.9516081722677667,0.40447495712226306,-1.0370415979961907,1.0463367022274337,-1.2209085621606728,-0.04407428413292985,-0.2875475450175828,-0.4243512162657135,-0.3024979328289024,-1.4500323140584708,-0.7751457382543443,-1.154460245076266,-1.5146228486099547,0.3713647116548254,-0.19432559957364512,-0.09800111474099192,0.5935908480543783,-0.4714224079052055
-0.9993207669142463,-1.6269879372714728,0.5147482255057433,-2.320675175711198,-0.2536429561549083,-1.9703004751241424,0.5656830224603648,-0.7947614208831529,0.5501387056757562,0.19221620588359795,1.7068354958245133,-1.9151396489090249,1.7123040883932752,1.0534609245550037,0.4549815045010875,1.2052885738140895,1.321596153163311,-2.140730409904553,-0.3638276309252655,0.6695244529889025,-2.6584188729856977,-0.33728182298433407,1.2464910724617864,-2.460281083403663,0.6497355615113377,2.02733351353088,0.15577940815160415,1.0330950228704645,0.5954185016204335,2.291243805582754,0.6942599624736133,2.7444342457450026,-1.6903749951497389,-0.25602765777338915,1.043043586225366,-0.5618886161252582,1.6431305759876382,0.29692768496390753,-1.447040915156838,-0.26467236185236,1.5010328246130178,-0.8224203827746301,1.2478842990876542,1.8333332120110941,-1.6743407238293218,0.08448815826549537,-1.1833488871336793,-0.744622935665825,0.2592133732890255,-1.222859012554964
1.637979735570663,0.6604671365845265,-0.7834896615047828,0.4636034698152278,-0.26327154181257073,-0.39073702625794354,-0.955916378355491,-0.398704797856827,0.28664807040487805,-0.10107733949531594,1.8780526565323339,0.8486305869149224,-0.05817491680944228,-0.32715636709214296,0.6720874886521169,1.5457843448826454,-0.3599217875256568,1.2997731203963852,0.972503300299698,-0.0669590952361149,-0.17770945486403195,0.6476912974788978,0.3498179511491719,1.022634341538069,-0.8767432434763552,-0.13183439796259222,0.5216649866195884,-0.1816094360581535,-1.2730040957072182,-0.5946911664848381,0.30238806153113656,1.1475720430397354,-0.6625971895838596,2.237916707344378,-0.789453314335651,-0.14154623543253292,0.27623526547708926,-0.19708120465031773,-0.36043594501756454,0.5567934968963898,-0.584611862147534,0.14979326280168137,1.325659010982742,-0.7031019112615688,-0.2205664093473648,1.3160648414913558,0.2966117703602263,-1.1299993271461184,0.02131689404994104,-0.8566880809490302
-0.044839682688490014,-1.010507525717712,-0.267434839183851,-0.728669844888474,0.5495742942837589,-0.45853650881952335,0.15771887426488237,-0.2784683706199209,-0.4569382937097201,0.17232020798429984,-0.7645575083018462,-0.9800070689779613,0.7101755088350373,0.3455287189188035,-0.19567532213142763,-0.8680588863851478,1.3773493379249842,-0.9745404762647587,-0.11781996687167233,-0.09143421475222806,-0.8483639661004837,0.6775726284685466,1.0628892313893783,-0.4291310927953619,0.9288391835601736,0.5286447596586271,-0.3505927865284695,-0.6838521744235695,-0.4757269209607421,0.9328828822282269,0.20236140502599984,0.9851638236816063,0.3308565939808464,0.5225298196282039,0.1777397790150861,1.1178998305708792,0.5153229890275096,-0.4946467766407788,-0.23617507084556774,-1.442429291307627,0.8154373951906485,-1.1218072882340042,0.4846650130128219,-1.142990398308161,-0.6075114232241301,0.413430594106971,0.2560219872837696,-1.5127883415811383,-0.2844391072022474,-0.24648898755942442
0.07766190299219387,0.10685110483042222,0.9930380649759171,-0.7259528231767557,0.6115091326184036,0.20502791709642684,-1.7547128528561067,0.9576513677031145,-0.40193753243946023,0.018367256471273602,0.28928527354702843,-0.29369781377431076,0.7662223938278461,-0.6754879512605558,-0.511390275897977,-0.4251076755479822,-0.057704363323245356,0.574686459169429,0.3473426636003058,0.8096718107766139,0.06677204261541377,-0.04422911196242785,-1.2232991944496605,0.7554957208847192,-1.5597088449106626,-0.17383002436480313,-0.3373684754839378,0.7899593132306524,0.19444202279108375,-0.1316531083799765,-1.2119333042097644,0.3168691979476435,0.14710930812677692,-0.394967181935043,0.2800838761624418,0.8507957020666891,-1.3285172821294624,-0.7686961119421831,0.7855504877798611,0.3464239338784011,-1.3029054255455368,-1.8305674311874762,-0.5819144149449167,0.25533929715285886,-0.2729595120574098,0.19012090039487456,-0.7222377495555077,-0.8533545291987615,1.1500339100657957,-0.21490096469321732
0.5261636199108568,-0.7812081148351606,-1.0648989515480294,0.8963827540527184,-0.6622718513718749,-0.9677758676031006,0.23378838848076108,-0.5429270660462164,1.066592131007502,-0.5984260609685484,-0.20506888868109302,0.3811821867269715,-1.2944241602125195,0.3028296491958418,0.7048171102302233,0.7930132289637141,-1.1805961253851305,-0.5443036250938196,0.6595439997172158,1.133898415280767,-1.6184753827689748,-0.5808445909143923,0.7128628717256472,-0.089765783702172,0.9511523498679121,1.2621479587493896,1.0992863785732154,0.17124494145517852,-0.6987805713221896,-0.30307469280812566,-0.970556380074668,0.9106283981505418,-1.2758086444587176,-2.0261181447131764,-0.2911863001661465,0.8728450754901711,0.10795691717897908,-0.1717817661721067,-1.3980790031416443,-1.005476778107671,0.855895637765554,0.4940522481343305,0.7907448243244657,0.04285358299715271,-2.3792514597248253,1.1121227581499982,-0.9880416224364058,-1.0757788265293793,0.32276835681506577,-1.113269475642723
1.3469831909225316,1.6058310809433678,-1.8386102290821125,2.950271908466757,1.1598591254857502,1.8628879502524105,-0.3181408542053097,0.42667537082675117,-0.21625239005435848,-0.7687305882597875,0.4572121554374608,2.301749289618265,-1.586799216540624,-0.7247584937457985,-0.5352943897309951,-0.8034051981256903,-0.41134721649033934,0.5966570613494409,0.9917172498108683,-0.07253726621348318,0.561583280594455,-0.782511203357273,-0.3225165097099324,2.67699578941461,-0.8012440252522967,-1.641556322391926,0.11981915303996178,0.7525314830553715,0.45850137815207725,-1.3344447355739932,0.1664262201863162,-1.0480797810889237,-0.04165850807372401,-0.5619541457588668,-1.6012014872115525,2.1087589383295424,-1.2182677911046578,-0.14530260830457717,-0.900239975971979,0.9624116305809928,-1.9101560741454264,0.12166117533884453,-0.11915030152076586,-0.9095568459875325,0.3975977752579251,1.3304961999554694,-1.194613653135395,0.3831436217100233,0.49593293129151284,-1.3729239426090936
-0.8779316071146058,-1.6679061569961644,-0.171367428258034,-0.5161685211177707,0.05034398175810304,-1.3420922378695985,-0.22372813030525998,-0.6393895726126747,0.6098374020661134,0.7267258147037218,-1.7399804600773359,-0.5668085518723764,-0.03922881151820998,0.6682527323104971,0.20317393599072112,0.670853149933242,0.3601365793762761,-0.07403778726618886,-1.1559903362109376,-1.2010772936884087,-0.39276252192516237,0.0685684159650027,0.4950067353436621,-0.0665558769455211,0.6278788180530845,0.49275945600041526,-0.6425982944746895,-1.307925125656918,1.314703874576234,0.24293970428711192,1.4544537424032749,-0.7186975295473308,-0.5621379078060611,-1.236840951990576,0.16140759659379528,-0.046096239331880576,0.5059264889141276,0.30698303719602293,-0.4741698560906202,0.12039538503677585,-0.18235461101006595,0.8862068836539077,-0.5289368825006499,1.1023397845464835,0.21678743720696153,-0.9440511304410654,-0.14055543669908555,1.4083357709253914,-0.9270956563878487,-1.1048298011573952
0.9115152220367683,2.4235887834626686,-0.10222243583633954,0.3202747616168892,0.7207688370178699,1.1565823826871,0.25124441217622645,1.011546825084158,0.3137761177799213,-1.6214508674678154,1.9353621167770299,0.8393903027291136,-0.055020613305037824,-1.1108305987656775,-1.6485829001119878,-1.9172564472538611,-0.7759696946381476,2.165024018650039,-0.5787543831866402,2.2375267562214325,2.179430495906068,2.6999271913443246,-0.9552345191418624,0.34454621865301815,-1.1422422640854695,-1.0154543419084918,-0.5609727576114817,1.4412504078734223,-0.5268365571403563,-1.1446131632018934,-0.7204170238695847,-0.4545293523105052,1.2164855216356767,1.575788678539344,0.6074448224688,1.2722430238549394,-1.4235227399609076,1.3666811689560134,-0.35366866381043177,1.0066353301810034,-0.07753868100559591,1.723221060296273,0.5736748688807797,0.2407463156055973,0.48808712156877565,1.1375304566833107,-1.9187353985742939,-0.2686565745230962,0.6642904940418997,0.2767117711481826
-0.8299716292369206,0.15260863040778516,0.1981905091870347,0.04697950909379123,0.689209110334142,-0.8855858217262157,-0.34618377809171474,-0.8977221002108017,0.7506251361541688,0.9430852067599447,1.0655102849818323,-0.15786130432752885,0.2554561227689497,1.3609392082316003,-0.02390017436947143,0.6722881350148203,0.25675494386961956,0.47663080979058114,-0.23321517843355416,0.5161051910051809,0.4663482070829473,1.0134159987719753,0.7880664194256893,0.017923256814361202,0.6287336590201414,-0.6066940920310385,-0.21968058640775934,-0.9239815282538696,-0.23518905035622037,0.5254909735770268,0.7136409152276643,-0.6153645021972532,0.009234545337538348,0.2667368495897837,-0.6157833418429846,0.7207970859201651,-0.2312566046535683,-0.5043168427786814,-1.4450912050592788,-0.5756402246238259,0.5396336614670654,0.13018995317818,1.0161618560527632,-0.8016218174037458,-0.055447099043941336,1.1412746937037814,1.2274589706715804,0.5697572441199206,-0.4569045536865396,-0.620915270117034
0.9187630669331741,0.4982555842769347,-0.17347639967964606,0.7863965954896394,0.15822362747881363,-0.5969291720247932,-1.4826444209854504,0.5316111761155783,1.0581008586525253,0.39961745124207493,0.06594435864369765,0.3183765813979693,-0.034624505897242676,-0.7664795970315852,-0.4705456649769651,1.0849741652480798,-0.23460532109186807,1.5049237180549022,0.2026958369467788,-0.8446498846165624,1.2694896042243962,0.38233289839174167,0.7783659988933768,-0.704492995712992,-1.3435546129615321,-0.35248045010902346,-0.7297597827290274,0.21188104606804606,1.5129421073786538,-0.5352621990533821,-1.5255963025884098,-0.41761937336704863,-0.5390592902930289,-1.2661154144685458,-0.03668243705608054,0.5740725200892144,-2.052180031763724,0.38685109265889894,-0.7246550018941622,2.0266188487110828,-0.6329322733758033,0.728683002706818,0.5578383174389336,0.962539693247274,-0.491630472121691,0.04773759763491671,0.697254430145338,0.9070649030804483,0.441448556192825,-0.6288450702788668
-0.4698387684499353,0.7210489158968163,-2.446722011231963,-0.04515449747222897,-1.6780469364504111,-0.7260035822651627,0.9841778746516581,-0.2633461795584579,0.5807347254527989,-0.21791514644776672,1.252594187823479,-0.9434122370986828,-0.41413877444142394,-0.3521005267059069,-1.8757594187665023,0.8284455840325322,-0.9118222829466224,0.9655234081673634,-1.814711730960397,1.2659342188996368,1.0591306057632568,1.9417445355213367,-0.4388844656227362,-0.2762941683657784,0.1324773006108253,-2.005079642878679,-2.277692193706407,1.4436735085885877,0.030332596882680102,0.2766548258094966,-2.2908471335078624,-0.54351595181587,0.16246428213324723,0.8307082213472665,-0.2418024929841184,0.4779242475102182,-0.411590092409436,-1.4019302160825342,-1.1894578060857213,-0.8591522207711749,-0.31728558164572485,0.6512379126051961,1.045115491063741,-1.3254427852300175,0.048624986891035726,0.7649488018231466,0.18843011111518132,2.212761952112568,0.09856984404899757,1.9784044941878056
-1.3692399881266788,0.5818442829051637,-0.06168097775864572,-1.38717696667029,0.9308023184505382,1.3859126620502844,1.0413912359310702,0.08658116065259493,-0.3833710565828531,-1.1467242427052686,-0.6173981935036377,1.1477900856253798,-1.814213542807074,-0.17839560658196815,-0.23414082334519443,0.14198488780513724,-0.34094479311026704,-1.110568728966821,1.4366846732338916,-0.8527462748280993,0.40852721264287245,-1.0174804109841515,-0.6381605729168573,-0.7821989438619162,0.017963270065392185,1.3201915873437813,1.3905156619864079,1.0495311796878273,0.2781310847643034,1.386784959078317,-0.41343027190808623,-1.845212970400893,-1.1751634121343357,0.7590359000117216,0.648086941448681,-1.2140770172155437,-0.43284962204899236,-0.0006481109508600112,0.7192202806311998,-0.023000474046420576,0.5381672889372757,-0.8760513345038998,0.047270130954772636,-0.8861477215347088,0.9774444990668668,-0.690656568296293,-0.6814266947570595,-0.4215113241989645,-0.12904945577932136,-1.7388271677724634
1.1519240217414084,1.018033102227821,-0.11748765539023044,0.6848297436488981,-0.6122347798510813,0.9097490309650126,0.33841361604586595,-0.8145391696789515,-1.3238086264476878,-1.8568620039021042,-0.36526964961653235,1.0546873718125296,-1.4617211011045943,0.05899255016252622,1.5952494115991451,-0.2219384457430822,-1.3077071342943671,0.10501116786130088,-0.4327658020510918,1.9213898635143065,0.782447438745701,0.2410322458246407,-1.338711725104946,1.190140933315713,1.0196361999043462,-0.5752841392468393,1.6225921805671393,-0.26304978664772977,0.15684587968607341,-0.7264025067034893,1.122001915145173,-1.4695614907619503,-0.4810122908979469,-0.09180488500346126,0.12413405006013574,-0.8729856775414241,0.03291736947371386,-0.5920693451419312,0.800504476349845,-1.3646238506882662,-1.008762629256503,0.8637908404681085,0.5356033035333444,0.3576807320397558,0.4400876095542909,-0.27384081937948246,-0.32891542479911706,1.134007430938493,1.2300254279630876,0.12812019540923594
2.130780211131732,1.9287020153068284,-0.014096783207703774,2.011857974291513,1.6929047753698327,1.3856068381831455,-0.22814094676636426,2.343563034825543,0.4166679578286692,0.5854342588328414,-0.31611981635056,2.20627913903089,-0.21796662734721478,-1.274450611891778,-0.22090386253105074,-0.3066098212470589,0.009266974242606576,0.7138806123293876,1.9162124492970503,0.4207450120748137,2.290825988992448,-0.15089063151629106,-0.571411682421325,2.916144689260023,-0.9745225471383383,-0.4441765693353133,1.183613334636863,-1.1755591477613865,0.5334382537763823,-2.14023364752273,-1.171653795135621,-1.003670482597489,-0.340628214311843,-1.3154096999504628,-1.3168975275551325,1.3355367498147934,-0.9703656891573045,1.2424960891204913,-0.023392409629018722,0.73975218860612,-1.3921101957304902,0.22240901716723166,-0.628963033597875,0.5275905858122831,0.9867590939621715,0.7246623774609363,0.5204361047811472,-0.6624860926474838,0.09169066115201627,-1.8064046430012772
0.24735833248661201,-0.6628712686299878,-0.8583211058149971,0.5971107372077503,0.6448055668866021,-1.1403649870411756,1.51993315360803,-0.16330225732543038,1.7418398761789853,1.2055680225363867,0.11617695903800938,-0.8416977048620291,1.3628736336277198,-0.7799877350991801,-0.7610108579592783,-0.0851530869912233,-0.2486390817202372,-1.7611191227231975,-0.5854844047295161,0.4668277580827229,-0.15934270047686658,-0.040349215825377996,-0.2521018576332196,-0.5513735061925861,-0.6477492053416508,-0.5229820298022089,-1.3104919539920872,-0.7978323349386202,-0.1308959590215121,0.5736492021742267,-0.869169667876197,0.8884309329671621,-0.33780584005679587,-1.7121101628996336,-0.5166650915997842,0.24173260155006843,-1.2666731217962652,-0.21567958130701528,-1.0814797294576017,0.46271171490158136,0.474004595062573,-0.05625137596966399,1.6535490881894417,0.8374803790315436,0.0610142391787559,0.8882680098458747,1.3422600764710029,0.4204949539078678,0.3195862178689767,0.07413099426348273
0.9699706234598442,-1.7412728753559998,-0.09314081657060964,2.52127507800986,-0.5412220495163151,-0.9545691135905324,1.146489284636899,-0.8915149892166022,1.4211689332641952,0.573174766582515,0.7147490445953002,-1.404777761909774,1.2618327579512618,-0.04323541025779034,-2.0531053244297395,-1.4502603694582628,-0.8272177507952395,0.23005026363006245,-1.40445955971226,0.09846292588655649,-2.306870328345907,0.1412220120082343,-1.080579935241644,-0.2630229318915856,0.007228870194938525,-0.07034817885005806,-1.8968002199102327,-1.4802451385998459,-1.6347300568160115,-0.6236761175313814,-0.480993469272637,2.478201129035427,0.09815770950280589,-0.5789363479432365,-1.3092132305767183,-1.32450913203324,-1.3468169299877508,-0.4561756475087546,0.042795359711204135,1.207209154788253,1.0174640559837063,-0.5558836708304937,0.6175125184018364,-0.8574938752341775,-1.1082229044248695,-0.24736470431894053,0.9013793586762402,-0.3371351890990071,0.3074387903640081,0.703902813662947
-1.0477645117750871,-2.080745855780713,1.318297408000603,0.07894483019193137,-2.672178158342789,-0.8761506226215958,1.8001081877380638,-0.5028545860274446,1.0417015398632306,-0.14860037944435164,-1.0407008568430902,-1.3885708823848957,0.05223238937036997,0.019908164620169293,0.2058758052516379,-0.7050150028852524,-0.3122435604864148,-3.425045048697226,-3.0696445610650653,0.30237069333075056,-1.5120535935393138,-2.0345935898195946,0.6557289158456439,-0.12570573500091542,1.4532178852353212,0.24452749563694662,-1.0643924913328509,0.9462757941874975,0.6009289675487618,1.813740889538727,-0.32247748489663586,-0.5388661036076873,-0.5821077298467001,1.2409179363587008,0.21850407334411384,-2.9061901058118034,-0.1379915835525901,-0.9724885942367835,2.33426706878445,-1.2547199914325275,-0.05711238935985514,-0.5640938524224092,-0.07197542854820448,0.43234124950070096,1.4733264229019183,-3.1671146754758457,0.6774503862975395,2.7334253990708444,0.12847964974922194,1.5014554314266306
1.0398409982452872,0.6838197647698688,-1.151954649743021,0.9917682420952492,1.3738888220815213,-0.3953356701933598,1.0395182999952046,1.4155851000804405,1.6395134982352486,1.8205549743989449,0.4495807769101706,0.16423472100993158,1.4519621464531078,-1.8412106249717388,-1.2155904729014069,-0.32858037452712546,0.3631751089173269,1.224497856508142,0.6070357641122752,-1.318707399170196,1.8606906453410426,1.6344659422588916,-0.5463020332993265,-0.5238633474377049,-0.2442334846146125,-0.08267308708246063,-1.36397181668516,0.315751157712306,-1.4731845301245312,0.1755420101119909,-2.4449246904409563,-0.45260375999035624,0.5727955309683882,-0.7866244117359318,-0.34345805898355664,-1.578518014140911,-1.016969813495432,0.5437179065041019,0.022326408596368686,0.20214631123644253,1.2090794630409771,-0.7189985779588319,1.0054756748984939,-0.8917100692178046,0.38419546768134716,0.4511424452861259,2.0902924936433203,-0.46031203084970146,-0.19673879905305,-1.2627497441919036
0.402259587485458,1.0946594408900614,-0.03285607182352426,-0.8225123948232389,0.9365401442389288,0.45100688529743693,0.7765886609994205,1.0678662660839349,-0.0028345556431017328,-0.7214844843026965,1.4187166291558841,0.34663475501315105,0.12799598879235838,-0.19564769750866107,0.19027872199713333,0.6432745148498114,1.2468895330399519,-0.09964256493595525,2.202073620236133,2.2151760917726557,0.6657037663923453,1.0653288709808864,1.7448851826863119,-0.4802368131509551,0.26036000762365724,0.25453803171576134,1.2148007499012556,0.7474941342750365,-1.0801158535099853,1.7502168981751258,-0.7379369136727948,0.03937946069408167,-0.6857051384131501,1.0143847981458147,0.29098591750324876,1.1610185943570164,-0.8423491272934874,-1.060669350673775,-0.38517243582872024,-0.9449488649550114,0.531113756794134,0.284286277237129,0.8975589989512037,-0.7334005499220021,-0.3311743635089659,1.0539750205220417,-0.8358942470076838,-1.2362265514330004,0.45324387556466045,-1.0679395583663374
-0.6803929926997605,-0.3357421183110568,-0.49380013485788443,-0.2971988993961086,-1.1573210934482534,-0.6072611006534046,0.31394822657842353,1.0333266431610295,-0.42518005812510173,-1.5139890627890222,-0.6283263990381542,-1.0293175198499107,0.33755444947362223,-0.5231828276010123,-0.07882706524842686,0.9533408524340943,-0.19839396400624051,-0.5441325615960324,-0.9804956255903505,0.542185324307238,0.2717696565757602,-0.0008314145260341889,-1.161478345120917,-2.086828039465782,-0.8985622963980399,0.6507520860317159,0.5470386769276271,1.5659976713185138,0.5602963807636505,0.7609166965480851,-0.16733531615985883,0.7896114029952424,0.7062255175323217,-1.5010515927749506,0.7279928146405711,0.7918018651089653,-0.2807733474613896,-0.6529671589148104,1.2239179360396726,-0.1921364158812229,1.3659550629888082,-0.6859901598446024,-0.18322542498013647,0.1835835149190329,-1.2306665009805136,-0.3141186642132818,-0.07744238793075739,0.30521918505433504,1.4982428051016334,-0.5552024586892546
1.245954258299106,1.8242771129084943,-0.2073316749412661,1.1440044929873516,0.6360670448433999,0.21510416391928905,0.1278770087384808,1.1259476337197634,0.47338982828090315,0.03070259243781471,0.9351068287423288,1.016641933000968,-1.202565850532008,-1.5832245013735606,-1.204071712537387,-0.1627620873949547,-0.4688669280240829,1.388027493923462,0.6209052368344414,0.2197639071106543,2.2076794310425774,0.821981473074095,0.1777058403342192,1.8177695191008816,-1.0109757303054976,-0.5867611831798526,0.13923077174515708,1.0001005115451342,0.4763286240103151,-1.8662500083390832,-1.3248140654038698,-0.783148933126894,0.10314661601099648,-0.099187077325153,0.0865818707741584,1.179100244910861,-1.046150080036881,0.1614035691809067,0.4939986294827603,0.314389189300401,-0.8630212287676218,0.18382933516540748,0.14796604337175578,0.041904105891741365,0.11197755963937023,0.861460702241024,-0.4374793084180238,0.10237290116063823,-0.15989931861881834,-1.6206999713636756
1.4364883452254158,0.9751834197194361,-1.2033585197755274,1.1726139968493572,-1.6102490655722632,0.06291797270892331,-0.2507811199319937,2.8944728915283244,0.8366279095402799,1.875188667775884,0.49852229820968946,-0.5232619177596521,1.378713703275107,-2.5988374780804557,-1.092695608558085,0.7491571684950046,0.7192524031814979,-0.2146858667996238,-0.5773120271288569,1.4590910186142927,1.09109104268393,-1.0603893096968715,-1.3195400762251128,0.7756699420566677,-2.2635383570510252,-0.04589388554783583,-0.8280527692897763,-0.3060774909891371,-0.901908869226968,-0.9658284854773875,-1.3288945080054153,1.1000386748615092,-0.017045747914701766,-0.04872384317249133,-1.6787381014082237,0.3467218493037296,-2.029095165246786,-2.5542950618116302,1.869173022917835,1.0759182516384183,0.07629758112144475,-0.025561663980099878,0.2920824771281571,-1.873159339014817,0.15943463776354191,-0.4733210135139303,1.1166597672649416,0.48094443139592935,0.4368263499767324,-0.41863706614502644
0.5444522126976531,0.9039449520169556,-0.17463541640372574,0.47226795963630014,-0.4845429346573646,-0.5625206690733441,0.10698126543179806,-0.22890114372222917,-0.30612744875196995,-0.681381432596692,0.40258570505438457,0.13827193462803436,-0.30708267496178665,-0.2695323613064297,1.1994333290436852,1.2657453974774358,-0.8011404159411218,-0.12041832007209297,-0.04645911082865757,-1.0132583751626518,1.4733144365505013,0.906867084145716,-0.17669195445794128,0.9166768750426745,-0.7723105389628477,-1.1220342270982713,-0.5297975174058834,0.055054321147862975,0.14824567337859904,-0.8041292238555556,0.1298991281237816,-0.7686603447115848,0.006447772582070708,0.8767064849008206,-0.7344307819222754,-1.5442635680950174,-0.36104063552205956,0.9406135283561856,-0.08616071992883098,1.3016877929645272,-0.9659222431184009,0.4001180164173256,1.9892070752348407,1.47857659284668,1.5499312412439497,-0.034171613426981384,-0.5321699791930536,0.06693367293916534,1.3312361163982647,0.24506927648272145
0.039066088955436555,0.05233910887503885,0.29486975435934903,0.540188227078064,0.7420215852144174,-0.2563645271965615,0.17339390094149373,0.046279528033731435,0.4396283709191779,0.9339405340492986,-0.29121728808867275,-0.8680773191032114,1.065028225523897,0.5780312212985816,-0.980554307640985,0.12297929501873715,0.5245979483715245,-0.33593214717986286,-0.5277135710010996,-0.934934892963091,-0.454844663207761,-0.36024925055099777,-1.5630707588828512,-0.66193503164046,1.0380002433397368,1.2070740606273653,-0.1962809403242554,0.10289807451514753,-1.232822599859336,-0.42850679987934864,-0.4725833455411922,1.0769177299640902,0.48065386546372874,0.24687227518702815,1.6219969880530603,-1.17091314462755,0.3412328051961855,0.4944917730582012,-0.4059023018261808,-0.655178104810238,1.1507788214800907,-0.20156926612693066,0.09622174863567708,-0.03590898814631496,0.2040047864018944,-0.6501666928651185,0.385986608067409,-1.1489926029447302,-0.8136709030815313,0.2718426994816033
-0.06796599243360225,-2.15871723165368,-1.5613998675039005,1.3251896385828628,-1.885645943343823,0.3437606251114331,1.6768744029026392,-1.0531571990849053,0.6557759459134371,0.7215859870533112,-1.3534072917329443,-0.6640000384548641,0.9004070959963101,0.8284074452390038,-1.700261834782146,-2.3452660327777783,0.015629239844411003,-1.135812121479678,-1.0626436326564117,-0.6432974330868155,-1.7824361953521048,-0.4997885907671689,-0.40802069235534005,-0.9466939925574618,0.7363411429592546,0.6413211706909986,-0.8952209490159319,-1.1229140340359087,0.41697520522677084,-0.9133081035307075,-0.24298083368486617,0.7928985689086145,2.767067711872688,0.08783850034567443,0.9807907731092325,-1.6263023272092108,-0.4409865520256627,-2.629249050368728,0.5719711307540315,-0.4169873495694797,0.8898183002487643,0.611353107255688,-1.714424781170948,0.30368448414257887,0.4937719733705707,-2.487773480513075,1.4152346079350802,0.07998933631994455,-1.2392795704753377,0.6295506384374765
-1.7722909286825774,-0.04149441048014759,0.7134567254591245,-1.7421575948915862,1.2049184076824495,-1.1067872909024954,0.39433257987125847,-1.6218450815961543,0.45254283370031806,1.1515854536140726,-0.0710828953923537,-0.0645996797804884,-1.051430913722777,0.9171330377401734,0.10356311934162298,1.1055794135095993,-0.2637486542027593,-0.6360794452552785,0.8895885357970219,-0.22531114144467768,0.5892877102372613,0.16506612413358632,-0.28519699240686114,-0.16804548921909104,1.8122986017591851,-0.646623419785885,-0.724671292031213,0.18373325952170935,-1.3121229072264793,1.0277355723349701,0.6450242691381723,-1.079340565314095,-0.5407294617678851,1.1463758364952092,0.6069839158604007,-0.4489281368862732,2.354743793555907,1.8167206303403736,-1.538213548872278,-2.126723644237072,0.7332278827585811,-0.34022079079332496,0.6047598121964632,0.023772242649997586,1.8585007788858006,0.1503049990908306,0.4855156633322253,0.2697829663068525,-1.0459730956868807,0.12422104405730619
-0.48040229494427666,-0.29867429118806466,-0.4409550126891904,-0.21327482237165293,-1.883817420849692,-0.01317640276407397,0.6097581323050022,0.044760168153067305,-0.48575107082310215,0.484260113198586,-1.0714154580210513,-0.19544874250551156,0.38980071691945034,0.2392140345865427,0.6168017560418206,0.5268522646671239,-1.1188888448266734,-1.557819573795596,-1.7701443079764825,-0.32362813555866005,0.5459386776523126,-1.1653266725321205,0.08896420567742512,0.9453674307647123,0.04750959295747878,4.59950603950972e-05,0.5753387703616126,-1.614154338281813,-1.3179852732166772,-0.21437007091403756,-0.12345142402863661,-0.9202900801511369,0.09061374287603809,-0.43345928930131844,-0.09493356333928235,-1.3075582359035087,-0.8564149959850842,-1.928668023025931,0.9253358710857705,0.7906375161226783,0.5488207764074257,-0.74229784543468,-0.4321673833945035,0.6175369917075865,1.5518202147380975,-1.456306262538267,2.010186228917911,1.5917736617968168,0.04684333355443918,2.1782624679639593
-1.450717052147519,-0.05838633625198222,0.44643127563722373,-0.20680129892370153,0.6980335463687163,0.03594681496664151,-0.034815644361895534,0.8873567285714893,1.2791409905340254,1.6608080682825905,-0.33107496299335004,-0.10201076860226035,-0.3450482086306021,-1.1486555621884211,-1.6481149751164095,0.8307298944717424,0.2102897108878619,-1.5810569436261783,0.5951404079509777,-1.114282769954134,0.9810107534369642,-0.7196297828679102,-0.18407693576529102,-0.1363866164498261,-1.362485831042882,0.1305723707338793,-0.94983784087573,-0.714869425021558,-0.0901849264361166,0.668299947642713,-0.5783622545307381,-0.8491409755636492,1.1659028750579923,-0.039628358981052464,1.2811470892047543,-1.3408807879033604,-0.6044749261890303,0.48777570869533937,0.6093606878760592,1.102362807337402,-0.4780183261193368,-0.6510521352770314,0.22522865774074882,0.6025054099987366,1.0726539832827509,-0.7127697717703619,1.044773912981609,0.11305446625156255,-2.096514140593218,0.18812869166564494
1.6514163367345824,1.755919279463315,-0.6980469683853104,0.3656215703287874,-0.8079651673864389,0.7688190980956114,-1.4352618902296235,-0.5787113755241402,-0.1913049933455599,-1.3728261112903726,0.39497813268960097,1.0717167450602707,-0.4516451071995464,0.10378993722508473,0.0671375160934625,2.0237179050981253,-1.601136834382673,1.6945730665328564,0.0811575715088791,0.9891811172864436,1.085383411034965,-0.3652926001995901,1.1768733357264007,-0.47113268786293133,-0.20302497870246164,0.9697193440743209,1.1563019347876928,0.8265143857941922,0.8228674838516776,-1.4891457333048963,-0.3314640225240744,-0.265575756180663,-0.3361872472581915,0.9678640763151508,1.2756924263498954,-0.43912019655779855,-0.8098327926329134,0.01604151089512293,0.9518654241838317,0.5132627292704316,-0.20173248428888443,-0.08296424407207603,-0.033538242203311606,0.17520483940023956,-0.9741587986640203,-1.3371011181013577,-0.5581726783048498,0.6819402847915204,1.3289670763726262,2.190621988021605
-0.46379796656827654,-1.3247135979273417,1.2709491580430614,1.0350447872386583,-1.5132469019568,0.31613122944370964,-0.27625329030836693,-2.4642378544420716,-2.274801214186731,-0.7146887282265346,-0.9557838460372745,0.326984671431001,-0.22248582885279908,2.1984426135852573,-0.15098831066430288,-0.7382428876766324,0.2955677423843915,-0.5908215291127178,-0.14402941556941395,0.30755489392763163,-1.9198758405557044,0.017650842616702474,-0.6864168449498579,1.534099447420705,1.6108201577464794,-1.357907436108676,-0.4424319480873702,0.24993403272151846,-1.1371192196334998,0.2498041636795922,1.4259789611872404,-0.24962110748497743,0.770570706694736,1.3408702533710413,-1.9144123014419403,-0.330764938565653,1.0285617214541964,-1.8083914620979447,1.3975601983815997,-0.4252220399818797,-0.3285542732948216,-1.8715262159831183,0.09205090069884472,-0.49429605823103556,0.20352647691710374,-0.3796208625526479,-1.3060288420331905,0.624871165361396,0.8626580535375504,-0.8432125235826392
-0.5612085767555066,-0.4332542935714603,1.0182416835242163,-1.3023125964280333,0.78503892157215,1.3840089050121829,-0.11598296942228034,-0.5877870817116688,0.45132028384833955,1.2668079641548438,0.9549549318851279,0.3023765430406092,-0.26716588306526073,0.2796029772009291,0.043002610572615424,-1.3308254167744524,0.8474957555679637,-1.3739950011954052,1.1422649831706042,0.7804659239154531,-1.8737813919397739,-1.5582034346383673,-0.26168302876136995,-0.5262555435011327,0.4061846675263037,1.2736131647958122,1.06797589954784,-1.554498606974089,0.363995194953564,0.11084255962667325,0.2733019902887747,0.6691526760755849,0.7771296848093191,0.14784725877528365,0.5470377353081038,0.36708501073590355,0.017537735220907607,0.8485474145377202,-0.7407240932884428,0.03772873993145005,-0.22193220633367503,0.8530917060558494,-1.0910591596043786,-0.16706887924952632,-0.8274309700943129,0.016766789046197605,1.665477626547266,-1.157434546265229,0.2727000380277303,-0.5478643054163117
-1.5921761747793564,0.49375255924987854,0.021763144152611304,-2.0469480340147146,-0.7843088719282603,0.8851879407581075,0.45900077216749224,0.9852584144037078,0.18428192969829504,-0.6597096864642157,-0.6739565945642121,0.5302594159519362,-1.4051813346063218,-0.9025362997419145,-0.5568392027055813,-0.7418505417055544,0.20255788121263085,-0.5891467179828965,-1.1568518862309252,0.15248034843140545,1.0811652668602623,-0.32384813282514646,0.5604952888209463,0.4168148824586582,-1.0485554771388963,-1.3048184510746967,-0.7972784852832491,0.8144931882595376,1.0551035648911975,0.16159951244106582,-0.041849498446318696,-1.5706372637300947,-0.11366378255520417,0.49371872109068127,0.44602460297421387,0.08251124509709717,0.2522919621178369,0.04203902904827309,1.3822444310391506,0.6337459654344729,-1.6091836487229896,-1.2246487035240143,-0.4076518771086117,-0.52762197186193,-0.03484541740973229,-0.3565963339306111,-0.6851689071011543,1.9952208503449875,-0.8515367773894172,0.843034091431043
-2.1616811707902603,-1.4776370384574018,1.6919416053234613,-1.4024194664801282,1.1492847645612911,-1.7053252293816243,-0.3855938878297556,-1.5349525544241953,0.6480064385686805,1.1386618102153017,1.2688833432646007,-1.4205060711630835,0.5137614744884557,1.9869584337224133,0.25602307930348356,1.63340958071414,-0.7114461272756561,0.012586053974196812,-0.3650425942987057,0.0307740471318971,-1.61083101276446,-0.27448329928656234,0.9155870144559404,-0.9841982998711102,0.8699266779137699,-0.34841552404578296,-0.7795016057507361,-1.7055978579416902,0.13820278524956098,0.9418549777610449,1.3162504283632133,0.4792766895448989,-0.8502714713115471,-0.6493177553919295,-1.4117578964079112,0.24323849260731994,0.32251386121271575,1.5127341172381952,-2.1884434242777404,0.2802492884516684,0.7773516200153491,-0.4159003546676786,0.45758877769256767,-0.07006743258439428,-0.5640346085133332,1.0551170949066724,0.7241836037502114,0.21681094723885852,0.42449478855046086,0.07439105251046957
0.5568872602595274,0.8073906841914804,1.0107159534581733,0.26967399734329833,2.6485208865913,0.15961020148326147,1.3115769819016447,0.14597027129319512,-0.626787928995102,-0.7386990077798135,0.1521500330567095,0.7538074135486409,-0.8626712847732945,-0.4279373595325324,0.011267071469167047,0.8948671110631594,0.09791590698631865,0.30572929427175893,2.2524508079108965,1.4707968885157454,0.8146337956746671,1.2256073605423532,0.4555761039939203,-1.045587839636863,-0.5681979805977396,1.0241936426242584,1.282414627920653,-0.9657036015801713,-0.05724790309818968,-0.7527275591084673,0.1724860516416848,0.44958891981271193,0.43324897225033776,-1.5165204552606206,0.7845741145639608,1.3152085951035017,0.49593838077197827,1.2129601543383004,-0.5457330587383983,0.23059814682028962,1.0060990222852622,-0.29404859054918725,-0.1678841446250006,0.2532978364429893,-1.6125918656414642,1.9386955559927777,-0.18173608133179023,-1.0878093778961038,-0.29656107335834536,-1.709065978549839
0.18269207169940738,-0.26210814919252007,-0.17330705931523888,-0.9375342268355495,0.8349805367453652,0.06600215938356821,-0.6088677528682725,0.3962669534426807,1.0612405992673597,-0.6418685731489676,0.2420400154965696,0.30820348067864434,-1.1968717379945701,-0.450350512884094,-1.3496119696584297,-1.0065101722910526,-1.2144647437141094,1.3069143144611501,1.5738564348090631,2.016403514681323,0.17480730529932562,0.4491228243834878,0.0518323936640953,-1.362386207123832,-0.1060081516854785,1.318510213566072,0.7970867661549458,0.7347930163542996,-0.46856671479010154,-1.0500523803874249,-0.6335291878820223,1.1444236046089165,-1.2476382154076546,-0.3666956868206041,0.6630006326390503,-0.7702484057798401,-0.33054106094355273,0.6466552138397896,-0.7734888162051545,-1.3849240728778125,1.34944273193967,1.3335087605383897,1.6307819393622311,0.3737083727776579,-1.087303656977839,0.27514574700548755,-1.1508153695648202,-1.3094594335175764,-0.05531025940674134,-0.0077183479339102525
1.4474246545502234,0.3368297662386096,-1.027515871324956,1.7697827632937686,0.25698333278826135,-0.16852282538547414,0.884263228431069,1.1255902251458458,1.3738790792978155,-0.8537763752429598,1.8896465116901633,0.5875316789500113,-0.6555965740053598,-0.9043469916706023,-0.8937882700124063,0.19871711582396828,-0.15966766389375492,-0.8577806151370412,0.6341966561990202,-0.0708207745989271,-0.43130087592973027,-0.8760860159820998,-0.08454327076604734,0.27615021567032355,-0.5896556353678876,0.7294455967264812,0.5317185985394143,1.4295742051617053,0.29197681684136156,-0.43197254834486354,-0.9861344235747093,0.8136872148041103,0.04779586050563872,0.598191418993293,0.651073349674716,1.3445253886159116,-0.9286085782867164,0.12930336788825686,-0.3167827150547469,0.7449919480531481,-0.555964179994522,-2.6582203963843845,-1.2289047600786955,0.47383899794689727,-1.4487198488308883,0.6404176153812627,-1.6863000650224138,-1.7050644610124035,-0.32659993712504115,-0.793946307213372
1.615134527300576,1.3410594784518677,-0.685522416306412,0.6888490761403891,0.21328136940375306,1.3245750122805,-0.2556957950040604,0.35110811247371104,-0.4336032944317376,-1.5891585305198803,0.2878746703346723,0.8735146636287605,-0.6665731076356688,-0.3360730998379095,-0.3952892457077315,-1.0148750078369644,-0.9172562003641528,0.008646111082789827,-0.12867582716748516,-0.6564293849985336,0.763950919415148,0.04770496726467808,-0.12274920608599219,1.444678265561656,-0.39099237640370416,-0.6010653559532079,-0.015937134858213662,1.0371235626115953,1.5021604761686864,-1.2918131389224128,-1.0647420334915325,-0.8660861412265124,-0.34253842754905595,-0.08810305396343607,-0.7501634602809997,1.293586647016607,-1.6325734531787073,0.9161150262055815,-0.5583317667802362,1.7279066305547248,-1.6342065046765106,0.2835470024422464,-0.6657623686316654,0.8322463689658021,0.006966662858842925,0.25501235559642715,-1.1535349345367567,-0.271213240728067,1.7531198579457719,0.2115252676740498
0.18066889565954652,0.9049435326608856,-0.7786004149990727,0.5472189452177757,1.9864314987793017,-0.1286354837648486,1.2267788169468063,0.903176101201838,-0.20775718141883454,1.2643122021677056,-0.262539925882555,-0.001050300287992024,0.4141287420192297,-0.9947700536821728,0.06604504917883873,1.1761241696586089,0.875613882114146,1.086761396121543,1.5137582059336312,-0.2969012174083478,1.4794472694390486,0.9829961746390065,1.2187504462140137,-0.3728128903904432,-0.16805623444860726,0.4212141883447853,0.13784761401648832,0.42359864635356165,0.03016362447196738,-0.7144636156025598,-1.0192882487076602,1.0372784449798111,-0.5661429072883939,-1.2389969796776878,1.0637354507290477,0.6829783361375206,-0.3851924586254834,2.021911890933261,0.08910137425377383,-0.7553448191956583,-0.22164564796146452,-2.364779964903973,1.0082095451569448,-0.429853974871015,1.1219365765855096,1.1401126368167387,0.10974288370271207,-2.2831434663108268,-0.6465785429998538,-0.7471733016089132
0.4570020366153449,0.49111210980133213,-0.8028235307022505,0.7350117074845025,-0.6463968489642137,-0.2440742534845737,-1.692514359583884,0.572734946579468,1.2251553866568934,0.4706357581729025,0.11977159141010307,0.2838268535486375,-0.8428592108310458,0.006755248590246541,-0.4769714978279319,0.930842578381551,-0.8640657748287423,-0.18862587747769582,-0.0406773401735614,0.5709062641253709,0.6192959950358653,-0.7619677418355222,-0.9097910088574922,1.1561536576028473,0.19295666293583477,-0.4487283026854362,-0.5909594719901896,0.5924956037367471,0.2429957924231788,0.6609859511697692,-0.667077579056601,-1.1486931213694591,-0.8491803171338921,-1.011242998884069,-0.6936715705088669,-0.026249564745374206,-0.563251638396449,-0.02387625112319713,-0.5116938155921489,-0.48062019419969043,-1.0543550384433922,-1.4948686586043758,-0.19716025914165497,0.1269945824196318,1.6454551577380265,-0.2963570943011507,-0.03001157825009975,0.33048346590282646,-0.4340762611492598,-0.5337009955554116
-0.02193662670228196,-0.8094253643741868,-0.5323535464398109,-0.2215922693040956,0.8937636094349829,-0.9077941241319936,0.6703306868410835,-1.3232452848800556,1.0860476338612945,1.8093431258483585,0.5172973148190997,-0.014996239723546453,1.4604601649037219,0.8873440827571839,0.9608144702231667,-0.5130856545022185,-0.3187633218385377,0.631323493183409,1.2299583697225267,-0.05383581482318702,-0.9163576817597165,1.37569716092451,-0.4109652776895513,0.007726583949229074,0.45424004619137387,1.5423830424379181,1.343157663718479,-2.2570638287107694,-1.5589326531027552,-0.2108108168897132,1.9479255218946079,0.5357873564928085,-0.4299439118122782,-0.8630754778247436,0.798644435394834,-1.0858146474461172,1.4123350599105244,-0.07172722806814563,-1.5537760779503655,-0.4978563124466464,0.9644437664198359,1.9215751669064398,1.3535673223029616,-0.15838830943199725,0.6451421662242721,0.020885368160650453,1.6573056283325638,-1.835740845812415,-0.033553485779515335,-0.9517644178022724
-0.22019852037565005,0.6737134517992243,-1.0306562047572838,0.17308168199506993,1.3989761701813925,1.210574981565883,-0.0598943469664405,1.076605393046115,-2.143951868604011,-1.0160384371631823,-0.8214668033469039,0.8549035126273161,-0.1675096419478388,-0.026272495977916158,1.7437677349462075,-1.0785477267090973,-0.004003045903172856,0.7164982656901604,1.1948529019734193,-1.5639520726956995,0.5760942809662142,0.40210525056282354,-0.5711144036107438,0.8158574048120137,0.17962375108796205,0.1413369912398663,0.6219544020205966,-0.5759255250516127,-0.3397701121380997,-0.5776693399601935,1.0044600302499336,-0.23888455637643083,-0.2613766730798017,0.6165197233775842,-0.3632499071034868,-0.13856463209190473,-0.2811504671507236,1.202914197579241,-0.286971651098041,0.6614780315658562,-0.32567590903363935,1.2248572713699557,0.47727527790338803,0.18111057063748626,-0.06005214769451147,0.3072897357034871,-0.8723829016149104,-0.597226209200843,0.8854006466913007,-0.17293643595098454
-1.8637736283148632,-1.988532008295278,0.045283952124077986,-0.37155615587908347,0.3464465780772509,-0.7406523889387662,-0.6120851362696187,-1.5683598908548522,-1.0581650108489828,0.5843564463716585,-0.658164076002289,-1.6710602390593987,1.8021968074283923,0.7541544984177938,-0.24867669740476597,0.9819647866701303,1.1348638584007125,-0.5846156745957964,-0.3507252006909318,0.14434001377939196,-2.2752940432014044,0.27929998384654053,-1.4179075306538962,-1.8457082444611725,0.02367281747745058,0.6414025229598893,-0.22239109502916288,-1.942339026309836,-0.30633693023244024,2.221324083259295,2.114756490947683,1.8538234160241727,1.3021708241743504,-0.6275161018544299,1.107810543272549,0.19591869731480707,0.4618230299487635,0.7720706621150469,-0.13582467556805164,-0.06302417848416884,1.3050687617432075,-0.7987058796050361,0.5607667280023845,-0.188058171071941,-0.7838115409968234,-0.164020553312484,0.422423208207285,-0.8581057102640575,0.038555351991657445,0.451043512576851
-0.05612366678272754,0.37963496588585327,-1.3702443965451656,0.09820346758679989,1.8206674431903076,0.35561569843782787,-0.27844994347662044,0.81713620547781,-0.19753932515142766,-0.9281790766855709,-0.4033009727936245,0.4036995271638199,-0.04476751680810173,-0.2389412571494282,-1.0791163684335063,-0.7145726030299331,-0.09431945442167179,1.423862816077165,0.8976923779426559,1.2385998002191942,0.7156124092973267,1.5339675146751044,0.1714228926551426,0.5313782865912492,-0.456631943453243,0.4479240141168742,0.5249087362066802,1.6752170807951132,-0.22755981425333283,-0.21342714603792923,-0.7408515273532469,0.4764762919040822,1.1009659291645792,-0.8312649386711254,-0.042817315754305696,1.6641687836362882,0.12838204507332274,-0.21723892796333152,-0.02424956385063466,1.1700993209547375,-0.13587317101577356,-0.925129138409145,0.38063407508807967,-0.8019688158450938,0.09286029555448845,1.1904342951455222,-0.9383857829113043,-1.9002633783902931,-0.5242009929829125,-0.5417159465159695
0.015453905653928597,0.26502499556709574,0.51514950875145,-0.4463737003527317,-1.0226122955941361,0.28714009209708014,0.31984376281431853,-0.4487719415814022,-0.9463551710373977,0.12980760395174828,-0.704514880682671,-0.2822860951527168,0.8484855780354063,0.6774258258482153,0.3996403471181252,0.4743143317266167,-0.7407511873439516,-0.7389436240524926,-2.286586244304179,0.046892910124816084,-0.2237372478964482,-1.5462827519463285,-0.7138503031154432,-0.022470012986919228,0.5174292081390305,-0.2466398742023107,0.5632169080571799,-0.7014259898341686,-2.1252913937412647,-0.5623665955451105,0.8495715465758281,-0.8409519095377151,0.6354634654464942,-0.9849179145782029,-0.2065709607575968,-0.01861711172921513,1.5949534304218644,0.3357897927816302,0.22408874218401678,-1.2132812144436493,1.2325871982264767,0.2352766824404298,-1.7695433367975992,-0.7717514180277995,1.2250089845030987,-1.696552512390952,1.408590365520439,2.4445051686294446,2.446640831903568,0.8951288385533003
-0.7343428375395509,-1.3284588295227737,0.17679723983435477,-0.486228911502105,-1.3926473226134763,-0.2637546375545928,-1.4596301170708967,-1.048152847347697,-1.7962013217595196,-0.27324891382904193,-0.40470908413025475,-1.0304354303498882,0.17311672503798273,0.8565109434621018,0.8986009087307101,-1.1282059629437435,0.37519045502227855,0.06880512755808972,-0.4271839899852205,0.7124796551106422,-1.5255415916871964,0.7757702277978816,-1.3558262758659072,-1.2986894117661278,0.3827172118386712,-0.32824726675966404,0.40143192428108393,0.492422479444601,0.5407643237665541,1.812626405623188,0.9262515313153851,0.41733902136422857,0.6485370185926868,2.2016524013233347,0.2602078312467102,-0.19597556076449213,1.135684733501886,-1.310430236232919,1.224765866015222,-0.1850450624025668,0.686853750525098,1.385205546387205,0.5292874211819539,1.1249197352406521,0.28623995266235136,-0.6425234573546512,-0.9329947883618047,-0.11384363471978429,-0.7402312223266582,1.683898875502519
1.1861380683785547,1.4393336237698824,-1.9088945510876576,1.0172964833090912,0.823543115871933,0.6097450251369242,0.5890417299363431,0.5760547137149553,0.9480060710350329,-0.32821689836470264,0.687389379316722,1.0043340804267586,-0.054915377489289666,-0.4669780058478328,-0.11300217277033585,0.45453254995071724,-0.3420898105824556,-0.3142498961000512,1.5516263781933504,-0.23964322537581653,1.4384433587838454,0.46768488283709025,-0.05468497793736931,1.216993184069283,0.21634551385376508,0.65234955803618,0.7131956874363456,0.20185054023612423,-0.32606067656048243,-0.7321589809662647,-1.3132949789315345,-0.21404959132490392,-0.739350730558642,-0.2900595440310912,0.46886862413437486,-0.9265566035905943,-0.4756821521050184,1.2527733127996412,-0.9300634602944142,-0.15431546997567358,0.09214176231399643,1.2416691242608875,0.26360419967876825,1.175894306231578,0.22472366913597563,-0.12246477509308079,-0.10505694502228696,-0.5059289482870575,-0.07461160396422221,-0.8616800239780942
0.41333291570962494,0.6456941676972624,0.17059087080159194,0.2243494536669761,1.788566108990936,1.007088968299901,0.32189848888215844,-0.5529685824292938,1.3801260605203547,-0.4041309043673693,0.7257271592674774,1.1916338590221751,0.08255081107884503,0.8858876472348427,-0.4746373182062678,-0.5109871826491249,0.7249211691096079,-0.4153293959515288,0.9377927660155208,-0.5981148447771943,-0.5018554306355557,-0.7498442041008843,1.6613373757308747,1.0985386001752289,0.6664936312798364,-1.024333680190492,-0.7191706112292064,0.3478383467448583,-0.7378382224318163,-0.18618182421384671,0.5865761859525803,-0.57754565096924,0.5669554649199808,0.12100590924283229,-0.4424245036663365,0.6806578590906283,-0.13174361738945034,1.2789455603344788,-1.1851271271050532,-0.3926879707174096,-1.1354062231315736,0.4888462752180931,-0.38455552388288666,-0.4932398906805907,0.6496573351446926,0.07231551046236087,-0.0551322734210138,0.14988031490472356,0.25828707839473886,-1.096055346012649
-0.5782858526142667,-0.4800538498067329,-1.5247921259048596,-0.6144814846950134,0.4788996587389915,0.7215076551604496,-1.0122227625652858,-0.6033185848616942,-0.1703227295202297,0.021458176580044848,-0.17075291393408656,0.5579573795001497,-0.19792402984131638,0.7143741385262529,-0.14863340649355553,-2.1995227359412186,0.03753246150356127,1.191815056383721,1.002451440534302,1.2897301518537565,-1.352655069225194,0.2226409004857221,-1.5925169811336928,0.06349849340578505,0.7187477998451848,0.38378268901488793,1.3517578132023638,-2.604777298994034,-0.47064043785172144,-0.4846595740694673,1.3548263553209419,0.3957596926035288,2.146539654710106,0.16455361176780356,0.8553596048683437,0.6924000592800256,1.1267805528926953,1.0304958662262083,-0.5473978545104645,-1.0830231607781549,0.32360478709525153,-0.5643316642707541,-2.411114229053625,0.6416633323301254,0.7308839377095211,-0.2947071000087173,1.3481280342145838,-1.1024617356460003,0.17653549789661632,0.049316937028651114
0.6946874188437471,-1.5595119188009374,-1.1173348268932517,0.8687027635323972,0.24406549223613302,-2.586356872670972,1.8431338574724774,0.3589872474116424,0.9365543947187038,-1.2361031865181655,1.3889146524930185,-2.394764149322843,1.2055166918802016,0.4986062619454136,-1.972870426507324,0.696644674154448,-0.5085964662424012,-1.1057184509719653,-1.312427720347186,0.13571835478334748,-1.555876061040691,-0.44521610377405574,0.5587089480933197,-0.46035937518260495,0.9217786453290148,-0.8054273259919515,-2.8685693695331143,1.3124418417262895,-0.9199250929791545,0.12651862578653283,-1.5635496199726633,2.389647364229336,0.16265216621349443,1.3296606112406097,-1.9494087487840606,0.6121538184171079,0.6261518350423569,0.34885655834077667,-1.4226221983248217,-1.5234181481242643,0.32984451265090337,0.5145928851605468,0.06645018497715327,0.22042894688159687,-1.489593964141962,0.6860998278043401,-1.5969934550087903,-0.45058228325524036,0.7915971093128481,2.136226242140836
-0.29514157601688473,0.9006503723687372,1.4480483270746287,1.5222700426235387,0.09812489723200922,0.47364902207804616,0.5400315224881462,-0.3617327493567888,-0.0059301626062971775,0.8940314720126372,-0.8226310866241429,1.0774998937441893,-0.3639585465396393,0.8679909422320295,0.9933770260751956,1.9564280414994257,0.0855389233184833,0.8837179248226009,0.7905805463664453,-1.10400995283551,1.2440660669861574,1.1437640675431655,1.1455092012292882,0.6847362878435552,0.5655034988955654,0.8507394725629364,1.1206398633379415,-1.4068376044419242,-2.510581212337475,0.09662957957499517,0.4611978483942385,-1.1310119647596195,-1.6209417156583141,0.29285107028585783,1.0850609332683476,-1.7949889505024956,0.4105241588751894,-1.0180203404423431,0.3163605973041344,0.06106575307976221,0.5943708480667824,-0.2392718594922934,2.416855254287864,-1.5510215440644075,1.5899929124455903,-1.0911426072621127,0.29578039240552173,-0.026839575935775767,-1.2327947551463814,0.41009936712213796
0.5318472285779136,-0.8211658273101782,1.7677480107636112,1.9502406785107318,-1.651378974844769,-1.2492841572788362,-0.46274277095668886,-1.2530630428404443,1.290002297380192,2.515051228865828,-1.037758716922421,-0.7055631195558264,1.8501225633301968,0.962064093546307,0.3976276720066592,1.7804308532355484,-0.32077277120525194,0.02806908681856576,-1.0513715420641971,-0.7325140644206476,-0.46043601653439165,-1.1270579001147334,1.0887479752831253,-0.6224312148021376,0.5456675494841648,0.6342080290104807,-0.4202858149557481,-1.0437106893654404,-1.1870999029167724,-0.5923506982561303,0.4600838860481755,0.06125819475458395,-0.27138785366751833,0.7422770332492499,0.38178318247905846,-0.7054531963575441,-0.4068234361737022,-0.03719723609146923,1.3427789576306612,-0.23455617473010032,1.3414645254777438,-0.4882117884818125,-0.6618860189654666,0.2601037701922369,1.4723800730095473,-1.8355274857748227,2.0847084836677205,0.6021077441135925,-0.8782488872801703,1.4464632100986112
-0.22111846928429355,-0.1603691892426064,-1.9345963579120784,-0.23376477484888628,-0.15495463670743742,-0.25729039173641216,1.4488435533023003,0.25769994005518015,1.2858010421493506,0.992995245015781,1.3661686215925846,0.2980534591102467,0.42169712284458655,-0.7529965802179708,-0.6712641256212619,-0.13265717180280193,-0.18841127777378552,-0.23762169548104345,-0.08595271667042914,0.5184705359435068,-0.5614802228907368,1.062323737984623,0.24932673413150375,-0.02554140007941788,-0.09863813595668636,0.6361520465102926,0.5212073499746693,-0.38468277394731354,-1.4149553611171728,1.189655078238536,-0.9903827861464107,-0.024132287606115833,0.058587655223105564,0.8528701370428432,0.9470005036518643,-0.8662313390731359,-0.32279537401883646,0.5671955238971291,-0.6194927730506222,-0.2210591250896496,1.2058714445135001,-0.17828697223081652,1.6375798675723299,-0.4848762237495675,0.691889945404796,0.11567646818282908,0.8204328079109855,-0.6392091582769621,-0.8691834113931682,-1.405793861380133
1.6797828267769117,1.833295984648892,-0.07209494270792983,1.5952168615804572,-0.3951850578767821,2.8022850720531385,0.8215161352921065,1.0950145439082937,-1.0770969764353544,-0.37257515800438695,-1.9426259004277266,1.1116195832520648,-0.20685252486043926,-2.0322102900400854,-1.1644041529749032,-1.2369524079981737,1.3820363585881077,0.05357545128125336,0.06862055737097263,0.7541160521563194,1.3817811602096242,-0.48149613164103094,-0.1772012938564743,1.078649624711249,-1.3503730951709871,-0.4818832942078557,0.6785996037626627,2.3142179928883437,1.120753807635895,-0.5027950365853495,-1.6460945090331696,-1.6797911358518336,1.9843383841957336,-1.2032075053777596,1.073975450258615,-1.3326005882653549,-0.49426495004816534,-0.17379464506668255,2.301883402114255,-0.28749041379746104,-0.6332299130562303,-1.3416107526148422,-1.9765287233647102,-2.275004940010436,1.453167313886711,-1.357744576903665,-0.1650303998359079,1.053022863818842,0.24250760583597591,-0.01850297166927625
0.5483838631807143,2.0701663147985063,0.026175532888926968,1.0552705471601393,1.844590589068932,0.7916388714805794,1.7322264662100375,2.842701680875432,-0.5426139961812073,-2.0113818146621463,2.2819932787321857,0.21426988694190902,-0.7780746599844507,-2.895850489185813,-0.5112745934093368,-1.1570396694704899,-0.400777475656638,0.2397531000481498,0.5177030253749605,0.94203635715324,1.1204793854464148,1.0784576142059312,-0.17936033995683423,-0.20623388067092963,-1.461322934320443,-0.8728961981323322,-0.1609327689724005,1.2239962441711703,0.8642847359363471,-0.19119533057110652,-1.963498355654953,0.9394071751386722,0.6317413469162061,2.232117885050894,-0.060728301411470446,1.8302848751899203,-0.3921955151762317,-0.5454678223158953,1.359818460187314,-1.0579595122323193,-0.7840501108663619,-0.4725434087124652,0.13339418350190418,-0.7751721620591303,-1.1186148101791893,1.5236932674938821,-1.3885036208273032,-0.6403044142818993,0.36857440398991886,-0.3509971776759214
-0.011472909749193514,-0.18352533082734343,-0.16106575616414084,-0.02008582035473741,-0.3476824201187755,-0.31702338747689457,-0.27993312937033277,-0.6875166452171477,-0.240942005047289,2.0424648978088666,0.31780122106169,-0.6723235763880476,1.8029069662608566,1.0014611991733384,0.34922161379486816,0.37081242598235686,0.8418822065907545,0.12486766719245761,0.11586124900536722,-0.7225905846932266,-0.9708347081195461,-0.4774808695853982,0.21205236688777862,-1.1254355190076464,1.0447106058402236,0.13080374205625311,0.09013004642726227,-1.5373710641772056,-0.6476923948720784,-0.3482743320043412,0.8465251447019757,0.48190809650076055,0.6734869272440321,1.9004837523743145,0.9716103629490376,-1.7849347702837663,0.4463120604790654,-2.1021905825745377,0.15408323647401684,-0.7736797903667766,0.32907257092226344,0.2929981454304972,-0.11198118276095753,-0.2525857972759496,1.4633188684058207,-1.3843187716410554,1.2496492366254215,-0.41749639925954646,-0.5046458233816096,0.5489477195857277
1.0006577636696719,1.1915098472441092,0.48866777703332986,0.7309238648724984,0.9856873722517349,2.78241324514102,2.359220853893484,1.8227768275220633,-1.8833103016218502,-1.1408597485334389,-1.6105207710004927,2.3242162380458784,-1.4523248692161839,-1.9642214817346428,-1.8169635276378016,-1.5812135154390325,1.4389757931163574,-0.912138850530223,1.9567818251817481,0.5725009432955107,1.3747407180192104,0.6365444949325025,0.7093615732757379,1.9727532096663425,-0.469333902794713,0.22631174385916178,1.2838362264199894,2.140819511328666,0.9361291263372726,-1.09921607186702,-1.791103027888374,-0.32564779953487855,1.7526610232013133,-0.34563091245046323,1.7047659123329688,0.656304371673033,-1.237498819180631,0.9789543300775074,1.9860205149829828,-0.7637505468510102,-0.6464810066876698,-1.7258392290905895,-1.0108244033718272,0.9237672759012862,0.18577202623635347,-0.8120921213040299,-1.99737002756699,-0.5972037800633561,-0.7613641962231192,-1.1449446380387847
-0.25622078480196564,-1.1986830854402053,1.8840169006362972,-0.20312627292133487,-0.66128616848313,-1.1011618350183396,-1.4458941437712483,-0.696621718699494,0.5694547325726379,-0.12554916016424852,0.8538489169656315,-1.7550164169521485,0.5389903581934337,0.025931070651720765,0.30115359685901905,0.21163889905414593,0.949712723765678,-0.785538150177585,-0.9659268392909635,-1.8672673735226153,-1.0805498058502907,-1.3804005378740416,1.7408943728372501,-1.402290458250892,-1.414502737850708,-1.0939654577860782,-2.081373084530822,-0.5961616310300689,0.3033586189998785,1.400091433007307,-0.5256152755163601,-0.3203840225854445,0.01070120020637822,0.42690414841568763,-1.0585420056588584,0.06650692589153899,-0.9310122571212572,0.4009994018293786,0.08276150081768914,2.2346026878589305,0.7060906618349839,-0.11241161614216305,-0.5247815275254578,-0.7483952170083611,-0.42841995692265444,0.24675151622844538,1.0493414765466285,1.378592996174455,0.6389799535847361,0.15047055110291402
-0.7586287904025326,-0.8735313170898031,0.25310979764821206,-0.521784220570639,-1.2569492716703836,-0.4367962728490127,0.3183150920373235,0.12207684663241575,1.5388232459212745,0.553375081279201,-0.5520271279647073,-0.3325675991154879,0.13245263362795687,-0.5515522757342832,0.38181940437533485,-0.5877280893904111,0.639886257568554,-0.9054826108376444,-1.096190090259905,0.8061006635856447,0.041491026104715716,0.19149090574498936,0.5576338060476227,-0.029136717009796437,-0.0511363787591362,0.43058534498278,-0.09387777187112221,0.9591615270354814,-0.8395883848199727,1.8860966574724287,-0.8615375798309937,-0.8445779857572618,-0.6826583713088027,-1.724518127943666,0.711492088149204,-0.17913837213426712,0.6707121461749305,0.1811541228001518,-0.41395459449112,-1.0957165327831377,0.8672386515628158,1.0814724650306757,-0.21024061898692958,0.10082351855820165,0.59143243759633,-0.20360917387297875,0.6916425986130471,1.5831108099784361,-0.3852301759375943,-0.6953947624912197
-0.11468850243310456,1.1512435523638849,0.5946192776140875,0.4705753518704354,1.612115886848274,0.4711155873144373,-2.2203628915205114,-0.7118870539631134,-0.02925448555805961,-0.23754109916551033,1.8512601816554015,1.3341071201119286,-0.3177075538295515,0.7609029378109156,1.5085732215336174,1.23658576850722,0.28063502440020227,0.4259393797004442,2.5539675963161996,-0.5668936567559402,-0.0852024888390361,-0.4934759372116192,0.15260414021019378,0.7409750559610396,-0.6393912193889776,0.9707659115382494,2.2127875274929503,-1.522251716887578,0.3789511338413681,0.41122652679881705,1.5748145722547868,0.4806856317299626,-1.7894949100476325,0.8258002784685378,0.9986333299891453,0.3937446390253689,0.8573740570842032,1.7300142487925305,-1.1956473500211628,0.6803627270891448,-0.9163507541210546,0.4827300904005497,1.018416244486617,-1.242819681524971,-1.06501777445917,1.066227169568728,0.7164003138104426,-1.5793222416958743,2.433271547535252,-2.753947313868614
-1.1912700816934325,-1.257298778025714,1.2054188707519964,-0.5434313765873181,-2.0846839336472627,-1.6892420379073023,-0.2705486397141557,-2.302157637634029,-0.24850991708148795,1.1826346532179557,-0.4194893777275464,-0.6754506839844079,0.3726127251057812,2.7849225841010403,1.4755332892421447,2.4171145436168446,-0.11394119967491374,-0.34924261546240887,-0.37184927791118705,1.0756856698336237,-1.3390313266926994,-0.024226308648561467,0.08072127577584085,-0.4098457334047516,2.042883359482257,-0.15782512797360282,0.12706438401444187,-1.2298483484419949,1.4302680623173147,0.9041679166566569,2.4395606500349296,0.8819860326248341,-0.6757376171501388,-0.8284943724472911,0.003665604885624311,-0.8792059350569953,3.51176472354377,0.09954673329714216,-1.8623070809026763,-1.0060460958764856,-0.8455270029210287,-0.3337565561214131,1.638420479750443,0.9311378755264514,-1.4744117517806683,0.34863142736152813,-0.052265976410465875,0.48627048903047554,-0.47991967572832395,0.2669594039782246
0.1963986901677773,1.3053110414863032,-1.5100482585907102,0.4851570384762147,0.5055155426558305,0.5214903570429202,0.02406926396699159,0.13792663546362555,-1.0907066868381923,-1.5826671997401147,1.0455541267198831,0.3750899427337384,-2.239420939100902,-0.8410211093458363,0.2872512572382873,-0.15149550853512836,0.38570805334224484,0.9999296220376669,0.4489444981769989,-0.06311227095307441,1.1306577666735347,1.5953993040322276,-0.8554328326818791,0.8649695373106057,-1.196769445945855,-2.183402501782223,-0.9316144272991954,0.5015186834605138,1.7828150236953288,0.4488716865364517,0.04879627442151161,-0.598768918780096,-1.0011881630757105,1.2458685869495971,-1.0469030694356867,1.7886022304083364,-0.8184814723013059,0.6603187251029116,-0.48783914255996524,1.1741785083916072,-1.473590936356859,0.8918244836247785,0.9056978229956769,-0.14712560308996003,-0.4045902152958577,2.0182055696676313,-2.6734456375045164,-0.3077231231528788,-0.8677633477913016,-0.6940934847170112
-1.3687970312417987,0.004263451416843925,0.07360779496490978,-0.8830405788406087,0.19893545713068006,0.03628433812692807,0.10220731048405443,-1.0473033213771925,-0.036400470630549804,-0.9079295223581566,0.2981234270666134,1.3476137264046517,-1.8652746546550714,1.9191406444045247,1.576585636395212,0.6628209976573045,-0.29222567601726784,-0.3661327695226994,1.0763019251798887,0.20120315717997125,0.026619816286538766,0.39196983579005007,0.4362958088258441,0.9888006797224248,1.9235909826890427,0.8646044224341968,1.8308364595046425,0.1875319178001321,-1.4946972563840295,0.15900175565209482,2.0723759837992293,-0.6747020389129459,-1.4074108033013986,-0.05072679890931711,-0.12674419971223466,0.7630693619477819,2.155888761481896,2.0940758370676944,-1.5693990986312247,-1.186733641762258,0.3991010069817843,-0.40405798180708574,1.7381322335050275,1.4524218222837113,-1.2534801813478387,0.562883589678117,-1.282694277910418,-0.6560929723425293,-0.4984771901120963,-0.8991529540742439
-1.1962227408706894,-1.447187229056595,-1.3807217425926932,0.6166812021231314,-1.7307516510270593,-1.9862049505061332,-0.3126865177561585,-0.52070225035035,0.39106241713072454,0.9533486088531274,-0.6469796838626333,-1.77188326589879,0.9663537410691692,0.9802964827214378,-0.08839287062402314,1.4360694030126733,-0.2060067627153931,-1.2490225385345273,-2.1140937354628173,-1.393114980390974,-1.2230850300177267,-1.8293261678642876,0.4680494545901321,-0.26066363410366017,0.3706192531383077,-0.08860094043360824,-1.231644017202091,-0.7393485334426452,-0.532303139727377,-0.4878588044463968,0.32635109423955727,0.5824721833341309,0.057424548931033714,0.3502934719357952,-0.744901326899098,0.40493996327796056,1.3592969525973835,-0.661838928608121,-0.2586448165286867,0.28145158431697426,1.7359861351969612,-0.792941920840493,-1.618892776979859,0.14631497856495176,-0.6317696840333129,-0.7452600154561476,0.5126769676655829,0.9467910082961987,0.35308862351241715,1.995490625976119
0.6067271829171934,0.9714689314381098,0.5147340683359445,-0.03298865610708922,0.6627440924710458,0.3873116572454332,-0.02214559939766354,1.1514923489933373,-2.533672824129157,-1.50745749353377,0.9805640341248519,-0.9901859482562203,0.0973730749071843,-0.22505702618153534,0.8313717560251302,-0.9558674158443717,-0.5839341413127481,1.4536435012692912,-1.178936343675307,-0.8641201731886077,0.39567004167770703,1.1156731561901303,-1.4798296845806092,-0.764985851741356,0.015284197928247291,-1.3895403253033984,-0.7147819659844212,0.8694217697830566,-1.3108299781847452,0.28522686249869666,0.7917325848649849,0.9516116272678761,0.9726395417143505,0.5045584174757152,-0.1873324376379032,2.3399467892488777,-0.19969168420099043,-0.7522142746374654,-0.29239957332919525,0.5339717415930841,0.8337229231953339,0.595823849335865,0.8176664097748595,-2.3328426696050455,-1.9817807718336546,2.2234604714300916,-1.77414159357234,0.6512379782536594,2.0084979548842212,2.018815393148035
0.6656681930458322,-0.6745295157929784,-0.01703598026059859,0.2614811104000619,-0.8080563864755029,-0.48157842583045607,1.0572345124910867,-0.31031416934414674,-0.03566131833363084,0.12206135646806739,-0.35521946277258315,-0.11810137061712264,-0.10395061144511518,0.07599447432308237,-0.02620054884374739,-1.4045051561151183,-0.6890505165929233,-1.422283669902316,-0.7777665532065324,0.6228640482228502,-0.3525996773689897,0.8269588619287472,-0.27101455337517705,-0.33491485058488973,0.7536052728259185,-0.9305260300875768,-0.43067430542975776,-0.07568954421298967,1.061575455570337,0.9892768807062132,0.13994192011346965,-0.5864047927990604,2.025509732425561,0.4986622810712472,0.8269722571020324,-0.29195066180416157,0.006333754563074031,1.450393852761312,-0.18867990978797625,-0.393384304902077,-0.3614728980180745,0.5452720074677128,-0.3987381372100923,1.2216026667893976,0.9562688749134549,-0.7434617852664998,0.5407868485555389,1.1150264587555632,-0.8415056886741532,1.30418205470447
0.3729169976670679,-0.34540206547745755,0.0730492151653785,0.4521544634221065,-0.1282283071310286,-1.3526286537042442,0.392787990368084,1.5252562754224097,-0.10502521818657033,-0.14311643201851693,-0.2913239395324358,-1.6463015470635052,0.4889922232260495,-1.6944203055179978,0.17421425072004165,-0.3877199551343368,-0.3215686011705476,0.5476900870771726,-1.2086110327383472,-0.7309712757097885,0.7087359495407001,1.4674939346709255,-1.6484279339400438,-0.9998117511820731,-1.1294376230163674,0.17635889418534184,-0.5299273147088632,-0.22755808575525635,0.19112102645837523,0.9003442969554074,-0.1973918301670195,-0.2144065747362412,0.49213516689772,-1.1243456993631147,0.3076926566590149,-0.03249703597095443,0.33493508800248084,0.9276858074729262,0.6279469211310932,0.696846974622699,1.722025000578509,-0.8295433344745397,1.5425168277525052,2.2734422441003237,0.9063231038465148,0.5882027466787374,-0.1300797560160869,0.26200503486175253,0.3636736042275347,0.4998664280259437
-0.8816189745721386,0.942908794978471,1.0338096707143907,-0.9287778844720279,-0.9109016184815194,0.3135110493429543,0.6468089773279492,0.3217640579034885,0.25006832856130484,0.4500666779703271,0.04215461457884445,1.1521064706662718,-0.4546231096040433,0.40430667703101203,0.17718215035747306,0.6101115954356556,-0.6525474587635729,-0.639687206346572,-0.3299138834350264,-0.938939852435892,1.0316199355124431,-0.10283593239425178,1.7598669097654525,0.8872785210462513,0.6889291955600555,-0.23081756864059708,0.30068078791492975,-1.9726758409224188,-0.20027353586049523,-0.8758385722714234,-0.2740319102548027,-1.3323772598570556,-0.15809818203644788,0.8028262698721147,-0.38473374951836564,-1.160120405515855,0.2239821878551235,0.24915082119487952,0.1497176384690122,-0.6935511174197576,-0.5254883349163859,1.2773044065132375,-0.6508827349248381,0.17351017482392153,1.2689566309273967,-1.0611937609858422,1.5250281218732618,1.251808762953758,0.9389035307868787,0.5266386649841491
-1.0147203931072952,-0.45384200054041773,-0.5313271428285754,-0.5387325188875035,1.4199126108017255,-1.0029271271912623,-0.0006629080677344686,-1.0337611338148989,0.03391691051767521,0.16192134752092227,0.7204701713067402,-0.2766492164738417,-0.825849266886846,0.5019510129670166,0.5500799459278282,-0.5689661232755732,-0.05730702891262969,0.3629595401896458,0.8149698394074889,-1.9709704741267695,0.03309584370472162,1.252523380892424,0.26719850723872884,0.49108741246513554,0.01739507823097292,-1.1335700526359869,-1.1698104032405439,-0.6980921634238885,-0.24814235971450355,1.5114473105435193,0.7297079025159668,-0.8967599700145636,0.3685314295496608,2.729228501866515,1.03117544223992,-0.6565219293573553,0.9398665871636867,0.008419709667623742,-0.7163468689757477,0.4850915983773379,-0.5196626181697874,-0.26693682954134823,0.6038700146873083,0.5042777957304275,1.561579752340228,0.04826086310933399,0.9529002381658052,1.017749020258337,-0.5262423018929265,-0.5160325445986178
1.0052337450422186,0.3060782960706309,-0.126521024581572,-0.545138343600331,0.4531521575873819,0.1610411749805895,-0.5004630932481421,-0.673587019877496,2.4318769475890756,0.8733483826575617,0.6632057459289173,0.06511587508716483,-0.08727154667951752,-0.03273280400967002,-0.9939391773285284,0.17410351372931032,-0.03575367055355752,0.15909866900957548,0.17848527466014724,0.37611001905459635,-0.16002345732523182,-0.152001067974814,0.3068119499904911,-0.45278550769829806,-0.10950897024967976,0.8561890788356401,-0.06326295518577063,-0.6886984890739726,-1.0186597273991433,0.8970266688197331,-1.0058271796349008,-0.7113728215496623,-0.5264915682335762,-0.44458161989507194,1.317615192305267,0.05047696239288041,-1.1022654100064397,-0.34711841822890555,-0.3733470353321035,-0.7794242174570546,1.5238480986417096,-0.34120161556334005,0.5315102472109241,-0.39947359182543174,1.3407084809926022,-1.0234077066402563,0.8929280298367411,0.17918563930954706,-0.16521087020884223,0.10937387008331186
1.1575623872135339,-0.33059792767081975,0.2918397965701423,0.11664317857708059,0.8641117713448847,0.9685109320693678,0.38579785797847627,-0.5245688071054965,-1.7200648416666406,-0.18599359124743833,-1.6635438425931939,0.39964541176916146,-1.136946791342333,-0.7380472625428647,-0.22038475080438594,-0.2506167735546894,-0.9256119036625955,-0.914130257769742,0.5825009968843851,0.04674121288821614,-0.7715365169409902,-0.08451356753456972,-1.2419857870878055,0.05141867727290065,0.3100797980570027,0.41072448408135037,0.9300710502162153,-0.3224059342876185,0.13694201757470767,0.38454336740738976,0.12394153785316907,0.23272495261775236,-0.022063121132423456,0.2795040414740118,1.1844233844763035,-0.1685284718731737,0.5868780794677697,1.2966260669015313,0.9556633178809592,-1.1411528848320156,0.11074518422214802,0.25621041193932087,0.3241433268395645,1.1876526927919522,1.1270445580775086,-0.6115452319926514,-0.2931244602058928,-0.2543108033824401,-0.8706650149581315,0.568818139107043
0.5071433679193758,-1.3919280609443612,0.13116394746548793,0.42172565864007466,0.7471167284040228,-0.632297415445456,-0.37890914661397457,-0.7269934206724539,-0.42334432440454517,0.22308060893417017,-0.8492966810019557,-0.40495112646911424,0.2411242100581079,0.8989968421695497,0.9487555227947034,0.8378953575994119,2.045277962028332,-1.1244250121604547,0.7754091314842841,-0.3280907953653016,-1.3371757957734602,-0.9698449697075561,1.4088333298696647,-0.1258597959004155,1.175188578505847,1.1360823923916568,0.7256136853299382,0.2536488557221943,0.24100106690940723,1.703217882674995,1.1217031376286797,0.7360801080004715,-1.6881708139650207,-1.0069454131753572,-0.9248278151107123,-0.26086101853012045,0.3432368281001439,-0.2063700036882936,-0.9650937865601424,-0.4379500489074062,0.2520800910448907,-0.5761915554112625,-0.13108598650456468,0.40704198624532933,-0.1070172732447275,0.39782149466143907,-0.2714871433684671,-0.8574346194144982,-0.5698208477984764,-1.6768843105519278
-0.21938853565631158,1.4260578522051397,-0.7717930513675045,-0.3133453000300026,1.1683920258024443,1.0907880538327779,0.49146674252974665,1.3435948315643906,-1.3072422658671965,-0.47525105964570974,-0.9205015835549925,0.38054961237707097,-0.7552190897908325,-2.0179891703054387,0.3792435321724079,-1.1540584092549921,0.6726737349981953,1.2506106012446283,0.18069118811567667,-1.8526661723219215,2.710186774820007,1.0075688805935132,-0.010311047388389335,0.5043768720362223,-1.321544746611371,-2.280484050655996,-0.4951320394129546,0.7991610854652138,1.4936124535288118,0.06707429751212134,0.6678885976718124,-1.6750932032924248,0.025872569316287966,-0.42644983755091925,-0.3385273972146009,1.0009665009656281,-0.738410887794613,-0.8069268989934198,0.2583344852548277,2.1259947098616356,-0.9059409565947726,1.578144787397832,1.144542601691213,-1.4532049245292902,0.13883818662623687,1.6396056532689913,-1.8902718996681724,1.030376323323328,-1.2533427757402316,-0.6645429136859353
-0.7837867554493428,-0.8230256009763226,1.5089387586137482,-1.9488528553844264,1.071585715946864,0.6892053624550787,-0.5258010348141012,-0.7887594306881716,-1.7400027177628117,-0.049573368488776956,-1.0238919243638278,-0.504347732772391,0.27014041260225474,0.8995287865367878,0.6677201937123171,-0.5198777522885346,0.6070562054772228,-0.09118233956962715,0.3151089061462514,-0.4010497962279637,-1.3219139711292638,-0.9169918946328873,-1.6164562339989776,-0.5541894604213061,1.845026155640187,-1.0015097740083418,-0.17516852850307843,-1.226035084490008,-0.6586938773597542,0.2780426916099502,1.376533661516946,0.14480403693079466,2.1431035342169644,0.08785514281357425,0.15293375929715558,1.300057164307622,1.0153103942135675,-0.14299088064647686,0.5479933062786623,-1.3634532604875316,1.0351883630402456,-2.848391047820905,-1.875358274638163,-0.7438430701098749,-0.16495278764723567,0.953894850414705,0.6943915311470106,-0.1032241482050551,-0.6693656802227055,0.270876147837168
-0.5988946188125188,0.11186237160781808,0.7955234459501128,0.7598106968830913,-0.7695714162859268,1.0027658844999316,0.25889246894601875,1.3659988176186,-0.2515495834191412,-1.388629170097592,-0.23889647768650515,0.8283947038485701,-2.36118410838559,-1.1036701628751153,-0.744365396715812,-0.48025331709532176,-0.02031097283134669,-0.6138061640945723,1.012881200295258,0.4610468115261058,0.589297884135593,-0.46031859374681067,-0.36302509721257886,0.23916503638820732,-0.7112264140497571,0.9443498119177786,1.2012175530770979,1.9101587833040246,1.7803106365341186,0.5692649286879483,-1.4989811069074612,-0.06474945865755767,-0.32981063331886734,-0.2010567358732363,0.3633347386016496,-0.4738069422190521,-0.9518840020148541,-0.396602420651403,1.268840972874326,0.2586010581565667,-1.282145438589116,-1.1187692363556703,0.24609258514170923,0.021219315138780358,-0.8393465555448226,-0.669132863694824,-1.7704779489654738,-1.5959251317261218,0.0034537881656406693,-0.8523044414866882
-0.2854319446312433,-0.12799486199114418,-0.7143770986889445,-0.3545118473640227,0.5632201440190719,-0.31617947428807497,0.2052669074935702,-0.3170757508338762,0.027960226256271162,1.1013840145544243,0.3351775143137324,-1.1266835474530816,1.345986331303188,0.6008918536533884,0.5814345972125536,-0.13141177009362073,0.7775629668525441,-0.39136987963543907,0.6727642382123782,-0.7527894562432222,-1.165419102637989,-0.06838266804475315,-0.2654643878540651,-1.326845766555541,1.3937843909714231,1.2168713717440343,0.23902074941018517,-0.3273318059274863,-0.47014619877762015,-0.19432166141146445,0.43178013682303334,2.2306737997535833,-0.44619693165447416,-0.10776835270209094,0.2274700092438973,1.546978682515048,0.25341390253668156,0.0257523044573598,-0.5277722209569177,-0.9930587735218226,0.7697539954334275,-0.3228028291482757,-0.6447151569238261,0.46017553833408514,-1.8337691977200257,1.6378981134503103,-0.4544286497633124,-2.3921264364812145,0.29025485922769645,0.8384478507068345
0.9773416149076216,1.448785524716164,0.39415959586272414,0.6417496368023731,1.3213556412306446,1.0346704264492574,2.581791954140118,1.592515445067825,-0.6256444769416719,0.38581910513357076,-0.9016268650018686,1.3903619857356968,-0.2923640520602099,-1.025152881001415,0.8213207397576606,0.3943903375913642,0.2287304423001167,-1.1884745170329378,0.5057498732058938,0.20934676298477278,1.4801105222991402,-0.9803731280375192,-0.5619439075622407,0.12204433826284769,-0.6153443404213572,0.2809187859872178,1.2221834097596755,0.014829925529279179,0.3003127099103152,-2.185361866806819,0.6463316538737912,0.24606750748033396,-0.6899888017237105,-0.6800727274156363,0.6790738927664127,1.2765120389266476,-0.6281049869683518,1.589447142206089,0.22414369014359278,0.8579240973949481,0.45910515924559714,0.9818444126944789,0.09865903173559754,2.3999021947158177,-0.5374860929360964,1.0396762675717182,-0.626874803252789,0.31933656290856305,-0.8457121733603733,-0.9123811621598696
0.9836794623062335,0.9967704841548354,-0.030520429973097583,0.14765557010862795,-0.02944547384625354,0.4509927238522429,0.42230119477005246,2.22514771190684,1.4313192138178112,-0.45455532804991333,-0.22847413573615408,-0.44401570647582106,-0.4748636875277099,-2.027497804972198,-1.5552380656734177,-0.7888894023724685,0.4077865383928477,0.30155069980837523,-0.8498958219312477,0.33757352560107806,0.3981929281529767,-0.588525373032146,0.5529748196716112,-0.7123963969250305,-1.574335721144025,1.2474505748218476,-0.13677243810041262,1.8528048280133624,0.509218155618366,-1.4108969099243878,-1.8401035544106592,0.8445213946298212,-0.28542124483599474,0.6225605096865608,0.9478420252355771,-0.6950722279868453,-0.9660807167319496,-0.36442362978557585,1.2791285444509763,0.5130578748945896,-0.6658002498183373,-1.361862303241122,0.6632711310483522,-1.544535727134619,-0.5043851812774307,-1.1372260586576683,-1.1342117326979058,-0.8997434506568649,-0.11473016623322208,-0.21188094503446817
-0.4099983176505907,-0.6143550724878735,0.013812521464066757,-1.005658047626292,-1.0977572803612776,0.04004067107305991,-0.6395188729863227,0.00925679266344334,-1.7657129658639097,0.4501235437875007,-1.7317532990224729,-0.4158438716100775,0.20528211130073198,-0.05264944547949728,1.1949900832561111,-0.7537341792120792,-0.20399107009190035,-0.5768842694713892,-1.6730099433478907,-1.3274531743549445,-0.32537760860199727,-1.084561825786595,-1.3914250020692303,-0.2777827689886499,-0.2684973040362675,-0.73882010275968,0.065937701484898,-0.5701154852640787,0.01657759409907513,0.054109946986328414,0.5413612614965949,-0.17495583999232558,0.8723327297905812,-0.2380573932504341,-0.7844443663677132,-0.05117042443514813,0.942952378983725,-1.0409971229768955,1.2235505222254577,0.9443148148409882,-0.5878722045166179,1.0486760043744907,-1.1997757261138782,0.393112640174703,1.4302094585788168,-0.8346422369346638,0.11033213777763728,1.7629410772955134,-0.6019129384713708,1.9046099234215548
-0.9429120063222068,-0.9695439296000613,1.425026120101056,-0.4222490067782143,1.8836106683183607,-1.4598174968477124,-0.6091931262394241,-1.1967758821156955,-0.28578691925410843,-0.9515071303785877,1.0893898265347286,-0.9702514786404949,-1.0197800869903182,0.9918810218834311,-0.5217853700183505,1.1778399126887156,-0.16355526710156512,-0.31334344798352437,0.5481542010822323,-1.5833064108327046,-0.7693063695166196,0.33323038735423915,0.4684681170442657,-0.9166163034022039,-0.22441084439002673,-0.5472260009610005,-1.6140052071995517,0.7771353234445975,1.785999431936053,0.6180552747223681,0.8843642115989998,0.13108168840681006,0.7298315466464366,0.6411190860304655,-0.20237262151869784,1.1835866700746702,0.5297764548233328,1.7997437890989834,-1.548885021349432,2.575219587741896,-0.09469317670591876,-0.3500250355633198,-0.22267305834823245,1.9323467399354932,-0.954337863056952,1.595705368872221,-2.154177598306228,-0.2795897614841605,-1.3537073442221499,-0.12275502475708139
-0.8615629349490707,-1.368009617132907,1.2177558881373223,-1.5062766103562986,-1.4132900890054751,-1.068503770514966,0.05210430709819675,-0.3983416715183089,-0.6694132436249511,-0.9192963775015908,0.01452756442548409,-2.2314280400472817,0.2172026834731738,0.6373864076321591,-1.2453655134457802,-0.5961732704739583,0.10360440692383607,0.8280830049131884,-1.5778970746119423,-1.2992628405679862,-0.9244913159304333,0.7498968397815352,-0.6559506018373408,-2.169122899945732,1.4577353377898454,-0.5809606054210518,-2.2792292290571154,1.8557536361047053,0.9475271149832525,-0.27921350538972206,-0.44411808550354553,1.2658503786543447,0.7462006385154456,-0.4136016588579764,-0.18937739563170863,0.9825219038214029,1.0229353018342666,-2.52395957953268,-0.05121185393307721,-1.0401096405598602,1.3880682690678838,1.179269701568415,0.924646857656204,-0.18628503130040047,-2.1074103698990494,1.1576754737548658,-2.0999971774099935,1.3883984862004375,-0.5601978072686524,1.7546345791267113
0.22638874166209877,0.23543877830112236,0.38520684749543516,0.7879979192971854,-1.733226350362574,0.047568666889260265,0.08756396885574265,0.9234580971721466,-0.45704075445432946,-1.7951102397476504,-0.25570839880331636,-0.3721004062381236,-1.2416806355477108,-0.2505666665840716,0.49506515383621835,-0.548181110171545,-1.2571291862404004,2.491890836978985,-0.8638652668906992,-1.1672532700815075,0.9018608066263232,2.0376646393907003,-1.6221329707829224,-0.8669347250804693,-0.14439667315429092,-0.9269519264472823,-1.4048529161318042,1.7138033537952713,-0.496828535980112,-0.8926797524650742,0.01479997007129783,0.4021412493128933,1.368289687633058,-0.4640746709105123,0.1441463451890048,-0.6505828675511037,-0.89376345734335,-1.3340992643392728,0.8697955924346323,0.726425117438274,-0.7197789927400006,-1.1915973138379385,1.990208776176267,-1.548309958990788,-0.8281571609793533,0.7131205623597244,-0.9777859013229225,0.5090007253795684,0.009337810518652147,1.4016002434260524
1.0096671313130787,1.4196631834882134,-1.0376498222318458,-0.04013306975298977,0.7689768524328155,0.8550431647346679,-0.8285505145545446,0.039932036610256974,0.12335487109701539,-0.49326914619093665,0.05600531757800729,0.5334551027179731,-0.2058942821232616,-0.45067643127885254,-0.6969233723303574,-1.4035052137827706,-0.9868607685959567,1.409878901481964,0.9295625510447761,-0.2877015466763608,1.1821047199938335,1.2242632861188094,-1.5220508352034285,-0.429934080874548,-0.18992558898364395,0.4371202366325743,-0.1478287188810265,-0.7499792403175641,-0.9745431217707363,-1.2572329206672979,0.31377067307371453,-0.27554934347519044,1.386806075198993,-0.9535161252816045,1.016069774089095,0.02795872380366645,-0.23588394389472098,0.502523113208331,-0.38638847563153284,0.017616378764257142,0.7513698607124221,1.3235857679765268,0.35082075101541044,-0.16276785369410599,1.3307544478593445,-0.23552863130263055,1.2040116770007239,-0.6441837112269985,-1.0152138098678298,-0.7329143090022675
0.39257361433571153,0.110942498261923,0.9398854133505273,-0.20249526282626096,-0.11825799053659826,-1.0996482679573163,-0.09473149355517284,-0.3730455386408774,0.4069866489410157,0.28868411480517947,1.3321461357178424,0.14394872217762839,-0.5471835824918587,0.2909158076180694,0.8033440257544635,1.8871083056045375,0.3325817129865962,-0.49369880090104545,0.20606460898737733,-0.14810170531004377,0.19804734454913628,-0.08637748680998636,2.1147243509418807,1.5702194523374742,-0.18610009682047596,-0.4547833446117788,-0.28420331886595335,-0.04335427187952048,1.0768391583681838,0.707296749423271,0.19933314628425775,0.21663197052235889,-2.606233286872822,-0.3061020856067287,-1.862446303779406,-0.05434242215725951,0.04592142498004414,-0.28831104860855367,-0.48259441685333343,0.6106482196883074,-1.721068146680534,-0.04968177094948032,0.7906073728330116,0.521244818422249,-0.15812492346214596,0.5659619679725508,-0.23724174786113858,-0.28415355139394294,1.1712713575553233,0.21028733424056528
-1.2470370502944843,-0.3071675303931388,-0.010676234738531356,-1.4966354231170735,-0.5610627286445814,0.6550236699925275,0.24789468556710134,-1.296197803365581,-0.7613156551467442,-0.9576497810189374,-0.1987143002172819,1.199854429661124,-1.548729723192318,0.9685790165944469,0.878866627744756,-0.14949367896374258,-1.1718238003438397,0.7320746925890051,0.008435715299394481,0.0031651858533712123,-0.8528391165959273,-0.568199602018319,-0.8070208517538981,0.3434421320664181,0.7082232123708271,0.07780377375406797,1.773828522016297,0.5783061529733103,1.834504941956091,-0.2894892249107717,0.9889247843343979,-1.018005310660658,-0.5421427264939611,-0.6967026924705654,-0.7989852784251982,-0.8355356801361981,1.954695544465716,-0.229143010375284,-0.2403353481861096,-0.685133187125906,-0.279212516642227,-0.7248687027166351,0.05076937933389638,-0.7185211938708874,-0.44408573681435576,-0.6932651457939105,-1.505253138720402,0.3133769998337902,0.4348162037513473,0.9765482505719459
0.36918455402186473,0.14614758413149007,-0.4377301691182296,1.2932146356181546,-0.5939207723321064,0.882074123802867,0.6922705276821641,0.44384432827474574,-0.15011535126566214,-0.45944255202202344,-1.0426145719328812,0.7660777760541478,-0.9615424807079688,-0.7207064275961482,1.1759987653725368,-0.5136915083300302,-0.8384248092503829,-0.6365447509549458,-0.6980704559054043,-0.3883944236707252,0.2737111761389477,-1.4555787703160794,-0.4736993729703308,0.13946951585794565,-0.5597300306296649,0.039059362405523705,0.706080989212981,-0.6520157842798904,0.6299700147251858,-1.847732377650445,-0.238443655760573,-0.7148402851794142,-0.34978757607132094,1.4028476774491523,-0.19406414998000548,-1.8805673093892856,-0.5944616142546957,-0.37659879996810114,1.1268098348114426,0.7143517419503543,-0.01563692952535638,0.1744938435896437,-0.19003004654200892,0.8290067974034566,0.903864550383318,-1.7166523463973318,-0.21043537647395993,0.4394398679032425,0.4763623126715724,1.5993721140354429
-0.6976415391519626,-0.7806184092855877,0.20692437323889507,0.3720023553700619,-0.1337450527477318,-1.3803369791047722,-0.7610309919987397,-0.6500529115127592,0.7378012498547256,0.05678127209401578,0.736460706536466,-0.48711983771530515,-0.05364098622385656,0.21880014664643307,0.07336622507981139,0.33245071772703727,-1.7318477716851681,-0.14269653626092485,-0.1942629915045122,0.21060286425741398,-0.7750071309120712,-0.10245519612961192,0.33465639152807913,0.511764879325293,0.6352456914415395,-0.8332524279600212,-0.47105166957575306,-0.3507700022132866,0.023985573552110166,0.6030432856093089,-0.007291570281569708,0.5524124271043896,-1.2238139082504602,-0.5959927204782893,-1.5454546239982092,-0.8588548950863742,0.6675956829265103,0.2808182436363577,-0.5379560323844598,-0.9378168819312488,-0.7958306523765416,0.1029985968354447,1.7963517648280944,0.157344155992935,1.2411863870905193,-0.08504015431625646,0.9252515546833182,-0.2860976690794534,1.1331183235122204,1.6776633427797845
0.7373008372484103,1.2918995193971983,0.034675552940534086,0.9237346721392298,-1.08201471434455,0.42663865429116066,-0.3425742090824096,0.3183150325382879,1.3296844752576058,-0.3951240581709583,0.6575009225703506,1.2729294796111637,-1.0914344389325197,0.31783668330156656,0.22847059215070817,0.6229740447213591,-1.5321095298667113,0.4711552060457591,0.4908335247824367,-0.7150929913801433,1.1976187898704724,-0.04088903692937232,-0.49227428939037765,1.5211049465523623,0.1817999000526364,-0.09571098912381268,0.24919383006383705,-1.2177145103505913,0.009831129781685884,-0.29028113803765193,0.05191861099330052,-0.5040281972074049,-0.9118466835522511,-1.270236086625448,-1.9453640925376512,0.17764269532297883,-0.233781086800119,0.26927058640819707,-1.0452692920285576,0.6705803853198844,-0.9308286069565507,-0.2542146917298844,1.0255116943567397,-0.41867386790411604,0.34135202041730994,0.627277005802288,0.6135830140991158,-0.2888905808174912,0.48555424573402595,-0.2975404427496859
-0.6328759221458268,-0.23613813493743233,0.728829511993354,-0.6114692322704673,-0.11397100780447328,1.0123621442381845,1.113411965437772,0.7429612063526556,-0.49847246169409243,-1.0640390105034465,-0.9078202379863191,-0.46028484373118506,-0.7442210123264198,-0.5372866247104231,0.053028982326425375,-1.466544366095577,0.5511892352983964,-1.4183380793714375,0.6486356009772701,-0.07047691801109152,-0.5643855266743606,-0.45681754957183485,-1.4179238050429483,0.4305461594685759,-0.1314961011265184,-0.5272590699657363,-0.3140732755745251,-0.7111597172807861,-0.05951651206646943,1.6381812498017145,0.33979990764172424,-1.0030102156945775,1.294094512129305,0.3734869106135882,0.12053733073122012,0.45087984401062087,0.6106200950938635,-1.702713572114795,1.661980506652379,-0.6421327707976286,-0.4489302652408955,-1.617785424067986,-2.056381309662936,-0.7337908841274037,1.4928573585041287,-1.41347840712959,0.17706157637168757,0.561730684304596,0.7533514474717882,-2.067565400935479
0.3066683446355762,1.561895503036674,0.012651551888207872,0.051017068277347304,1.9376151764787357,1.228442310200822,0.2609364581051792,0.6090874522535602,0.3059483046261174,0.02355575593409666,-1.1796074697820655,3.5197590533186207,-0.8194302808293545,-0.344083629306203,1.3907956918710818,0.3139604128633404,-0.13789690328003376,-0.3543498916127683,2.616651573238206,2.2483198067916312,2.1352937165221615,0.16376091443181845,1.0879979073315162,3.2671657423141522,-0.1624180453463786,-1.246275639980726,2.0555336739028474,0.5389163473572122,-0.4890088604841078,-0.739133870863107,-0.49656039724205264,-1.6396664473036393,-1.357792598468633,-1.4098061674888298,-1.0198417618897786,-0.13055013906554955,-0.839622209738741,3.1655921033972065,-0.6104625494871091,-0.4045225393189506,-3.9483848481969943,-0.6618513503899798,1.3948029292062214,0.5152900865407478,0.9256228403249228,0.2963942705253186,-0.5460632167421391,-1.2196475337122612,-0.26750509194409877,-2.5041100125781277
-0.5408220975811386,0.8586158532548757,1.7150342977433766,-0.5350099793678784,-0.8522299813567404,0.7244753446324806,0.637215604352017,1.4432387037194654,0.03255340979833993,-0.25352325544292403,0.7309436464424102,1.0978629535102378,0.2546199113696948,-1.6159197830104652,0.7619231129625245,-0.27943739242462734,-0.10565304308354556,0.6726723862931959,0.3048472770398159,1.1347013008497264,0.3671894328252204,-0.7295465588579421,0.42645877172762114,0.03441986950001098,-1.1260116311836046,0.4957749736626978,1.6216762159784628,0.38006300682490546,1.1234172167765581,-1.0782827662622925,0.7653774387115934,0.011117961851390006,0.23080080744460585,0.7602135365772451,-0.5818225260494242,0.466475082833276,0.48499844040685436,-1.1356116452113398,2.2067080521264875,0.570921073193319,-0.6729034600446218,-0.874745577291602,-0.7969257413141543,-0.5455030358321723,-0.40841843025657615,-0.14858751312391905,-0.313729836141679,-0.2575177634890196,0.07677148941770925,0.1843418517448753
-0.45400365162329925,-1.0853880840135506,1.1036923025083696,-0.054955287221712744,0.11020776181831997,-0.3286453621221241,-1.6494745268700197,-1.2420692442321795,-0.6969307717708629,0.1261988165629968,-1.503475962290073,-0.954970095495278,0.3948912180827219,1.6637849892168175,0.5135174365532773,-0.28839242762143835,1.0761391542131729,1.4640616268130617,-0.7588658067946052,0.468950292291037,-0.901279809428655,0.655571118864836,1.0136547711623027,-2.0909950467229437,1.2346972960396794,2.0408686597907963,1.3893545459127283,0.3798478008423939,-0.09770975944097558,0.46386725030921405,1.7030011666703035,1.080007932919431,-0.12624635285845395,-0.7804160786759806,1.4056798977191212,-0.27078812515675654,1.6477788673665759,-0.011945807689812998,-0.36298718831422705,-1.4048048592533042,1.0262187396777729,0.8591841299306922,-0.21338076238932072,-0.7884512242943114,-0.6105463343395169,-0.8413224863680949,-0.7895223872102493,-0.5311683997343789,0.5061141451687166,0.37379253054082695
1.6231989359409495,1.49074448697215,-0.14806207762212123,0.8232553063308601,1.2030119481155703,1.6157986849221433,-1.3344108396727825,0.32555619822208165,-1.2783220376337538,-0.7346776180495946,-0.45550294926632606,1.0231329860450018,-0.7113027658411715,-0.6569523828450157,-0.5572328345236673,0.27215805719604147,0.5504676671300051,2.0333724056773845,1.4746641571655064,0.8902639427470727,1.6446200685240477,0.8119838161929722,0.11817312476505026,0.443997661541515,-1.4613398785020977,-1.057952538316609,0.14565292290449697,1.5428629906680629,1.4995373322580232,-1.5035802068215982,-1.108885674178223,-0.21082949833327036,0.7253245019643784,-0.08194820576503128,-0.8455060132082871,0.45007053694057664,-2.306814234658305,0.5874412490371964,0.9336862033071869,-0.03418592442981999,-0.9875291863755095,-0.6603207022579519,0.639822619712764,-0.4584006644312662,0.039881633896262765,0.5204913077841895,-1.302503554998335,0.2311559034592398,-0.9337089586229919,0.697955500844198
0.11448980733594073,1.770490077940268,1.1099282815490186,0.8115549964837313,1.024917940868982,2.036348224814408,0.5015199745017298,0.28743091678180777,-2.982107008341047,-1.5192597751278838,-1.5684827279360298,2.370407185847138,-2.5225880003382115,-0.6342010078871431,0.7231521797938475,-0.44505928878579326,-0.0076300424535783095,0.6555403975427627,0.7595401273736078,1.2327398363066853,2.183371959948346,0.5625282974246886,-0.33115638762177807,1.678881166822639,-0.12632678221295382,-2.4102295385824846,0.8588116768895565,1.0131873655119237,-0.04619739906459814,-0.8184166824703805,0.6133663188260574,-2.2291091973274053,0.36859595333286677,-0.2162510938147632,-1.6289448060214018,1.3856500784788126,-0.5692605446651527,-0.5164105734640785,1.523605142215275,-0.1842357696533621,-0.8991645179432056,-0.3905627862593242,0.3819544469466287,-0.9811136344662875,-1.0182925872572233,1.2229696393354095,-2.066719221879582,1.3621321470303498,-0.8584290116650843,-0.29962994014558875
0.47163060592429956,0.9645748484926391,-0.5905942751810321,1.1823347713871188,0.325847403719224,0.117080476689993,-1.7132519890933444,-0.4978682441726669,0.06469167697990201,-0.23726934859372367,0.5700468046391243,0.3653470594621465,0.2516136431270459,0.3761715817466622,0.36805629623555275,1.4230885072019301,-0.14675233940045498,1.7257899388872775,-0.7329221003842339,-0.13293309273659118,0.677090223701805,0.20080924072353598,0.029096254103558546,0.32450995358348617,-0.4402563560019475,-0.4397033129769829,0.06189049865750764,-1.0062150225470263,-0.3730448926760832,-0.8663838966907559,0.39590439516742293,-0.4434149447201308,0.03963935872835223,0.20405984414450482,0.6660194878377304,-0.271672499089548,0.3361116393966117,0.07241486476286291,-0.3525396169171308,-0.7302294435280385,-0.28573282351614804,0.31482746071349754,0.017855661978105678,-1.7824165599838335,0.7272824956067045,0.3119544373929077,0.40199036960999934,0.2826707741618598,0.6963466252066426,0.3365228648489549
-0.26303251461674765,-0.18148430336410407,-0.15137824211390902,-1.574784588738879,-0.151376937635334,0.07925441597629758,-1.2968905608041237,-0.4290347876404553,0.01471153712812873,0.2212791094788111,0.08080184923696226,-0.11986073002234816,-0.9160175420548509,0.05260986880778059,-0.6903174428371207,0.21110607658125113,0.10229169983611368,-0.38025044976771283,0.11679786238465072,-1.391845730258659,-0.45789918471514296,0.385737121351085,0.16857882669757296,0.19267079741713677,-0.5403045133929351,0.9145155623713936,0.18079682205294978,0.47480748478131773,-0.4008453229164544,0.19712425137009248,-1.134614937059787,-0.056921503289021964,-0.28712752038579714,0.48852410933696633,0.7594379595733796,0.03343697182896551,-0.29953640906103324,0.40108751422000855,-0.36710944273590096,1.1761028246441423,-0.5793249315936312,-0.3023828347772022,0.963426803763934,2.1906776585900536,-0.6174674274635918,-0.13254149081159908,-0.014765830259836531,-0.7184260186050696,-0.5186737872597659,0.9306683843153859
-1.6444811156204298,-1.1524294597561175,-1.272934037916019,-0.9138094133352412,-0.936309733911654,0.2525200602044989,0.8670674493638036,0.03189543452692147,-0.532759436764539,-0.607669527405374,-0.8951580633446449,-0.2882313757681405,-0.8751586357117436,-0.15170181461735235,-1.7124816123488464,-1.363487552751009,-0.15409350002797018,-1.6394390711426443,-0.5142137832041282,-0.6112982898970587,-0.9504991495576839,-1.2781459939063682,-0.2988269671768585,-0.26527088237444535,0.4079864356712935,-0.43704901110753763,-0.7678717509316938,0.2643119795560247,1.6805579627614418,1.5951508149178852,1.1409636384503286,-1.3799157858016506,0.7976798224631014,-0.10157386802207902,0.2641298430600651,-0.9847789936180791,1.556280731352128,-0.3605064605461194,0.6917161991129278,-0.3319685480874795,-0.7447674041277822,-0.4481914149099971,-0.5234720722939618,-0.27161098600630873,0.21880077750388902,-1.1616836567921733,-0.5383755785551898,1.5513348577749924,-0.20688927152772538,-0.250373891338225
0.24966341400765976,0.30284180088335527,-0.4521793444395901,0.17581611348564277,-0.3595089826814945,1.0091481202046926,-0.629677284441904,1.586942746801337,1.476846465895309,-0.38216718663708865,0.06666647887114067,0.3336680137398629,0.19933922269189697,-1.5591467207752912,0.3413227267984034,0.08252101479835162,0.7779954587617448,-0.5597242010254477,0.18475487062764046,0.6742408985345953,-0.023498318147283103,-1.1453054373254379,-0.4458777328824538,1.1946391303220187,-1.3408458785933348,2.4057214009060615,1.7441209457068918,1.5445584858006276,-0.21367836994590403,-0.29243525129984554,-1.3506559152350057,0.6184420969882446,-1.142025834899343,0.5252153885738271,1.8889468387127906,-2.1926971568151252,-1.5881241497060212,0.9250925021053074,1.7298775853700228,0.6588183359185916,-0.9595324149989501,0.10782474051047047,-1.1998336959119493,1.3214564635642299,1.6684963817002332,-2.668367740355552,-0.1965431200747495,-1.3409438535004312,1.6404132896442656,-0.9349092212859775
0.7951777102860195,-0.05863733040573957,-0.3862063859839745,0.8138207764250421,1.0030454154983084,-0.11931072592922445,-1.0752217378790752,-0.2599999402673248,1.3785945290091013,1.1633213148309705,0.7428010061975032,0.08340747056812707,0.7279603907381016,0.0013619438668506505,0.37166704899574593,0.18780844612274578,-1.1562342263778957,-0.22418735805583392,-0.8479076341920716,-0.29051109625256283,0.03056851058889483,-0.8041731859961836,0.7984710505722472,1.0301260090271385,-1.1038953014166866,-0.08684385803919795,-0.2913937195260702,-0.5113279056686606,-0.4872825195607078,-0.21658432754451223,-0.8608778388818884,-0.6090138031758966,-1.6247337955281707,0.4299753332840884,-0.1601257471900552,-1.7468747206934014,-1.797409337033889,0.6969828850165946,-0.47137678650423004,1.6702797813985533,-0.1304980279887212,0.0011361525511816648,-0.0019277410779125106,0.6580706788583898,1.7179334742045307,-0.7768333629625525,1.4271413336804213,1.5821200263769177,-1.1524289848084124,0.9217737695282766
-0.25008173961600816,1.5916098229184747,-0.9296992125154997,-0.48057894369546034,0.3305410104978892,0.7469799611732525,2.6019420549530583,1.3253652050885423,-1.2738689165085748,-0.17808515867104657,0.8645570211209055,0.891088022838299,0.2934791503378271,-0.8579830375660246,-0.6398123095926163,0.3990530184366088,-0.036181797679828244,-1.4573122356341808,0.3601983568390092,0.005295302181490105,1.6590047708365872,1.3430786325547162,-0.40005355618643684,1.4679049898657164,0.7548699266363003,-1.339743007888231,0.1212848062827756,1.1597062449766822,0.24638676256567774,-0.3132825971010953,-1.0157262202828832,-0.9501261156183989,0.33906550683471337,2.4306283581716337,0.6394637109392466,-0.3870877143002333,0.1531472518265866,0.3234581427328602,0.5356301342493692,-1.2862466469692224,-1.8530295956910303,0.8877017387914254,1.0289146462532637,0.7670530302829005,1.0751265542969806,0.18410498124865723,-0.8130903037218504,0.8920679815412136,-0.6856101629976071,-1.117742288001154
0.5993672772161805,0.9690984984239295,-1.0150630588551999,0.259203546415742,0.20743185869578235,-0.1029816779877813,-0.8625743054257287,1.202492084032769,0.7332962345221545,-0.5967305147483576,-0.27573996957535485,0.5836179335981516,0.8128364969947668,-1.1936421624695004,-0.8777909867497115,0.5745866332225342,-1.48700664844831,0.9262599329215171,-0.44232428963895887,0.6112551915983108,1.5871121604426812,0.0632873705000066,-1.2742677930593762,1.0899337509531708,-0.5018052754711897,-0.4993284481357366,-0.9264663079352078,0.8537335933539312,-0.5875537239311279,-1.087203166301861,-0.13945612006352395,-0.4205810470443722,0.45794181507004283,-1.103973255266411,0.001281214820114328,-0.8507976450785878,-0.5814892895185682,-0.1778640094355747,0.3773859363794019,0.12118288064091232,0.18198980609435536,-0.4560510397692816,-1.6727277423440252,0.32498923030382143,1.2673262179343863,-0.3320749236987644,-0.0020288234378498153,0.6610738501751007,1.8475326990771086,-0.14684272549159555
-0.5098102736159819,1.4221876252573575,1.394662396370281,-0.2829918810839702,-0.878848212393553,0.4972229894714623,1.9879439678051176,1.521608627972531,-0.9979782044506265,-0.412754841853773,0.12400498420932983,0.12418319956755298,-0.44547870953565155,-0.6580497928737291,0.2692789013580518,0.42588662024206436,1.6521024062631813,-0.08973922166532872,-0.6971943521618632,2.086997327173433,1.2070809447509179,0.2898311522532278,0.1774378668345254,0.9900410959736529,0.502945069920466,-1.084702181624789,0.4260791897001074,0.06977900909824189,1.322249651626632,0.15553856291572846,-1.2651454139871763,-0.05888358765303556,-0.23979809705884514,-1.3712934502152947,-2.172781595278079,1.3679519129140905,0.32987755235321553,-0.29956690667403274,0.6117847870313706,-1.0484604685415595,-1.0532145682147938,-1.0193201356581896,0.17856056000315193,-0.8910327225651771,-0.9692241196015569,1.5615573482216139,-1.2027612250887114,0.35516246872075385,-0.13124359296487662,-0.18529052877963811
1.0729564428260945,0.5228785350908955,-0.5186106512011142,0.7795428906452935,-0.2418846819406786,0.6184626537805473,0.04652086423488077,0.917576640535949,-0.6333429911643312,0.4108254370770527,-1.4034066668924807,0.5382519036406649,-0.010689524653417659,-0.5947179292711936,-2.1094033938538836,0.4263933745935963,0.2138468350393864,1.3587130803812852,-0.33078396523664916,1.4053653237074264,1.1314075451429653,0.5874237482523825,-0.6936855428993309,-0.5336861766673661,-0.5612155540667235,-0.009288957397655352,-0.1138390634716599,-1.1107380576220685,-0.651799902277111,-1.8349386043146678,-1.1325499245457318,0.44101055457586963,0.5815119648117139,-0.4903476922957989,1.154339500991997,0.34747070795978624,-0.9330846551172639,0.8821154866405817,0.4375590461253165,0.03416392339649082,0.021623292244943335,-0.6947047889355786,0.7184567161374844,-0.02034489192897326,-0.1962461534135709,0.035069951077878754,0.4652189925388279,-0.01245845452539763,-2.2281736962013166,-0.31350424352437933
-0.7450259450876563,-1.0451125064537534,0.760825953769468,-1.237075012584772,-0.49468879467741,-1.652910560109376,1.1680066601744499,0.4762127946763863,0.3292538890874087,0.9680595941579997,-0.8496941296974277,-2.7614717505036643,1.2796256183276034,0.3023162012617698,1.0087311058939825,-0.10548850107285644,1.6876682491218093,-0.9103491945088722,-1.386030166574681,0.4175068609972588,-0.34309843299730136,0.6206530533085256,2.6974563767529998,-2.5377105412933387,1.4908235490656094,1.743156816892608,0.23122800456617626,-0.8687194007677878,-2.4216299787706403,1.2669604796954712,1.070172263803423,1.808623731590098,-0.9832621173158635,-1.6680982269340674,-0.030644051635477947,-0.9221654494956413,0.6658024517659005,-0.37578257984185665,-0.1338964839289669,-1.3507642582728456,2.979158076846788,2.234411153601827,0.5502029247923915,-0.15717598217456302,-0.717952876392411,-0.18855053071898778,1.009976550287537,-0.8260875324917567,0.8660212605427354,0.6867941261166102
0.24053193040766271,-0.615893938345802,0.22527636433218104,0.08520709790332201,0.7777435347656795,-0.13135557325504213,-1.6817799292064881,-0.12898832551707126,0.6273435366194374,-0.48512442136379497,-0.6224168045898218,0.6729162740274638,0.479165775562303,1.3247597791911292,-0.27615674680300323,0.4745666237552351,0.05747482411225075,0.49007332472568726,1.0383504015510228,-0.6041753153837804,-0.6550791363001122,-1.0077286612371255,0.88870311884206,0.6081303721156803,-0.20942483929056585,0.4619977970897237,0.26422325837567234,0.28762478806199193,1.1722376069837923,-0.9235079981390784,0.2746132782919859,0.286081560686726,0.48514554194584664,0.5787230765420933,0.2969989009620972,-0.567494198212627,0.3221680892213506,1.299330281019132,-0.05011692093676546,-0.15688896813407102,-1.2131703108635041,-1.0111085483898596,-0.9271550268769336,0.6726444853653624,0.3944597507702259,-1.657601919293215,0.08653414321165533,-0.6349979246155283,-0.19258531352994177,-1.159809310522986
1.147462921224012,0.8103127953179201,0.5367479103396252,-0.37252362169595077,1.3937717935147578,2.972006289926134,-1.889458408318569,0.7553824795498069,-1.2035361030317984,-0.7202838827398417,-1.4328046269898596,2.036175821737144,0.10940923308596981,-0.5919391712591965,-1.1489761055910142,-0.8132009259431333,1.8125932551151431,1.1939661797232552,1.780788474599828,-0.8256063181116191,0.03293089126016365,-1.4346129621323742,0.6999343121691619,0.3230398925081973,-0.71105905890266,2.480057910368247,2.6646520193052807,0.8328802947124426,-0.04783254853107234,-2.35155353918351,-0.9324053326945504,0.9683680758941752,0.7798391995234796,-0.2732631805585007,1.3211268888941894,1.2500529791267498,-0.8464289450787893,0.20974864653453493,0.869995091506198,0.4347166603672198,0.47724024504643786,-1.1418869307879194,-1.0829717712362434,-1.5659291689020691,-2.393232290119742,0.17563369891165417,-1.0589681654226948,-2.763218247794992,-1.3944404279783207,-2.270105934191577
1.018826686822159,0.9331512993518604,2.3326638467107523,0.33276291028710353,-0.58314098059686,1.4134225879598827,-0.40434668235085464,0.8822416590440264,0.1102641020572666,0.9796724988594494,0.283113315564176,0.06098153051138079,0.6401616055599608,-0.7841249078783105,-0.3902530907353607,-0.26411809841274786,0.41484884589136733,0.025158524671332692,-0.9300998152277932,-1.2949015033389981,0.604380179115246,-1.2119156238340174,-1.2530273609929534,0.29362285827715895,-1.742509674805752,0.6316610270825284,-0.5012620378393167,0.6815021311213496,-0.24103211099377375,-0.5442060738933265,-0.9464550527174816,-0.20584228533818497,0.18818144894547373,1.8994206530084687,0.2548589761640934,-0.25384389810989805,-2.223954184317423,-0.6582047876798522,1.3655272580015494,1.6394702425913528,-0.11380084816100225,0.442902178687508,-1.7162214408808911,-0.8179682075930926,0.3512506654061067,-1.1926502745063714,-0.058363719239018765,0.14350075544559412,-0.6042790906792187,0.37284660264495306
-0.41059865359187264,-0.6911329445860868,0.0997140367896734,-0.06245393288723392,0.42935498234207287,-0.43430691168106833,1.0432311542837918,0.20630583696651225,0.29177681521329,-0.10950838744096772,-0.6165014712467625,-0.5423302145683023,-0.12206416489390073,0.5344125779843648,0.851567476013193,0.8652315063564816,0.4983615782267353,-2.261887615027868,0.6194895394213433,-0.5379369972477377,-0.38412422509689054,-0.9284533216944684,1.689497732946256,-0.3786553842814326,1.0234007818719562,0.761696590675167,0.3566188062059958,0.05360666693113536,-0.2652689380996894,1.232022827828561,-0.3537168888392573,-0.567572014814364,-0.7346639550625745,-0.18983203066677887,0.12154864504945584,-0.9785400075099139,0.26645284737493163,2.2209616244857973,-1.5308860633027737,-1.327861487956747,-0.33591165941728013,1.6515086983535707,0.0342023452970187,2.2047287623875107,0.709723979270815,-0.6154513756431251,0.5306074054504796,-0.15442957035898558,0.9330900082184203,-1.0452069077079102
-1.5358464253208652,-1.2998506270759438,2.2039872532918245,-1.2857356939005242,-0.19189319977562977,0.12738116348728518,1.7760836093566363,0.5265745520990242,-0.23060500768368505,0.24968306311629138,-2.0484496788780433,-0.2771960895600758,0.10461367654650656,-0.11115361999319345,-1.8425349982232413,-0.6221535898663231,0.30799761924030594,-2.8622938723327622,0.6676559055328485,0.727482050475852,-0.8148503928580179,-0.7511503450775239,-1.8842309307138152,-0.6035935959207004,0.6714555890575773,0.6383665464110683,-0.14523813460100765,-0.8272630182193874,0.45044632907175297,1.6667056709956654,-0.2415305123655236,0.17269641298160737,1.7607177702251318,-1.0495330728225536,0.8415724177378539,0.5583626077582401,0.8238281958880712,0.6936955380347068,0.9759560264510805,-1.6687029077981916,0.3061735865629252,-0.735203734575231,-2.0962095864338277,1.4591639509699421,-0.41151129357825433,-0.300031510271813,0.339301067083852,-0.945671659001248,-0.7114775021511559,-2.0070636596629776
-0.5101094843253601,-1.8261606279900546,0.470139578261305,1.104766652584419,-1.1241315609250382,-1.1140041726919923,-0.6971235566651205,1.2650631697484227,0.8444856364617135,-1.5688915989091012,1.456871205203258,-2.233506828542293,0.24246964838358853,-0.7370970005636717,-1.5159760237215563,-1.6236840235886711,0.13792441801934566,-1.6350060214109108,-1.5424453697203813,0.0932562880755135,-2.06387549702863,-0.8714405358564786,-0.7303261442847251,-0.8265086337100577,-1.2586474741239149,-2.0069950710468443,-3.539255454528092,-0.7814733766231267,0.49645110700721556,2.8185885809085343,0.1461518491378232,1.1050626609852685,1.5313280294079785,-0.7820926050827094,-2.438005047950809,0.8157899234509701,-1.0129817729380495,-0.8045563900774584,0.14519348911817015,-0.11956106488834391,-0.0563799429942422,-0.6691886960277296,-1.8201780152601337,-0.0656320735712005,-1.0283065712108002,0.34893984791120475,-0.44231142788225064,1.0920800394808075,0.6777550047656318,-0.10708288331455197
-1.5448503571549128,1.7511038521169005,0.9882379936198789,-1.4093800868747492,0.048558597245510225,1.7449017687872517,-0.5654647240147227,0.2871224782567398,-0.23918818707263526,-1.2068630165168406,-0.7939133544234896,1.11546027950865,-3.0451248921103984,-0.9585134257960659,1.1278177817077437,-0.9610828673890052,1.1442186226886664,0.35285638790004736,1.535463372573324,-1.9183295438548587,2.445776601209616,0.7013641079294887,0.9757585891404416,-0.32678691346978544,-0.8375874504583289,-0.961300824632695,-0.12975121078161664,1.1002097970594824,2.4052259463957686,1.2423892382196182,0.33999898477740814,-2.5811501903201655,-0.5321332715043271,0.8135665494874493,1.6007226532842411,0.7232647030623982,0.48024757995402734,-1.120488882738135,1.0991890190887557,1.3718577502618419,-1.6256103861580562,0.014515986346258183,0.15079705322483986,-1.0659741230895867,0.032921099506877556,-0.2125449125837375,-1.5744031588968368,1.469524155179338,-2.5457375927358528,-0.6139183986493579
0.3347067683246572,1.3855330262573513,-0.524128920431614,0.04713365335423427,1.0992691818155664,0.23815656594924262,-1.104807409078561,1.3627922095431413,-0.6088129166022578,-0.8163810706383016,1.1897136406305662,0.5713528754835429,-1.0372909683682825,-1.10574945452394,-0.8348499284217411,0.2824131936465648,-1.3073076220561275,0.8286123625289901,0.6163082160572931,0.6989192797894757,1.3320820409578569,1.0080507595556698,-0.2753394053804705,0.3170933576681543,-1.719358602499214,-0.7817791876712096,-0.08822761831302915,0.21264709706055493,0.3549331076732603,-1.0145362326485416,-0.4292204017027329,0.024899597389017755,0.16896530505065796,1.5211019709277913,-0.9137253632595558,2.1125874176148347,-1.737293378224516,0.7936958007597372,-0.09554233306184558,1.7377126205072573,-0.4970365753631434,-0.7848636853663142,0.1365962364494472,0.8196765321206213,-0.770527760434223,1.673292558210801,-0.28980020953657815,-0.8266986365755451,-0.3990432550117002,0.033439100127103126
0.25232013216817395,0.30263617907032336,-1.3202982045339253,-0.024732926549415262,0.48477120988148265,0.9978353039390007,0.5840479205285004,-0.43595324572154015,-1.4429158547681984,-0.8293487942611573,-0.49518450633791433,0.30757768031759547,-0.6234284880500692,0.848588322251264,0.6125253183294262,-0.6948786367231912,1.0165563568185438,-0.4556150427649385,0.7493186051203464,-0.9339664207016753,-0.6930002367354556,-0.5034262985818149,0.5156523982295826,0.8213380102181138,1.3777038610460652,0.833738363312536,1.1587608268671896,0.6947767137869706,-0.20131505191402665,0.4192592072397417,1.2920542130237143,0.39916917708272265,0.01779147322418655,1.2643329829776264,-0.45933593748618257,-0.3921062841155594,1.4957614406987152,0.5103542678073602,0.04402226337666396,-1.3958900746525271,-0.9798319796924584,0.5234178520984151,0.5695099388762525,-0.07215868616853215,-0.21926490121366257,-0.4114682768673425,-0.6412742690072443,-0.911019699968022,-0.26362963665844164,-0.3763673790577929
0.18960914679396845,-0.8269664283312795,-0.9934458578294773,0.1600095573455137,-0.19923806157520615,0.7692972306635749,-0.2078709222309267,-0.4964784533327736,0.11501098993674168,-1.12847096898342,-1.3952185323972437,0.32145834296530623,-0.8624727616853912,0.49879505419030745,0.13667225493668028,-0.5828108360238773,-0.7363644354312352,0.22850590803079446,-0.19690073020165597,0.9660690577877367,-1.331806672440196,-1.440805861506507,-0.8187889425706927,-0.029550886810924364,-0.40069844222035345,0.9033823307412008,0.9041297149909234,1.2279214183957827,0.1898689107063986,-1.0995792505691147,-0.8077531283819371,0.05666110358734431,1.2027710504489248,-0.5567029353297713,-0.15263347851679585,-0.7863784441683086,-0.7671330143311237,-0.2106639067164436,0.6033210777985316,-0.16206840285729474,-0.1729906312262829,-2.7876266966828305,-1.9972292406720349,0.5511705544744283,0.8800484586549676,-1.8733554736244058,-0.07703814140123175,-0.2729809897667588,0.438448336066493,0.3875102327115714
0.7600595779112636,-0.678819942335632,-0.007428614594933609,0.7452434934682346,-0.031206950135565285,-1.0610114195621079,0.1657518099798985,0.15509594945060876,0.9621605904191628,0.5644943355294232,-0.42264126619950165,-0.5055588413464563,0.2947699289279067,-0.7845534057608143,-0.3271520411919317,-0.23157422486794657,-0.48000402652038704,0.17010037525886046,0.24975090350063756,-1.1589815237736605,-0.0711725446747443,0.7299313438589378,-1.4768622225010228,-0.5347037090104159,-0.7894175009246129,1.5082731850388011,0.024543172548677453,0.7123334108133779,0.14966614112468327,-0.9005680260081179,-0.4677938673289171,1.2058979421674498,-0.25418341399997835,-0.31256584498984774,0.807845604032807,-1.059017804769079,0.33317102940715004,-0.04094085162438829,-0.3546933308899425,1.7377115254023743,0.4747862016936487,0.1435439153263716,2.0408155862517936,2.640825579887118,-1.1377648508113691,-0.42905377648045573,-0.654930558228104,-1.060674356302708,-0.13511446705870697,-1.5900711663964975
0.027562059381150358,0.5370057437396831,1.2880360369151702,-0.30985495518843836,0.21805373973746328,0.5652101597095318,-1.2968945678100496,0.211519739526559,0.6015421952669878,0.22323803037038947,-0.4311753630640274,0.7927592262173101,0.418967085798995,0.38857084811341963,0.10499278938349595,0.5082405123677074,0.04980795417422071,0.4934128087056011,-0.5014553182353767,1.172343720236881,0.0721705225387356,-1.1999691515857693,1.1436367294999215,-0.07566992096261542,-0.08437379287838034,0.8285432714992426,1.1328189661699146,-0.0126268195705814,-0.5291115642036108,-0.4946792076221364,-0.4061914674608546,-0.13845933482024408,-0.15298624990837148,-1.114689669182065,0.6013651500925282,-1.0969566568851368,0.3305087277716983,0.7322941438203918,-0.24122459144400935,-0.6368725001387877,0.49629111976405693,-0.9784893556221196,-1.285484246993991,-0.5743860972546808,0.2934864092398691,-0.46308193037916445,0.3085642497231377,0.30405107729371167,0.3043787507528374,0.4005114020777448
-0.3102785208104725,-0.22714252769212603,0.49278900179455737,0.4640545915326573,0.6262419137262526,-0.5134250657075028,0.8256068849869179,0.6166066322641838,-0.6954796316293715,-0.7234690459548331,1.2782235192001075,0.05475713596162758,0.24957084583734462,-0.8712654417754083,0.015282325433595822,-1.6102591788508887,-0.6408185890387159,0.668590068650427,0.6938186217031419,1.8723866537144682,0.12192527692398687,1.6466617050465882,0.49723170026966,-0.5538764637458509,0.552143375138643,-0.17545007080949118,0.22587076272495102,1.1857552754805147,0.47631034310305703,0.9268617295978505,-0.39070434824471256,0.8953606078880982,0.018788243275470698,0.9658029161511303,-0.3383844606474344,2.466145483228898,0.5001207480343113,0.010235453594567338,-0.07366968926253029,-2.247973413792889,0.11572880285355054,-0.21551389545372743,0.9777968366262741,-0.7581907752148589,-1.4610589777697989,1.7795472253607088,-0.6247948411445661,-1.3158447559569835,-0.04079150665646052,-1.0422948522553421
0.1064421251362672,-0.3863021185785381,-0.46491846193769215,-0.49371337819734223,-1.1995268686145693,-0.14996613177837143,-0.2088909983726284,0.5897945638210484,-0.7218312823116038,-0.12919475277300868,-1.7537033791151135,0.137462544122851,-0.4862144949855855,-0.39188039514185585,0.65188085700381,0.24309743665510097,-0.890258795646064,-2.741960627441011,-1.5438221905405392,0.2972568103225336,0.07969412541766335,-2.58125970088434,-0.08212421185540304,0.8730261442491535,-0.15433953042406154,-0.6384887387206422,0.15511101755441753,-1.63202076734751,-1.2545023421893122,-0.5338682492665264,0.8341474022587272,-1.3319997433687991,0.5558342897149092,0.11707688293473223,-1.3102004850216156,-0.1714529123644009,0.8446668887265002,-0.005785875007600691,0.14074145764923654,0.9426315157166134,-0.1578508731828084,0.6730869399100227,-2.123763663898904,1.3672704783676777,0.4530137676489218,-0.9909692088620757,0.3887847305516237,1.2132289149168154,-0.7705984836521937,1.759254895629882
-0.33918146819862854,0.24609710390303735,-0.6216028674552583,-0.46088190373571974,-0.17759372169473028,-0.36230888111979154,0.19154923587677608,-0.05188130437002262,-0.5491237833669832,-1.5623398240872834,1.245955622948052,-0.8003082768663784,-1.5088817673136612,0.7402366277193455,-0.09219304383900369,0.006579261468097048,-0.19227115093053956,0.8112371956869973,0.2656581070664122,0.87110534810413,0.10618287564542674,0.48884908933709176,-0.6798527427128548,-0.6964231220637652,0.7571831677844291,-0.49277105485759914,-0.6240236732640265,0.5793687012889478,2.3334638804883254,-0.8973446116058924,-0.5714888451347395,1.3027821895263414,-0.28291897649012887,0.5831550152962651,0.8301783505961248,0.860312129001966,1.4357975053072138,0.27859395999371567,-1.095988414965375,-0.7243346533386793,-0.6735252140179403,0.8144438353917567,-0.13690602064978927,-0.32899528825089114,-2.0897945724048697,1.3855549429945682,-0.8401079670735802,0.16832376635310464,0.764708960404551,-0.2683658304068536
-0.09569216779055113,0.46544229993945263,-0.9131325289579201,1.0588428312403058,-0.1245948150814645,1.1781594585847326,-1.1908910109110833,0.3315953921395766,-0.6110138248249973,-0.9287324323719077,-1.0235405661517425,0.3778711206560299,-0.606512470360242,-0.7355288783780148,0.6827339533863318,0.2384072023267359,0.4042762764808504,-0.9051157410288171,0.30797690144229045,0.012645376047286843,-0.002361241974873163,-1.087115700707527,0.12205531282665144,-0.3688933041608846,-1.4812083084714036,1.5099288562423856,1.357559197112846,0.5398382368261614,-1.6442501616913825,0.7795466916729299,-0.29462036156369686,-0.3669438224685081,0.6947444580672202,0.6878241630976516,0.8951909868716779,-0.3052430372555304,-1.6870693467687168,-0.0912283802046894,1.642501705937019,2.233186132927665,1.7530636287728443,-0.06863662185903804,-1.8455855083758488,-0.9063588153351005,0.13694523555928043,-1.6200617119450675,-0.562450580571337,0.21027617026829823,0.4278372475351779,0.2220459665118725
0.23858538795794573,-0.36434405144983156,-1.679153960572839,1.287064382305817,0.9268394492806914,-0.19182045746287932,-1.9406347147891798,-0.83977213189108,2.3466044821424115,1.7971755201922008,1.0330596961079754,-0.3536308191930084,1.782354839135162,0.9473314435293688,0.9895388572889495,0.45108369835025214,0.26796688275717395,0.44451397726045655,-0.11577185131432106,0.03103983793169141,-1.146487098584153,-0.7560161827625699,0.7357143334032045,0.16809845721787325,-0.07055383322385506,0.24055878268490521,-0.029919022918807176,-0.7998415931530788,-1.8187984196854619,1.30064141328404,0.7101237750260541,0.5301936754063924,-1.380978164837052,-0.506419508084692,0.5760138538926811,-0.7896403016261109,-0.9114976530840507,0.04802263166076616,-1.345317891115718,0.5711413910510068,0.2969394250200472,-2.107845309340465,0.3647107698200814,-1.0502708728115064,1.6516210464208236,-0.39969119907971096,1.697354777048951,0.2625382696564833,0.46879130940203373,0.18383684612948326
1.0246197325507034,0.8360239521874243,0.5177868349224638,1.6517987046042588,-0.08707212230385727,0.14765598590537088,0.23085232329518177,-1.3623066607533212,0.8286745526287282,-0.13094479655292593,0.09106216529294146,0.0002794158528270531,-0.7149085827190713,0.9271408233603025,0.16145966854213392,2.0740441188524343,0.378844936652218,0.3160973527670742,-0.2555647638620874,-0.09656318947939482,0.4202035883609495,0.8512395380781083,1.4566694183370645,0.19281068341870056,0.531259730813504,-0.380635700499376,-0.54740617844245,-0.4178297928014758,0.016260202583101336,0.166085136766037,-0.024993804668004767,-0.49176185090718494,-0.8591719214524051,0.28400846115111555,0.9120482901415532,0.08662668988088147,-0.12395940273091069,-0.45244475963699415,0.2610383821367434,-0.02601138815316509,-0.4934196838009475,-0.7549252365545922,0.9063553768683613,-1.1683396324489963,0.7646413331064608,0.2007227307672765,0.12107964143007789,0.6529846287506994,0.32644866608782214,-0.058214380104924905
-1.6414144252397747,-1.0055369510313514,-0.8453657648545991,-1.3975852416673913,-0.22602997160776248,-1.015395225200206,-1.9353256955560594,-0.8394431777699217,-1.2555585849055237,-0.19833173871825877,0.7026931566332976,-0.23520837178853302,-0.9381752503840388,1.1475857223525225,1.9930564947624678,1.0377415475289031,0.6341575983166441,0.6397424186471368,-0.6110958180907581,0.1060605995084436,-0.5144199190088766,1.032264391425993,2.6836481026327905,-1.0651234803000296,0.8180475961956565,0.6553746494228688,1.6004667255005378,1.4078501890080084,1.278765566611498,0.48859456336993473,0.9378424141847865,0.7671347980008641,-1.7351537389820706,1.0978539028782837,0.09583172506417176,0.08340586924309507,0.32702991687120037,0.26284029303424045,-0.7002803546471782,-0.17170603200739606,-0.8983344639531876,-1.3920989611758803,1.576781823990962,1.8043251619902367,-1.185869078008119,0.543681873277979,-1.7659209223403887,-0.415761431803872,-0.5768094128491771,0.2786593205419261
0.9323354756450323,0.04958443796633063,-0.673147360016968,0.5123393890780996,-0.9778046057844046,-1.4573305210469818,0.524284704922832,0.9114596818438655,1.6840284958811629,0.5648688226602816,0.698043565995642,-0.2758016839540156,0.9208183790104704,-0.8920958963233836,1.250978535372903,1.0179951100053068,-0.08212029780653896,-0.7044858949902854,-0.03967831014228876,0.3701310610367185,0.6732996596881169,0.24076288364924409,3.1065007505625637,-0.4286613569428443,-0.6565997694124763,2.1799601723414104,1.7449315397724665,-1.0955451003018464,0.5277861391784626,-0.3077567831928358,0.4481839307290019,0.3723393072518483,-1.9658194399168851,0.14470461108442734,1.202291237301963,-1.4268983430518019,-0.09359478103724336,-0.9090909424891299,0.9003588400968503,1.0215511282393004,0.5292173648660164,-0.17729803262953509,1.16572322341042,-0.1180774406208476,0.9323468943866302,-1.1364460932158589,1.6857712281427908,-1.2700764347454856,1.1187607127750085,-0.4044193423338365
0.5104530294041669,0.7974676888425071,0.8807475074849106,-0.03433160037495431,0.2141340313670534,0.22419842503532372,0.8940105017297377,-0.5214416452733581,0.028863908700058477,0.5073722294350097,-0.2566957495510093,0.2199236335268535,0.06046404949242181,0.20281240744523413,-0.5206656155381749,1.1285804704132125,-0.5764861323596163,-0.2980760474089927,-0.21944357646736626,0.9310602850305492,0.5116056021980786,-1.1387901449415936,-0.2799473332753603,0.35450190229658973,0.7088312587411569,-0.7145441588235373,-0.4092809743089262,0.11068044526277081,0.7738626115307393,-0.9466902712131208,-0.34299844201988816,-0.966040676874112,0.23813151574694172,0.5118314492855259,0.4957656981773603,0.11443685651501508,0.21371488656178494,-0.12457670371836425,0.6205106322718494,-0.4253955688695001,-1.4398750376892304,0.5097228718958694,-1.2384710321410402,-0.3316553136759686,-0.004335718470621995,-0.30009098097077463,0.07110823407880461,0.43896535805276615,-0.6689733389055729,1.168800592142213
-1.40440590442349,-0.5750857948975554,1.1578110930750827,-1.6108045474487094,0.16212824276980364,-0.1970622847226138,-0.8877702000350036,-0.24504563733993615,0.13655955450502646,-0.6900515855249318,0.6895585157417001,0.9424374479528556,-0.5301983881672545,-0.2208672407330524,-0.23620883925061772,-0.6023206277468045,-1.5658352349781632,-0.5622232507268516,1.5760126227993567,0.42349637764265285,-0.4249110036464256,-0.13372961420426613,0.4014524646893141,1.861343573186444,-0.5170111552409987,-1.814923143915227,-0.9431469382143756,0.025528287026308143,-0.5890710639846884,1.4302735256983583,0.0035665687111057255,-0.5957963004108054,-0.6769817933033271,0.772992846080935,-2.0863528763218704,1.366447408375248,1.036075659142884,1.1495664010486009,-0.22235159064138516,-0.1438848637173671,-1.2129206799079917,1.5377122416063584,-1.4604692477082726,1.3425751513506565,0.7916856431167717,0.7298173922914881,0.09616812707832494,-0.6207581308727664,0.08026951542951005,0.1342923615026876
-0.4873062719396442,-1.142789260040256,0.827816848240371,0.2609924951434435,-0.06286116177157751,-0.5935051966824868,-0.6379372798409138,-1.2524123128361988,-0.23769912789054104,-0.10454546490112625,0.4642762490198511,-0.5652434043417683,0.3972250378270635,0.9120255264417205,1.2829806053556616,1.1549807581826423,0.10195004803366588,-0.8478757012340957,-0.34677138591506224,0.04148184321845808,-1.9341967412867636,-0.8074044266500889,0.07940876860698312,-0.7770384029666131,-0.10923736116304084,-0.1254387034838032,0.5812686015622063,-0.09045533286676914,0.16072731737398976,1.4131677357279222,0.8885253682024854,0.3248331992401973,-0.6540119523526161,1.7806291635845437,-0.04691179725928964,0.24096907666636536,-0.7102448997406418,-1.1891087383985666,0.25040687936040273,1.2729416006233367,0.5032891199234291,-1.7183196485815517,-0.13472917327837788,-0.7195329243629716,-0.4097728830661536,0.14162722152074256,-0.8561205181516698,0.14249010061567988,-0.8616457709120953,0.6763420072882189
0.34852892865210455,0.19592891968267045,-0.9475697685069324,-0.6928367827306005,-0.0911567804035638,-1.3257426658135776,-0.40825043684511725,1.0467286147640218,1.0395954450465728,1.5330138873161232,1.315792564709682,-0.8803164625256166,0.16032915489839542,-0.9937842205681714,0.4941678322532191,0.1824663767922549,0.48732255315072925,0.7724452578895012,-0.015463280122056647,-2.1239751621009315,0.6083260783637978,0.05160751929663008,1.3767385302882893,0.6055193165377559,-0.6243615171859909,0.23965209000276175,-0.5656762126039182,0.9594202434579665,-0.12273581653901246,0.01066812496187304,-1.2829772139719728,0.6462721250087238,-1.462424116523647,0.45532710867913023,-1.1587065295391872,0.04273277079247221,-0.6330093713128881,-1.3569162770190397,0.07075803166276552,0.76472273710592,0.039250698162899944,-0.7840155347124512,1.4822190750903281,-0.8448120502326125,-0.17399923428557051,0.8571651287816552,1.9243521529821217,-0.7552499246833356,-0.19442300266499601,-0.0023104700779582985
-1.6667205356291033,-1.3757406849980502,-0.5927511987824214,-0.6105983340048592,-1.4681874685189393,-0.22456758348161746,-1.1542008665617751,-0.565939732392624,-1.225666164061198,-0.047797385480536574,-0.5380948903633255,-1.0547318611171885,-0.22520275705859788,0.21635648314949227,1.5426152966905122,-0.7479393214326981,1.2861147646852509,0.17007046906083695,-0.3460142273863038,-1.0391066351629665,-1.2373238274543021,0.9398915957796281,0.10374896019428766,-0.3326771118631034,0.2710326398332574,-0.04742159587292339,0.04421602730077364,-1.039697683774695,-1.0282936871749109,1.7631560178875347,1.3966064041030313,0.16467836833726537,0.2284164573417718,0.910151776766393,-0.07627620650649133,-1.2324058537915563,1.3585773390689218,-1.250771974041631,0.2920899455958348,0.7264821251573693,1.263566116453603,0.33918744305857645,0.8913966569529008,-1.4709848185697225,-0.012359128594906493,-0.1363361779296455,-0.033511098630448655,1.512894399982106,-0.4134294325891016,-0.46685110090077725
0.45507430527032156,0.38775438906611265,-0.16934564250492024,1.1194838711401254,-1.3106938422302168,0.15681085180912344,1.4763484824510489,0.6739495477144033,0.018961956842409488,-1.005971814383544,-1.655408864098891,0.2411488020106556,-0.8736039315266162,-0.35423841925023114,-0.9253630572032675,0.1302457846823437,-1.0370520604962248,-1.1537244836996183,-1.3480286002997324,0.12421856574564538,1.5289948881320983,-0.9752276292467648,0.7930155066386364,1.1863810887267454,-0.26546154822487994,-2.3880008596522324,-1.7104087613142835,-0.5247382290526603,0.8409732160298282,0.3042437341004754,0.15371665026702114,-3.2971785442994155,0.08063510818214867,-0.6338628789550057,-0.3084976924210442,-0.5603725170382464,-1.145023240181764,-2.308593188000303,2.079817860670473,0.5240472689558276,-1.138562565378931,-1.1736037534498462,-1.4662595671572873,0.1433145085715479,2.695784083431992,-1.536378083007441,-0.2900007551112848,3.9168601128079668,0.7697904740359452,0.6892752256694091
-0.7729858744479912,-0.49813324714432283,0.9968002265836107,-0.4444109950906092,1.4041278519676441,0.393026200985172,2.111438653291481,-0.11900511427019679,0.39792073816785983,0.5465372838163254,0.8558603743436856,-0.5467577860504033,0.8298752957649844,-0.6861656159171113,0.1091956512731976,-1.1106596245754825,2.7969948322362286,-0.8508757468633215,0.40347092594473155,1.239605166796844,-1.0616551149612656,-0.6143521780972732,2.258429700601238,-0.9707161666212464,0.8473647819516058,2.2363353618531923,1.366204506936138,1.569829780008932,-1.3526444752320448,0.715056980742053,-0.7397047284461707,1.3713329856086838,-0.5153148767968722,-0.06181086798202272,1.4479103271649323,0.7613695645700561,0.2843359563021207,1.5677533981682028,0.10972747969288203,-0.24423556427533522,1.0759582611522962,-1.3253166264681593,-0.8662355894460132,0.2560878986102449,-1.8348590960761642,0.37065441720245396,-0.372019045916099,-2.3910699415067174,0.2576218083249899,-1.1947436798684032
0.7131127193825745,-0.8026635946881029,-0.6060563096951751,0.8229137807264442,-0.7371793858692021,0.4582482213914822,-0.20581429006967636,-0.04923646939807841,0.10678774239567634,0.32129276353633623,-1.5284138779014107,-0.9887619910181857,0.37173412846916487,0.2918297455108642,0.013179423690322335,-1.109232331555204,1.173182807909175,0.9883276605388406,-0.7835240357851745,0.5631984658065625,-0.7236914303910577,0.4730155617779186,0.3392238604104117,-1.3696930750627416,0.4973394945203917,0.037882339848459304,-0.5194607730149544,-0.778389831837619,1.0958501170631643,-0.29471122939398736,0.7436539581369566,0.32602828513642007,0.5862562338726042,-0.9904443878705401,1.1230233764456192,-0.49376703961155183,-0.22682787923811534,-1.5653935688293974,0.5112165860131772,-0.7954157089929333,-0.7967982288306003,-0.4757469984570143,-1.9045315507523533,-1.2844687193131723,1.428919712329305,-1.3051880632711728,0.8809709101025085,0.3191701498561305,-0.33557690901854287,-0.032376179397021546
-2.377887128505861,-2.02385206011963,0.3364642131626533,-2.2147765005136955,-0.29553596006083216,0.28216202350405395,-0.3702018898395445,-2.946066015124869,-2.726612225604609,-0.08218651050859736,-3.2962287968045643,0.14333474229694027,-0.14000657155585072,3.1241120660981108,2.957175043983718,-0.26140222830441984,0.5506399143876348,-0.1420855935977052,0.02509258192241717,-0.9493368969012483,-1.5400400897165059,-0.13435171570329948,-0.3427513087365461,-0.2951816073465646,3.1799993149221133,0.0910440166370706,1.7430131135082372,-2.082601139364953,1.127577073996458,1.0250843548457322,2.1986574177412983,-0.3285893652952738,-0.14060393087435058,-1.5837257673675205,0.27588324500487205,-1.1013758414631667,3.3570257319781294,-0.7880724872566104,-0.10277124726213038,-2.089014520273257,-0.6436297183460492,-0.4747582051013685,-1.3577467672955683,-0.6297527926660844,1.673870551143442,-1.0578903022319528,0.4440348414028597,-0.33600167406793596,-0.924055450166998,0.8558736651882898
0.46543610915186945,0.907432046689922,-2.351967569941585,1.1370962898723054,-0.8444578184512147,-0.5895286619495261,-2.3949003289965054,-0.10719915653532797,0.13080504283358457,-0.29795741362474726,0.21962561240567993,0.5643557599458778,0.19419567971428034,-0.2534156980509461,1.0381873462296833,0.7925900825280716,-1.769591000980406,2.4400776172040533,-0.24307266464858904,2.6243725955688673,1.4221625609966282,1.0247426932114707,-0.04382290173173804,1.3991615487381708,-0.7234854803757783,-0.533731116551758,1.2304603927894888,-0.3270529961919978,-0.5561851885066704,-1.1292283186054153,0.8721943320990068,0.1704434285352501,-0.09415870586960325,0.7269602488118923,-1.3321846446455132,0.21202033698950576,0.23967180693296314,0.5900127247252247,-0.9764935912415827,-0.9560285459960762,0.17620558121336133,0.4807614139837828,-0.42511227550375397,0.29670792439558186,0.7438490112584504,0.4598575083013523,0.5087117160057403,-0.20881563630146482,0.6004745311897769,0.11896228882190388
-1.8841861251896228,0.9308554003007143,-0.09052965239005643,-1.278263292689689,0.32761495206756763,1.142851386417954,0.646943266646259,0.5044528555479844,-1.7354572747729002,-1.4142572153211224,-1.6365936115093747,1.028094444661732,-0.8235081837892568,0.11968260450421259,1.146215579033768,0.7334748646272584,-1.0829434038010715,-0.07409791964920973,1.19590637382233,-0.7393104683530997,1.3005076861015126,-0.3555110542039333,-1.1382995528817017,0.666883500743966,-0.03977109758304478,0.5436937405960961,1.5167971528154132,0.5908895888283127,0.00015439506361544466,0.4263805115818666,-0.10744731768742932,-1.157929741371728,0.7569743408823955,0.2054280396144221,1.0592922182349134,-0.9225671965685679,0.9690797351847074,-0.6364738836432839,1.42862760007716,-0.38706349102413123,0.9201517428886807,-1.294648306873159,0.16611765573292928,-1.1243940972532045,1.8219305441596487,-1.741079613176639,-0.05395671223611276,-0.14425809577998938,0.3437664454127832,0.05722712805820071
-1.0995183606277137,-0.6712768489151417,-1.0334163550090065,-1.2926194838529732,0.43225257728551414,-1.1377444210546317,-1.0816898501544323,0.0650411453588148,0.39320254060367105,-0.22289797102247064,0.5166738388213011,-0.6325924222396413,-0.2557486553155834,0.3413549249233953,0.7529363278048914,-0.5245846169048454,-0.23026783913495952,-0.07338961876254563,0.22519316667703357,0.841148509460317,0.37779477136476475,1.6459957485756005,0.3157186541236005,-0.8566039920965904,-0.5942768447288892,0.20923788095433374,-0.007553552141869704,-1.7582464785715353,0.28579793976883383,1.7541930213704766,0.8623710120271669,-0.4903240566372333,-0.29130256448530645,-0.022007738208884724,-0.22550947245046368,-0.04232657922945212,0.49016842939741384,-0.59088529006862,-0.7135847288866546,0.281013103586419,0.5766424821703382,0.30153338835792504,0.45290968807206966,1.1351032976698971,0.5497920973194154,1.2291547523911777,0.41153078194083703,-0.9076484131618542,-0.09449799868070806,0.476578054132005
-0.8128807439214835,-0.46858782380652303,-0.9921582468929384,-0.3376870373786489,-0.1866387083789099,-0.43755003377686164,-1.07478085445277,0.036154992026133564,0.1097328920165489,-0.11455294898224314,0.4522592959041364,-0.05164769803547982,-0.5607249628896861,0.21177472319114435,-0.2566374609620475,-0.8460436666947164,-0.5883583849147761,0.27940235751386394,-0.6256954926321228,0.31234224215645834,-0.9293468349996576,0.3515942582266251,-0.44037451482361856,-0.2808885722978329,0.4055655949675303,-0.9072866666550946,-0.7339133470644046,-0.4923532934152207,0.2029403941566439,0.3882024973168082,0.6109422455790567,0.4582738436095715,0.9825638716578111,-0.749770801513652,-0.16037653736664503,1.7952273739568247,0.9645537322924769,0.9365776077059274,-1.052329237263572,-1.5601528267275615,-0.9072003806087409,-0.7816317596026563,-0.2288077684925877,0.5681383494541631,-1.1965329487300616,0.7651931784033709,0.310370118379567,-0.6178754278207998,1.2839763625731888,0.6467752773165231
-0.007567258258121288,-0.12804929415679686,-1.6933609157698883,-0.6582915747336251,0.23764439878489194,-0.2845298882050691,1.9434344459827178,-0.7982378569307245,-1.2319133161470395,-0.7171608408855108,-0.4843415625586447,-0.9430221535749332,-0.07268690046699629,1.013499626865128,1.8453976778222627,1.0876826116751614,0.9096802583952328,-0.7744340034393196,-0.9073090692577412,-1.3088774319778322,0.13062363538434918,0.43769853791599345,0.03412740571410259,-0.5443257678465107,1.3218701882423658,0.7452971724152967,0.6743127898114618,1.005635678924965,-0.6300768321743214,0.35229922535097413,1.1772006691286876,-0.2376742505407122,-0.7716658513814931,-0.7942465633204401,-0.09774370066812858,0.819646376889707,0.5940607742026657,0.04659337272168256,-0.3905457132748692,0.9361428702712767,0.6883125519608974,-0.7107866656886129,1.4238181019262228,-0.7221086997613464,-0.8615115963452254,0.38368675144053355,-1.3030310926261717,-0.5268649585003693,0.953448771979117,-0.236115331072704
0.7774196623105768,-1.552793476189531,0.6348294468762928,0.9585511229598043,-0.29651404093747014,-1.9434421907934094,-0.7645831719086403,-0.43976172435910416,0.7423677229791603,0.6168961640617883,-0.32567412549834596,-1.6025251642481113,1.5714133564579917,0.3056715649278519,0.11391636066271463,0.40380783899292794,-0.6677725653087193,0.0982590263820685,-0.9089926383466479,-0.2855769709675434,-1.5099599146433778,-0.22122404864504264,0.5704107723311113,0.13725150914388884,0.3294061321930125,0.14821190547726057,-0.7073971861585419,-0.6523394017573271,-1.5353590201242047,-0.10567012087623745,0.9537827834918224,2.10220212728901,-0.36068930663503285,-0.4856188700130436,-1.6661690074105364,-0.171846607238283,0.7234925030714553,-0.28836238887967564,-0.328971899259218,-0.06810635491715654,0.3956636692222521,-0.8511845486678525,-0.29809052426623983,0.2393672418557826,-0.12821918537685514,0.3838044452892832,0.884574601090882,-0.8160547029205024,1.6571621573548008,0.7397148310000045
-0.512361278389325,1.1373077457548586,0.08593030902938642,-0.4118732150870511,0.5080690177616999,-0.33535663090317114,0.34037625106958064,1.3911679400046875,1.5036916940407392,-0.19457752738443654,1.2173407865673656,1.0235392155410843,-1.5492406643163672,-0.9961740265956026,-0.41511003946995206,0.07728092557834294,0.14991601792140768,0.35360119947434043,1.589882299153471,-0.07440889747499559,2.0543166188427517,1.455783967476271,1.3281673825295257,1.0283954982323107,-0.5765380846657027,0.20846467410673294,0.13611997753305596,0.9842880021516583,1.0598942646788083,0.16055516443395768,-0.9881303800808516,-1.0058445167927237,-1.3816102160068064,-0.9395166620540739,-0.5140428983908963,0.9359715094914319,0.15258572481573077,1.511067381425868,-0.6149660712600334,0.15241118555154634,-0.24930674849509435,-0.9691302459970439,1.4128954624755863,0.6126998763837634,0.39986431063644684,1.2483497056036157,-0.6049836388074302,-0.4656750973169144,0.3727521560739111,-2.199001672195222
1.0700071606362365,2.253177733904008,1.136257613326637,-0.3673024387881757,1.9009710140534675,2.1474901622659752,1.0065847461931885,1.0947364139941909,-1.2544870770369385,0.5086016819782522,-0.5562112638142637,1.3474926824329767,-0.14452456197325791,-1.1749098134561597,0.6351274175957925,0.10189319945791654,1.5016761956428204,0.21884809630042948,0.07239151445334237,0.18286231414964516,2.077398878095457,-0.0835693102377024,-0.2740377662143219,1.5958173435114797,-1.6454025377320416,-0.9059647923879167,0.46297467307500867,0.7179661165144515,1.1221439391885353,-1.538180148604278,-1.4851041690905935,-1.682457745565448,0.29634400722832027,-0.2131108968755569,1.0209015048607524,-0.9679141309173805,-1.930889254805399,0.9817683479936201,0.7669118167503556,1.8523916874987232,-0.9213670389810822,0.7406662748400181,0.559661611929766,-0.4468974970804989,1.1149136619809112,-0.5047664767883481,-0.26979063293520816,1.2468369312528815,-0.6009368149870286,-0.22645080569665307
-1.1378049285529446,-0.44328207753213816,0.6812081567020011,-1.6812731124183664,-0.4065830800738117,-0.5211306240882614,0.020498904583967508,0.9268959468736627,0.3968828588909849,-1.1394460028885673,-0.2084932112826355,-0.6593907425833085,-0.714518710631164,-0.7435080529920064,-0.6368808577318219,-0.7678417330164559,-1.1392700330526873,-0.730454935475807,-0.16599438010598508,0.10570661150471003,0.061719155320578215,0.07134821473045272,-0.3580189977219208,-1.1367496856829207,-0.2266561572839269,0.1591729345434663,-0.3554771064652298,0.926212902353089,0.2319986034743176,1.659037984919269,-0.21920814273937664,-0.031731333000883016,0.48939417664136575,0.34855891148068957,0.565092113828996,-0.0285539159992865,0.7395747734420823,-0.32964837183112566,0.4894662998648325,-0.41260666920545336,1.0770749267558555,0.0993866067548244,-0.8139189404580772,0.6664975052148846,-1.404155212846085,-0.34480931009452576,-1.3395370731197134,0.25907440671358656,-0.9561964083708638,0.39300444062946704
-0.0907856830966439,0.8717670038783417,0.19659142699117524,0.27218433993273006,-0.2730632655150383,2.3891212931073427,0.03910609493817756,0.11182843552231916,-0.9260448093314665,-1.7121086351706902,-0.2503090763671053,1.1841570630588054,-2.1590652501217966,-0.08994500154591245,-0.8726453407385257,-0.9685192916847211,0.954110377843566,0.19329109400302724,0.810526285508956,-0.8140543483903171,-0.024323262257848748,-1.284721996438866,-1.6643569109198968,0.7932005012230823,0.20594126003887797,-0.8317780642008095,0.07284033261267277,2.542043096859704,-0.23174874421129177,-0.07661936869785985,0.5462586035715247,-0.908820055799276,1.4307978678215392,0.23453586225363382,0.4327460985769486,-0.4628534716826396,-0.6233793557118096,-1.133651357044555,0.7471291486862693,1.0336109314595587,-1.1326024026488926,-0.011027540747277208,-1.5153069345498702,-2.1009298826051164,-1.2473271620030686,0.2973225209158076,-1.9413872401875625,0.7096332004547002,-0.5464384126880586,-1.6996908328456675
0.8483170603158787,0.48408699910322245,0.029771718397697162,0.7731237142132181,-0.4989719409007018,-1.3911996582351354,0.16939891418720585,0.16450095854423807,-0.08039618094103602,0.3695902753767436,1.4136398416253142,-0.31345111038294543,-0.4708686339642428,0.04483569446774615,1.8412178203016745,1.2433423754346733,0.7260243892260032,-0.035989710309556916,-0.27009212642834357,-0.6372229738329103,1.1957659250732942,0.5260980178455943,1.1830136186597517,0.4068703290352862,0.6216594765277315,-1.007450600797566,-0.4558768185125571,1.4669479279144215,0.48247820024379995,-0.3609856195043644,-0.1552361438187887,0.13446146147771787,-2.194264044822455,0.008979159450210829,-2.7432361825511173,0.23297890883993524,-0.8216690360895618,-0.18114009970559034,-1.4703772278562237,-0.6943888987403981,-0.531817634674725,-0.9687166556336022,2.0929183309220663,0.690469390842735,-0.8010446198545512,2.0336843374079354,-1.7957817354698509,0.5787995369346031,-0.18868665379403884,-0.02958328564176376
-0.4462379870477453,0.4072600735797873,0.2170848204222667,-0.05265712807838911,-1.2980111145440605,-0.006411317727677348,-0.18268662827271742,0.2738783352850206,0.9920147498130326,-1.1662835918996173,-0.09277348480335976,0.5767199341874458,-0.6861742265331999,0.12799919045112998,-1.7208193277712294,-0.49300160728646847,-1.1096217380328672,1.1778606965641212,-0.09839733757552269,0.6050127790652742,1.032713771302321,0.4935744828362926,0.699130055442607,-0.8822426125986296,-0.2032531338773793,0.4192882262526317,0.09871982390555774,-0.8016928541181851,-0.25864429629062347,-1.443568329981981,0.14296162775797397,-0.45241355661988425,1.2543384606726027,-0.5502861552173679,1.0077558303867202,-0.9250782667405658,1.3225698078286845,-1.3516422399820223,0.2042383730874793,0.18653975632867853,0.9073891315689979,0.8361933275479059,-0.4122905947402806,-0.4004317503689789,-0.45379718686553333,-0.7218294323414854,-0.45526448975904765,0.3023427094928591,0.5764455704330059,0.152367284977628
0.7713113231884188,-0.33024440977152586,0.6310943126758309,0.21804986581069166,0.16669898545260295,-0.9928797591803354,-1.8872836925851837,-0.5520820935638517,1.1922452723688317,0.5253998776648184,-0.5360453901743152,-0.6083365590488805,0.21042108335415954,0.6935180411604693,1.1982808193700383,1.7920876930870608,-0.39814962422279493,1.11966260869483,-0.04045351055323697,-1.141840211886962,-0.27777750605336254,-0.6217485888795671,-0.10515583454673816,-0.8640109117392547,-0.6186858816787414,1.821690092563492,0.21944452362489034,-2.0150297868856746,-0.19593751004096804,-0.3426144953882161,2.167987745955752,0.4195669131549832,-1.1870622335401924,-0.7243661830015841,1.7278492824112612,-0.41216883331953397,-0.17366869211078298,-0.31845880434918417,-0.7306345705298892,2.194504773940356,0.6604873834153292,0.4680989804580104,-0.47029349185880975,-1.386638718906841,0.544223506567296,-0.7380924759724324,1.2088309881966672,-0.43580000555274484,-0.7332972255476046,1.3350403102409822
0.2720956481721137,-0.4229658813148162,-0.15494822819442916,-0.8387819152770979,-0.5900547950430446,-0.7926241270025327,-0.8392373328221275,1.8960274063718234,0.3450373774824705,0.22085693530374956,-0.08371134928233348,-0.5602939844776396,0.6226101636171824,-2.926790699502001,-0.5598236500674015,0.24496874075011094,-0.31765225957967363,0.8570374449007474,-0.6704437559391538,-0.03185344541072881,0.7192973098005109,1.4215497389268272,0.7544800228205429,0.041026372781007216,-3.049945514689696,0.6487792546658664,-0.06607736371936537,-0.593255340798184,0.5808795516328967,-0.9444075931291028,-1.034143113122208,1.5549559090069303,-0.5252382505749438,-0.2935915329891227,0.5248180957146422,-0.825430201743073,-2.5789450839686907,1.9764439673390968,0.6444439781223661,2.3027735273389034,0.20282595277059312,-0.7158255123323269,2.140456678139551,3.2395639809392596,-0.29024013212105376,0.016535865711391474,0.40257108160773614,0.27967322441888814,-0.2601707367146181,-1.0029388881450958
-1.4485318613271443,-1.0234376845577504,-1.502352667013023,-1.3979837615622057,-0.43789774991298064,0.5607772083502941,-0.8002531347062501,-0.2851005971216546,1.033161279488671,1.0595471274235884,-0.585250983599292,0.057418283489530306,-1.257108963038305,-0.0789230185614455,0.6620775268182746,-0.39119171092676563,1.3806944524435358,-1.2483722062507678,0.7545155092582747,0.03539364871196791,-1.1612726558980289,-0.8579278139409211,-0.9849164636489091,-0.34047652193751116,0.18814209157847916,0.7894120894956534,0.5904847778584076,-0.08887209200418841,1.175720603391112,2.6844737501862763,0.07949740579866779,-0.9478852885781854,-0.07801912165191605,-1.601703642148978,1.658803533220034,-0.6517139440992331,-0.30185080096535016,-1.1985270516278652,-0.10171190818907143,0.8178236397546914,-0.8569593595766255,-0.15649747575969739,-0.5022398503993112,-0.4733631608397929,0.49047479686008494,-0.6251167978112159,0.029645129782339925,-0.6759881892224511,-1.1984392269891564,-2.2553249147845325
-1.4217177652981752,-0.7868264343397295,0.5220161696988497,1.2619742125048885,-0.29962167109734844,-0.0341142327226243,1.0856811039093186,0.39982852985332934,0.15406845420257342,0.5244429773505643,-0.4920717613681685,-0.2832361901392872,1.1094320660769215,-0.2883776247339753,0.630974685357136,0.02421233067707145,0.23731775613518796,-0.738618858927101,-0.24960135316012433,0.12521665653925151,-0.19725417593183117,-0.07483094969925176,0.8365467714743501,-0.7809041111743138,0.37406207950158393,0.8787736266963032,0.531782776793787,0.061197430065040546,-1.3588113101969073,0.24773551601955918,0.6946803592971545,0.3838184997741531,-1.3867316528321725,-0.021175920392309183,0.6309912646419259,-1.0110465554356518,-0.01582849893764718,0.7607992672579891,0.30661900453872637,-0.4728815763380219,0.5212861121216599,-1.9558031935722795,0.6601401211296313,0.5956817869193568,0.49450104324295846,-0.6521872849970886,0.1254270698805671,-0.141325178090273,1.1057493265328984,-0.12661831199987844
-0.22277384633623598,-1.7012391358537633,-2.017325709739001,-0.5284905659392101,0.6282690178582077,-1.09501881320761,-0.23795113092322254,-0.38247356492935614,-0.04688962885739798,0.49256468364595796,-0.2333253856052628,-0.9907114404026436,1.357864609875691,0.15858341205936705,0.09804254059564543,0.5895866440264428,1.0832989897159788,-0.224753673152807,-0.00862979956121848,1.390656927418933,-1.8043813923322336,-0.6782167990586123,0.09220727692698885,0.11970067429164712,-0.07082621874103302,0.6755072468680082,0.4051179427188829,1.8876845456193643,0.0872685956026096,0.9027206820392214,-0.48774548191709916,1.6091975747100908,-1.0447105837586739,0.5889510383435347,0.5441394881776722,-0.6117594558142706,0.11836497412425112,0.2345643971989684,-0.8206004840706728,0.47507083394649813,-0.001878951386147135,-0.27432623956521557,0.5475017795272444,-0.5572379629853924,-1.1054091758555478,0.10656571618929203,-0.773805732709555,-0.7489675090758073,-0.7142836808085722,-0.6183670686388559
-0.300195104869417,0.8366831348081991,-0.5206038329757467,-1.2607724264975961,-1.527365468622135,-0.430401607649942,0.19975451436313266,-0.9468395556627294,-0.42204727063340786,-1.3150039718088373,0.47085828569588073,0.1955983397697292,-1.196749450078414,0.8078704470532027,0.8152048451249515,1.4156459905876706,0.4343560640545293,-0.4743827117957432,-0.9633291714761997,-0.11166618568532351,1.2525617518219445,0.6878847487719253,1.0670718828263777,1.0530617822306747,-0.009163883907255945,-1.313574400872458,0.04463042046333538,0.21963594283441842,0.26212378139048625,0.082097456299404,1.039834604733982,-1.3444337139191334,-0.7684289153276556,0.26567268807351896,-0.49306294871697265,-1.1208877417621577,0.2097537187774042,-1.39636317374052,-0.02034389381164115,-0.08774665280131361,-0.43835960010280267,-0.33199574832580414,0.7850222940727513,1.3307563170197192,0.21661057440091258,0.16687002503926923,-1.4512883908771381,1.4079784117024547,1.525943872347362,0.5170009603907403
1.0284633965119945,0.18940307609939294,0.8935530005026249,1.1349327935318863,-1.7294542987115131,-0.48035442579413473,0.35702359064239797,0.6947572927380649,1.5089337286794136,2.015544010483673,0.19884609678432083,-0.5415382022764945,1.6125948513492485,-0.5354178985432696,0.013263852905321649,0.39265713376513406,0.44217787701821254,-0.5792781062457226,-0.9135121661441373,-0.3970018236313047,-0.024404950803938442,-1.3471148601044702,0.5413386643449384,-0.3115161258635847,-1.1853304777873097,0.4654203632941802,-0.6985817297883827,-0.49139532000279856,-0.9822341909402316,-0.2594055489525613,-0.13008214535787757,0.11395358598432229,-1.4248644532042052,0.3419026101451938,1.199548414873515,-0.8860359271527907,-0.541271633654198,-0.6526610208411816,0.6801365963301242,0.19286010471876402,0.21020292038327854,0.45098048998627926,0.03613129382321031,-0.23150014214950373,0.8614038255524818,-1.862933738410099,1.484222237201336,1.5641989228007893,0.653496794587924,0.6344087169899332
0.2320480116095937,-0.7201543307065005,-0.12199746145017719,1.3210922662309486,-0.9569632038918446,-0.2309559342487651,1.5594123162797162,-0.6071632361610336,0.3169373233447853,-0.631024839458165,-1.4087214915237378,0.01964677131347481,0.20677961506793702,0.9417454054177341,-1.678290545668876,-0.07851490774187846,-1.7610209238889776,-0.6784837774110833,-0.8733773601716196,-0.9663275103997656,-1.3584904227132444,-1.8913132621160422,-2.1807191565427004,0.3445989966556197,1.3655779148119231,0.25656086353942814,-1.0931782750694905,1.0466963079511509,0.06393565096602294,-1.328354760440059,-0.398828448405747,1.0906505669347444,1.1363106744505638,-0.54142404089041,0.12438826306171832,-2.113701410311385,0.9224161681303148,0.197463148876968,0.04436639204150587,-1.2382998917400034,-0.19347164515322174,-0.10293869211876693,-0.8592218020309004,-0.0005682540237322725,0.16713868039388705,-1.4372202129769587,-0.8443554398471789,-0.09210534646189668,-1.007421753552394,0.8579464049481146
-0.7088945955573956,-0.9627207455468195,0.8721481055372908,1.235094175467707,-1.218281151255026,0.033450220610562555,1.1111892604816915,-0.49889328165044605,-0.199418546659633,-0.03627356009489775,-0.22146854867764176,-0.11137595620107393,0.7707513604146214,0.23659574811333303,0.07958591614246487,0.7260666449801093,-0.1493162471367498,-0.8110970298403084,-0.7526697871607675,1.234868440638495,-0.864320327867974,-1.2402754503050741,-0.19689795775772165,-0.1723372137083713,-0.01830131225980407,-0.18773799194097782,0.5138917545652613,1.2759968058745368,-0.010050134669563492,-0.32101293391659225,-0.2574286809138086,0.6532986775598454,-0.0339204352399583,-0.22589882676055456,-0.6948758551574546,-1.3442621717975067,-0.8078742860400874,-1.3359057554102336,1.4362976355804529,-0.13320692500324557,-0.4879687898368802,-1.5861275736515195,-1.043897096133054,0.2265370783378659,-0.4906491089957967,-0.5538502019212349,-0.28533201071631054,0.4294484256184159,0.8871427366888749,0.32009739048707236
-0.8042800428017767,-0.6900446171975403,0.16692814539317463,0.4674080160579995,0.2654544622702226,-1.0288181029614756,1.0680988096422301,-1.4475648444936897,0.5047619737846638,1.2331334340536648,1.077441761145433,-0.6509533406781662,1.4721810625769,1.2670024409876242,-0.38524242620016474,0.21274294886005582,-0.2599110854990389,-0.7605715637241454,-0.7901387185776398,-2.0108215351516043,-0.9004373292865914,-0.23789816441064016,-1.33698266851779,-0.8779481836573682,0.995786800403131,0.1976783966312684,-0.6565877966883483,-0.662379668810648,-1.7439128678032687,-0.11356862319314297,1.0296224112159138,0.4950313346705517,0.9217396170146247,1.3760283196448577,-0.786848049069965,1.855496541590669,1.0096599494034388,-1.2862774569821154,-0.9562694339853839,-0.14860002709370237,2.2534638212103624,0.9953206765731517,-0.7638594215010472,-0.5387642289985507,0.3734226040227,0.3239280465555906,0.9880542697188545,-0.2581478424046827,0.7728703814987221,0.34802302560041476
1.1494588852734329,0.13306619011639345,-1.0198579651156408,1.1742959066625474,-0.8167145927774542,-0.7785170576980569,-0.7405616576487405,-0.3446415030809066,0.4331530440270864,0.20600979439142963,0.14083551075355344,-0.1754263576279699,0.3092900475819274,-0.4175974678231796,-0.7273713494449648,1.0784729793122052,-1.9687198406977058,1.3179197389909811,-1.4826358517620368,-0.1267491794430821,0.393276495776001,0.9308800772986517,-0.09416850609247628,-0.47514016006288445,-0.6831378176395981,-0.03627205914488486,-0.5671940905179231,1.4052714471947203,-0.6552068854820011,-0.5577178156728071,-1.1589421883359767,-0.007415642185195722,-0.7006289494765572,-0.3021534929061643,0.8020425427993239,-0.8797909175653292,-0.9743296861382273,0.744224446946835,0.051482653238581845,0.2724520190321782,0.2098402759787369,0.8388700577167754,0.8541892720661494,0.9090201269958308,-0.3309168785807146,-0.291106648135824,-0.22282988016148544,0.639566821516242,0.5748978889193616,0.7158092992383489
-2.1817278950266568,-1.5755766681848211,-0.6797025968805105,-0.8410494184861623,1.3588121848474053,-0.6594255670541456,0.32574321744555096,-2.122527758097388,-0.6263691682620611,0.37649126204604993,1.7661456267042637,-0.4254893753359145,0.12112920842555132,2.2265594978068637,2.2862489942126563,0.12153576476073197,-0.01673493997844062,-1.4379274700873672,0.5599785904852479,1.0304844552669694,-2.4218892378549626,-0.060175952642881086,-0.747371323792941,-0.8016094564277269,1.6388471282644237,0.23191721001607127,0.9063908638980239,-1.3158609513742339,0.21435059971770065,1.4180634882931429,1.1673297616796459,0.8393178611735689,-0.9378721942439867,1.1461406521218973,0.16015873533483907,-0.0384462717233481,1.5114073913964117,0.7852512227229987,-2.3329021898284323,-1.3711094805242845,1.862158700736709,0.5514454491311306,0.22321126468311261,-0.10408287003769544,0.29818716979412385,1.125508754730114,-0.024505459266849015,-1.048134863679349,1.012932633831466,-0.5344126602244034
-1.0762581298875267,0.4509856968045057,0.9841774053262551,0.10429835240937772,1.2589138920655714,0.5218899408327151,-0.342721309312646,0.542422335713401,0.6017410690660311,-1.3845992373062779,1.7076095433082092,0.22966958937701315,0.0869323290692873,-0.5448885413413297,-0.15433104208240148,-1.2804323411193705,1.2571096213971185,0.5626691190880793,1.378384129187553,0.11679502673486217,-0.18430975716176826,0.4561887201169154,-0.12268547544350616,0.29880664473395685,0.015109357385762258,-0.6863108756461204,-0.4899233609576827,1.2607441810533473,1.516518197437711,-0.2342690069987181,-1.0303331406012735,0.5560328740155652,1.3154598479496509,0.30756318207372524,0.2591618604930412,1.0638105492382366,0.8009987354529684,0.6180476010207565,-0.6841515325272318,-0.9626287052869327,-1.0799014721145965,-0.29916242971218343,-0.554594298180133,0.10035561698998122,-1.7005388872437146,1.1957848130656958,-1.5169638319978234,-0.8232762411770472,0.1460415882706553,-1.5721677483459233
-0.05423109021484889,0.7196323557620631,-0.004368798731896527,-0.6592787919092159,0.3933632842066848,1.344348806866468,1.2792747523757795,0.1729490439032515,-0.9526156342646248,0.19365835553361263,-0.649459028875462,1.7299473431450623,-0.4586063802124804,0.20682667229922586,0.47479321591801144,-0.5798208837535489,-0.3573434498199455,-0.5980069026774405,0.8863402306372117,-1.128891227431733,0.7231311613919232,-2.0626647726594927,-0.5822901871556184,2.874571480381383,0.6518597141377597,-2.1300249011684054,-0.6234737702600547,-0.9082386801891926,0.10168262538839513,-1.2006690964823805,0.5657276503540156,-1.8507039952540383,-0.6284211777348482,0.9547247148219548,-2.3981105612786653,-0.9707121566652407,0.014923000768109701,0.09899871906447531,1.1610735197330906,1.0761188046610026,-2.4624692505158436,-1.1260623632174456,-1.175764146055333,-0.49392775934137945,1.0750676162178587,-0.8995620601039269,0.44891835397519664,1.5926830820917102,-0.3950164066808149,-1.2469492145702115
0.3598326488484487,-0.5492077165630876,0.09660700600931267,0.24891808096697923,0.5556942073047086,0.2615418285595144,1.0006046884139064,-0.5217708766068577,-0.025605502099890865,0.36560153083731445,-0.24569797414506087,0.06360619965373732,0.7040282380421589,-0.16699268021522604,-0.6724155721428874,-0.8679951085136716,-0.018914694838041552,0.20942961390399692,0.6788310590464142,0.2757224386264071,-0.15271775057794112,0.689810138467951,-1.749310225000574,0.14061559898159232,-0.543337797353964,-0.1865224091625878,-0.20880409628082816,0.4933933865676868,-0.20654376723418597,-1.1595572576724142,0.007930435079765333,1.0131077598249627,1.8683871982571776,-1.0513904876573923,-0.49634117437513037,2.2438163939260884,-1.111981212343301,0.36454038072648187,-0.14876326780356908,0.5017947342446557,0.2159196969011418,-0.6573521822116973,-0.5816438722533648,0.7799518310249728,-0.6627977460630119,1.4719340570294968,0.6321602950196,-1.8754644812640753,-1.3977373075082742,-0.12820315317789305
-0.936201303011902,-0.037471158522890034,-0.0650816642081446,-1.798691621663988,1.4276796129770606,-1.1299908567528512,-1.3229133223144873,-0.8263683364584695,0.3234957859747684,2.6937784270009577,1.6255094086185051,-0.49516961074881977,-0.17089392000146167,1.177110051217442,1.3015502007124828,1.3838321064054726,-0.20872982322538483,0.3190657607376421,-0.34342113470007796,-1.1247439065701492,0.15664235225448625,0.2611249080140332,-0.2623329791289084,-1.0705410763306076,-0.02895735898926928,-1.7642051293268521,-1.3566622141180942,-2.0638195409188236,0.21592893511047045,0.4562119315915363,1.233516514447193,-0.6056189442240079,-1.37570888790399,0.8454237790368122,-0.39558047029447674,2.40622738486853,0.0393764008432778,1.0745265060059412,-1.6161015584584475,0.8082119133120664,0.45780326284445155,-0.7465898574330931,0.17302529251198537,1.2082887124924173,0.34744794333754925,1.8333136148359148,1.1309215878712613,2.1948185223209,-1.5050432562965446,1.1978353056230338
-0.6533855431788612,-0.8015666434068416,1.9634408442344855,-0.39284375333505556,-0.26190470082438366,-1.3298956033364346,-1.4114993616370997,0.020133502966073816,1.220721308940233,0.3172542087114295,0.8339907459286747,-1.1094159453692716,0.09933752863782432,0.5140314833223006,-0.12735008198269,1.4529703852087659,-1.210123233843146,-0.9368473355437027,0.7161819028826838,-0.06499180896350631,-1.1922063444726338,-0.25508558555166627,-0.6146949064091297,-2.18292760626945,0.059855280728162104,2.1756455547129074,0.43826357685914163,-1.9241268595993177,0.3853878778145752,1.0340326333810779,-0.5608620808444253,1.7119351248251087,-0.7444559574401325,-0.4312440754358058,1.7582719890419518,-1.1279648592877554,0.04820418674622041,-0.556762359435578,0.04951763571285368,-0.7067249106540187,1.322670347986845,-0.2585714661985945,0.45706324804672444,0.5656622791140437,-0.824620584929765,-0.9585311477540895,2.223080004667077,-0.9931020948355418,2.6371766015275173,0.9457166338537073
0.8556902735712012,-0.5896076451049904,0.8983963321812901,0.453077934471102,0.6718446174940227,-0.5740498167870765,-1.05594239731221,0.5006582781283622,0.8174138936272735,2.2891060743034215,-0.027442803957092813,-0.97195956685027,2.4312548953763122,-0.0745212696456449,1.3819852717509824,-0.9962037249859721,2.527918634020253,0.7065243042968812,1.039894811952246,-0.24944526391055205,-0.5608644263746756,0.66018879919054,0.38644406210705434,-0.9087200239675167,0.061048013482489616,1.5130109060452661,0.9627556257020903,-1.2271583928621417,-0.8589552863197951,-0.22043717903650525,0.09452916620272597,1.1295275889596663,-0.8175403555729809,0.042318804364096914,0.8467542401752726,-1.6934964387174187,-0.09520064750400674,-0.9399672266924163,0.8663355054024496,0.17321399709432128,0.5223128349559494,-0.643337095481917,1.365688947485747,-0.3274903701174641,0.6671071618229538,-0.9363296876593035,1.688792955677569,-0.7451365928105013,0.01252553871079204,-1.8296670132771258
-0.02160758692145083,-0.2803464861315425,0.24923437962437872,0.20388705565299628,-0.4496022850277731,-0.5522265105755583,-0.7809799905067462,-1.151248862048439,1.0677201493881723,-0.8471383128267354,0.7677175078921227,-0.48147514674882913,-0.26436426716012973,1.0118306204941565,0.5831821977582159,-0.050091644878558626,-0.5060234317598119,2.0483757457327565,0.23662535867904663,-0.26501833017689114,-0.09007618832397077,1.4291189854245276,0.1826920660169284,-0.9998397426890611,1.2547314982040698,1.140874860467801,0.2936578934757972,-0.6361244618961873,0.9926349699578656,0.031127242038668936,0.5596544399991181,0.3151731184359533,-1.0434674925152934,-1.4227784732193531,0.9675910224048705,0.027868004949095398,-0.20553765462155016,-0.38605960569965153,-0.9916860786852771,-0.35876266341778923,0.15603221163363606,1.303109085339114,1.3050195832786238,-0.5729361499007125,-0.4261347254005145,-0.06436146902205075,-1.0960264630298258,-0.06532005544500873,1.2474328347815897,0.7810997086766375
-1.6539288620437642,-0.757115778477078,-0.684063822971586,-0.8035524962385011,0.41061104022046746,-0.053710435677673564,-0.7451767281790511,-0.7198357945266733,-1.1377556581212689,-0.014388706126357776,-0.4649815677446243,-0.43709279345982915,-0.032019481845691214,0.9249738414429629,1.4401618970560977,1.584382470106222,0.9356896678843143,0.582019255919247,1.048611040330912,1.3612181320605845,-0.9853334916213577,0.5157964399927326,0.0344732907296683,-1.1572979249885251,0.21546301578192287,1.845334633274957,1.9920853927219062,0.35984604412995774,1.802332317632089,0.8786645107153015,0.3522481384631369,0.34513415645870005,-0.36445072400517,0.5299875062538115,2.3692271662023807,-1.1366942440018095,1.0197908149346473,0.8443212640837574,-0.18497497938415436,-0.662499300790299,0.5091276277985886,-0.8389726113034905,0.3481609004717011,0.36401145065211393,-0.7960466564719862,-0.4433086138584467,-0.2368083660084072,-1.1260667610862618,0.02861925629576851,-0.4178969769750581
0.44039411320926636,0.0021663731466986707,-0.6630879653538263,0.810429849855747,0.7155269032463837,0.12732117437192494,-1.361520587685327,0.2315265898980941,0.0562934476953436,0.14465578165761336,-0.1583123827208851,0.8849377376241254,-0.42646943839709445,0.4692870057878227,-0.919098092874514,1.2813647379672128,0.5553396992689702,0.5431966652427648,0.909100098036264,0.1164154037557708,-0.6547370551293484,-0.7220508256671182,1.625539725571034,0.4405305055015681,-0.4822461422325971,1.495654982875269,1.0441743470357143,0.13493150298001155,-0.21993493572283737,-0.20481688743016538,-0.9006688342462883,0.5717030433410983,-0.4315528103524107,0.015667251208535488,0.32973005000326305,0.5175664699521347,-1.5841074025366724,1.1602110938957586,-0.6750243733930796,1.1398031125308716,0.6627144976552093,-1.2707003058493873,0.05369689367728894,2.2368026967832124,-1.2389384568443589,-0.21007190184023156,-0.8500869391171556,-1.094831175118067,-0.26583174793522224,-1.0705176422143343
1.4889365313196816,2.1326934982862884,0.27802237456774176,1.655139605083767,-0.35858518641833026,1.232216553769879,0.5288592632563736,1.0294884282059613,0.2995720161736955,-0.19464674975345006,0.6510077784232041,1.5666848994466038,0.183224464921804,-1.501397670806978,-0.22590775528423632,-0.6077476876735921,-0.2772259999085385,1.1645213671166559,0.9778426581928588,1.0466170232918783,2.2670102745473066,1.3258525248125033,1.1035545832458786,0.7572246379541276,-0.949453534019093,0.5624764927966727,1.5163673378616562,0.19901284449663953,0.7753598763888679,-1.6080599351282108,-1.1114588695547458,-0.0238052563049689,-0.4297293878911443,-1.1016452396869292,-0.09508669555398873,-0.4957938993688876,-1.3195021354762828,0.6517763037169426,0.7569288242639202,0.47012291301675524,-1.0303070618361563,1.7888734726264777,0.8063289485446269,-1.0889975872164719,-0.15009524941810617,-0.31528510992826503,1.0363818800295082,-0.12748500443347638,1.594471769397843,-0.7939026276267029
-0.7846901333791733,0.6116957598118444,-0.6047174533364632,-0.4021184148314728,1.414267008689896,0.16997060700809177,-1.076053005242472,-0.4184450476475405,-1.3245566867762961,-1.011388699436219,-0.04604033162008225,0.031272794246780665,-0.9862543739205898,0.7305012543265731,-0.008460796512935962,0.9968856303118128,-0.7050995424128623,0.6035261815567682,0.7505637637503724,-1.4655450950852102,0.8776283337136868,0.1822188946496642,-1.1775524878627477,-0.24666585421056697,-0.3883490280219708,-0.8931044176633745,-0.7697327144160879,0.15750782795052645,0.42690195785347373,0.23130941270946798,1.0971482779938133,-0.5228496736343154,0.3976323728147648,-0.5894167825651921,-0.40538521667378324,1.514210313370608,-0.6309496021189662,0.9897619966157374,-1.262470462745991,0.5949631422953288,-0.2823464336335688,-0.17878822439752487,-1.3361697990492605,0.018300825031943968,0.03527899341839206,1.2881516122608798,-1.1745560625913136,-0.5579560361841259,1.1583904113226329,0.15253263717469465
2.0822994077787693,1.732549155242577,-2.5188168845351653,3.3093705149391837,1.2347567976712248,0.49409011068794184,-1.313870950479119,-0.08042622506960828,1.2748648953467001,0.363943938058844,1.4712434641084242,1.830312596983243,-0.2633303734796647,-0.6047111178935114,0.03416313555129316,0.8019218499197811,-0.6426743118150466,1.2347120392982904,1.5923322222384293,0.5134101068077651,0.6592884853692099,-1.4259736275461559,1.6897038925961818,2.5361726279489423,-1.2026745665954461,0.17765843157897632,0.9772609832624899,-0.029768073541240482,-0.34939503924862375,-1.8530408682330708,-0.5094358553781986,-0.8625990881437081,-1.7638150556812353,0.11384145035097874,-1.3359446355170421,-0.8801779840890191,-1.1931372247837084,-0.3759090785676976,-0.0059825544215144945,1.771113418499207,-0.6863967377991644,-1.4847827739472075,1.150360215440021,-0.5314450178157588,1.3470851511683222,0.029555275105435794,0.5648047531926008,-0.2258813035778753,0.5959933782016864,-1.2454224539913112
-0.8284776840058984,-0.9453696971261929,0.13698519397109266,-1.538425176128665,-1.0587065379283627,-1.4921958778962146,0.4710819287084026,-1.5860055775828874,-0.3930319980894972,0.11798755730803796,-0.6803414948853529,-0.9140604948759781,-0.39473419612191374,1.7201219924543016,1.810151248251403,0.7990758067609444,-1.2112959217262078,-0.654608542761967,-1.799148202664082,-1.8194613589032413,0.0038354776058905906,0.43973802640766607,0.21655428385606076,-0.29121312164021584,0.8225707149989476,-0.85260633209209,-0.7111907158118229,-1.723895203118228,1.1250364106120534,1.4755374115143869,1.5493307315408134,-1.4339018804744257,-0.9863935638024063,0.158010266696709,0.2082707206508194,-1.1667437970334382,0.8750828338446551,0.41189482897359136,-0.8424381820342883,-0.052804524430113985,0.3153127295150488,-0.19068374900794932,0.4480343546541614,0.43719554945202155,0.8802874314154334,-0.27800408717831443,0.9984654271499932,2.3079829330831334,-0.17717571574836705,1.0189367477126554
0.21224181306466144,-2.7581109536910136,-1.4955167812079533,-0.5477049096108902,-1.6547738598520387,-1.9457924969551925,0.8654219095576122,-1.6758903602474342,0.5463207077075877,1.2596734481543044,-0.35698241662531993,-1.6811938814314349,1.11261330626816,0.7830702822001515,0.4257976202322889,-0.8343564782104131,-0.5572070182189494,-1.0393436282176198,-0.8973217510426031,0.172247844961349,-2.589857859427211,0.061286182817374836,0.6793383398303386,-0.8936001249780693,1.1984895374929312,0.2854367110405468,-1.0078635432477354,-2.4879501320752673,-1.8344274395299547,0.23244861812934503,1.0059032693579886,2.116053457028917,-0.18721553840521293,-0.819016386298299,-1.043248030907907,-1.123413201764719,1.5500872162841646,-0.33260266512644376,-0.9866323021060813,-0.5394075956418269,1.3096837809551014,0.6516590918778633,-1.2769609284073367,0.7675908547064614,-0.6517159514011903,-0.4940982536559279,1.9117622286331621,-0.6510314222638218,0.7033351697477023,1.398176480456053
-0.7512305990751096,0.8679420175006396,1.2792803933192447,-1.4738670343993832,1.1031763013600324,-0.9179271848053303,-0.36626233971547106,-1.3188652945074995,0.4167691953885456,1.660388129245079,1.408596309566502,0.5863515515335634,-0.8771439437269131,1.5784787947583727,1.4079381360399355,1.5543360583335792,1.142917800757566,1.7481813644631132,-0.07828436372634592,-0.1943041822304522,1.2139320948032508,1.8564340960584091,0.655762734436947,1.6381500786593868,1.1233447951488944,-2.253892893298752,-0.752586174703061,-2.216020238991046,1.786561530501721,0.2667616898229065,1.53729165478089,-0.9767846598947212,-0.8747654736620186,1.0189344020772784,-1.0528647860571376,1.1493897029334552,1.0462739793782738,0.5125058693481501,-1.9526957413535662,-0.7464272704359008,-2.2685730200621332,-0.024712909273521638,1.8688700823698798,-0.12822511682470278,0.9425692214525251,1.9749340992729623,0.6755407292084776,0.6289820222580726,-1.4546469640915,-0.1873916317062242
-0.22103059722438143,0.20664856389634131,-0.2501074664079455,0.6154609102894603,1.0314601454797576,0.8786538704908732,-1.1658990082613803,-0.8031280555263368,1.2147371975955628,2.361288433177955,-0.74720629788693,1.8794962886453752,-0.8730565909052671,0.7698416784094431,-0.027113335696266023,0.6393920130961676,1.52784021107128,0.08810161932686893,2.1060069724918336,0.8443010328206828,-0.37554576987946303,-1.3166166241004362,0.2048269905488845,0.9241281219659029,0.7974604968698282,0.45736120435869165,0.8749887559740965,-0.9574855661610677,1.3841749787047624,1.0123325916498938,-0.630336236353846,-1.5386130880993671,-0.9923140551344616,0.042127455845054305,0.3333494407074347,-1.1486040902586296,0.37760305033260333,0.8682695413354706,-0.7383879156581001,-1.3826400514766346,-1.772615840980359,-0.7192049414249391,0.27212613619369846,-1.0950859492716287,1.1518718038901066,-0.6657159080551193,0.9357238839918894,-1.0156867561187728,-3.3357265328610723,-1.9477515512482402
0.5537802789456013,-1.7816595952566476,-0.33864238876342834,0.5574811468422678,-0.9826966655413149,0.9140870645701542,0.05306045753247441,-0.9901461143370329,0.6623698292888114,-0.4123614273238114,-1.3614178294882548,0.12498580488044293,0.31738290710133005,0.7601022650914115,-0.5043927450813026,-2.201069387444484,0.026804108511925114,-0.8527609934205764,-0.006238750684392785,0.9767901157598863,-2.553078438936812,-0.9434995861277141,-1.218930853017389,-0.08651746606010038,0.9289670958870992,1.3388713272290353,0.8540040125909014,-0.036880956729139984,0.6176645522012133,0.13190680762848142,0.2688228982726959,0.7563224670371147,0.9199865947914821,-1.4286404178936618,0.28891846426136325,-0.8634844276868772,0.8205215646810552,-1.8243990992947836,0.30668401011800167,-1.5729738570609852,0.03444643955813526,0.7287854042527107,-1.278692160293421,-0.6416432639067267,-1.1569739110164023,-1.3113584970270138,-1.1260476281062117,-0.9565184740433985,-1.362283966709279,0.3550182136767291
-1.4510443146704455,-1.0508945629382465,-0.16470360748550555,-0.9253657084316933,-0.09705878286684562,-1.6539942662442655,0.18553022854696868,-2.4351747981541703,0.5308500670547963,-0.023041080654304488,0.11581867065281828,0.33020771944699095,-0.09270994620395381,2.170537618973294,0.0912904323880388,2.5896778012108603,0.1333744222868763,-0.2735025806687134,0.5065560982002986,0.7506527237737383,-0.9531912722031781,0.8179062233617047,0.8414340466976792,0.324137733626334,2.3904515074955235,0.2345190940474069,0.22173159722638977,2.122213902940499,-0.537729462242135,0.48888506881339594,-0.5548765012492632,0.4147090483463171,-1.3490720247504875,-1.8194032274717042,-2.179905708587075,3.4048715371977254,1.7278803442239428,-0.325441480789051,-2.113298540427253,-3.242734849526355,-0.5115112898272036,0.2647458524665375,0.7687096366808117,0.5647414168189564,-2.6495889788710536,2.0827639385753267,-1.306754965333356,-1.0574382155376256,-1.2957261593476774,-0.9406172550307225
-0.5829088531631672,0.3315725425403076,0.594369073548972,-1.5994840519034372,0.9217793454165764,-0.9856370635466114,0.2659511019263267,0.9255371326257881,1.3503220254991626,-0.48369647098476565,2.021652539236117,-0.208706998670672,0.29201020380150067,-0.9975624869031166,-1.1321680586467269,0.36650466517584385,-1.989055354103957,-0.5180252536275485,0.314173154791759,-0.9643422316547127,0.5893492427866178,0.819464864206658,-0.16357551009467614,-0.1531494704695529,-0.32870004633794997,-0.4572512803553676,-1.4853504264407047,0.014880518785742945,-0.9355127773307188,0.8291916788479329,-1.250713157007387,0.24052666387933097,-0.5923750251844867,0.5751721233096789,-0.21980818900447355,2.086085938590689,-0.9115501631771074,1.231182847787706,-1.2357293135335148,-0.1563582167775533,0.3820177090443253,-0.28552076134529086,0.8533975505010837,1.3707498885346898,-0.15388952231763942,1.2395061695549103,-0.35422076372873407,-0.27070210909793785,1.448408396249792,0.7139066341672553
-0.9960768768903302,-0.049767478320412735,0.9903070815621675,0.27542457660181774,0.13439123810642092,-0.6331922825123782,0.27034553089411856,0.5601386147102435,0.8087983359919012,1.584832753928926,0.01385436021005407,-0.6737581267784585,1.1935738652369268,0.18208677629641112,0.34891491898197635,0.8274561912468071,1.0279342034118184,-0.3443284973254318,-0.7350817338641684,-0.4820429695998667,0.7547661017392073,0.8248372976824944,2.0743673147876445,-0.3826244069626095,0.49520222493935295,0.33370157575244586,-0.23947686548807157,0.2239688017739927,0.39136159582469454,1.9653480523501448,-0.6248085489602436,-0.6716968548079119,-1.7829285942330755,-0.9257283893659043,0.35763557689390685,-0.7717295777985509,0.2808819277371323,0.258890944433448,-0.1884738050885916,-0.9462032534377603,0.26931852318930566,1.0676690629216925,1.2542672348799633,-0.7406952637765974,0.40795186865331434,-0.17504338624263813,1.085848261662046,1.1516775623645914,1.4243266677069533,1.0820035380581123
2.349242624807265,0.1554280572741548,-0.5756859163060319,1.993801160561241,2.7247835399330973,0.6778298024059123,-1.3828075446951054,-0.222523756845901,-1.2011920207892222,0.27957951174675577,-1.8595522553113353,0.47352297759553263,-0.38075673336511207,-0.43544546686081936,-0.3232658132319992,-0.9835740051816443,1.3579505030640735,1.7715698232143522,3.0078790753616915,-0.7937295269825082,0.36328172092893407,0.992530342947115,-0.08434713404815176,0.1600992170139348,0.04176328430320862,-0.7826497383836453,-0.2790806430866804,-0.013400066126530767,0.366433062611817,-1.8033778021077835,-0.1353704490757238,0.43912577438242456,-0.02549746642801941,-2.2133395123956325,-0.7080641684016947,1.827234730103346,-0.2900614440395914,2.0704380695641196,-0.9841015872916403,-0.8292525108006882,-1.029132217928675,0.14888312813907495,0.2613445770717896,0.15633065246922992,-1.2275255075359206,2.537301162048423,-1.8188919936157124,-1.215757310479293,-2.770647786349677,-1.4625784630324028
-0.7526596042466295,-0.2984910627317633,0.6399906959667161,-1.0586822351954728,-1.6087197084057727,0.6192543439543128,0.03914794881404854,1.2626269333110411,0.1844132953399287,0.8173308307241981,-1.328119161558512,0.45643274305549136,-0.010492693396194203,-1.1696262952121503,-1.0664931992977065,-0.3907967563763601,0.06926333924472157,0.06922575495958783,-1.090544990084803,0.9510400454910638,0.7371806741614791,-0.5915328912502402,-0.8603080662885093,0.04201922571888536,-0.6960217718856397,-0.30672516271602646,-0.5681747890556319,-0.31301284815980107,1.2413687558139639,-0.6008199132096949,0.3097515349558341,-1.2655691965140534,0.8004921690865494,-0.764379502989613,-0.33885023598303965,-0.0021945926090120296,-0.5948948328002626,-1.371247042371217,1.8937266411296534,0.812384483506808,-0.20730123384568291,-0.08031063631353341,-1.390052795120798,0.06829406006569148,0.7463319979527082,-1.083291049715426,0.34140018230952635,0.8315726184954533,-0.8694206238735662,0.9060324199689489
-0.9582728965190409,0.3923961318658721,-0.23494240758094875,-0.9015788862368507,0.9354125154906997,1.1054435968237184,0.7739602023427462,-0.6444221088793116,-0.4494279455605016,-0.33838611362201987,0.6489530947618052,0.15414064247330725,-0.010596782398843317,0.5997313616421807,-1.4207709367482408,0.3956251456298492,0.8819918915759092,-1.5813518643260462,0.4849587920591044,2.6701585394679053,-0.6828605821623877,-0.9998584576151481,0.17804104503752458,-0.8649598275967578,0.8523249096504203,0.3348925659093247,0.5351188016545305,1.0744476688005542,0.5986614097155417,0.4171727505589159,-1.0938650948088773,-0.0011247492398160205,0.6168110730942828,0.8469578647879307,0.8624012007701959,-0.1519270270177793,-0.601073045105002,0.7491174708410389,-0.9021837598263269,-1.4528517901282536,-0.3561052996690141,1.2789662862868054,-1.4772359987339343,0.037397672884420315,-0.7106442361593679,-0.05889283642286218,-0.8017076164515202,-0.6493039798357773,-0.46533501601897176,0.5012692942579605
-0.8528995288898245,-0.7545682461384319,0.14518072118165828,-0.4604731903933027,-1.8973409171088604,-0.5837271031645284,-0.010478839883047942,-1.8180058632764289,0.7973263851708923,-0.10555000597902728,-1.344323468487704,0.10842164877915345,-1.1169957606365777,1.27934974699475,0.3159407362771185,1.589329569236854,-0.43768966443700374,-1.486450040434735,-0.5321254509101343,-0.6511481938007021,-0.01963944105187153,-1.5906538926385063,-1.0664356881444983,0.5962626783545946,0.23086238816337104,0.10848323402354447,-0.16999815386622705,-0.41735456253791814,1.1182451934375885,0.40307064102695067,0.4844464770295043,-1.5271120243334166,-0.8329712305394057,-2.295415173527618,-0.2540727065756913,-0.66775085588862,-0.028169834922181978,-0.7643846045002503,-0.26190979932618214,0.10836874269843057,-0.5570157820899412,0.2917645940304996,-0.39183536669177865,0.7738581731616154,1.6497045938887376,-1.4948190766910627,-0.6169847860223108,1.9404660218132685,-1.181151907202316,-0.34058825190287895
0.4170074385118987,-0.5679223250330001,-2.84429830430449,0.2311751867895259,0.32835947327942905,1.826192737542622,-0.64610326984035,0.4524686696060174,0.08598042412409121,0.6545297176348528,-1.1745330902181446,0.354995577355816,0.14797224204056303,-0.790463522367572,-1.0221562373115396,-0.9910442726266124,1.7417357479823028,-0.6217507071179906,0.13040154566063702,1.301643752135369,-1.1181062656998775,-1.471387419115926,0.1595584777850367,-0.6753431529490901,-0.9331316148389344,1.2711152070706462,1.4865777451804312,-1.561064538750922,-0.859264326567692,1.0439896386632146,-0.3572566846778049,0.1047297998945601,1.5111822828660382,-0.03172009069466099,2.7199892603827616,-0.09195213828926879,-1.2566031834676896,-0.33540703151665274,0.3578390616037379,0.44748873100289804,0.6289614198079646,-0.3483728788239623,-2.788252884595537,0.36245735154605063,-0.232392148333655,-1.3574891388998982,2.0427635268884035,-0.2568741070177186,-0.5738928718151841,-0.43552477730139755
-0.524495505474584,-0.7760892070889545,-0.2794596114610007,0.40722931674121743,-0.3435080107224756,0.2180256235793464,0.5939637851194223,-0.16104229002317583,-0.18952480999449406,0.46244448717875136,-0.9858158194785578,-0.48273270632845006,-0.2207651885669959,0.19831590583341765,0.16190396397792128,1.2726981627663567,0.7590160849118344,-1.3142622554345373,-0.4086577643799667,0.6229007007762337,-0.8749337292274024,-1.1589062996184096,1.0934562884017216,-0.5254056370683445,1.0719298185064536,1.0047781545378693,0.9148353055370003,-0.13836582144443382,0.14919778724528357,0.8915074072312581,0.595562590428575,0.24334952238524585,-0.6423527342484516,-0.2563654522515988,0.9538849777668944,-1.0940864922979445,-0.697503883577201,-0.10061144202888876,0.35843371552914705,-0.05276727635864197,0.0758574602675867,1.8778068915093573,0.0967174932013475,-1.211811049383447,0.9206833825219156,-1.3689433786123943,0.06194118434213956,0.038363612251625843,-0.43174858850445275,0.58954888507278
0.4256183653533947,-0.5563125807554936,0.24652690746498712,0.5384081878879742,1.7314426517623853,-0.6527390688036822,-0.35649476059899504,-1.0796685259194752,1.9276718134793218,0.38668222653631296,-0.414536442945607,0.7413115106412813,0.17648160065921809,0.8120463630275666,-1.1395347008498633,0.11629185511217195,-1.6065985130809894,0.6471435159474463,-0.3324090739550353,1.257589692084072,-0.289890404655081,-0.3301948602554773,1.7564442887611955,1.0853119833514124,1.0694691697523682,0.9959960149398355,0.33434157900042366,-0.10206370977561022,-0.7882790731829941,-1.2289484981951115,-0.47642086213647894,-0.005536183413794626,-0.10224048543618475,-1.7118868372773346,0.5922765802577312,-0.5107728639600814,0.16387525621994636,1.1303832200397963,-0.7550183640641113,-1.2676399361979134,0.0942548908452223,-1.8645107688581186,0.6036938662066202,1.1312697195108867,0.4113816866253059,-0.3325695527142648,0.9874633825840133,0.39487144258213097,0.5670652335760834,0.06717177751530305
2.0696885811425974,1.3924605727434403,-0.3943174185407504,1.8152062059571445,0.30851247268478854,0.2325078292837203,0.13790368798374258,-0.19587059708728766,0.19644670176049672,-0.82795035125954,0.6046672585677116,1.0939337926716883,-0.5381021850741362,0.6066022737386084,0.9212271077361142,1.272656647082439,-0.6308771249369787,0.27090305971449086,0.9411361742992888,1.185537852909386,0.16064221999729655,-0.7283694868783365,0.7840709512537402,0.20693018671333313,0.05841714864023752,1.1112749137069415,1.9790049918419241,0.969244074868503,0.34816831641240154,-1.4835689335208218,0.3240658165529571,0.11264927829937257,-1.3463677891448105,1.003772543333887,0.8389381224869134,-0.23405982098624997,-0.387166976369125,1.1145368977126164,-0.4162473877616537,0.11274641856061748,-0.17197702496890707,0.9249749594847603,-0.10430325206784768,1.2266939434474198,-1.0875255567805264,-0.7295797331013725,-0.42267264898138956,-0.41257181192655484,1.161142367769776,0.0017222712518191368
0.7016255400818379,0.5156383689086075,2.6132406773595105,0.2541152833582092,1.3653556946026832,0.18567635987659997,-0.10059476152982569,1.4416001087029033,-0.3730906747698477,-0.46079616743790114,0.3194164021385403,0.07287828132153776,0.07937822993509026,-1.385362369498778,0.3722033889362748,-1.4878000781378946,-0.33033172628256724,1.180057778922287,-0.7106037322540519,1.0113456123562985,0.25975519894694277,-0.030315690906971823,-1.2695272211150563,-0.24994683208197702,-1.0594067065426562,0.01974099643595653,-0.07255485142590525,-0.3767885997422729,-1.9190987897547582,-0.39552470243324783,0.6324219416693118,-0.10987397673461216,0.654413974441305,-0.7643063903243562,-0.41189973897566534,1.312909576282632,0.46052608218914354,-0.15283761945627433,0.985428980977523,0.1843092115568913,1.440048303810633,0.19260617913183914,-1.4129091886210159,0.20720996178460718,0.22194004294277206,0.4643034161272781,0.18090867128062538,0.7417637099431215,0.7171829827572954,0.7267622924109003
-0.3605351986285871,0.6939911263853163,0.6278167900355623,-1.0188990153700845,-0.479112654471512,-1.0262623034638079,0.19717272216425255,-1.3363895290347172,-0.3565623889138251,0.3610210421194176,0.9065086284837943,-0.4081747128619874,-0.45312912390544635,2.0565957648283177,0.7049118166148077,1.2611436348143794,-1.279677493719163,1.0842727380558053,-0.060056983123024064,-1.8984837815974263,0.48165857753700003,1.1642601318565007,-0.49378234542910615,-0.5819915949523179,1.560242534121145,-0.2559803262912782,-0.6080555809588649,-0.7283723347830294,1.8888454112312176,0.22722758938900878,0.9896194405996115,-0.18933195590172375,0.22952849245073895,0.15572610242856852,-0.5625388158499516,0.17162985768711997,1.1760223949839526,0.00109194262916076,-1.093342897906322,-0.7997814081175852,-0.8723975603131873,-1.3139283439344775,0.2582949318459397,-0.010445763973781984,-1.496507766973324,0.8701439965330864,0.8504726750404591,0.2687962319531013,-0.3892509386984605,-0.3204929136346808
-0.6244884004007075,0.016292236192159398,-0.07080190952270023,-0.6770009408987525,-1.712828121765992,0.9442624462037873,1.1714094653576899,1.1882993721406399,-0.22948882963351708,-0.6674256282585338,-0.5200208725088987,0.02360990868539811,-0.16225229690629342,-0.9768277829517303,0.5901824278914243,-2.649601776099689,-0.552565239708192,0.15078084903215638,-0.7009248731316202,0.17143306215835236,1.0829418563364719,0.7893086157908108,-1.0800071698077753,-0.16284199082827605,-0.25080086569778975,0.7401470099076674,1.1184675718824628,-1.0838413187611409,0.19504834087473916,-0.6630818062310889,0.6872012479368658,-0.5496754214431118,1.2239688940375133,-1.1409673533658833,1.0035624627473123,-1.384701278479218,0.2137050973810034,-2.582189569933363,1.6814757285072146,0.4839522554695497,0.5619897015025168,0.3332016972101575,-0.45750723550030875,-1.1531289574272288,0.08093042382007529,-0.9484644778133717,1.071300916401985,0.7364416839261354,0.716835194038214,1.9675450256866065
-0.7389402324759097,-1.6958843200144962,-2.08880977962681,-1.3339297253319318,-0.36649391491111205,-1.697473156609776,0.926908293952638,-0.9554170750164448,1.3817989220486715,0.7232644347641923,1.8711282075113742,-1.8661131704602913,1.7034299668368706,0.36101081385175654,-0.5266204861088287,-0.42762126641982584,0.08464371190029875,-1.5725972395180288,-1.3160131271978814,1.8891536496865755,-2.0455579447250107,-0.25863974948082336,0.14590543194416447,-1.5266381239153848,1.1732555373780111,-0.2858331656408147,-1.2634603159901714,-1.647298136461269,-1.283785561607764,1.9675742497376794,-0.022169268489063698,1.4514547976272052,-0.2566698423422959,-0.1911645501434156,-0.2668313653475707,1.4707006061283816,0.8256361276410387,-1.237933769098394,-1.0822999118563603,-1.7125157675592635,0.601083524296943,1.0005614328880563,0.12038827098068618,-0.1772387195042754,-1.7328198917312059,0.8300344902636113,1.8742491217790465,0.4813474237980687,0.025946647197786204,0.7305353928311233
-0.6819680017105889,-0.8130108452771776,0.5279373449948195,0.5884009017721838,1.5129423235063248,-1.3944570829548482,0.21874021847864586,-1.5928252131418812,1.1702162568794383,1.5587419807344975,0.8879773240909669,0.11235565291985017,0.9835743154464758,1.2982566559060253,0.9119880293824135,1.1314550506051904,-0.5146161054301491,-0.10436299254633591,-0.5706705629595473,-0.6614365255618391,-0.8555088677308009,0.051248364776621334,1.749363141349819,-0.06372301369909662,0.8610760663101653,0.0016998277458470993,0.05049273541425878,-0.0952488290218393,-0.7313234504841346,-0.3361044756937586,-0.02062884473696288,0.8883040725302008,-1.0591478727004966,-2.28129898457282,-2.0096054707076303,1.3403028879724777,0.011517487730019045,0.32521711971914224,-2.0829525809866083,-1.0905782208541541,0.7021297626114144,0.24249480534597115,0.10158811882768297,-0.1935417726674436,-0.5185047337357948,1.3173608313018421,1.880680340365038,-0.2896495044624633,1.1339826738159813,0.2438383179063733
0.24476984329678128,1.1111804973791835,0.28931347422197834,0.8199594672227107,0.29488762871382956,0.9845252870700347,1.3231420969846552,1.4362432744833356,-1.5666184848677946,-1.6967722945059787,-0.7152615791034799,0.15628584078525648,0.0257671513219372,-1.1131274503857416,-0.9053591709299358,-2.4809332951665732,-0.440767283816722,0.016777376153843396,0.11759606413361949,0.4732086807539183,1.6706782536922922,0.8252175137740454,-2.509924005024262,0.21269982990847583,-0.08396953824468137,-2.236669264159217,-1.3170400451700157,1.7688109943812749,0.9559593296956927,-0.11390333829336735,0.05623125774922508,-1.046251208868017,2.964253547265266,-0.9745049840946526,-0.04146550741421234,0.8213037464892311,0.20026068955514365,-0.1840726256742941,0.9819927048656093,0.2185127046574443,-0.3213194754799137,0.2810246522679786,-0.8770402623514607,-0.674493840326029,0.8714048330221179,0.5475551700690265,-1.2657232241039484,0.9388937560693623,0.49089965764446514,0.13658542175078542
1.8235219281782822,1.2227337083131327,1.5377509898025044,1.332461098315091,-1.5103711903890673,0.7740739936481608,0.963362704774058,0.28587334940262293,0.925141736137021,-0.42015554990743353,0.03366756396186063,0.5455208992480629,-0.6758577090245423,-0.758246998775823,-0.6441825320720111,0.1800938723259825,0.06071098206284512,1.194115572663675,0.0353901230684721,-0.5918271132784443,0.6911466378941723,-0.30003082100328077,1.0548381042317896,-0.3596308952788995,-1.0595666063576616,0.8901556772745478,0.008376249898185847,1.5853635041186174,0.3761341238196668,-2.263694202332209,-0.41136266486589407,-0.42379722069246006,-0.17974373455309942,-1.086941554193369,1.39841752453302,0.18220354643800274,-0.5784454721371933,-1.1135476835993408,0.6347238073857591,1.3832599296929797,0.06780280584547152,0.8153445055875179,-0.2369845446283809,-0.6017730426975989,-1.034520352654921,-0.10847179706772805,-0.6942276026953151,0.06915047863275231,-0.1987298082281764,0.03597822920879807
-1.3426036596949462,-2.704536782108088,1.8871250683038305,-0.26613900317774686,-1.6611137407773946,-1.8671282454051443,2.7042810777442905,-0.6388261628987737,-0.11556326952780158,0.32771994914750174,0.23994022845841398,-2.16130132799468,1.727673799132128,0.7149690515341008,-0.22384757798703456,-0.6210795414097763,-0.9686215600887198,-2.9874419903192635,-1.5131391188061303,1.4699783509186002,-2.881601627241539,-0.061892161470293784,-1.1337122279007597,-1.2964696383265846,1.7775425232002906,-0.17365021426899127,-0.9676087161810201,-1.9132722421620039,-0.46127176182967056,1.614339876775886,1.1760591159603606,1.9708358567259223,1.2300788625128625,0.5742744501755802,-1.2236080437162238,-0.18131877741836008,1.8570671717603988,-1.3194382136399654,0.32892123927570727,-2.5333117830546166,1.0503596936418984,0.7173575049689022,-0.9127575433971298,0.9350700697159864,-0.254249715651041,0.017856382003724754,1.5181292211414963,-0.09987850528464152,-0.8526740883052428,1.1404222706476554
-1.740959058045337,-1.3761955986662264,0.9670269105617246,-2.268763712804272,0.4500371263949599,-0.44844885699591874,1.7870162492610067,0.1495164813729548,-0.45656042909866956,0.9581118380372523,-0.8885656551902649,-0.8211312896302143,-0.8577933692913333,0.4681092909537004,-0.20150442657174403,-0.5893982645230371,0.7596309824358752,-1.8205195217502925,0.29165768946508575,-0.9914960185719002,-0.7916674800715879,-1.3696740554393854,-0.4136039993686074,-0.24180427644173788,0.673119128339816,-0.6589075592533054,-0.944162401019097,0.33775971559750273,1.0376616179861073,1.0155375726538927,-0.24084234351670733,-0.7352160568866837,1.0745371942227608,1.3536660832231677,-0.5032758039631116,-0.9282885956708204,1.3170228844428131,0.5947801205723418,0.4137013524536605,-1.211534739591313,-0.5615003905093672,-0.0921054850367752,-0.5588829294825157,0.03253339217955778,0.7413324995189791,-0.7497960793211172,0.3595654299364249,0.3847234347862207,-1.3364366290484206,0.4429622081084354
0.06067706845132309,0.31034205604967036,0.9072464275120358,0.4672580502584247,-0.01865342621962071,-0.008715953231594234,0.7922578876536418,0.9261063873242262,1.7427629131401838,0.7933335151062358,1.1712459302641145,-0.010930001929866531,-0.22339287492313376,-1.0030982154011887,-0.8595931207145635,-0.3740073377069451,-0.7622653796249982,-2.039872205670266,-1.0036682822536473,0.9794498192393467,-0.4246496800585556,-2.6738355116396173,-0.6462518222511971,1.1120668135437966,-0.5828149833737877,-1.522999473300167,-1.86331478069763,-0.2632104873333928,0.8744002105091326,0.15651697400073217,-0.36892251153845457,-0.9450037105803805,0.5565953784523128,0.8529140326606007,-0.6438048689123493,-0.35969648929268294,-0.752115244954991,-0.04570474839830541,0.4395120385364499,0.9527488113282587,-1.355891502925082,-0.4552229672944085,-1.775910717448219,0.33600190502469135,0.9574718712249196,-0.8943924454426043,1.5299234150595646,1.3751424366531442,-0.5433966225280605,0.7376193940427016
0.04966312923698806,-0.4164816176761929,-0.033601391193203586,0.8461679971730565,1.557545665496508,-0.30437890336763274,1.284106487228559,-0.8096436245298462,0.0796066507860417,-0.12605193415814725,-0.5003474283772853,-0.46984558518924063,0.26473100801900995,0.5425606893114495,-0.8452556831863689,-0.2678610129225421,-0.5609806841272357,-0.3572483674995768,-0.03770511734849622,-1.6380015803119485,-0.6125224406750257,0.4222539124615801,0.14166426365645132,-0.8855751911000826,1.297853506577584,-0.05096224218141246,-0.7757782423069648,-0.5167226608600018,-0.11052413124090353,0.7114238903808013,0.8818507559834091,-0.12838990676068668,-0.222987764272155,-0.8786503710510648,0.413686774043496,0.5051829651917444,0.7348213642187351,0.5156832431694512,-0.5238622819365304,0.3742045620938221,0.761230939789652,-1.831291880803075,0.48481124417902327,-0.5284892330609268,0.7726411607399528,0.8280587056210408,0.2192802557795329,-0.3080462296418834,-0.19258000351384658,0.3854006899784133
-1.8932778699704418,-2.171529771861986,1.5329244101045016,-1.7639018427584678,-0.5497727402253086,-0.9538676819589366,-0.17381669935327984,-2.2780899121019638,0.529934946550893,0.019720690583975416,0.5428652137751264,-0.7551844097226316,-0.3280051846178776,1.8363651841975275,0.7122375633034629,0.42713674705484594,-2.0642008675633345,-0.15897041868306025,-0.25417774327753406,0.603182700681461,-2.279865767762087,-0.7106754743196817,-1.1037032325046667,-0.3478777640651347,1.366049539216246,-0.1362282381691545,-0.25531038796886013,-2.434934193789611,-0.2143955705840608,0.8520757709379371,1.5682435930128855,0.24524406827264972,0.19988583900250328,-1.0678976148205666,-0.8468792464915457,0.08370362160962663,1.6514198541016303,-0.40122518896186116,-1.155189826983805,-0.2772069991856011,0.6196672664038955,-1.9477035628481263,-1.136479895506297,-1.2570445005494377,-0.29552023838064817,0.3345219433678346,0.5487426736182301,0.6830697241780207,0.35601040167231013,1.0416937477619006
-0.23371329454961073,-1.1860972682279423,-1.015438838312072,0.5202968639502475,-0.8969749897860423,-0.4966905096821383,-1.9101618563132128,-0.9190648690320603,-0.3617395543575595,0.004473672449846629,-1.0750957700700956,-0.09650454781443286,-0.8299523026500769,1.407539898606085,-0.18785622409411867,0.7678467431487641,-0.5228815946510389,-0.2972382224396144,-0.13077869155736607,-1.53277982110442,-1.092961995759162,-1.9496885534885604,0.8728000318940223,1.2833797021632176,0.7305135628581354,0.3123433104861234,-0.27777662301115136,-0.34699245997883565,1.159075418643389,0.6749349139323432,0.5454182382034585,-0.12341009168467902,0.2675261338132145,-1.2620017828680348,-1.2273336373053998,-0.9393030829799678,1.2373230582390171,-0.7631486156400843,-0.14020315602981184,0.511240963722413,-0.9353961187720766,-1.2550892057458303,-1.0186494641153425,0.3161931923442094,-0.16627253528144498,-1.0112874267555307,-0.102302132215622,0.6771126716145579,-1.0119425895788494,0.9187609894700912
0.0788046930491978,0.8984305366873551,1.1866909719710335,-0.6591108510348574,-0.6495988142179226,-0.9414054881668152,-0.3038533237047726,-0.6494848389703537,0.367775729973532,1.4884651458296583,1.8583331810601753,0.04388709106097495,1.1958826058521872,1.523284219758131,0.02649315166703118,0.6323301808166375,0.4773401797661451,-0.03405223867648608,-0.631225614446939,1.9080059203698607,0.5158623850300381,-0.4443340607044136,1.0371880940818394,2.1447333215809152,1.4734142874066334,-0.24849472137092324,0.21372980201717662,-0.7058753477504709,-1.2791539059365802,-1.062394936810069,0.8502601671012723,-0.22729003765371408,-0.759979603570492,2.178753518430367,-0.9712814666966473,0.5688411336757809,1.792828475832662,0.388868205175754,-1.087853504303943,-2.095427856624768,0.051045109128533946,-0.5432000472223847,0.5151958409872847,0.3676231368453844,0.9346597118318214,0.6955918660110955,0.6723749618849991,-0.7938585258484733,-1.4153782729869941,0.8942201077341975
0.6691804797113395,1.3333069034141851,-1.7565794227707798,-0.8241095151233048,0.8275182420091225,0.4539956523880039,0.46421648353340655,0.8956156590599431,1.7101930363441709,0.0437606031801606,0.42384237033831995,1.4363115031454388,-0.412728291887581,-0.538880144700663,-0.9050142953248811,1.096761702687021,-0.05784494071147399,0.8640314238717836,1.4614101532380057,0.360893894095537,1.8142016682800701,0.832608528046265,0.34563200961833523,1.0991307205705978,-0.8496697899090252,0.11447126097563824,0.3286522962308644,-0.38722338173470944,1.2065372534481027,-1.3024625149995386,-0.377801096369875,-0.29509010765606214,-0.5370256444634044,-2.053518209717541,0.8528355715456489,-0.5491258476275823,-0.810214869086792,0.2425310252463961,-0.9207233052793697,0.8771993316587472,-1.8374746011906278,1.8169218435770655,0.3221744291737202,-1.3315341082313492,0.9728486523619253,0.26271245236025964,0.17750039826492353,-0.2983880299558966,0.29546702804628755,-2.2460243250253846
-1.103121495562167,-0.6903016212293118,0.3932194306043196,-1.3901092337134795,1.0723601561634153,-0.7823395884227734,0.36926585028961345,-0.05181998714190587,1.6116861114406942,-0.5876242039460251,1.2327569562005005,-1.322547112195783,-0.07225488488969803,-0.25913794805717505,-0.7761062152084767,0.2926722782015334,-0.765737562946703,0.22269464940084538,-0.13917033307374393,-0.7506988412579175,-0.9965784122188777,-0.5994761686530997,0.61634716463574,-0.6222637744306133,-0.28866002381202976,0.6249379783845602,-0.9382697618419785,0.22208026332459865,0.5276992733296635,1.1042595051523318,-1.4523187494133207,0.6059536652178009,-0.26081667082136717,-0.5310927059112395,-1.0662606251358855,0.6104272331067402,0.07018781429379574,-0.3130965967096284,-0.44955423902441327,0.3791052001434022,0.5477516067457382,0.9338895517547043,0.33620305316023463,-2.746399853864392,-0.5667682479998627,0.7677664356630635,0.3829081187800273,-1.5745166102881631,0.5918779952013441,0.7672679489183771
1.1921059362647888,1.1702237352949052,-0.18917511968442205,-0.10652274109543908,-0.011097549393596556,-0.6972650004510189,0.45745056370118603,0.10419738447604163,0.5584239976550458,-1.1493144394525305,1.6899321913545946,-0.4789278049878578,-0.8289241408532089,-0.11740855711337642,-0.046917938292682766,0.4749449382621663,0.18941095998622526,1.4580828308344442,0.4121452175870028,-1.5671346302082612,1.001182770982303,1.2375168572631887,0.5974707734932091,-0.9380454064531589,-0.09404939363568504,0.8180242417779692,-0.5000192041492006,0.7408450855094276,-0.6211440913534679,-1.1360197797572336,-0.8302794192312102,0.5427327957755894,-1.3911470928209957,1.4731948607378824,-0.6745835674922528,0.32571536510086774,-1.1383089347854427,-0.27071102632861355,-0.6001400435310882,1.4420988584996377,0.8832540660170398,0.3367410713114285,0.8717149945180938,-0.9868061995749104,-1.6558391041958094,1.2274039912687087,-2.310015290420645,-0.8901868218852644,0.5227722012391249,-0.548747990013846
-0.3567561462939729,-0.9088887196428327,1.2619786349571185,0.26003208264501093,2.3898086626455752,-0.5357818406085271,0.24562590152694647,-0.77730871970895,-0.09043576422764894,0.3764994449610434,-0.4273500281518172,-1.8250872556122042,0.744543419473745,0.6445127729884388,1.7303845571980472,1.0126979932999673,0.7723471547419306,-1.6584333074175754,0.19743368977437498,-1.0755964314493829,-1.9269913144088715,-2.815184369039967,-0.048114828236235474,-1.4692270974341775,1.1097728340882167,0.9420686035672922,-0.24476456819740552,0.5823380300128764,-0.9380996926967172,0.604241376012159,0.0574698776052692,1.328749985552737,-1.6077739736049725,0.5607867403789751,0.10978764818881548,1.0386888947179334,0.9883110936915007,0.7184377160854363,0.08513548872148703,-0.267495099840379,1.442998539159159,-1.262412953341936,-0.4412347164834965,-0.19046751088151984,-0.9865099164643313,0.5327076669566067,-0.5706074189779826,-0.47508055013638,-1.0874859116258282,1.0890771655928662
-1.0961071193427854,0.04773704132207232,0.04889253081652283,-0.26808932786776163,0.7011577971184046,-0.2524857910492925,0.08395951318744167,-2.995429480640038,-1.7012630623267928,-0.595062241042074,0.3352358202209575,0.031903741560407615,-1.2123382788790318,2.2653608951196373,1.5090242535343306,1.6604396381113258,-0.5715472461848968,-0.9837743245208087,0.397854258874322,-1.4407559271298782,-0.8274208791202988,-0.02362671254342798,0.4558247027031448,0.6020238001888468,2.287186254164598,-0.5689866869430187,0.19458554405712317,0.08813767568753623,0.2584416399849096,0.6229706810540002,1.461472455601218,-0.5450346262048382,-0.8194737319270206,1.5149563050966102,0.5590288422630756,0.49797092022962325,2.022132530143137,0.41123593080774745,-1.7307056097644893,-1.4156786854266292,-1.2552005539548117,-0.6469310612166189,-0.6175460544057871,-0.045271206330232,-0.2949810615200556,0.3801752719354453,-0.7401514865120432,0.8171069090933669,0.09103752664387395,0.5948675352004694
-1.1970829686058213,-1.2479191495443707,0.1662297349980533,-0.1378810614378552,-0.6869819117763469,-1.025658806777071,-0.5752469387654947,0.13427348646733944,0.04096736979741694,-0.058523982194569384,0.08697715721558037,-0.9962936115909707,0.6410140161824328,-0.602796260789727,-0.4652950918127485,0.3831700192772709,-1.3150902114875658,0.5897966705581835,-0.9533518532667956,-0.2555119355268512,-1.0310142909318174,0.08646662687503752,-0.2495369056585255,-0.21707510318763262,-0.009240751565630544,-0.5504179628115131,-1.0903030853605102,-0.1543816136790911,-0.5601048164273089,0.638463546133295,-0.17840460236929448,1.094031033085184,-0.7006683448925558,0.5963082022074426,-1.4416963159198024,-1.1322769376784314,-0.18018346453043563,-1.2117194616962483,-0.5956284200224907,0.656703973085172,-0.6142702140139228,0.8221326893315639,0.5525365147227344,-1.2458467879624717,-0.4449713117957879,1.011796143402346,0.05056612548944737,-0.8669963117292062,-0.2087670189594079,1.4442667890544003
1.3602453021650356,1.0406923704250177,0.6046925776065013,2.2044421989450522,0.9690553452542979,0.40690629689201446,0.4931908447806244,1.8371332845516288,1.9910484742385368,1.7986818423109425,1.1927809640025984,0.7775763232629812,1.583445740375052,-1.5694940426394406,-1.4823454782298544,-1.7542767610586687,0.1949317216117722,1.1041740549259709,0.6995251782654532,-0.4640591751581554,1.1640550911736915,0.9819181780543011,-0.38961856024104896,1.0818987495302979,-0.7680611347213014,0.1054128211589848,-0.4898087854266968,-0.9547292312328429,-1.3985923712800468,-1.4740263232387105,-1.823472998811405,0.3588152929045603,0.33386623301626894,-0.612814448258872,0.14582574630880424,-0.3460186903237501,-0.9681280511064327,0.474720470164494,-0.8544495670421904,0.29093072908534245,-0.2747401639610723,1.0118166685801062,0.2455397607848538,-0.05522262333859198,0.1539565779936176,0.57122813774649,1.9269015485245162,-0.4261602867179388,-0.22632045635811687,-1.5054192393631884
-1.203365485838018,-2.4976906480373144,0.27852403518492724,-0.8886952687420466,-1.4090167105421594,-1.3283729111116205,0.8374297531949189,-1.6870845726241108,-0.14414195822135917,-0.2109534334953157,-1.3937696119558765,-1.04561829409059,0.9718316594980164,1.5046718877964702,1.1009138229120903,-0.22584477188600377,0.8143522410649239,-0.6565004238365284,-0.4326195183648901,0.602109570154395,-1.9444728538514298,0.022427284844546716,0.12216975741089822,-0.5362460716520233,1.2502240859101936,1.1535309678975212,1.13141666504647,-0.5634816799642953,-1.4079622750254643,0.36003873642100004,2.1721513604083107,1.1590630501857995,0.04512016708263178,-0.7615808870757115,0.4986130018161094,-1.4612872142058748,2.2370452377072683,-0.1611458458603534,-0.7751693982651944,-1.4996989356501738,0.60897759370521,0.9686836580276352,1.07958555995047,0.5879503575754962,-0.9180574979045725,-1.2238098015798984,-0.7680616134306151,0.1874977203436489,-1.553746014458027,1.4494177367047756
0.06713752678587893,-1.4308424264194484,0.42600458186082224,0.34115238835668554,-0.9923725116824638,-1.1151899607965952,0.7742353156749029,1.275870664464027,1.1454647410092087,0.7671021030673901,0.038083534575304605,-2.0893938741956473,0.15263451268411365,-1.062982687221463,-0.19548113451900306,-0.7451924060126434,1.5468597056244644,-0.9098430111659463,-1.1499264653301566,-0.4661072939317488,-1.1998790558677108,-1.0298344981200735,1.2005145892295235,-2.2224983337929403,-0.9207319160514552,1.418633340238992,-0.8432445475710278,0.44017749487719254,0.7439427976279517,0.04671851984268037,-0.040940510527074266,2.012197659258813,-0.27470690117454755,-0.4867089221199431,0.02431742901602656,-0.380950948780664,-0.642114252043146,0.027520700949248696,0.011012128645599573,1.2311335769898835,1.0932162815363216,-1.8696566366415703,-0.11056043254288955,0.2706270551795779,-1.7093050022712954,0.09629120620508273,-1.042033929781686,-0.9410875540895556,-0.5934789716211696,0.34531722658152403
1.2039660758875568,1.7066248056870357,0.4349377193522922,-0.2115126840468644,2.0167231353639066,1.6294270670239088,-0.015464713082081548,1.2070977009092172,0.5252881987999789,-0.8626268355969732,1.8267759066936942,2.4416227452697936,-1.5015328218274744,-0.08363254502328896,-0.8073749648153885,-0.7252798050704836,-0.2673545265430766,1.230770232682361,3.1351414189464193,-1.206857459954187,0.49274231788360456,0.05916248804248383,0.24968766511589313,0.5195751530279307,0.02018769362111559,0.1112567543648468,0.6220944359287869,0.5073897124145936,1.6200092671250945,-1.2327651564353461,-0.8083859565584569,0.3637371750771911,-0.443245242244914,0.6889096102194715,-0.16423661143526525,1.544487005157887,-1.3967307992212323,0.7740665426174083,-0.8823204981064086,0.8902251629898836,-2.263384526080566,-1.5396043571581355,-0.36492365902062207,-0.18446546150817164,-0.41704106659613327,1.2277686900629516,-0.7282286824602351,-2.247130559823858,1.3052145145612433,-1.9912030280326602
-1.3360858670365297,-0.2655690557439546,0.6893808139936606,-1.5973367104056186,-0.787442253737206,-0.13957844027789593,-1.1622406299861598,-0.6595516690680419,0.33628792099916766,0.09408367330038649,-0.023790311993133795,0.5802393140701205,-0.1992403216547395,0.5694732253348026,-0.0676058286957313,1.4293664167358568,-0.11289323196291819,-0.6335717537950084,0.27216936872445896,-0.9761934523859137,0.6795778893272489,-0.9815238729710304,0.3384170947964044,1.0988626123539535,-0.28864458251990094,-0.1751134149115285,-0.13610266468563362,-1.3209146137207977,0.4382687875809393,0.23464431333207098,1.2845465185365903,-0.9868536742823284,0.28802767450568223,0.9615977524213889,-0.4276041019295082,-0.20333246745151373,0.15677697842669475,-0.8971719709415986,0.34183919641956895,1.1228689530085125,-0.7859352706221457,0.6142853190679999,-1.6336938365962457,0.9289786667289827,2.452492579052465,-1.7113136750431988,0.15439734804790498,-0.010358968631231685,-0.19261369988310195,0.03600719968640984
-1.3020514124066433,-2.0678195588915007,-0.26540422650111267,-0.007594501647582809,-0.23201862378294788,-1.7536770357446732,-0.007969279719184822,-0.990332005555909,1.213664636509477,1.7461635768473716,-0.09728183206876995,-1.6550825568622827,1.1831373942719419,1.264165770643395,-0.7533634514559572,0.9002507826042466,-0.4092327906600887,-0.3607750932810931,-1.3184023386227004,-0.9654677919016993,-1.6801741692380296,-0.06306566618011884,0.514448531151073,-1.9676517988250806,0.42100251274661826,1.0256499064862235,-0.9709389492242284,-1.487738082800077,-0.61335601770415,1.0845960598865747,1.435136593282553,1.5895537904367272,-0.06705813326973059,-0.8733937064212606,1.2887695301242605,0.19720188939140637,1.8197559233241085,-0.08831757918028132,-1.2347698622135037,-0.31025209771772044,2.0049033469428177,0.35025906691990055,-0.5130645097836799,0.06761101747587743,-0.4301549763682457,0.21954466516217724,1.2105220722524006,-0.12573997868803796,-0.5544542116793507,1.86735415966134
-0.10702000136281199,-0.5080825207528104,0.8274216317032976,-1.1566870608401059,-1.4040479469977993,-0.03907401230777419,0.029437245543231433,0.22732108947478755,0.4353610337261517,0.9364727996919414,-0.6053046077124304,0.4720901264429579,0.1340504398910098,0.17244492829462177,-0.4390046024154367,0.21848844320969094,-0.16219881906348493,-0.046227427896458555,-0.6026966493782203,-0.5184036559671032,-0.5411699103533658,-0.8018738227247282,0.6950994734655672,2.37090989626349,0.5840087245008547,-0.47653583978874736,-0.3593803146232978,-0.5485644392789947,0.18080032380568925,0.04086033862930792,-0.9817301558553714,-0.7155883345395602,-0.21449612392936643,0.07684909986596007,-1.0614061844414282,-1.264867396348059,-0.6588343226087985,-1.3344670679529806,0.9303504872922242,-0.41351531482416054,-1.1537172282914527,-0.06729552839890664,-1.2494479380381784,-0.23897505825974308,1.4605045304103272,-1.0981702891156009,0.15851468567400023,0.7648733248412655,-0.4710742965620364,2.046872480555375
-0.041616914211595746,0.10733581273306575,0.4848684551540911,-0.25667828113703833,0.7392814823860422,1.035204533016425,0.3362872422279216,0.43819145433080353,-1.2558578942859315,0.6377080214064628,-1.0941356296922298,0.8096651049995562,0.17779563515013713,-0.6337236725431932,-1.1143295179600807,-0.8268555923292854,1.1434580490619166,-0.014207500824092731,1.392274029548087,-0.44666660817354126,0.46592901616702387,0.12441662958445708,0.25556574976034163,0.039131881324973396,-0.26947078527898105,-1.3136992641015812,-0.04179579398677778,-0.897228215399805,0.661183364215965,0.04421308659965552,-0.18676195680381402,-0.5205936888539385,2.2577777397738625,-0.6833288176544982,-0.23851844637421027,0.4060477654628425,-0.23543407696363494,-0.20375931186304835,1.027842848626149,-0.23443722068317321,-1.1165130783277544,-1.383242998801914,-1.7613498288032192,1.0552819160832538,1.0988975946731947,0.5290457516775009,1.2242564544593304,0.2714427086831999,-1.378406309095753,-2.1538330491352813
0.6224010371567894,-0.6212986351509558,-0.1473080199933804,-0.09596628462332672,0.5854803652432515,0.21449692454877037,-0.7059193520013965,-0.26024664227357835,-0.4153439998662587,0.550155617234253,-0.9272727054269029,0.1236071783090771,-0.5214053629292178,0.37787482512353493,-0.029152508778871634,-1.0590198352786668,2.119824772369671,0.35147096963176006,0.18246129479006187,-0.13294501802494182,0.055473169755648415,-0.07905714615959036,1.013041697243682,0.3099340050088439,0.3346191305200227,-1.4472821972794534,-0.6861940344256501,-1.0370384058235937,0.942054971299364,0.17428709212298885,0.785508512810876,-1.4007063165456133,1.0591435833897127,0.15222384348677517,-1.7935832386790074,0.025306474221193406,-0.1539386629980515,-0.36712480868849007,0.17355872607986744,-0.3716800452463037,0.23557789976911217,-1.1205833748498115,-0.4769768016260326,-1.2479723836818437,0.4604615788610126,-0.9593217026405484,-0.557751588398198,1.3946066474019176,-1.2990204588889707,-1.3457433943749186
-0.41250813849303314,-1.2636998678807079,0.39135218372702457,0.8983479371380284,-0.7251073111576364,-2.363890152799729,0.02882960036852662,-0.1392904076777555,0.649041827923301,2.326172201868156,-0.04775319689753121,-1.8202678093096147,2.740945679828732,0.45588286066991146,0.6623038410002259,0.3611444309557632,1.0561741839030934,0.5392615235945072,-2.620685861835233,1.0089013462237337,0.2084129551047662,1.142481548233233,0.804403599103227,-0.5423946907326967,0.6922708227271422,-0.4754651310226746,-0.8239125816834396,-0.5109197568496594,-0.4096515184922595,0.685877691836035,-0.8894835829914038,0.7337389459532462,-0.6629289458231448,-0.544879983121211,-0.18070877618886047,-1.3101340077616064,1.6272517463976792,-1.9879573090611455,-0.8751023624613563,-0.6156985582588279,1.0173789666216746,1.8601472631891611,1.2221794383407492,-0.09715774433547053,1.2028551378090437,-0.3857736245804361,1.0787840897135634,1.8883840657876918,-0.5605437719860447,1.243516024791757
-1.2375121988316842,-1.126197688369099,-0.7885566494831296,-1.5470746981469112,0.14151213669204665,-0.9827524155669882,-0.9632219217603777,0.2231573126164569,0.6802962053631236,0.9281154536697094,-0.6694878883736248,-1.7784419657634223,0.6971304313566344,-0.16394971770228928,0.417455320040079,0.929647438695873,1.187054933505666,-0.14683341079807147,-0.7308436974240925,-1.26036220743221,0.07604851814958342,-0.011934692820841983,0.44336328970451766,-1.7972472706983387,-0.8496447834285236,0.9254876705792157,-0.7579303900516164,0.2980695651587595,-1.1998012667227578,1.015931230019799,-1.1653393019848357,0.1941305425945552,-0.10153656337627759,1.1358503220136726,0.8884261442219566,-0.01845674380558372,-0.5801986936010104,0.4798307087039429,-0.13771414739026405,1.1730167367877433,1.4347162271864273,0.5490689367242113,0.054009347123514295,-1.0134777330864364,0.295745079200707,-0.9095317782679724,0.7052139451938422,-0.17126068051818663,-1.9025281808853314,1.0207371911608838
1.5819933184454862,0.16110714568972703,-0.5957848987197202,0.7170113532758194,0.6060284696060949,1.2940515825298036,-0.1810783865661455,1.376209470834491,-2.119997425130912,-0.9338186270316289,-0.2914741548052705,-0.06156513362430457,-0.355799235564121,-1.395790010625361,0.18242425188212305,-2.3788978398854925,-0.23482884553197444,1.1502224996071535,0.2590681406109131,-1.9959384094497306,-0.004749640793039224,0.04585326549110733,-2.12503886329986,0.6780770652879571,-0.8328943445707696,-0.9610778302740502,-0.4466428473359702,-0.31327715411246276,0.045055935396238776,-1.6701475654242781,0.6183055961766697,0.6907975207954663,1.759291623820469,-2.2500354139854015,-1.4484449518251181,1.7087225513460738,-1.477055897243173,0.296138758068917,-0.0912314848578793,1.3698099888821407,-0.6631535944512537,0.046316074593389114,-1.2713030243200047,0.1829666362028759,-1.1686785969673954,2.0613374217899714,-0.02011958113676744,-1.0794303234681275,0.9194051098925533,-0.2792897299084847
0.5868509225184101,-0.6183311038343831,0.11622823141235979,-0.03726123989082026,2.394285110088091,-1.2463790216890118,-0.07411126272745418,-1.5731375115603912,0.8975685172176825,1.2284640320127866,1.3084248073107618,-0.682875645291784,0.669918190544075,1.642636864901284,-1.0111651415164085,1.0066388254505123,0.08397017977936594,0.45261233811255436,1.5385847580647654,-0.13993921677653598,-1.1967521381538195,-0.008228220906778081,1.2753537562741488,-1.09005236054222,1.1515839839827076,0.7709136229181213,-0.2532742469741198,-0.5305723482833727,0.22404724805670445,-0.11834646904809089,-0.6641071955254607,1.8728951780165808,-0.18725462965433565,1.0726037768380714,-0.2453841881416641,-0.35727143364668223,0.46225183135998854,3.2038699803700226,-2.9628791391491403,-1.381552994441074,1.4375444359998772,0.7724588227986958,0.48224871845358924,0.8922242535597329,-0.5823604261112381,1.2504609403949807,1.2275001001742993,-1.8220961858000788,-0.803305436976864,-1.2055223294940596
0.3798851718556243,2.8748397780723907,0.11556064301537826,-0.15464093376921617,-0.7564518494621815,2.429235102636576,0.05047697176617277,1.9799074087804165,-1.1026166393156631,-2.060829196218797,-0.4521771647842783,2.2988774762022453,-3.140843700720905,-2.0305047136723275,-2.443314247675905,-0.10318667453169485,-1.8765131901602958,0.44520842511227804,1.5590419028049676,0.24518695988174777,2.674931822058139,0.4290990914295258,-0.9030750350633325,1.7308038070152,-1.0948715705618282,-0.011269742683846362,1.0083129927907,1.2362922051196965,1.6029769227959207,-0.22005081950498848,-0.8244552287761274,-1.7074729717538226,0.8552257567383215,1.0641479277171837,1.9660302622227364,-0.6549431143115498,-0.9006919750795881,0.09131335144162353,2.523720922944854,0.07244121829960637,-2.1937102104570716,-0.5109128851095734,-1.040246919460358,0.24339556093981082,2.0047944262813817,-1.2724192872340871,-1.4773336946453117,-0.042666171886380534,0.8221198895837046,-0.8045938246909198
0.7268637260367347,0.46335858585815204,-0.4103893335776661,-0.3361640039307719,-0.9591229507266148,0.10749513356626954,-0.14120905732202607,0.04358922648153653,1.5647281196303768,0.1640462147781035,1.2580542995272104,-1.0795447518619388,-0.3072836691891422,-0.7089522394395203,-0.4731456523973515,-0.21713581383549507,0.9052169686570355,-0.15020599341258253,-0.8860108400644341,-1.157269006816524,-0.20529931761036654,-1.0249825966222983,-0.19325244212397544,-1.0479778298120583,-0.8535957035079874,0.8500970057176155,-0.758156443121856,1.4124137560186363,-0.8261794159927931,-0.3286495071141019,-2.195823708975766,0.1472005002314095,-0.14948826291701342,1.3949898335185487,1.384895047476387,-0.7876680231756243,-1.1297818128214485,-0.7875445263874739,0.3575832397765666,0.7614665717932246,1.7651657750690737,-0.7717846101935535,-0.2746421382940821,-0.8502441505212853,-0.01981174402228362,-0.6291838885648271,0.08293153813489995,0.6274272495860662,-0.4920445160378992,1.399163130952243
-0.6284808374000255,0.6621017041089503,0.47918840288093417,-1.4460801696425312,0.008935623039078938,0.7117975959776116,0.8131787912106417,-0.9604005338188284,-0.02656136319807424,-1.2088194116414517,1.5531527456701553,1.8369135047865948,-2.6717551742079544,0.8554490386301821,-0.15495753005171226,-0.575518663058677,-1.497670950281697,-0.9644218166702975,1.6237661823871916,0.5314992366582593,0.3795236472113683,0.4065279472233291,-0.7398118376037,1.0388358828619433,1.0624702916561095,-1.4469947225723438,0.2947456844494953,0.281409931407997,0.8220209615863732,2.059025525299136,-0.45554863755713004,-2.370437768376838,0.10350027372272735,3.8171135533714238,0.2743679620859899,0.35131034033246833,0.3822050919182984,0.428605732916174,-0.5795298846196894,-1.4904497850925453,-1.1791934744479093,-0.16711015389270464,0.15505450867222828,1.4314519633053062,-0.7478679640712051,0.2307308452778479,-0.6475564034208385,0.6979480339619153,-0.9350105390564389,-1.2143497594058978
-1.0979612617691583,-0.10269611088686158,-1.0545425612727446,-1.2629375519474135,0.8900797568863914,-0.16392060410915904,0.4776699599262268,1.099065102644644,-0.798213179412843,-1.0987475024868831,0.8123242144263533,-0.6452450737583849,-0.57727851581667,-0.2730349327074912,1.3763753517878665,0.6996040492483186,0.27080605987967843,-0.8377707481266226,0.6110580542966304,1.0750284068125275,-0.3213904108979189,-0.15861955232478694,-0.14933708060458328,-0.7575156909898443,0.6891646738391707,-0.9531607921505862,0.327206157274306,1.4725255083095787,1.2987664229522404,1.2351642835394125,-0.7949280336783041,0.3831399502427397,-0.4678537782972693,1.424729507657621,-0.3198409355530201,0.4425568848897738,-0.012533332593987222,0.701334730362622,-1.5101381561087122,-1.1312638622147277,-0.116692572063744,0.9918242428876717,-0.3363254984248291,0.6290455290686693,-0.86060979376622,1.3737725686340343,-0.7471594231413096,-0.44360474400163796,-0.2072555097501682,-0.3279438963712336
0.5983826265505249,0.006225513810167924,0.19658679236681995,0.23641144960653193,-2.026092276576146,-0.8849795675277904,-0.7091305309011764,1.6654926760174964,1.3789253684763283,0.9990477194532831,1.2883684884641173,-0.5161658534204739,1.2519218720897465,-1.7915330182570348,-0.1570044613237425,-0.4762950297989832,0.06383237404611473,1.0149432595756214,-0.7015591671023778,-0.2077811934790243,0.1910515927763762,0.43292366512195585,-1.7864030315970107,-0.45687814876460553,-1.1910348627016685,0.28400790459337466,-0.017852186582393837,-0.6973121779946332,-0.035192570171597735,-1.125879005509922,0.3565614761168395,1.4044013238531028,0.6041926206941658,0.9545625093859179,0.07646130249316134,-0.3127404768955862,-0.6531915597023964,-1.6281844870922977,1.2747361972359872,0.177147190877139,0.4586636331126315,0.47188198698944617,0.3575280022570259,0.5345579871459205,0.2642839886828514,-0.002104367921602626,1.320653860768602,-0.7653521811101921,-0.4623764877323835,-0.14745117631947396
1.7026883315289123,1.017818630930366,0.6065834688315525,1.945525834857931,-1.2040645873279616,0.32843520845864366,1.7578302968639334,1.7292446786087168,1.894612105504798,0.8411720105838257,1.154375261776989,0.27745764582653787,0.0220864683979023,-1.6676461824696354,0.14852543165398288,-1.2595860693593735,0.0961629531983997,-0.3611437082028695,-0.7897253317822718,2.06158684952055,1.3117192697186142,-0.6258797940917189,1.3660368680859618,0.4389902633617113,-1.2030908308768384,0.49093343817953866,0.10081055910343588,-0.004575120583723686,-1.4153970735671153,-1.122692191071217,-0.42315727019946314,-0.644371315464811,-1.1838404647223284,-0.0505161137555399,-0.525365349588204,-1.357844312645746,-1.966006891002624,-0.26577823398999495,0.46207327116193697,0.1859177388981879,0.23591668851369596,-0.4445390033257991,0.601846112726714,0.22791541772862325,-1.0455001489144373,-0.5033376771459573,0.15939826427861029,0.773060166985016,0.3403995760922981,1.2843918408580917
-1.0057156759588168,-1.024044949835331,0.004397796021356365,-1.9529449890127148,1.5573874397972978,-0.9331090468580472,0.4010238809594803,0.5543250084669553,1.118608429205462,1.1222415156926397,0.895504544708821,-0.2859989564996746,0.9776831008532701,-1.112610952835642,-2.0163895792916557,0.04654018220793451,0.26261919180338283,-0.3961785851161011,1.7539455448829702,-1.0154487190185852,-0.7087531392088565,0.33639374864523314,0.8326220214297955,0.2570141304907353,-0.34890366074805845,0.762597238578689,-0.6676604953547925,-0.3514624672153996,-1.377853312773911,0.6023828219301478,-0.39398053950482625,0.6072979759794582,-0.5596448849317872,-0.3015690949706278,0.6088194516855429,0.29621726225387845,-0.1499767740320697,1.028630093602374,-0.190014397972345,1.7929593823684304,0.9900110090278627,0.2194727151712917,0.49862141809975424,0.6768644582181214,0.7763348047714616,0.398316448877477,0.4837593856237284,-1.6495601645447444,0.6238204449903233,-1.3870570219806666
-0.01998632126781306,-0.6465283681294244,-0.7165328096331828,-0.6822687398510486,0.4897430684325866,-0.19830020245732063,-0.3177681629618147,2.4457280900814027,1.3955784328821417,0.13702081382880246,-0.026984481323952193,-0.7003177459666245,1.076685993012406,-1.7018340882637266,-1.3567879731184558,-1.19802316203478,-0.6763538381427929,-0.9116100553305753,0.397943719718178,-1.429264618620227,-0.15628853000812465,-1.133783460919628,-0.5444391945845636,-0.13041278743761606,-1.1870850767074614,-0.2753021751156815,-1.9212635951807757,-0.11194486468522519,-0.19688312392294846,0.467542369327614,-0.8966359605360801,0.8895031808088307,0.5968042211263456,-1.7450722422481173,-0.41768417264540425,-0.4153506290261359,-1.3797150212474047,0.5640032866321444,0.5609006769242694,0.08332401898248094,0.8491657445352634,0.35313798728151263,-0.9966708448480962,-0.3016483199887266,0.9435777124404418,-0.7048347843433567,1.4115785526610265,0.011006989463029247,0.7252852364043982,0.20461280502708587
1.5415148521050124,-1.5321749283524924,-0.9781594932576537,0.6117794061243147,0.48289908629356637,-2.1398395253979143,-1.6449446497522637,-0.17531394523522179,1.5311383254838682,1.5824883060531931,1.2407050617958015,-2.004183969911723,2.585614601876141,0.24870004286795083,-0.6320302215665965,0.2630098288161667,-1.2151665811083405,-0.0953352267691391,-1.740154632349382,1.0783351802529895,-1.6422735302185179,0.18241077692116944,-0.6324352420770359,-2.0277283812625617,-1.0825457767336542,0.7573349299138058,-1.0571369980814638,-0.04261285650307753,-1.3146778464219462,-0.14342064713520467,-0.07100684324036544,2.667475078763724,-0.9611055022131075,0.2111638141646876,-0.44498314192175104,1.4843585188075243,-1.7092776488313082,1.0635678033645708,-1.1037248936693533,2.021776394267862,0.9598761604328749,-0.54716440088557,0.12137453578987309,1.862367333298351,-1.7760158427145398,0.622941909583755,0.8379801254723293,-0.5267183991411629,-0.1173560739202439,1.0088780004447853
-1.6272415489186354,0.20940624640393787,0.5233875670469545,0.7501132849260775,0.8411167168383404,0.14843361913616765,0.39385193855948847,-1.4090753574471608,0.16515294330673497,-0.10654722771308825,0.7646444072416296,0.6180734407493456,-0.25369428287435725,1.1984921797574315,1.0622863420734048,-0.17205893246071277,0.38826175677522956,-1.7316684917929275,0.7491087937609994,1.831344786413608,-0.1649705640971063,-0.9006248030419114,0.6787439770905708,-0.15762417925041272,0.8967925044792584,1.3300655011720524,1.8723385768768142,-0.41980321018650285,0.6765627905484466,0.587620367480726,0.8264757267528765,-0.3246073243268643,-1.693899637072391,0.4333615078235871,0.8178046621605461,-1.0649146668075091,1.1434912790985807,0.381526238646363,-0.310074190749601,-0.23003742514717923,-0.19342191516012472,-1.227905509854077,0.7140617462085175,0.7838271246343604,-0.22220699210336184,-0.1596451234166575,0.11290758199013536,-0.8238933938235317,1.7526356604153739,-1.8497854652949561
0.6118017149773086,1.223429012753358,-1.4207485205034271,-0.3439603355202592,-0.6963310179899368,1.4555036505917793,0.4562162425108464,0.7284547106299359,-0.29734058349490833,-0.8579458501890592,0.6749554455532063,1.346099487599894,0.05008137708346036,-0.7258273156548167,0.371113540508124,0.24940684820837866,0.5730637968187855,0.4804658120613508,0.6797188292219457,-1.1134542709295427,0.7265519450121279,0.08238114159961003,0.31537098567668553,0.6474816087906984,-1.228997554032826,0.002942904388701955,0.22364176100048985,-0.2908258379208954,0.6155257013562845,-0.947677496704052,0.49215917490806677,-0.5763399672971756,-0.38744755574652356,1.027664703684487,-1.276832786166272,-0.1393581538220673,-0.8557927708542546,-0.7385231532430918,0.09566125231664402,1.157734047306101,-0.3374926772149515,-1.1568215160094588,0.22019795626708843,0.09825665292367572,-0.2704597695750573,-0.6782163530667359,-1.0693831737923176,-0.4713707521556488,1.0384620455717544,-0.9689126070913769
2.371505766605732,0.8458983276394284,-1.2286363697016205,2.515189205828791,2.4879905701985754,-0.005318305196401789,0.32470894845921555,0.15574914732371684,-0.5886643137100342,0.6780125714542558,2.2210937283349366,-1.2113269039379373,1.6184397717918035,-0.03001104548125736,-0.25799105196981753,0.2672200598363447,1.7353214109470256,1.8114273260985705,0.6385181005818644,-1.2542591530723586,-0.7852497477316188,0.6530184460180217,0.571785859665515,-1.2153441472487025,0.32465034541179616,0.3903136540150956,-0.37064157436007533,0.3129514258903908,0.36465109173677346,-1.9393383527596504,-0.7995311144780888,2.341901916989066,-0.28963893818939473,1.2313630231944814,-0.5754213808822383,1.5092138418063485,-1.0437449482642263,-0.2199175736291101,-0.3121513825076654,0.0032259078047796657,0.4631485266260481,-2.676145384713058,1.4036866604334242,-1.8272131889354124,-2.2949405497871793,2.2844512303082185,0.311468659152504,-2.4002065436171662,0.26939423312325844,-0.6589208113889434
0.7160115909392577,0.2561995692912088,0.5620694619274447,-0.677186102501482,-0.7287173414197127,-0.5147514207463437,0.4445726723165455,1.0965039367034197,1.6942841950862977,-0.034621208690218896,0.6728310795853802,-0.7061499730274239,0.054132919772950504,-1.2052605065723043,-1.9424225469870822,-0.15860032230021265,0.145037044908092,-0.7175191663499587,0.38830076318420537,-1.6035906502071635,0.11792812302785899,-0.666282961446316,0.966841703424194,-0.29131778910451644,-0.7693567763001722,0.6410290156331402,-1.3308635528550408,1.2504266003912978,-0.7208851775693005,0.6026774040326077,-2.2028752638641573,-0.7833805322947477,-1.2480329245228536,1.4422880461630878,0.21009543028365218,-0.741828774304696,-0.41793495042406886,-0.9451150497834305,0.608615852909568,-0.28579284545128014,0.6973485787763204,1.9985534184281073,0.023611975731549644,-1.1338633006274046,0.6698965762900984,-1.1561109900304407,-0.3529125518121691,0.431544446750749,0.1400916937928738,-1.0988214507993546
-1.9933767119547436,-1.6348112115425684,-0.9485932940982906,-0.8434458668616219,-0.25399926185747895,-0.40167302992175863,-1.7671777057418745,-1.5826736787470426,-0.34152437225739213,1.2409153008700693,-0.6227129209504736,-1.3843374353915054,0.9050294674051953,0.598471894898657,1.4327162903210204,0.5368638152196962,1.820779897831121,-1.0505291552439537,-1.2976284856702174,-0.04885154320563342,-1.8678592269690883,-0.4159015424937144,0.550859671780689,-1.1875046729771053,-0.620003660328152,0.42913281649698254,-0.5316633681933051,-1.3529248926284614,-0.9028330736837854,2.195672857071685,2.139747074918852,0.6511359581688948,0.0709972928940345,1.5743765562518988,1.5153262968889005,-0.9677061516712029,1.0202577536240653,-0.6038027264174595,0.7523166425077357,1.2791818314390777,1.4009338536858347,-1.9873581675971137,-0.5232593947824978,0.5197416687086155,1.01323101739928,-1.5207260956124196,0.5005919682933344,0.9399117941909108,-1.082633811141784,0.39572210608448305
1.1738147448033056,0.9602918483856006,1.4775072497385087,0.9787938730041656,-0.6247226431991199,-0.017528387180675224,0.3894422243105155,0.17833403261337025,1.1178334246943116,-0.8466773108853214,1.4685290252295318,-0.4670760962633207,0.3450560126791841,-0.4556597029204382,-1.7702851455740163,0.278268705677303,-1.5669353446703254,0.542866900016013,-1.7520981324147695,-2.0772973832744044,0.6725698822581855,-0.768416481737952,-1.0921592070957853,-0.378482296130942,0.8262864802688693,0.02757433731311168,-1.4160474582622933,2.8441617196458364,-0.7745673568120134,-1.892999761392777,-2.0511876438640138,0.03891138804555391,0.850930126728962,1.6675322866759377,0.37241408909558704,0.33032799354050285,-1.7300083513069588,0.10460648551078827,0.11002746534413481,0.045712845515022,0.8427023009828537,-0.5078710670834666,-0.6252083141206274,-0.07913550200548516,-0.5593364271223632,-0.45604736803405693,-0.6427448535489876,0.2604403818626312,0.3865947629486636,0.595019786986575
0.2555622080685742,0.594416468542224,0.5861835219507073,0.21694603455971787,0.058203572242372874,1.767859846083233,0.3911919507034062,0.2136186327506422,-0.6280130386275349,0.558402471621683,-2.3168045164286597,0.9785064251595429,-0.49317630841665766,-0.5335685667145976,-0.5572818857032616,-0.6845477755543246,0.41619590777257437,0.054656488732921074,-0.13245694994569773,-1.7234527382665197,0.9827443095544599,-1.011222722435209,-1.665890862659356,1.040363619150451,-0.656920546835287,-0.12418871190231358,0.1195735195229299,-0.6987042585517487,0.46570242488851965,-1.6355787236985928,-0.5878879602162363,-1.6864645121145279,2.053102987807357,-1.6423265912237808,0.5028488284686694,-0.5694517877632214,-1.0998522962183659,-1.147010076472269,2.1462823320445574,1.9198814302515268,-0.7881027636608688,0.2495243621151529,-1.6468351901498384,-1.5102488870963355,1.9265386939815108,-1.2855776618391577,1.3030867826771566,0.4875807069861998,-1.091862146537376,-0.24653340832280607
0.1795557978205275,0.390711165660333,-0.5362736599116249,0.29810444516892154,0.7091680339196796,0.817630004858565,0.22040995230564642,1.056566400064835,-0.9896920791413681,-1.066484660040727,0.04293026264537575,0.03476693590072241,0.25367717074020196,-0.37679696258413764,0.9495799047163781,0.11075396805934505,0.8680103985350672,0.6249100981214446,0.9199954111816532,1.391280249684647,-0.058957921015021945,0.5964393794209442,-0.8247701450589711,-1.0735012013378118,0.5881989099806839,1.9401284089509754,2.545214182531327,1.1118574807441854,-0.37197155592063136,-1.1957731380024077,-0.49309420520888203,2.1064392180686737,0.10979686012018187,0.030980482469126852,2.6556750025972105,1.0633716237455482,-0.14930507306154742,2.1248673900408663,-0.10047557220152069,-0.34988851862732556,0.08056945820560317,-0.05428093994917157,0.6161451790123758,0.4061644246323503,-1.7821955553642252,0.43024373364963187,-1.1466759103874518,-2.363763527921816,0.3188815753956974,-0.8563705798913973
0.7192946454084852,0.0699149137282281,0.7212152978369304,0.7279457190248164,-0.4243463845795978,0.7881454446809097,1.1614890020208783,-1.5868336989943757,-0.6051725395022083,-0.18083226192148344,-2.145911542991136,0.7789629924894542,-0.3994779532212504,1.6919136638955872,0.5874937558465814,-0.03370100570576953,0.2023274343183084,-0.22429538760661016,-0.4784428260497423,0.6701522025615687,-0.08753610402069802,-0.2508542937930796,-0.5353086209308598,1.1473898430053844,1.979407027319679,-0.637951562644289,0.6032660466563073,-0.22259177885757742,0.6027212623437361,-0.4900017691458014,0.05786652895155567,-1.0258124038347054,-0.11857782088952748,-0.6054366556808892,-0.4048183805576128,0.14818765121291896,0.8106438125207683,-0.858861605204631,-0.3732166334296709,-1.8634024543117411,-1.1386058625058701,0.013524499962083325,0.6357781252468274,-1.4493942210861293,0.5645233713123902,-0.32173836363647873,0.3587182786508104,0.18395061987739927,-1.030743687724379,-1.647180142391567
1.1743088537449144,1.2865438692403717,0.3389836939493086,0.5298042499584492,1.4275986500381388,1.5589549545043804,-0.26909343315292616,-0.38061998019301546,-1.0108017915184244,0.5657231327489093,-0.23217219903954195,1.9830534322887552,-0.44743839975268784,0.48120812649481004,0.022394755455493964,0.17093283054637892,1.2575329004596272,-0.8550416873631312,1.7261007247816833,-0.47779199258548766,0.5962002809775353,-1.4400062106392075,-0.03824178820049551,0.49146747413752734,-0.04032753002725141,-0.14368001424745525,0.9981423562166748,-0.356894219905176,0.3232924338391253,-1.7315649150048842,0.8490318592623934,-0.5199782021108375,0.6200444410470564,1.9389237729345763,0.29365972788035255,0.19378658046335806,-0.01682589626420072,0.9583858540957857,-0.2782863634777382,-0.5744636772115003,-0.05522075637431197,-0.03584302308171848,-0.5106603051008198,1.9393242983478924,-0.11645569780713953,0.20080044575850245,-0.08896218911539959,-0.7093847024934722,-1.2185928466767295,-1.6622174503554907
-0.03519355728201906,0.720097569426277,-0.19194049678331762,0.6271241416596571,-0.024935095925620276,-0.8070834353188086,-0.0035629312286089092,-1.0302771960974446,0.9570384044023998,-0.5666757140900388,1.7148151039081185,-0.8711049869551558,-0.5494870332525547,0.8573662381690854,-0.36490543986786644,1.0305381668289852,-0.11388731738305853,0.7559777924760492,0.15047998180441757,-0.4677936494275049,0.35363805054446734,1.3690931058501585,0.4069666501117103,-0.8094043740913929,0.6422064683402843,0.3582181535681386,-0.8043631932391646,0.546945332815808,0.5292946571936614,0.37219564457776233,0.2904610639856248,0.46308730652401453,-0.46354482054632373,0.32749922965215533,0.7220213573143544,-0.4705149930672463,1.166367149678947,0.4835430068417059,-1.0870086337490812,-1.0066261634048201,0.1475113529638722,1.0021363530349396,0.8496412376835545,-1.6576981752162159,0.526866814912832,0.5761457978509016,0.05939898276512007,-1.4010157656744817,0.5336327865979137,-0.9661849820627475
0.42600723898503895,0.9251235898689875,-1.1574427494744746,-0.4636653248889191,-0.44838085973239766,0.6672773293305317,1.6350436412770772,0.11733512645163367,-0.15411083669510708,-1.3743104246560074,0.38878733702617946,0.28865938459939283,-0.031816924604553966,-0.0735447880296936,-0.6987909467326592,-0.8920725819999733,-0.3067948157702049,0.05143091986365416,0.776051647496107,0.3246869072186634,0.10982253697954608,0.6741586000199623,-0.21524087134262063,-0.05644892261256112,0.6939819976566378,0.7025499377584884,0.3046707804828784,0.893137893221488,0.31010780893886175,-0.8618885320639401,0.07843837339047924,-0.3958598677587602,0.30378718809665595,-0.02076787828712671,1.5561386410797395,0.1350704638478285,0.44123586337244836,0.29836128230296843,-0.18206223978728317,-0.48534232017183593,0.41905008935709603,2.37084799360028,0.058291393376409456,-0.9685223541030821,0.8349926243887478,-0.23342748814308276,-0.6277779614047516,-0.5744233752523924,1.3147969332608833,-1.6564975109989704
0.6290411500479395,-0.6578844073649535,-0.11116767067283363,-0.6374400280678834,1.553698513903344,0.26566608517002355,1.5426676032440125,0.8972191886714074,-1.0315778998022076,0.3969024206732815,-0.49562438505840534,-0.7662417311835528,-0.22762954199541002,-1.35418697792401,1.521636748427929,-0.8008600065818203,1.7097959383585195,-1.456419077206416,0.37418937956224974,-0.13958003677958736,-1.1354879840225454,-1.2277148883124662,0.8843439726847421,0.20931149310788627,-0.21475933889616652,0.19986362713959224,0.6572602639327451,0.959716879168847,0.175104452031574,0.998825957209706,-1.2995211960366777,0.22838453632166367,-1.4676233983603086,2.2080679654958986,-0.2862902946167134,0.1698678899634872,-0.11277781605502445,0.1351954221151467,0.47346862588560246,0.412690195102053,-0.33572008725401414,0.25750151134952604,-0.1608471621763269,-0.8918363757953498,0.26414610292330015,0.8769975132396779,-0.8710859186034743,-1.3675290471253458,-1.2025882503152368,-0.08204213885226846
1.1749335337317943,0.5404841945395731,-0.13077955696682902,1.8395166473350284,-0.6542781907289414,0.9788806811113265,1.8991126009291608,1.8277798384847936,-0.030367469753713038,0.2462361966492661,-0.3913070692305353,0.4186838510963283,0.5357142112838144,-2.3756369541049414,-0.9670848386433307,-1.4663968578300806,0.6522734357574284,-1.4924038496227527,-0.46150198168904594,-0.4064894615714189,0.49359875154602556,-1.4808102064285966,-0.5649702511782747,0.680385284484041,-0.7704979844946386,-1.6709091648191823,-1.0352638559516105,-0.17686208007156984,0.35720556557243294,-2.131179136076095,-1.4255822133378606,-0.6322533702129018,0.8273976487785397,0.6377676562260407,-0.8380901845626855,0.1301964295873551,-1.916717550347185,0.05552895794641897,2.117364618848882,0.8686217889567144,-1.517555655656127,-0.9886255037775143,-1.9237614666828942,0.9035592737104449,1.3628840152099981,-0.7721238674143001,0.796703461652568,1.1182209825040073,-0.6854688956599049,-1.0689189552013028
0.45305972658599664,0.8546377635107505,0.5186776703717396,0.621890282843699,-0.6733220922831146,0.7669828624878944,1.3903448615544811,1.1031622638817078,0.10777630175725839,-1.23292527842968,-0.6594769339814344,0.6768494067934898,-1.1335192644126384,-1.1857015071972106,-1.1079425416390494,0.921940370096753,-0.05172693155772411,-0.19799142009040235,0.8400042330676224,-0.8167757496823117,1.3534737188871586,0.23788447661290463,-0.5012671798363214,-0.2647567591628995,-1.0579067425264466,1.0927880354476969,0.23762243711765996,2.1063610366386225,2.0808044820112217,-0.8196046618213348,-0.6061829213566283,-0.4799630089062004,-0.20629949776697581,-0.5694839957183176,1.3897762389268615,-1.444370835540817,-1.2828438109028588,-0.5437379188681123,1.847836861526923,1.438609457507931,-0.2536307122909487,-0.05563281415037403,-0.12323357366715758,-0.2545305073014113,-1.0341652188463177,-0.6652128199722763,-2.1249843196785774,-0.0906117853831436,-0.46825227399881925,-0.5584747885342479
-0.44664719150410276,-0.055784670991312665,0.6270508342475883,-0.7285831704222352,0.8844603929930533,0.7106891941913106,-0.2363595572601486,0.6400820202725914,0.22224685882279316,0.648507724597422,0.18124183299515395,0.48953110855324533,-0.4436303857100032,-0.2405745991744938,-0.5268683133612783,-0.7244785765307533,0.6111537144977447,-0.5428853170438985,0.5936833245825004,-2.7794220278680086,-0.22250389937723158,-1.1826866985639395,-0.6882393673402558,1.186189350521875,0.14719898638175688,0.41535764160699146,-0.4515758996404624,-1.076174281651806,0.32055956144230635,0.36537649243190873,0.044830739271001806,-0.13201390037544647,0.2546063020164087,1.2183346584640282,-0.832940206034111,-0.3255909022608405,0.14174776454816507,0.5924940307563854,0.41393370446094563,1.1561893457886188,-1.204418952008608,-0.24340317948235335,-0.6520660817920719,0.5670792524417302,-0.12246650993141621,-0.21632497903560755,0.11518418490822357,-1.3797013364353852,-0.5941672400419592,-0.7305669738328305
-0.745550700278138,-0.7147192760243819,0.8055943918752905,-0.6919528469484705,1.645722043122061,-1.3341349425909692,-0.13078739563039943,-1.7482268513378787,0.48841566062586345,0.34369132373617844,0.7324166916870297,-1.2067230409252492,1.3523395009065544,1.3584205478786193,0.05192775846139936,1.6888553287283086,0.2540039663784892,1.1147859440510213,0.31578825249086195,-1.0072080490625221,-0.6627490580185981,0.7943696196263343,-0.25214462076274236,-1.2070121915796312,-0.6594664615871118,2.475067094988089,0.9228150199782243,-1.1151162236206007,-0.7542538444168806,-0.7420313559087085,0.21253070596785525,1.9966336410731864,-1.1319623340449363,0.2442083948832361,0.6772785118170433,-1.0395551647962398,-0.40594359884600184,0.8700705595660263,-1.2234825767979378,0.6057112043451379,0.9711763895719152,-0.3924418627542104,1.7829289380958393,-0.1461930877960839,-1.3106255692786044,0.22158441852992738,0.3231509747674911,-2.0188583124511403,1.2987471205869567,-0.5127371336959556
0.09522302974158386,0.46684476944189685,-0.27919464361364804,-0.8356280811017905,0.32000788716702394,0.2882817472699222,-0.2998944388928099,0.5702890118517766,-1.5283558875904664,0.18745208935554777,-0.49016744227961484,0.8309748237872013,-1.006249803962525,-0.08626324860184173,0.47983194275701907,-0.09466088867896058,-0.07466379075893521,0.7985246814091358,0.47750310896295195,0.017246742190777254,0.8005745959043771,1.3875206809203684,-0.30398614683162073,1.6672976348118773,-0.7835139010060647,-0.08759748514480671,0.7606156315797215,0.6492022306368377,0.5008364791440136,0.8451360554550766,-0.033961318084288615,-1.2316394167738818,0.11641373685574875,0.23232637940155496,-0.9614109824674493,0.03728021704021582,1.0869711022846367,1.8555652563667386,0.4846694676376929,0.9218613084755017,-1.0169805138410895,-1.4924943337685037,0.9721055394593869,0.7898041826668671,-0.1265576458523818,-0.2833570849032643,-1.0423026337570742,-0.5502742351384243,-0.06899144037180066,0.08683811590796693
1.1346852829675789,1.1046404167414692,-0.2950635933498792,0.27374651797370625,-1.0401926521105147,0.8517897737149789,1.0772200471644986,-0.4475315478957926,0.19289715639768856,-0.9850290221844361,-0.17101050692273523,1.529326049045492,-1.719336381231954,-0.23527930204776187,0.22478125347732936,-0.9400706677809821,-1.3684473246844715,-0.3704166967530851,-0.5426124060748191,1.1117573515776407,1.946790262185085,0.4619394057534306,-0.15254190509377186,0.5467212647645967,0.21326380167690714,-0.023816006252115204,1.131389858734559,-0.156035658354524,-0.02334241472488811,-1.2124924950906781,-0.49059761235164867,-2.402338744329606,0.1374636155906768,-0.8130240276561481,0.6800512091769653,-1.7560682572516333,-0.0513411715342284,0.3025817605259988,0.8796749416123927,-1.6651727939761602,0.11952041134521915,-1.8882493397070796,0.5648289775543143,1.3648467697631592,2.0241163403017426,-1.442976284830318,-0.33275994505539835,1.320092967966221,0.8368825973091879,0.28952021889705276
-0.9078437973924351,-0.8014199676081796,-0.19270668446461203,-0.10089136329923956,-0.6723522871030143,-0.765749361320659,1.5468886759597305,1.6591013967931367,-1.6819854859778303,1.34130834771481,0.40061669091860824,-1.0360248436291888,2.6102629955578314,-0.5932127116415001,1.3268344373601035,-0.32039892733952635,1.139987388916731,-1.2224342058471986,-0.9830387577256348,0.375787107333058,-0.22134327649008684,0.4105525658336556,2.37681852437246,-0.6767226279213194,0.19824990721203828,-1.4382564922040377,-0.6128522140500973,-0.9954662509475117,-1.59717081279645,-0.11773039332956724,0.7469875037888758,0.9858221101452596,-0.4353082451358417,1.1782860821446421,-1.2855542009195897,0.2712756202858409,0.8391180426456694,0.5490438350845684,-0.12218620239203137,0.5473352830564342,1.3673785674058487,-1.4689775191845698,1.117432147880653,1.1907964689614197,0.032114677609076984,1.067725901750137,-0.34101816211694475,1.08699061579747,0.11294494981868816,1.8437287842345624
-1.7387057013667038,-2.1810297897526505,-0.444208012260657,-0.7056382853608176,-1.831639453377884,-0.6666876604354254,-0.9967443853563885,-0.9816027917621605,0.06652317038548466,0.4506343432254405,-0.5538618437175593,-2.137418216741107,1.4273269111437115,0.5351922011168525,-1.4005171682510618,-0.9921560348908869,0.883628364263375,-1.0773614592537268,-1.943512888411984,-0.6442025409494823,-2.415279476028541,-2.0081669842700465,-0.34036741232229034,-0.5945177723902697,0.5901240222469314,-0.5144323160985136,-1.9914351098395109,-0.8868081551652083,-0.7507990951915134,1.836514184905788,1.145493811795438,0.5254394755318763,1.4533254472855437,0.24418061147139072,-0.9708424367948861,-0.7407213977641967,0.7594134310094409,-1.1491481344268573,0.7276077094615393,0.023408378408427948,0.31758139215072995,-0.6716665232169644,-2.452330016466787,-1.0888381219745886,-0.04385735456295487,-1.475678000868335,0.41020513201447895,1.6124650288781752,-0.38286832490491574,0.3816671238203831
0.2005933233475573,-0.13474460063348326,-0.28062945140660184,0.47920951924947763,2.0320714510773144,-0.11622676617762272,-0.7265326590837711,-1.0212277344931446,0.4517359567451752,-1.333590175108961,0.27351064870478914,0.12472720392202068,-0.6023541629818476,0.9244155308809533,-0.9844321384490636,1.2153194075795068,-0.5290855899175244,-0.6284171980620066,0.6850370536358623,-0.4685989836723388,-1.1935585102875392,-1.2962744375543076,-0.5560556676845093,-0.6600405716518416,0.45720989304658244,-0.06818404752746623,-0.37303688557676395,-0.07289961894626262,0.2783943004571216,-0.6499106147146086,0.009915167329360416,0.4842716967205295,1.4371958488504941,0.809779721194445,1.143109048771886,0.34336149219222695,0.3570735042771169,1.2019116436244512,-1.8317669474272031,0.540289073462283,-0.3386550382067637,0.30365498973135974,-1.990215832721163,-0.4193554842583923,-0.6474569733691492,-0.620149204516614,-0.1300490091544317,-0.36328033423352657,0.29304641999189956,-0.9171189229171726
2.0723034098529425,1.9481347977837749,-0.9068354923169492,1.2375995206813697,2.466856379931929,1.6252435857038023,0.03209440791149151,0.9280027978198366,1.3945926619377627,0.9058395684936194,1.1487310652533853,1.806528834450769,-0.7347249579228246,-1.947062376088786,-0.3220498142574327,0.027073308759196606,0.4796201552362934,0.5264813492579749,1.7710626398741802,0.4548297042732716,0.650005589505635,0.794310841002948,2.639785476107886,1.302236401227966,-2.0855812929707884,-0.17239640209055296,0.6336580860294171,0.6699121752107956,-1.1486736955340349,-0.24403159054078613,-0.9108068778963612,-0.5745716128297277,-1.6903220182771033,0.15859715611618563,0.7606322215418009,0.891718658944009,-1.1063392434373935,0.3856819885963072,0.03803228303752873,0.968991077835766,-0.9761120581099794,-1.8604164043913805,1.9224713232145587,-0.8388818656378467,0.8047319944099691,1.075465403277799,-0.08834097839896358,-0.31332474677985755,-0.8076800666130854,0.06531167738189886
1.367050303468672,-0.5000499437095189,1.3373531777569996,0.24211777533839945,-0.9414347443224848,-0.4783825258054607,0.9044955619964299,0.28955235431778764,-0.5673129417385702,-0.7619725161986459,-0.0031062505502132,-0.761422579865834,-0.04617494288298895,-0.19708728156180402,-0.7112384964842988,0.19993717426531432,-0.35640293790424776,0.0870783233680432,-0.9511215693746095,-0.9572434932660125,-0.5094073233923331,0.631746926731599,-0.5526403211783488,0.19347722942034196,0.484184038661814,-1.043008591200577,-1.4006642246422834,1.5022662072108262,1.423389446125532,-0.2688698381451044,-0.98511759303061,0.8182862576114196,0.03425804603090754,-0.3887338178275231,-0.8055865657697904,1.1105751820576917,-1.315229718058826,-0.5937970134854781,1.81289199862535,1.3759816206335433,-0.31351412993157546,-1.4555094514720883,-9.305550421455253e-05,-0.7670953167021707,0.42349752601384744,0.19995120769133623,-0.6051278216675872,0.6394727740345113,-0.1654744946230891,0.47188122182929
0.9628612120496464,1.0349389404776965,-0.9328245933513687,0.13222883504343366,-0.8409472944350812,0.7782462280512468,-0.6345621351041538,0.5425591586651826,-1.0471999941132937,-1.8863436512991583,-2.2366141693855806,1.19533124884368,-0.7949830563191246,-0.09117953521869146,-1.5942165742107484,0.573561693269687,-2.3212744427407728,0.23593960771174663,-0.017256643450851667,-0.9682541953098923,1.6303305052018544,-1.2902535054078756,-0.09763768914029694,1.32930051061093,-0.5209506521803222,0.24812741406979189,0.27137738727617455,1.499888623199658,-0.015956613476805052,-2.1146206598974544,-1.4203937868297125,-1.0636691416739281,0.6116159710435367,-2.1056246992115972,-0.6283199119049012,-0.31016872053970884,-0.5588787457021128,-1.6822187724997646,1.5811874977632934,0.8027147629391936,-0.15393316790317085,1.0368626148608369,-0.2255757206302081,-0.9270020165671725,0.4519124614738155,-1.3577981466214353,-1.1683802501455687,0.5925256544011499,0.42545119695989947,0.9814652673502167
1.3063056393770267,0.058479851114946385,-0.04455804990051268,0.5320265013057057,0.8327026264064445,0.8715867647638595,1.8811030404771671,0.5243394586743956,-0.3263404952749843,0.10106384300001464,0.21258699843331325,-0.16901152716478787,1.1116244904575332,-1.2023798960394392,-2.033002618170476,-2.9191375527542873,0.8840260953043169,0.739771918287079,0.01853739500545676,-0.6373307303289015,-0.009744573853441223,2.146647512747993,-0.444140157478171,-1.1513531343800005,-0.06260339599308706,-0.6204304611259558,-1.0344549135012489,1.2313606248935878,-0.8697613833393779,-0.8698763992086257,-1.550727998553961,0.7993169798119892,2.7635704048359195,0.04542151265622621,1.2106888290761983,0.7419759802094421,-0.6420956943510459,0.19779359952281755,0.6208188652429241,-0.43776700643102096,0.728192615221441,-0.5321774917845689,-0.32475588270277367,0.3901484537481396,0.03666565102770484,0.5368234246039171,0.5351147335272595,-0.42874059067190246,-0.08016713138557334,-0.43848250230621344
-1.4724817012598734,-0.34630828176578116,1.5767969624707892,-0.6659593776868633,1.125481606851777,-0.7709539032773697,-0.8277143723498916,-0.10024812789931034,0.9450580590320461,-1.7797835290555446,0.9633402009842311,0.11538682079666407,-0.7481074805121748,0.9599647245419439,0.5955049794394207,1.7631353483437047,-1.0186344290499745,-0.07932504244645547,0.05191112354406553,0.6073589130009545,-0.3870342987644477,-0.3270578840143164,0.5028802120940691,-1.0710936195609788,0.5313081197237306,0.0067501483475359905,0.3137049227682476,0.15001090040653797,1.8581869767878079,0.3665995638868703,0.002288179881076969,0.3070226507821438,-0.44543727244584963,-0.4598621631768873,0.13127403797501497,0.6877962603512371,0.9779363803236737,1.553649828241181,-1.5935160207610684,-1.3288889796967986,-0.16633025643852659,-2.6533580292850463,0.093096601297614,1.6244598211470007,-1.1554339863437697,1.1251181882494317,-1.7653819890524072,-0.8931256146165513,0.6977573067373815,0.12189357726122721
-1.0219295200012768,0.054883375969355074,1.6528863887676817,0.008057167532429781,1.004778567355335,-0.822991321328351,0.15050808457454098,-0.9321052488218999,1.4120449387135297,0.8588603598863234,2.2723383585269357,0.41533488032432136,-1.5148569026692045,1.2887920155431465,-0.9489243028404691,0.9934557331200979,-0.7592620370725497,-0.988918903644931,1.136534777101555,-0.6998185047707325,-0.6624119029592052,-0.33762676795919905,-0.11154925948568731,0.24102502599768913,0.7337184157848099,-1.4367375329190537,-1.5711478584330945,0.43098848140632035,1.8527247270385743,0.25446324451733854,-0.6673097068604855,-0.5446572453767305,0.18306158650767834,1.5620539775083457,-0.617706959796714,-0.30924380088757436,-0.541330571980491,1.0442267272721637,-1.7830927538682209,-0.33985130517992357,-1.6486745800114997,1.209957728142307,-0.22876111184409104,1.4885347612406024,0.45835755244537724,0.8619468304613411,1.1550270489536456,-0.9668191634680467,-1.0419102499368733,-0.14779901532172915
0.3112278619369543,-0.004983123627380507,-1.9765488044914268,0.6595781117641722,-2.1614583980555873,-0.2117892530269854,-0.08082564342514502,0.8936058693691861,-0.13334219055092397,-1.1982116136326144,0.613988972886422,-0.4386289320925427,0.4498978439631049,-0.6714599416052457,-1.512759230610658,-0.48312642500456643,-1.0763726850071087,0.5570927854862435,-1.7106488871018175,-0.3611079004318749,0.6292462183617087,0.02825670360630454,-0.31593687627016426,1.1461638543227535,-0.3980625035577494,-1.4071965498507397,-1.544474465757196,1.8328163892894338,-0.5116220970126948,-0.07719709299257006,-2.013179186478763,-0.21660536324302973,1.4271463723280164,0.2460503772388603,-1.5614072135665478,-0.09346633147850872,-1.93628493789082,-2.281532714403602,1.0538717946634129,-0.40683726621607297,-0.9177930343344433,-2.1333074646132055,-0.4771902256353845,0.3277560835541623,0.6822512231627665,-0.7054860796502507,-0.09272237998811254,1.4334086118353524,1.9449170408319183,1.8938813679789273
0.38736779822889056,-0.44139930760075735,-1.0785209363789952,0.24358565116671216,0.20948201673308767,0.4705161283801718,-0.04763946071083562,0.4662857492239958,0.6954132521229924,0.8000068815020726,-0.9198412047932714,-0.494910760500952,1.2039741953773393,-0.9035291609831312,-0.09707636555934515,0.3286835157657755,0.3301794687739479,-1.0373758227511143,-0.7695680717714408,0.473947445568028,-0.18567293894364892,-1.2225035619589852,-1.0417495983869363,-0.34149180851798006,-0.8076877136646419,0.15557913275435156,-0.3494931250203928,0.0797198888407789,-0.5194544265706411,0.07829653551351064,0.3685661820978025,0.1285144762768913,-0.7345339827793533,-1.1212620078647875,0.6328488961676679,-1.0995935228262925,-0.5829657506022313,-0.2858762215712942,0.3585064812859662,-0.040442313790544096,0.11415497461344529,0.37772898609792116,-0.4671470789615612,-0.7408786617632166,0.061702116184008574,-0.6116551782862365,0.13529626715096663,1.0981057460998094,-0.34422533953151796,0.6432309624200822
0.9097913170954302,1.1023936035539905,-0.33577893034942113,1.3157001580000387,-0.04343993320669455,-0.03331061941643781,-1.1892377862572507,-0.18318110259131373,0.47314374768555456,-1.145245061687988,0.4179490435713036,1.4068484450482477,-0.47922698043599493,-0.012632553912024795,-1.6549414374044733,1.7849373409357248,-2.7599037374039916,1.1303804962811486,0.007602074461532179,2.17531632451741,1.3853793188395833,1.315704366372287,-0.7120737409283573,2.2554132335016566,-0.7622032520279926,-1.0017829371160825,-0.3143837738828707,1.3955825047075754,0.3649037485658663,0.19076650197520664,-0.29985846952141154,-1.0335951341205514,0.15522766272607622,-0.6123576961611028,-1.0816788437788567,-0.163833589120885,-0.5602742527206659,-0.4521762795440388,0.27111328147890684,0.38157135955483257,-1.130198047593282,-1.040005376138375,0.880999730391265,-1.6172332960915754,0.7662090681834801,0.44384022010055646,-0.6932940144498879,0.2928677830528268,0.8613124234088776,1.3403503027750823
-0.7129498005914887,-0.9067988838377182,-1.5815204724222487,1.5298983273352227,1.4894578444286457,0.06811836421324735,1.7567493147545772,-0.6187784651352471,-0.22737298873583583,1.7310443110279492,0.14028393899339733,-0.4611549932316963,2.7859109529117454,0.2652747656176503,-0.3265322269122524,-0.6127599919672588,0.8516180492169347,-1.1364507138686575,0.816661812959161,-0.047774013950089275,-1.1424294504178292,0.14836264966341992,0.2729832461418367,0.18073616807579773,0.7682184366010778,0.0569662832867655,-0.21864873465207818,-0.5237093449311295,-1.879561364163638,0.8287689103217983,0.5695262098904146,1.2664471276353544,0.8824080589125874,-0.3180512238297069,-0.6676465899167013,1.1161845194401647,0.8264031524972812,1.3266522185726293,-0.7584991369082459,-1.446362738236456,0.7907713113987441,-1.160413583103218,-0.4283008906094434,-1.0427040404088945,1.2468695952155324,0.5459868640866442,1.5393600824908016,-1.4242048326156833,0.19900498541962314,0.25452924269768656
0.5106521944383106,-0.6145784381641335,-0.4939022969209794,0.5562819393345452,0.12637309754249773,-1.2073046688597375,1.4467637001738576,-1.1730362421842042,-0.06834145905043096,0.2557358785747088,0.6201352434592625,-1.829914806031417,0.7237513923640976,1.335090095981059,0.21712276047032175,-0.9641658738932338,0.5811688287163627,-0.8071573781180473,-0.4063371083486698,-2.5111724081121585,-0.9828352542845533,0.20185825098426324,-1.1226354664774227,-2.074356322868646,1.4331065038650304,-0.19500774935747492,-1.953464754597292,-0.41376344957626787,0.17147697779331952,0.1853085144848057,-0.07182868172556002,0.7237659731078507,1.6885762070301975,0.2401800914410783,-0.5613821195800826,0.9660510116893766,1.6197843631677489,0.8733855732059246,-1.3909842584203456,-0.7816447466431539,1.377177004357091,-1.0126205818721707,0.6113718619795872,-0.12366747406547465,-0.24494092293544012,0.17332535133160049,0.5634670747193328,-0.5171363795014812,0.3862884435324086,1.0420125508194615
2.465879832664722,2.5377725726551685,-0.20205186785379994,1.5408862062670974,1.5148351110130207,2.182738875220706,-0.4099243007616577,1.8971287223518947,-0.2650352635760724,-0.8998802240085783,0.10090873316727021,1.383443659316933,0.2119956015570664,-2.3181797253127407,-0.30345613142580924,0.1654143921101284,0.3092318405303046,1.1249000641401397,1.195769578957848,1.2071096331038509,1.4248059280783014,-0.2877563703483914,-0.7195685369525605,0.45881926142603174,-2.5929238179499903,0.8959321291408492,1.5128891623004395,0.04781404297132723,0.517496806538701,-1.2868177719587555,-1.9105466861395448,-0.08403464425600166,0.2764438758991165,0.4406058656592549,1.3759676911357157,-0.7374300474698356,-1.3188382340192317,0.72461389172334,1.2746396176726216,0.857933590254014,-0.45088340992215137,0.6286596544493055,0.43422208847988414,0.06239043202537082,0.3029430860183177,-1.060828972163322,-0.4711794522491683,-0.4961629089206373,1.6680718701322765,-0.7687933992558736
-0.8074182985734021,-0.4753152738862767,-0.3938003763015151,-0.2479817425081528,0.04551937248430349,-1.0172426018240235,0.8800939804658671,-1.2228323052196441,2.103776434357253,2.0081415989782294,1.2848338858016641,-0.14219148194588344,2.283596171180197,1.028927519484844,0.9206622007925366,0.7181894691928056,0.024738630651920408,0.18849002302446502,-0.5789467311053899,-0.3132012737504625,-0.7565280653763102,0.6071127208981815,0.3916819578601397,0.22782470608900995,0.887971985352672,0.22483535288692733,0.01872931603198041,-1.9869985472436815,-1.7411567179554395,-1.0384680022893347,0.5789131934413659,1.270661000050239,-1.0269871877970562,1.275261875429682,0.109591832846731,-0.7903537205572725,1.2171799685823348,0.2190041491717965,-1.6244462965987176,-0.22788812534268568,0.5300678393595891,0.626647435673588,0.4836948928159304,-0.173158549551316,1.0898924163553134,-0.45273867822157826,2.1474055356447805,-0.09705014786718945,0.46826872760011046,-0.2678607908719087
0.7314236523400728,0.11155741423235159,0.003868449950766702,0.19997955833126724,0.7937027847665884,0.5227300675330255,0.2777359965807857,-1.1221386162455593,-1.7126807143134333,-1.8130889766810607,-0.011173862766597218,0.19712049180206442,-1.3388656516681678,1.3082837624296795,0.372113560872312,0.03388872933832422,0.2787200747801788,0.9915370178303231,1.124677944787816,-2.358348811984606,-0.6196866301622108,0.08779518857556476,-0.7808838627290238,-0.2609845613396386,1.101672895607311,-0.0255332567478776,-0.029299720680850176,1.6194044836518247,0.022000045945585835,-1.0366946080177226,0.8472717402565989,0.7196862641819037,0.7118332475679299,0.3402715655992884,-0.11879096065442214,1.5699165058761333,0.3420228109412037,-0.16545941188868132,-1.366232300225382,0.08380183013247168,0.09798092499095984,1.6556417537735266,0.19271665433091564,0.0333513102819949,-1.79421265953992,0.9069048672695492,-2.999734863059345,-0.713554146284955,0.6776907429175804,0.36344537458911247
-0.004359357667124905,0.6616278924936607,-1.5688396065530195,-0.23240866722603423,0.22304968074471326,1.0718600709851671,0.12248490331870636,-0.9346730083972352,1.6427892583912216,-1.1728204517160683,0.9586037471979547,1.702492432110214,-1.5644356451509451,1.3464046624663066,-0.8214991693252263,0.15008513626452796,-0.30072200594225806,-1.9007647324875219,1.500631746973406,-0.5409371302555654,-0.9829930113237527,-2.9892016038393248,1.363343004719117,2.492456478819469,1.3124163847687138,0.20387120190769478,0.03876725346892553,0.8147423368449138,-0.4096828528185376,0.5422305486734893,-0.8611282205246092,-1.642217659346462,-0.7010984515783456,0.9523314104841761,-0.7513476465100151,-0.7681836791007801,0.17725777482518118,-0.986414275988764,-0.9570110286883138,0.4679188541320632,-1.095358881445171,0.00792329257452447,-0.5686832005149067,-1.5343323333440946,1.3480813035834616,-0.7369087838214043,-0.610592639139189,-0.4880491684835328,1.014651948291298,-0.9489662827304788
0.23127333432091787,2.324257834496188,0.18555265212961464,-1.3413944239839,0.9941146029896507,0.7398271029508101,-1.5466802113483862,0.8532251894972647,-0.305849015023379,-0.04692109981454481,1.085717816184692,0.5656027266872848,1.1088673678072638,-0.10296457830289993,0.21930566143038732,1.221403372544639,6.646864828922551e-05,1.7121363813803865,0.18075880820072096,-1.4583304414027691,1.569569895598864,0.4880483094083764,0.7335388038771731,1.2024087319351215,-1.5352555144128854,-1.629182388952896,-0.7827833779698677,-1.0747258666105004,-1.5868469610142233,0.028552274387268088,1.1233894730356355,-0.12798380744380963,-0.6111666708222587,0.566864501699211,-0.6272239374026423,0.03861567858610088,-0.21422660392600584,0.1621927728466577,-0.527464040611169,2.9891783164466417,-0.3263941953011515,0.2713121941439889,0.9450469174949456,-1.0813895017880593,1.0982493574919598,0.35381400570720833,0.9319517949508889,0.38314412892316757,2.1607516997754064,-0.7824951141566922
0.679169603586654,0.26019739393742936,-0.42108076890707147,1.2979787347874765,-0.5841683859592999,0.18883002514495906,-0.11693458451266117,1.2395378337363296,1.0201095545051102,0.06869989420785626,-0.29796138040996195,-0.4853150136348911,0.41725478107221814,-1.1220926008697054,0.7423307702704223,0.3518564984612208,-0.20531595578825776,-1.0030592586298894,-1.3740340619978384,0.6887450958975827,0.257995886617739,-1.1138455431758716,0.6394957251012695,-1.3977500140809829,-0.7339705881923874,1.1352937495216096,0.33110870478224486,0.20032097377406752,0.16474174909715197,-0.41036736347984903,-0.7269360965388622,-0.11005655532334287,-0.6000595435075817,-0.7499494258905494,1.9271574543212353,-0.9281602438252657,-0.4404161132247952,1.9031155530913808,0.36481576855002845,0.6330371760880225,0.3759316330511009,0.5762577174815091,-0.9965509494894027,1.461303580821787,1.2121680107817705,-1.6529936740671496,0.06922255056347644,1.1344069615002679,0.17438572204571737,2.3462700900540447
-0.4784084484316271,-1.6372561768397178,-0.3617547932409499,0.4208879108911893,1.3424999893595273,-1.7891894226401448,-0.24286621384958762,0.422714104134121,2.2397997822904134,2.0478642107212814,0.6488595327774832,-1.7612558635928166,1.9516937700280073,-0.3755176839675536,-1.528075343233177,1.1542038870162832,-0.17253970559322296,-0.6611051293426354,-0.7737852416328997,-0.30731761564687377,-0.9942804180683145,-0.5317727967157704,0.6699411079567827,-0.9673265454235571,-0.5078372796916609,1.5563453694956304,-1.0003976037550812,-0.7675818119340064,-1.5347361771062924,-0.3173734301769595,-0.7425486041571893,1.8434898176533685,-0.29034447641147376,-1.1678000855593842,1.030071450784906,0.533293587951586,-0.7077055254449154,1.0633781748267461,0.1336620327204811,0.23744092765702968,1.616811504887065,-0.07821027771229129,-0.12167875677862393,1.0716201275872557,0.3899190287590313,-0.4519169599482664,1.572489726962451,-0.5941783237772708,0.29446120721391617,0.8449152461868996
-0.9376082733691375,-1.4853935813730388,0.37648732487990577,-0.547704316215266,-0.6487508901386505,-1.5830057488554923,4.245912742338519,-1.2252725812524627,-0.498310771011311,1.0225601530653246,-1.3281267970655766,-0.2814479473211115,-0.39439945956772837,0.8037011870471836,0.7363346253586913,-0.3553415573876336,-0.7181475067525166,-2.743730750713099,0.25704906352605106,-1.490518061856723,-0.07964744851519495,0.3983543950891617,0.7072555364666463,0.03586278635964769,2.637469874125317,-0.4715367699719121,-0.5550537526522515,-2.1796326699150064,-0.46771058289092915,1.9283837614677795,0.8512474910795176,-1.3381836585932176,-0.24275980031297414,-1.6874292840283298,-1.526595092560534,-0.06133136826013204,1.7974208546552388,0.7414718810995087,-0.6439545257465159,-2.74175007196573,-0.19076307367799528,0.7529177011284373,-0.028456260762323684,2.164847749720137,0.8461205616172064,0.38290838757008605,1.239922336162093,0.9320268038749091,-0.21642239724237086,-0.2188459178376487
0.06890371034342244,-0.41329835410120913,0.5636981703590584,0.14882388643793354,0.0026940415655477643,-0.9337698548675452,-0.6170761302725003,-1.3182174596799578,0.24465283609257038,0.8066998965237182,-0.8495916594529426,0.054936647294168556,0.4097914146938889,1.5587536620618447,1.0377631418439341,0.6862709893625349,-0.338550939573369,0.7176352575581877,0.13447082781672934,1.07634437624471,0.010224516468446406,1.0701911863985025,1.3764956725758917,1.0751027768144594,1.0208035054906643,-0.3809220410966986,0.3806539135521238,-0.5069027625813122,0.31089962930428444,0.405298260028634,1.9898334927672037,-0.5023873940044336,-1.5763666614393135,0.35960333811774176,0.11835436926681496,-1.7849970390866066,1.8692084397737547,-0.4163581864750421,-0.5080042982218737,-1.3861728342055863,-1.5911550569553625,1.4282965525575921,2.1069104097776794,-0.143467358941323,1.7318773654714805,-0.9568817893826138,-0.0709887721004752,1.0504309782747498,-0.574667724938351,0.40905856078221114
-0.5271057966370598,0.35317639490746766,-0.6294522616414268,-0.6603750452863778,-0.6324008431686879,-0.29654111887052736,0.15841580759848284,-1.280925613542955,1.0252944895249128,1.5360312845257542,0.5396235531937232,0.6514496413543535,-0.7735688528729695,0.7183456885390278,1.6410355698411347,0.09579819499767793,-0.48641163646663854,-0.6819742962992902,-0.3810468607763578,-1.0312551671646624,-0.16358744599895358,-0.6031373894516442,0.5173684114708944,0.29616344052487,0.7079232467812921,-0.4325172425599749,0.01716385831772288,-0.955227637381019,1.0798768381532065,0.8161236589764943,1.2043794940323789,-1.7154727105577465,-1.0270642732682957,0.663864526365241,0.9812727255937448,0.3070374655747368,1.2100887881699653,-1.0587520357992797,0.07183072826408654,-0.1361540900635044,-0.2613743897606709,-1.2994096400723287,-0.6871379927761516,-0.007525371806208393,1.5861947112857304,-0.6331383841624822,1.4877021674045416,0.9471091371906634,-0.2607676920839957,0.3260361315753397
0.26170952103853007,-0.0524387308742561,-1.1905243848604565,0.28051009008010463,-0.6397705987113573,-0.4004432430844631,-0.4207645165304576,0.07986349858486111,-0.5252281842735735,-0.1413996637325194,-1.4750681454075807,0.03172763625906923,-0.2460771524415414,0.20671374758627353,2.156855782808487,1.6871423670334356,-0.3462200538326294,-0.21473635949905706,-0.9842313882351594,-2.088669412348072,0.3976446049834762,-1.1219242125524826,0.5239622572526706,0.2896683172599548,-0.4191190397270999,0.13939678585856555,0.7666654297496618,0.4406938710759872,0.6187880958331662,-0.5082030470947975,0.41641779466538176,-0.5003257096361381,-1.5144947576642425,-1.265323829775225,-0.6808621819579065,0.48614494112235146,-0.06923373251947995,0.7858720918988991,-0.19294666541640365,1.4715407888585355,-0.640869961721775,-0.2584245773728606,-0.03577056247161949,0.9583297062736157,0.7650793271187056,-1.0995597142689146,-0.2658789014497747,0.6529166162225547,0.6349583938762229,0.04656761017231147
-0.6879898443750665,-2.647709052100374,0.8321689087950432,-0.8281966230960097,-0.9078619696084153,-1.643092653296556,0.4615581330802444,-0.8129150712894053,0.18519485958133106,0.5133063763789408,-0.2774876745132983,-1.462539733518309,0.346562429219126,1.5242150026374381,1.2877052461911171,-1.2941772488913486,0.6138278603607246,-1.2081465899901982,-0.981619413244815,0.5455248436596898,-2.0508972093179105,-1.0580590977883906,0.651326874117336,-0.6491399202699965,2.2253359875222305,-0.10122002525142373,-0.3717270328622621,0.2901368063484893,-0.374217379460925,-0.3690144083667849,1.4245528962923304,2.049225353336596,-1.1968819330941711,0.5453342221305421,-0.7255787422535592,0.013036901354244713,1.618802304886157,1.0521283455633024,-1.3229367071640807,-1.9607287668899074,0.604849568635194,1.0953632304875058,0.4291238797768516,1.0143599714974754,-1.1172745995683497,-0.061368600939155124,-0.7658189425958559,0.04234705617832765,-1.5887339263796945,-0.13137473841735622
0.9874890594702505,-0.4976013232518366,-1.4983631988627921,1.4223146298792695,-0.6502722373736661,0.06066257359962125,-0.5020177239953992,0.0840165218644906,0.13127022727633061,-0.2740413372053716,-0.38336167723241993,-0.3194058580915124,0.7755591980649079,-0.23976956521454765,-0.7500494391498895,-0.6396529030130552,0.44047134489966144,-0.9628584535366107,-1.2578708082889407,0.20519776303409046,-0.6848028443853782,-1.0448110954295136,-0.01828273361962518,-0.10117475330418664,-0.14338449925461436,-0.4718874113178583,-0.4277997456554355,-0.20013942014801966,-0.7334974248246984,-0.829188791382963,-0.31687202922726215,0.10804498712795897,-0.02476842756891011,-0.16252999126753517,-0.6050855118376015,0.1407017976394251,-0.14637015233979486,-1.176025166888325,-0.1649381628406505,0.37529579307692257,-0.5812894723212993,-0.0792355152703904,-0.8849278052614425,-0.07024776213042509,0.5481766953917098,-0.13343244816541963,-0.8997658226487933,0.5004501572573041,1.0039306695257824,1.16518869619516
1.0690552868589807,-0.21640766239070092,0.24214290607231573,0.7893439711567457,1.032125190530254,-2.0159788286252494,1.9985161666309483,0.43152054551331387,1.9878316759070882,0.5610737541124076,2.484893605286484,-0.7227896186144411,1.4058074559202254,-0.6634856804244371,-0.0990508833046565,-0.8089704658644575,-0.9862538376223836,0.7008486008891638,0.7342766879721874,-1.710165169121374,0.10800383372635709,2.083002866051568,-0.12991793926497403,0.5078181873695845,-0.9184695274559905,-1.0183205152185617,-2.0988222831016805,0.884072178448312,-2.3283231054568287,-0.5431459489153379,-2.196432256770342,1.2107686122211612,-0.40855988580290215,-1.4123842497340253,-2.449736338887792,1.079360661456362,-0.7102783375435976,0.7794000268465233,-1.7158781071147047,0.7537403472757747,1.1125721561895685,-0.7779905903301438,1.5803827559623145,0.39207450761894835,-1.5413208522315063,2.735522440174438,1.0107483568477507,-1.1930930865773686,-0.2440306984119122,0.007603840219070418
-0.562303485582654,-0.10265951457146673,-0.2070961625313409,1.0743723821562627,0.525363528222265,-0.10232473588515133,1.3189888688329345,0.9434263070098917,0.5583678642991676,1.2984819096763378,0.8655874413034518,-0.4212391122900698,0.821005214365068,-0.9011718334167896,-0.4498493123912572,-0.7027323969469458,-0.13385937805200476,0.2790022574609333,-0.03541456391625578,-1.9005021768831356,0.6251449656731132,1.677271552047515,-1.4233767022932342,-0.08055794132234985,-1.3807465627698727,-0.307531619070824,-1.3914643244705975,-0.6478374244884321,-0.309614860383553,0.6589121494734514,-0.27285030609997374,0.1512294238442745,0.21619843487474652,0.523616375720913,-0.38742792115351865,-0.7074411181251868,-1.2935645386894816,0.9084917654743152,-0.2019469429623423,1.4680794982671275,-0.19173219766890254,-0.5770819253244713,2.407210368199452,-0.3838557675178909,-1.4913981589024414,0.8509985219040044,0.5756649489051018,0.2289663606778762,-0.6592132012995681,1.090020830829251
-0.6001152021821804,1.1399339181406942,0.2765186225937364,-3.227300133854696,-0.010280117486487376,0.35385104656695276,0.07019037680379012,-0.11050708153121942,-0.9389624679439269,-0.9070688296784456,0.848288403697945,1.4637384850796649,-0.7915872956599054,0.9455035433333228,0.9020404474741064,0.6604863204560286,-1.2320866729429314,-0.6792798425640275,0.6329241271936372,0.9423082889947975,0.5826499412070103,0.7376781420229767,-0.24706857915815011,1.547830424008627,0.6968520289936397,-1.3254786218530765,1.187443693756867,0.17449456049692139,-0.38585584853162974,1.128282211522767,0.33869495735928473,-1.3890308132813642,0.02712896525202597,0.506090294131286,-1.124920743647055,1.0657729063561172,0.4729368823723843,2.6575472671726077,-2.3371407335086465,-1.0324353225500096,-1.8556559861057265,2.1256508498179167,-0.30698474381373414,1.407269325555676,-0.7106701814089105,1.5125195409375465,-0.3023455221041699,0.008890583034988032,0.27340273928157194,-1.0268744821445839
0.7808050284938671,0.7866785184389667,1.3464081933610745,-0.21834211505821124,-0.12416422028926659,0.3536032888716184,2.2538201992780835,0.6965187818563885,0.6808480722633958,0.9534677311886354,0.8793596445409538,0.4722001798944005,0.6750063302488223,-0.7505904676457654,-1.738907575991561,-1.4335998485787445,-1.5324069168088303,-0.6913440658867541,-0.014651042632842988,-1.5921204453241768,0.626609438778681,0.9489523433567385,-1.03227183408185,0.4622425791598588,0.6895373536585538,-0.5431553764279057,-1.4116002571422268,0.5911783042994148,-1.4603209678267561,-1.265727571579909,-1.6028552470360349,-0.8277148392349839,0.20693235307289448,0.44764810045880876,-0.945361589981574,-0.8740489175238816,-1.0792747241522327,0.6702758148409045,0.2576416105315167,0.14417116360411658,0.15989566173033842,-1.1598657900713731,1.5742817147325519,0.8926062734390979,0.47689051640063745,0.6028620652893473,1.0551481658866162,0.2102625586366588,-0.7686869974177538,0.7693115397894542
0.31054740492694527,-0.5111653378215251,-2.017949662464007,-0.6348427379010324,-0.2977466378970974,-0.44564741291546356,0.02932000432799541,0.36424772975599684,-0.18623589741617094,-1.214093032861791,0.23345865459842255,0.7275094443538,-0.5046527675016688,-0.689646108075887,-0.11107371391771058,-1.1115035874088022,-2.0021357103997146,0.6693315858505043,0.6407253565183061,0.9755555585039609,0.008359177507144669,1.456373303964966,-2.282086476691709,0.9340693302976073,0.4266018720434309,-1.0262542247070887,-0.11443611026363498,0.8963566662139127,-1.4365877254020538,0.36700239238821425,-0.3754837759259358,-0.13391140622028033,0.3285814523305722,0.5716078896992873,-1.819712551800378,-0.3871348479013067,0.35404849504909996,0.14670883543532892,-0.5049168461757897,-1.6339778213177456,0.8062256932119538,0.2528132382519788,1.2681818864875363,0.8759039692701621,-0.2677147904342774,1.778168450417596,-1.0440875983056592,0.02841688043496674,-0.7513001103783915,-0.031234568445508627
-0.9525334563454896,-0.49759935721154014,-1.3266404043310647,-1.0457396515868793,-0.07608426829456226,-0.6902539881788883,0.6677864821173032,-1.316265960656381,0.5793640369457723,0.7139950049635471,-0.8760499258480312,-0.2799275497925921,0.41599778478404803,1.7516313799611707,1.8234732653741903,1.9007031426808505,-0.43821365619424796,0.718627110553055,-1.425178778232943,-0.18983340239743893,-0.21153189893208413,0.5086195594886693,1.2044276623124608,-0.9976089050989777,1.5847439105049055,1.5316216350041336,1.2462347913474197,-2.2400628900561936,-0.8851566298912467,0.15179828390628056,1.6615754738793596,-0.6100584814869174,-2.202686275768943,-1.7483311571766473,1.4103595210829527,-2.4522540005148916,1.3968767419351855,0.10485419846524728,-1.1342026762792192,-0.6580806743350394,0.7121517169146975,-0.2729948180335051,1.0926135279681946,-0.14538268811162713,0.15085491160448122,-1.4433698741640528,1.440016146361063,1.368324791711438,0.8222121791665693,0.3323110665722831
-2.058159274227532,-0.8168526139393483,-0.43218394279469097,-1.9488566577883815,-0.2832555172188215,-0.47754267011157775,0.8894303843453908,0.05669509059326038,-0.9027800781299857,-2.014191943610779,0.8369084089504228,-0.7407004267172198,-1.417269969890734,-0.48710138817739124,0.7923072639456319,0.17435036123036443,-0.007290325782306956,-0.3878483780379294,0.6352169922401342,-0.3781270331019558,-1.3289273208745158,0.09115716342966435,-0.38963522251186733,-1.09043180727445,-0.37243755474534707,0.35698782898476944,-0.013593336563832874,-0.3663873296567406,1.5448540078399686,0.2957679259231838,1.3221238713621752,1.5370444429080585,-0.4185971028058717,-0.6182330313433605,-0.9708132168333734,2.0660773384993085,1.1353761648966283,-0.956375563546151,-0.144895180888598,-0.29273671931294637,0.06709077416039591,-0.9998179172983874,-0.34643360801725487,-0.6717093928231522,-3.0783085460357067,2.104264120615597,-1.8448765822186683,-0.9439395002846507,1.0261071384120177,-0.7063293015428576
0.5211395819122774,1.565603519523908,0.45606002701783055,0.5507342470755574,-0.07616889012070602,1.382214992337422,0.8683095552686187,-1.4546261058098129,0.3768873892719897,-0.5206207518472586,1.2304255749042379,1.3970830655843436,-0.41930966342900516,1.0254770054080926,1.133513873310667,-0.10228848959248407,0.10203917270237456,-0.307321443323367,0.45123910551053636,-0.11544864574725024,0.24131077804376236,0.014078951680472468,-0.11122882294005611,1.2613550440966284,1.3455184588499765,-0.013863320108201899,1.092201260041857,-0.10310178684986784,0.6521343971447114,-0.2617382070281307,0.3559347187507516,-1.113516357071281,-0.3063524074869467,1.0451776818667995,0.6266127465745338,-0.46079129932646234,0.4328772637193055,-1.3397548542552118,-0.2912570336130984,-1.6470510930995392,-0.767955555939967,0.3991098824438201,-0.20866782520710542,-0.37549492178634924,0.8297406149180089,-0.2958736104281265,-0.1012555061672134,-0.008694272398502423,2.0005313021215327,0.12304408660454032
-0.11434242323090477,-0.2972678854980788,-0.8395635694856922,-0.1841211207875586,-1.684475145881623,0.1990988501069472,-0.5849235020169083,-0.6555054532451805,-1.0858778455221207,0.7146270924977357,-0.6263210918553576,-0.6203348835408384,0.02802424126189763,0.5484809693677279,1.173507684406893,-1.8383749489862393,1.200807364183424,1.3811081939874355,-1.4337540056579525,-1.1130062395600748,-0.13680770502988202,0.9159968105759215,1.4359368919500763,-0.7295464865045151,0.7547033547399615,-0.2545186907957261,-0.1761945570935725,-1.053657753698281,-0.13842611508525973,0.7272659095308482,1.3722422676742754,-0.582561907739516,-0.6550547936402337,0.871311365707876,-0.5338258124731811,-0.49181889910006443,0.3269275131227336,-1.6369397438246087,0.9502714445800812,-0.3450922895899458,0.08306511711214923,-0.6180137708104263,1.625302242705761,-0.3557027234979742,0.6119256091701074,-0.5252496561767992,0.45100112291400474,1.4259233521064825,-0.7655753804949311,1.7066032901183406
-0.8407129544312396,-1.647732483406763,0.13258342923576813,0.9241847795916914,-0.8922408608150463,-1.0906424904447625,-0.3565089045641138,-1.3257816718179232,0.3852629715299216,1.8989323800659523,0.14922670897472973,-1.005616529805106,1.1848546193039133,1.9043248961564394,0.5927112665199532,-0.2411674670665689,1.179348443300359,-0.6870474262387317,-0.6983239349650133,0.2767675219938077,-1.6480223783013606,0.06064952077362523,1.5452165895370429,-0.739344868859859,1.5896971203891335,0.6718848518035582,0.4304786834808887,-0.9564811166593772,1.03446762339446,1.7598583863378428,0.8547806940297553,0.14309931546188887,-1.1168585089529148,-1.1542609182349581,-0.4672081352227714,0.10153604693103391,0.9504914989875644,-0.7586203709226829,-0.9566819234951673,-1.4166407984603495,0.051351308622941925,2.5148421241894625,0.3877980114077798,-0.21372231352359838,0.2121111852961354,0.2861023896765087,1.0307583036593628,-0.34440901618627623,0.15707754851211952,0.010799255563655203
-0.4518119038994351,0.6099269155811512,-0.023329561132937396,-0.39710201889646907,0.5042051687772748,1.0408985202626206,-0.9953813692151116,-0.5477098005207238,-1.916880404786557,-1.4746001126702795,0.7677621828299045,1.5302408895924622,-1.7879684369800255,1.101063782975247,0.07367158952968048,-1.6404531520809926,-0.43639625168709106,-0.08699094162884309,1.0203087613780752,-0.4107501783706309,-0.02862879849765887,0.9250289442736108,-2.022379863844498,1.0666359545352897,0.9953975188623496,-2.9513344255541774,-0.6900995765024216,-0.05761236579059627,0.9409086346330653,0.29684213911929713,0.9025004899620638,-1.4359452634939953,1.7241315248172893,1.9696796708726312,-1.5490178268735733,2.5738756936197302,1.3980611648086505,0.16360096051215647,-1.0200922158192745,-2.1146422267003233,0.641270728299049,-0.36393220222479244,-0.5406860335366344,0.643891871749588,0.9744325508128282,1.7512533590712,-1.4675721018505026,0.418056412177524,-0.9378982102270017,-1.0082149793223814
-1.086201585868624,-0.4191045540491223,-0.3124950648507582,0.6808180005982549,-0.3176758827186038,0.6798843292180035,1.1801920101578145,0.7364028246912072,-0.018082752060783292,-0.0747843324804856,-0.6281131847592525,0.8703037002112385,-0.934516741064055,-0.015026893371409838,0.0591458983715109,-1.325019885698726,0.04338363538337489,-2.8981982324215183,-0.030974309215153133,0.3010908647970075,-0.004109560971939449,-0.6197768684038607,-0.4678176574525176,-0.10344191058633158,0.206678568012267,0.25695109017993756,0.9937643821529306,-0.847568403037565,0.5514865657802989,0.2900927019177851,0.6834057547102501,-0.48662780234434605,0.833331446193655,-0.4629459300668081,-0.2503971265385078,-0.24042323423366332,1.0713589189269084,-0.7083255262702077,-0.02555558937187852,-0.7358302496024238,-0.06442986345009298,2.328143841717924,-1.1792798949653023,2.340521465619579,0.04358750734493998,-0.9071165207892872,-0.31205516890612073,-0.5221082935185652,-0.29381194813750156,0.7696433216117685
-0.7175411055968802,-1.608294114990386,-0.23840984257134823,-0.42164077451458093,0.05757080715305847,-1.2253981681622133,0.4590903745410624,0.9364470846294273,0.34770410852270905,0.11879349384308166,-0.3070408704819397,-1.4061293806204789,-0.26103471229932357,-0.9957090507169328,-0.8904951472500195,0.9362268806159953,0.5105087180156361,-1.6969070380061644,-0.1667970366001852,-0.39941168041548203,-0.9657629532266638,-0.27222740235651977,1.3410327421781487,-0.09125632182520466,-0.9724449593308869,0.911223951019452,-0.41153438387103464,-0.43059142538456846,0.24087446138283802,2.0337347055012125,-0.7685046309237846,0.6248373140913878,-0.8613240155685935,0.48684517156698454,-0.5006228704270009,-1.6507710576623662,-0.873906505567369,0.20650164267586263,0.7681966624617643,0.8659384616027175,0.45338179126279476,0.6179660909552166,0.9780067221012866,0.2571407238668815,-0.00015034335910891103,-0.7577109140999755,-0.05588537825487823,-0.21209533509435197,0.3253629267408849,0.40373502000676265
-0.05880330286960297,0.6658358428259515,-1.4238672744569913,1.403887035228319,-1.3651424936071639,0.9785748080940665,0.3571037060512199,-0.31589686903756353,0.1654480603764436,-0.6014072557338577,-1.025931853801911,1.766018812724757,-2.094050034596593,0.39495770831360427,0.6492730515322663,-1.657061849888082,0.3448693467333148,0.691361466322856,0.2111671573658809,-0.2298122016594002,1.540336336002141,1.074189492964511,1.729038294936206,1.3979571597630287,0.9142028081250482,-0.8963052392281315,0.20968004914538543,-0.9382137426355859,-0.6992058078978446,-1.148384798742665,0.2948698419939407,-2.2011184568897293,-0.6067445339273775,-2.080556260913957,-1.6154824931129321,0.3436386401500706,-0.4582641121491604,-0.4811010625651328,-0.8754308238738265,0.3159426865174041,0.2728103614728594,0.38683969794707773,1.2973116095996131,0.4274302504543513,0.7982872960203231,0.8557253658618317,0.19781785305621807,0.6566352654351644,-0.9204613188131291,0.1912577694072182
-0.10637355637898142,-0.9119365466959675,0.7698295924813214,0.753604964808262,-0.540826304106594,-0.9317311461943031,0.17020487697363185,-1.5407471097583132,0.6049234183523934,0.7240601549671913,-0.658488992496642,-1.0143648863883783,0.32590444817678127,1.6893191334106483,1.7377050570952368,0.5306373521268678,0.32554351025109635,-0.003893866096962857,-0.7011301475434478,0.019451988095616247,-0.8288926689154258,0.6405974921818227,0.5082546108341941,-1.3450266276427962,2.075203899534392,0.541392920829955,-0.2623001541315227,-1.8682223450439213,-0.16665082299848005,0.016422692327899523,1.6287880989751902,1.0226308167506097,-1.7641531544480007,-0.26783256730215116,0.5158341125527397,-0.4299926314298478,0.8693329749713615,-0.12334418129520833,-0.8533409557614263,-0.4336762866025965,0.7575140125427958,-0.02364061084394414,1.5452055231125916,-0.3163440751455015,-1.5047830816431444,0.39302155160671004,0.2471682402322197,0.14019846172588016,-1.8447584455987474,1.4372100876283975
-0.5272870038852563,1.6755909596909098,0.1143946490235644,-0.89215428560307,0.44975007092974534,0.801545879542781,0.16442095200273274,0.12531282504390712,0.6080996769825456,0.02701460482901694,0.36727889761501703,1.5710841721000621,-0.6381922044299692,-0.4704272736163861,-0.38367812678366,1.6871458993830455,-0.22328300716023403,1.1618155407004378,0.49098798199241755,1.9707455666944356,1.7752226572875711,-0.03840700681692626,1.3218975356749192,0.8008366900594397,-0.9714489763474188,0.8140243205069938,1.6903948378838944,1.8295995506037084,1.6714450745437,-0.2911366143638814,-1.267171380310464,-0.6739270269228361,-0.7097862200211053,0.299487317992388,0.6686036261511973,-1.7008453641208183,-0.04323727796631223,-0.7102626927279044,0.1609273354239935,-0.9680289146379346,-1.143993745447689,1.9164229291990686,0.5168749900408739,-0.5328897044336446,-0.23318941060740342,-0.7745584495529527,-0.7879588680701691,-0.5042482082429601,0.258082438629184,-0.14505495056123044
1.4910061522616116,3.2743315631000005,-0.3665155369605566,2.9929445691030656,2.223321946348372,2.516766956739634,0.7283452485212776,0.09837441656172631,-1.0717907317120379,0.14806221012303045,-0.5521098564182286,2.401816613706721,-1.1777271803136047,-0.35778958382799864,0.4093979898320141,0.6611462870411385,1.1406822162150616,0.9130181417970878,1.2256488774587206,-1.3371185669272065,2.4842036266946224,0.4543021969588645,-0.37084154031394256,1.332799196201748,0.2973655129863593,-0.691102339128223,1.2162399633564753,0.09284324058726738,0.6873824997014397,-1.0072055230601629,-0.3550549927681449,-1.7101239467075042,0.5619663587750783,0.1174170052692676,0.9487867423883881,0.4474170779299942,-0.32111789150564707,0.1327649711466747,-0.281527870696775,0.415810783141601,-0.6872146633424118,-0.8084236445066291,-0.4490233296524838,-1.2106257058442653,0.16944161566808583,1.0574076388487907,-1.0855583403217424,-0.8640859584865898,-2.05129463698846,-0.701251641678416
0.10258841638045964,0.7646809311401567,0.09329166183753874,-0.732049004404819,0.4298567185805862,0.21515130871242016,-2.2431238354076553,1.7047809099842068,0.5652385166177669,0.026754587768615692,0.647485598965729,-0.01763379363569305,-0.6224241186577031,-0.4433420243714162,-1.2769158874572308,0.01374227039105596,0.6716041963665589,-0.11275870772351686,0.09626784007446451,-0.3482899960282105,0.25513227985676584,-0.4716721714809062,0.4367024741040532,0.02845533422032147,-0.625679979397495,-1.2819829244310492,-1.5365742482972526,-0.4017336306199132,0.2305400183656045,0.7083667523034505,-0.3552392287354811,-0.31080435952848495,1.0809776665570014,1.028652113935079,-0.3705413139984626,0.9681307718970391,-0.8572232261334941,0.6594767093806506,0.9420859902777414,0.10155011276597341,-0.5762020620286887,-1.1414121023107042,-0.9273422555678916,-0.4611815573261692,1.2057064301337543,0.07062716946127447,-0.3041206731261246,0.355050402951393,-1.686786141939385,-1.1162761964286014
-1.8818584921669375,-2.180662889267137,1.671596232217267,-1.4925865987265787,-0.495343416761115,-0.4235808340388166,-1.0895769984855195,-1.5897718713468387,-2.040465125444905,0.002374739609256508,-2.5481758243132604,-1.039480504866206,0.14884988237941332,0.7492922760822336,0.3300855136231995,-0.6838026209076036,-0.7487650615889921,1.025895192019029,-2.046866192975546,0.4392531725125903,-1.4261075485506491,1.491422463176307,-0.47453439125054603,-0.9334785847597762,0.725154849264117,0.6584178573867697,0.7360360194828707,0.6619392457968453,-0.7153564925212611,-0.06463283302661967,1.6511959526551072,0.8765567496950211,1.4109317336824294,-1.457712074127727,1.5497112974262954,-0.7990731623004306,1.2163589264715764,0.2377974410686687,1.5060690749343422,-0.623628153042529,0.7685652143200756,-0.07383178044908772,0.25088566388218075,0.6267325820393859,-0.48009556634856526,-0.8642624570585196,-0.8660944870763245,1.1359183290403374,-1.0749514320045466,1.7922397190663149
-1.2686328052602265,0.6347504330315102,-0.5521089892312151,-1.3351644233323803,-0.27212387587349895,0.737724980245552,-0.920983082531704,-0.9349653978556094,-0.23500755742558183,0.9966621640009178,-1.0558240087582524,1.344998292845208,0.17476404723975178,0.44379805352378937,0.09819895150181612,0.87381351294565,-0.8229267162302789,-0.09840999056058188,-0.3670034166100846,-0.13329403945198473,0.5415877047995857,-0.8264442666494382,-1.394533550453696,1.5702565644065203,-0.6919319522612181,-0.3334287463982374,0.620520567851349,-0.6184878871433185,-1.4771487648719435,-0.4092520521036785,-0.0477166066587094,-1.415270419385309,-0.10816401497221842,1.1754591805070762,0.6794305796701473,-1.802192833047975,0.5263361202948486,-0.6745968309872598,1.4282077509860793,-0.3046306008089097,-0.1948378381536766,0.5574485755550462,0.05398048316941074,-0.035548381282088974,2.7398323754270986,-1.6977814189133857,0.697662385119713,1.2069870719147184,-0.9194221492919391,0.20283924992624824
-0.10205870899391642,-0.4796011833124805,0.7157242578593858,-0.8443208328156175,-0.041289025703671885,-1.6769090646424918,-0.9731395317533017,-0.548916927294511,0.10964101821804124,0.12737740779440937,0.45185698461243856,-0.4733858397737233,0.38979116972194844,-0.17454444495960933,1.0114989357203175,0.6615687138784622,-0.45528712402829097,-0.4469456413075471,-0.2901693599656557,1.0143705801680591,-0.013994663245767449,-0.13573210968035393,0.22254623650726235,0.13031690203583293,-0.5195545700424228,-0.42025959858008877,-0.11807517048342364,0.6994893977563973,0.46247625578516766,0.6529441832912312,-0.31375900050013594,0.04766680803642597,-0.30610519274799686,1.3410343292194649,-1.2733775061711,0.5250609844468442,0.0864791638179704,0.3069665776977366,0.5148978207430848,0.16910266048676165,-0.8555785229371651,0.12693134948783025,0.3044140005990488,1.3708047649047979,-0.6162196574468293,-0.0388933586076975,-0.5803257451308903,-0.002021219045973782,0.7210421942506149,0.7821878572317439
-0.9293508706987528,0.6632985114089218,-0.8647442452493056,-0.7008060023524124,0.014970116063729383,-0.4991175989738483,2.0834705735107897,-0.9942297451808308,1.5142722761979996,1.9709549859316229,1.0379708285907374,1.1607757045461449,-0.05828278785577417,1.3794726522985652,2.7991963117612215,-0.41950097337430964,-0.7506675155274098,-0.3365562543994395,0.669138773185832,1.4507136354360388,1.263034554545321,2.065161535431779,1.5681629146480462,1.6574615837866842,1.6271433056770015,-1.4521587938274763,0.5928298027649056,-1.21406025272323,2.5040936526233137,0.528114029983815,1.7556858027109863,-1.2700922910752594,-1.7207697757578004,0.1118752381579486,-0.5381332442794364,0.49196915805601676,0.9429151160316,-0.93889226970967,-1.660385708017105,-1.3335566938644785,-1.8364600001007771,-0.6877686406383036,1.6694638831959316,0.49195417825581356,2.1251729141957805,0.7134822593800269,1.767703560160596,1.029309264894935,0.23445097142232318,0.769512853687183
-0.4478206118122805,0.3395499469880568,-0.33267023697599135,0.2355050384704899,0.4580675931028848,0.9926802813872369,-1.1134937979810977,-1.0973233404317781,-1.3770428565840735,-1.8554803067690737,0.6656216155246185,1.0447936345438766,-1.2867335989896003,0.6730211843920649,2.453026907941097,0.6466190630828712,0.42419789510623657,0.811785536880015,1.080629019008095,0.9941896679201283,-0.42820953563981845,0.9219304063066134,0.7870079986003586,-0.9934224237432165,-0.23229511876071127,0.052338857445791614,2.267006236083423,-0.03163475230511046,1.1273782266034484,0.625241411726613,1.5793557695849954,-0.6433506673886467,-0.750823686844192,0.9577885122635125,0.40034940446404077,0.5097865052420107,0.19002030665087746,0.7351826040712575,-1.323039561402025,0.004774848914024945,0.6642214936699131,1.1175788451593764,-0.45817805106699994,-0.2973808567615306,-0.8069949981280696,0.7532959292983921,-1.590021361517542,-0.44870422583531666,0.011188474753856287,-0.892867390279575
3.0641997679280295,0.08936477148246216,-0.41801292907518733,1.5434383729800465,0.11213929430356469,-0.09012297983690079,1.390154670275773,0.7032271997571456,0.3948301378229118,-0.5181873182774355,0.20715580549514315,-0.40468333632274667,-0.026309215316066142,-1.0698773674192983,-1.368488393460397,-0.5038616260287674,0.866426807945918,1.311978284431817,-0.48566816737556384,-0.22396382267783543,-0.43893452040490827,0.9783010595498751,1.4638907237228314,-1.8696011863146678,-0.8966707447672754,1.4886666816475214,-0.05888346816496863,1.8567521141789736,-0.2523487845731716,-1.8969595106532806,-1.0307043255044157,1.5799541967916213,-0.1066998205936397,0.3140697231052684,1.6794328536249614,0.5996336554325324,-0.43653115803905895,0.36794489830855887,-0.09081186523978661,-0.1042454869735884,1.334683121531286,-0.49054609165022556,1.0467707865404086,0.5127568873679206,-2.2931833977895972,0.28696301195194746,-1.007264750430794,-0.2464279288217499,0.3696246920161909,0.00127530632459543
0.2297058466098601,-0.04663030005192237,0.03858694362757509,0.1831305658399014,1.3004168357019021,-0.9598690183404066,-0.44542031062596865,1.3920201196674078,0.492250765733704,2.299212524926749,0.6061228076686243,-1.837883916431327,1.729337951601343,-0.9133491316676583,0.8894964860689556,0.12239524689738479,2.1687159553948927,0.9154190455017657,-0.7722312690546309,-0.40521516011094916,0.6995017081713347,0.3045864827715236,-0.35273394015881177,-0.6089118027837376,-1.3346852877076896,-0.44822515070295027,-1.5353240655462173,-0.33071723449957313,0.5062493228252113,-0.047140550342814246,-1.0193729764500066,0.870985147334925,-0.2593605882387456,-0.07273426290114426,-0.864831944475186,0.9683507587802651,-1.0609950543725943,0.37417613784065534,-0.9892181079939355,1.0147728926302098,-0.1747958810427358,0.20201230968686124,0.39518496261071645,-1.8114192809662362,-0.4652614744375633,1.045670396671689,0.7077617450506568,-0.16452492806646218,-0.8006562921161375,-0.664018293018326
-2.529981603588343,-0.9929984145916851,-0.445953056747804,-0.38910077486944517,-1.404189833019045,0.341970850980702,0.6727698628511984,0.7779790743691669,-1.6547700330016946,-1.8212741839888198,-1.5289754733787964,-1.0003619802456214,-2.0669625249184516,-1.0477079952953359,0.31067586110660467,-0.361667624589501,0.35722244846424195,-0.5957868107522335,-0.07474831150326122,-1.3072330136190098,-0.048526622120503085,-0.5894174338935659,-0.3767591172278955,-0.9905106823289381,-1.2386172686162504,-0.5968036849766185,-0.5242608949510073,0.6338314898425474,1.8639660635714292,1.1580559213105153,-0.45689739133492246,-0.6094670210439731,0.693525492270734,-0.37965471414680196,0.8642788221487414,0.5803247825691666,-0.031184646250320316,-2.238022322414543,1.2549015562178978,0.9605729732832148,-0.7823002565636473,2.48655629898516,-0.7630488347117433,-0.21370615593055392,-0.31274393341156426,-0.6929012603309013,-1.724845606749387,1.051675534953841,-0.996106426066996,0.13071351986470825
1.4201587216009057,0.5312329900197699,0.4863689365954466,1.0736898218220272,0.5409826393793851,-0.03630255722385392,0.9598685477485865,0.9911804603307649,0.3682353724530266,0.9825553571891944,-0.10289912254609314,-0.11612849403476039,0.3390107230601826,-0.8079248157142052,-1.0798618640794142,-1.9228160596935808,-0.011202766530020163,-0.46597090037076344,0.22984689772819245,-0.7344603261790799,1.417909940022911,-0.35326885375576283,-1.1511941578840477,-0.0872239371376069,0.2987618339975607,-0.8024502581698368,-1.3394119281882233,-0.9739300893871478,0.8077670649027058,-1.794151563527921,-0.30486315784193074,-0.8127897866577563,0.4853467196274798,0.13564715527083415,-0.7916236076740195,-0.5962809859684374,-0.29056509018548293,-0.4250486995863645,0.7000381886138857,0.12338031429606283,-0.5083435774523535,1.9245011848832703,-0.9312511921346962,0.5000420773019237,0.6878808628503155,-0.1933832565732614,1.6259085004453013,-0.22592419986816992,-0.7567357133795735,-0.7742874608319817
-0.3573635490532633,0.4767454204643797,-1.0053427498454994,-0.6400202658010686,0.5408689972383594,-0.22798916458106233,-0.6536754167088966,-0.08987347628267335,0.2546211282188623,-0.2564937212071142,0.4789893653191673,0.473813000522648,-0.8517695411551356,0.8029344570022998,1.0279415577633018,-0.8330979074859621,-0.9086121205566142,-0.039309501425436655,-0.1679515523562486,-0.3410052005167564,0.3939297039525489,0.6026436006864292,0.6556406763161189,0.5974232544056931,0.9865059563861779,-1.2736168476619907,-0.2489500803350196,-0.8144609834144524,1.156940410639701,1.418223867781003,0.9223834166932737,-1.5812798658949752,-1.3057458083363556,1.0312831602315078,-0.3735507189113596,0.42865601771188155,1.3899791177874021,0.34687654953828073,-0.972101890891769,-0.878357309978268,-1.8127147080872967,0.32020215266612206,1.4658702491889852,0.7492083270885457,1.552182110172139,0.21400998767140764,-0.2322237476912406,1.1523908743744578,0.019428869164523556,-0.15002563625957907
0.5807973114839681,-0.4773728243058107,0.5071423477598329,0.33834898774474254,2.471972514770632,0.30389234254645536,1.354033640104797,-2.554367467361183,-1.438187810099457,-1.823322577470277,-0.23466784378793906,-0.14149940758494123,-1.1369240619086305,1.4505589619559003,0.3510134660828227,0.6708240795909618,-0.731351829895781,-1.3501321452166664,1.020928636724555,0.15175922539214065,-1.6490841559558145,-0.2638411898763715,-0.5124955402288426,0.18537528076221127,1.182627279080626,-0.9468678056011904,-0.24624690619207057,-0.483206731894578,-1.3889522352006411,0.8449720737947956,-0.8801333845406626,-0.06555067422967964,1.2778967511732118,0.3897683825798711,-1.5008827012675674,2.517147455875578,-0.20074130268460685,2.4689295642454345,-1.30515902774371,-0.6723126189595146,0.4289592733550923,-0.4044838167041157,-2.199672236478733,0.24763663088177235,-0.7882754203826365,1.03819340054729,0.17364975270374758,-1.2651119389940562,0.7909380053234253,-0.17998643827904007
-0.7277082025265157,-0.8056756895797242,-0.9626408213821273,0.22748547344760633,-1.0087255673211486,0.5880206645001802,0.034367561818180264,-1.747103806347119,-0.04156280782979913,0.6316557472401569,-0.9359035448083376,0.3752774795984006,-0.8351242637862666,0.7603530323549119,1.4284254513780739,0.2233209973678957,0.6514433364061447,-0.9536749442274971,0.24773601487314634,-0.5221267869774846,-1.2662921444025927,-1.2761555095491,0.3105445386393129,-0.5976374515422642,0.1752519330565095,0.9829767838396211,0.8533943891231207,-1.2934819766617534,1.4227476999246693,1.8746193913415874,1.0864550453785098,-1.1371585894145755,-1.4490647411323783,-0.05932013606881719,0.6711600043038723,-0.6576871739945421,1.7475019733435615,-1.1358935503837253,0.43531647057558454,-0.4348173788424031,0.07433642161092142,-0.3771787498429305,-0.9046290232816895,-1.4041967148745744,-0.5958781555205865,-1.1998810650289242,0.5984061280355643,1.5038995556406014,-0.38781003538821013,-0.5620854613898573
-0.004985092166860611,0.9171569499625633,-0.9121287492956045,-0.49400344520920636,0.36045248387153533,0.11544852151419531,1.1029239863505442,0.742264105764709,-1.0516395327711052,-0.8253906933868104,0.02416529619292223,0.583570678373229,-0.4812454463769374,-0.6250332055403508,0.3236047779828504,-0.009083149876393186,-0.07613806927158304,-0.7374799464511904,0.7041284565175152,0.20351980963472346,1.257269751782212,0.4127452734245125,0.11502085314746181,0.9914656100733278,-0.050266039744166845,-1.056447972638884,-0.27569984116923724,-1.1175739162749425,0.3663100523430039,0.9717823785302893,0.3942641396755143,-1.1184598417850544,0.6991226938590797,0.8850995695861333,-0.5209661381996186,0.20823513425794768,0.8793552177391828,-0.24266874563743498,0.8042188360986948,-0.7854873749657386,-0.9584680229782983,-1.7187075816208535,-0.4074506880657184,0.5692358909242592,0.8193989770135368,-0.29368109768157996,0.9518749256785387,1.0170315450010428,1.3378879100362455,-0.7092732032540787
1.3614109270886592,-0.9874807427158139,1.1445485193763631,1.7351966354550408,-3.3719733156224208,0.40174739736076387,-0.22990146257155744,-0.10684854321806503,-1.7010524650115633,-0.763448916924216,-2.6145065746111946,-1.3580155632383888,-0.7620929867303781,-0.33802887561693945,-0.22628452266191992,-0.8082204355548577,0.6098871287804832,0.15119932189389693,-2.2591491919951836,-0.1077080151098018,-0.10722451302521337,-0.19069403339977634,-1.8689143441654468,-2.5693045267359405,-0.8106586465038368,1.2605715695679072,0.8011564122505583,1.1577923447695482,1.0909760438944485,0.08512986269835057,-0.21214621646076773,-0.4487785920973679,1.0959800214063256,-1.0467861242383691,1.6843926508653853,-1.0372888632549935,-0.6824802593849462,-2.69251869943551,2.155678547664337,1.0071698754278682,1.9923355853671985,2.180468223809511,-0.7257790360199068,0.5560106492913703,-0.2964506195077078,-2.0843395087299594,-1.5875621373262059,2.4370047394289096,-1.3159041560253912,0.9234357891041736
0.47081188561326126,0.17846538800228096,-0.2961022093035909,-0.6251690399405775,0.09536277816725164,-0.2971369217264541,-1.9518227041750642,-0.22249369621514797,0.6829018437394658,0.8110126830108785,0.03570252033515868,0.36141004125487536,0.8560184509866483,0.7277524074600504,0.42779689304554946,-0.6033983929279336,-0.20231345035502507,0.5733616038798565,-0.5798640573978088,0.23005740209177458,0.22863062459244382,-0.2560520532704599,-0.07106421819970951,1.181411957755149,0.31904561079133564,-1.4157113897983675,-0.7841490462224892,-1.7737396193856652,0.5622293634267975,-0.07908631322631497,1.3759101219823682,-1.1102851024063225,-0.06517171346061275,0.06813411828297343,0.18755880819436843,-0.49951389693284837,0.4406301664622697,-0.01397532157993073,-0.5431121363155936,-0.3216103426444247,-1.094090145253344,0.40090418109520554,-0.04953449349983671,0.7638298857854605,1.9416517563086035,-0.0799305830354221,1.2054434933232856,1.0122889527187506,-0.2041680240715506,0.14698076010711086
-1.6360498261607677,0.19197891369755418,-0.30963072556759746,-2.5711631140893356,-0.13139436678591673,-0.4965852058373245,0.42981210145016036,-1.2184574164351294,-2.3755443701994006,0.0005586514764370576,-0.4762594124712122,-0.6676095255505594,-0.380165024566164,0.5451275608701689,2.5612570051751287,1.196077672935487,2.093042906649576,0.11664748552690977,-0.01306814806591177,-0.22267341929562318,1.3165457467473363,1.4439575768093023,0.6685868876417098,-0.05319405260070708,-0.7923174307113942,0.02217844414095788,1.4024556013420977,-0.43409818691335383,-0.10368066943034834,0.7552147778971899,2.501516283483873,-1.1804643516523976,-0.46636437300541655,0.6357007550743395,-0.10488415850013695,-0.40135318009178905,1.3258326570855452,0.4828399701099465,0.7098954759441044,1.5177218677874091,0.18602690690573054,0.4642103405238949,0.4101983526862498,0.6161439464902512,-0.001422507524851423,0.6149558049078193,-0.9265483804053429,0.31451426993814635,-0.15878338635253514,-0.04470188234462662
-0.5085582049208419,-0.8709410879709344,-0.07864767771358963,1.0307494717301036,-0.2215302120249168,-0.5023760641421229,0.36889276490482165,-0.8097597849113011,-0.519137406197739,0.4674493154620379,-0.21656010083205146,-1.5712497560511358,0.3402836114737488,0.2323139260493133,0.18341415017572948,1.2178169263141183,1.3164393035422846,-2.344662687036742,-1.2339242492188598,-0.28598048061705733,-1.6819220953956258,-1.2873320251912317,-0.8657204561429374,-1.6211870682484046,-0.3465196002002877,1.1569062002816397,0.16256906002333762,0.5307755214764686,1.3667628762219832,1.0577591818370324,0.10621534018633118,0.4646647203731835,-0.25342312476037765,-1.0114922697054016,0.18929365187821529,-1.5482049918259175,0.05654564238431918,0.5405023625033354,-0.24519330025802166,0.19155159190416612,0.4246380033308361,1.3634279562497615,-0.48045502320319844,0.5227852692141659,-0.11245930185693939,-0.8601517669343118,-0.6365643395572154,0.21959917276533522,0.13470771419587388,0.2439653097406991
0.09636658715104043,0.05168352996993177,0.23662009457599642,-0.030400511853129863,0.03784677757671208,-0.15687216628393522,-0.8038026677395993,1.0915101121336268,0.09099909831007442,-0.04576011773252128,0.09212970769057338,-0.13966849381033106,-1.444108027500532,-0.4952602658795813,0.7269970572977089,0.1522201855592693,1.1316936411494585,-0.20477824064861608,1.8397459329209789,-0.27947766028939475,-0.017816432267342513,-1.5568429205644052,1.5278992567909329,-0.3382828150308531,-0.8388351057365705,2.335440679281638,0.9340883149204896,0.23138761405418018,1.0091653255680773,0.5741463865029925,0.9656207428913564,0.2247591284478303,-0.1994097535181175,-0.9690083555468388,0.4622864336418164,-0.6555489789837906,0.5341805178646923,0.11813442598432151,0.7576595864785531,1.0009036311585449,-0.3194586301095276,0.46341292298408543,-0.5718437010244787,-0.654722085306516,-1.120385596562268,-0.8169113787266805,0.19800524045067555,-2.3188042700616007,0.059087455702202925,-2.0765986884442147
0.28388314691335537,-1.332229072259476,1.9073594594069556,0.5541771803648071,-0.08882949604170408,0.2364410864416493,-1.3067925595756364,-0.19347020567722129,-1.179772823074252,0.5429227829556239,-2.7184663733105476,-0.4695374318910547,0.4163033977252663,0.33303497107027524,0.18496317439165336,0.08983698565329581,-0.30520160715034733,0.2596476544891457,-0.2942147784129045,0.15708376672016033,-0.3612250128800812,-0.34281788748126785,-0.5783019671613996,-0.06136242734292806,0.6142940281686914,1.0494313864876668,0.8582097103275327,1.131358080757337,0.8309597079883367,0.24634374944177204,-0.7437639800441955,-0.3133607249508477,0.3735321293901428,-1.0924668062719751,-0.2838251938808644,0.1711526786043089,-0.17750610555949603,0.0945698730368046,0.614484863724289,0.48665717349192167,0.28073471786877047,0.8853539699557473,-1.4646543711461961,-1.391786046484113,0.2845073774291307,-0.3753343360612863,0.05970103882392999,-0.5145142031317481,-1.3577830920067633,1.7083434961538944
0.1553583131372427,0.8209429329986411,0.202663521973786,0.4712892781939945,-0.37540943658757664,2.0237637230096626,-0.2252674390958029,2.3460068695057186,-0.09123276063082282,-0.8056700448039412,-0.6805504079492134,2.1664166278039834,-0.5369753971374684,-2.096225809927673,-1.6331472545529304,-0.8420225656070421,-1.1763750146681409,-0.2694583434119163,1.0952405945954085,1.9379255998735732,0.41501821395684235,-0.9774466153714843,-0.939491159328687,0.4728023592333515,-1.6988620507873191,0.4852440303901473,1.1740293735590155,1.4645371243393308,-0.6062075713690133,-0.7493528248721201,-1.9499241676143135,-0.22521417349333123,0.7361179155159596,-0.18248603216189999,-0.2846388002990502,-0.5066886949074065,-1.598750453894726,-1.3713631723706896,2.7968465475424398,0.21766365976126245,0.038028049412658256,-1.404581687414676,-0.47993108141557167,-0.09881157859304476,-0.3739723395337224,-1.1919508448812288,-0.6470465065438146,-0.8491711671673539,-0.3557185899876648,-0.8948142388803617
-0.5803495831043858,-0.5980249208450803,-1.2687764048578778,-1.4423898454137278,2.3332640510207874,0.3368565892067365,-0.6127628823737754,-1.061129790224096,-0.6055058242457807,-0.5209950499272924,-0.06468610017440964,0.7861383603774444,-0.8461024693524357,1.6811953682591174,-0.059893332941298116,0.2721196566028459,2.5264935212278345,-1.0531187594393654,2.652019300958784,0.10306503425590378,-0.7593910608893618,-0.8158935966161127,0.7421414697511968,0.9301996322641959,0.6547013599619796,-0.13528858527848653,0.5164628728247622,2.0962188340170718,0.3948919124825572,1.1878658077287547,0.233380573525772,-0.3902410184731739,0.12581529841515307,0.7142631799757823,-1.5236209557715537,0.43727516871773464,0.40238216297975854,1.7993571392465777,-1.4263245128217465,-1.5478032789347422,-0.8030591908489652,-0.07345290611470749,-0.3121793915643496,0.45125107699899075,-0.8874296504092443,0.7407297913566824,-1.9009416698158044,-2.062246196288761,-2.6650901263791997,-3.6397421948122592
0.10111516868540094,-0.737528300623984,-0.14894882492125566,-0.06130708729267998,-0.6995191298925292,0.11494593299126575,0.35122219632593205,-0.6231521777376388,0.5290369324252837,1.0641353923131516,-1.3016184072870827,0.2949621331684416,0.4789808705356615,0.651953401612911,0.28683780070359177,0.9813095865930134,-0.03329923019008266,0.10333653125602614,0.7385365230211791,1.49188205790163,-1.1303718677860597,-1.386847430532492,-0.20903044354565578,-0.2982780105095287,1.232508919114857,1.0265926416360793,0.9361028788141152,-0.00045567198920284523,-0.08225119771877439,-0.2726150114302017,-0.11167904645650463,0.5851355858261791,-1.0408578258494714,-0.39807642044263064,0.4287365522600691,-1.292279751405181,-0.3491042042263119,-0.8418792082296916,-0.09128026875591179,-1.252657453589018,0.08143018011329962,-0.2587201961022936,0.0018588559913368578,-0.39110326653918587,-0.5369643738521945,-1.0769586993529083,-0.4156839615786997,-1.0010240763573428,-2.174145959257258,-0.9613913737395142
0.20860818918683674,-1.7135809660030015,-0.8386579634407578,0.27964424467037774,1.6747600480196703,-1.1231302507042176,-0.33243143313313,-0.8721756477968238,0.3157256890108302,1.6155588551893636,-0.3908661222456953,-0.373334583915875,1.5630452385979363,0.3574994094142323,-0.26225730228317096,-0.500187820953397,0.3308424951006006,-0.3282948413362312,-0.026092741673149258,0.7258345405446895,-1.2531978481540889,0.3698666652002702,-0.9198622125888889,0.39200405861203835,0.1400357984617055,-1.366852672568317,-1.1531021831043797,-0.7697810725488853,-1.2394657449490825,0.31908975458071914,0.4313068282621229,1.2419057932444793,0.7883961534326386,-0.3611779562858187,-0.5574727293623772,1.318053245470333,1.0492404587364075,1.8040138355682256,-1.9420492273771377,0.3589916872632025,-0.5142719471290095,0.6104797981099569,0.050251857241584964,1.328539156867358,0.4983351906473767,1.4098530236625304,1.1116537143402967,0.08005171365544736,-1.5061439891432669,-0.7905969102957331
0.4853278635385476,1.1252253729635762,1.4541692660757153,0.49314952843008353,-0.45190290132989513,1.1221632510755115,-0.744734057011539,0.44555325859037265,-0.4291028654170353,-0.17376656285824704,0.027730772954312134,1.4375312652268977,-0.03513577792205293,0.012877676723546715,-0.9618905755713157,-0.9594100554552791,-0.6274275163359414,-0.36564385819066064,-0.2910397003193114,0.3506041562898654,1.0684643779597716,0.2106278668619266,-1.7946652542897055,1.2919550787329255,-0.9541492240986695,-1.6477390474294011,-0.003230276582860508,-1.4695956867296913,-0.5331665465974882,-0.20947438635881704,1.7347614554872715,-1.1001472490849242,2.2692832156876324,1.4032071156898602,0.16424518143338465,0.6496855560321049,0.5998946597161409,1.2920265569285292,0.010683557009270789,0.6086599310455003,-0.9889731687583025,1.064696302361484,-1.7311030195025967,0.26754090430930794,0.5725765282090437,-0.05022451254658585,0.6665760776068104,1.1499225173402576,-0.9360871124317927,-0.7383860028503764
0.837235778277473,-0.8996445338780636,-1.8783063998070273,-1.625128703352173,-0.6452453443162995,-0.6518165565872656,-1.2364992401385568,1.0152056463857193,-0.7702168329561753,-0.648585491220676,-0.45353045034653283,-1.448469157519018,0.2969272585563724,-0.9454107671304461,-1.4211197478704685,-0.24449854275145233,0.5426565883232065,0.032241351970405945,-2.0888862642913337,-0.3685991147408076,-0.05395696791996566,-0.20025516850875946,-0.782708073725275,-1.1466086262916981,-1.095960379714902,-0.8129334686592917,-1.6869102908853695,0.8498109404316058,-0.7347187327796078,-0.15781877769083658,-1.5251598976931835,0.8121617170405118,2.7965383984603602,0.29136526805927326,0.002553014536713756,0.5519289517962239,-0.9458419436971652,-1.2952756980556845,0.7114677932371827,0.850195628935268,0.8141289612913764,-0.04599265305089365,-0.9256604110337465,0.7477069627335572,-1.4114458166829702,0.8412040892736145,-0.8218570937945893,0.9060090945604623,-0.5359522769655191,-0.2385974683826192
1.1304853016595882,0.5897038570988227,0.897495154280843,1.5361085812064803,-0.8333600740547719,-0.09946607175389752,0.45632714097535004,0.5389606392083458,1.7509648704698497,0.5619778232964666,-0.7009308997038044,0.28998283493989674,0.4277248742603409,-0.8274971875409014,0.2566936571396445,1.5102557625724315,-0.12590979220003423,-0.7220301893517743,-0.42741280794408143,-0.6204868044322164,0.7000044518620326,-0.20018802936125127,0.7836925487919085,-0.08989469731869854,-1.7952212248214245,2.04141073559253,1.3041773195603217,0.14651399801726228,-0.5334902218527792,-0.03516486840627003,-1.4591655340754381,-0.17198654958501716,-0.27522704470666587,-1.2595119071862373,1.5726812103869434,-1.037505184557874,-1.9043602168846425,0.26694542241152547,0.6357430524626525,1.5587430094523378,0.24245499965586115,0.4415953290230477,1.508624574389918,0.5463817881621348,0.13118434779470758,-1.4340503443633865,1.3570168623194072,-0.1260816913405068,0.8490886140247811,0.6599013585462443
-2.398825364950038,-0.6724118337227495,0.4453422870142786,-1.6538229505775295,-1.0656102970809562,2.080765432118866,0.9738443587047828,-1.1279604090048156,-2.507379174998275,-1.293856031093509,-3.459732560805145,1.4269592866668088,-0.9183573030794314,1.0639301789039333,-0.1367169225966732,-0.6589374045501365,0.42650066535980685,-1.6674670253588946,0.5609197264624766,0.045903932895932205,-0.35309871654727976,-1.3980155864900947,-1.639704645403716,0.901475635914492,1.5243157621788355,-1.0437198746271832,0.6227509918816547,-0.42457895678261315,0.698496040976522,1.482047061155707,1.4310912185971065,-2.6674288407662274,1.1691207754157213,-1.554282265840082,0.6773304272186327,-0.5551633957359021,1.9523256875295842,-1.181568721966443,0.9583687086974194,-1.1789755370423047,-1.5550684138390043,2.2673653432821985,-1.9912809194843244,-0.21393214108805494,1.3963657817522326,-1.6315510732622511,-0.7284365757808781,1.766531315978239,-1.0063816999533073,-0.5498980563449807
0.014090297838086558,0.21244463493582458,-2.3469169158728356,-0.5795801391419748,1.1505562502153104,0.2709039993671768,-1.4076105476812155,0.7121806522051638,0.9472254513820754,0.6516383050355,0.6331676777040832,0.329857924039856,1.469443476450376,-0.4588592139160462,-1.2601561432942785,1.3568777524797944,-0.5780507297100707,0.23224153840126802,0.9088574080152501,-0.13296821149371194,-0.03567436585647654,-1.6115794285226572,1.046988414695699,0.650230584307912,-0.6674870851503034,-0.5656709811219598,-0.2481116645327653,0.37279826041457875,-1.1982467858273693,-0.3436300223643633,-1.3648413199794047,0.15243252679812522,0.08425934691431465,0.9740705430752707,-1.4251460631256672,-0.3387424338394494,0.03396157416040822,-1.137593896315399,-0.5680950794281637,-0.5293152011392289,0.007791076694843498,0.6152445942103473,-0.5159511165637437,-2.260661335539347,1.2241263045433064,-0.32621266764144546,0.6101717293370794,-0.47538165981344666,-0.4015251833337393,-0.6862249139837825
-0.7496139744919129,1.2692024662378216,-1.8711517095693744,-0.7462735389629208,0.13662143489231415,1.7561635156141646,-0.6887319026039685,1.156959866277426,-0.7024806899808885,-1.236241919005009,-1.5403172452943044,1.3375260594832055,-0.600867420152532,-0.8053461241425769,-1.638515741541714,-1.633679552267587,-1.2251026110162244,0.9703815825923269,-0.09386143037574937,0.6875224759256345,1.959467651658184,1.1209297936335272,-2.3029075004826547,0.5190172108909801,-0.4871112393968646,-0.5671085826218085,0.13114330315953,0.9402368260181814,-0.37537574032711396,-0.17128924648165417,-0.4454817068177799,-1.4900706483519937,2.4898636697552337,-1.036507354095684,1.8205096936048677,1.0835019997442203,0.04827748130898213,1.295326050409927,-0.021705782281838705,-1.190408362034623,0.2363548217340715,0.7288527573879675,-0.292506039241219,1.5000396855466318,0.5122644141598819,-0.6997463561142855,-0.4805985746508128,1.0217952449234338,0.03855724466940695,0.30526931147635467
0.3574961314662605,1.1679084224660126,0.012685489960570558,0.1629129780696485,-0.14379664258289745,0.5856660711292625,1.0495967259058105,2.4447315055448464,0.7431705960536253,-0.7178227970192922,1.1783190374177666,0.5954784574631156,-0.008696761426820746,-1.595790492532406,-1.8001164423091678,-0.7135613184764996,-0.12675532971742445,0.005057742700181674,0.0933673823892367,-0.5279063861703044,1.7138938088111197,0.3360497166752517,0.22712736720818774,-0.10943033352054786,-0.8655735001642552,-0.03650337371534745,-0.7769724856767796,0.8325054446843054,1.135635941917789,-0.21847194894408242,-2.0554867939546733,0.034656076147827036,0.6931670581851271,-0.4680029213590529,0.8870648838371985,0.8904764383945862,-0.02648965499568971,0.14319810276938513,1.0583821314524953,-0.10057968834293068,-0.6284563185043819,-2.344814427916266,0.8075944092848593,-0.8434054450874091,-0.8440350306326999,0.46193004222199113,0.2800150142018797,-0.5768117009723464,1.2128278407482649,-1.087420909996379
0.7164428999511323,1.9510385536535757,-0.4522612605099184,0.4338275229588759,0.4965917030547929,0.4568138886092607,1.8163415683213482,1.1661444166388388,0.20904192022001095,-1.203164001687777,1.6131750184917133,1.0785914096684837,-1.0587602109225043,-0.7140149726219556,-0.9169943539344034,-0.5443935388526951,-1.0761797044512016,0.6822884795187092,1.0582237769444787,0.9049450196690427,1.4776876102463885,1.9438755246438797,-0.3709974081131983,-0.3163908895566127,0.41012267154438115,-0.8269551699817979,-0.5616471220694591,0.5387366063602183,0.7740444619307513,-0.43265917260571546,-0.29125946709565625,-0.34654141044404896,0.5021088628971642,0.5426319377191079,0.1690648511941106,0.5210006065640689,-0.2187405018120241,0.8405219312983022,-0.7670098174392218,-1.2160502526891634,-0.4448484813565691,0.2556371351734727,0.5071385473350583,1.084401993639016,-0.33023897989363094,1.172623550480895,-0.23440008524064343,-0.897406363332328,0.5098621289472542,-0.4823313847480102
1.0962405675409446,0.05247663971354606,-0.30570682301318547,2.2120106126297308,-0.49639316434777286,0.14004387214688493,-0.6094573644494693,0.38496151191851274,1.1455137282399934,0.2353659150693017,-0.2979607111253177,-0.06585758314682871,-1.2470236095966858,-1.1094846470267428,-0.7161965193512854,-0.030890411895814714,-0.6428726373355297,0.24683778787585395,0.2820264582670528,-0.9139022295608383,-0.004097489967189359,-0.43607916652176554,-0.14491155736208883,-0.20570403508454954,-2.082836828056223,0.13527417911041348,-0.8099574271392652,0.6695239636125182,0.6648943428464018,-0.7663505666436222,-1.4290856349776324,0.4215856698756658,0.5779690291948785,0.029627838841562434,-0.16613304960425934,-0.4417935732083651,-1.9416735254965487,1.3023276006691122,-0.19255337571694586,2.414092950057739,-0.6421931411812746,0.15585025653776238,-0.35610694161286377,0.44476685162868074,0.3923974904303816,-0.7844257518393254,0.4354927903582722,0.42733048868276763,-0.8581899911955735,-0.05309503717318764
-1.3863866862321175,0.03960461285356102,1.4371468533670966,-1.809087404608035,-0.8617663837861369,0.13267410681234865,-0.37513261606149395,1.739791454979579,0.3813256148336057,0.8742316212994183,-0.6845095676408152,0.04869709269054811,0.5711219124209248,-1.0752768683594807,-0.7440005481965464,-0.4542266140279383,-0.4860762680176346,0.8093632581431499,0.3865066966550063,0.3628665004159999,1.0730422218462472,-1.0744966096133715,-1.3892727792528765,0.3686027211069551,-1.0234495696123354,-0.4372877468109922,-0.5323677589927845,-2.0595279655560286,0.1439095699186018,-0.2941174550708064,0.23328996933566046,-0.3710869418351251,1.7105438427144424,-0.43834060540075553,-0.21030170496621703,0.8857295692982508,-0.37855132028601784,-0.726354924639378,1.7947431689099835,1.122278152829092,-0.05794850254325016,0.2319267028132363,-2.5425626975530338,-0.3947898029861656,2.2754626152299875,-1.7562288747682986,1.7495513535064964,0.1512791626023003,-0.054768646357711455,1.3369316395266246
-0.7157811120144162,-0.2266240669570185,0.8298770734850752,-0.9696836320051007,0.9654674023772614,-0.005735374299941562,1.2604313310933333,-0.3223917075274579,-0.43083376661690903,0.3009137987732591,0.04210243364610276,0.0035863967848780934,-0.39735561977314804,0.14549251344016914,0.2230790949948824,-0.07482951741813859,1.0226763698120347,-1.5472806635022238,0.2697724253975859,0.35101309017057425,-0.3865360278407219,-1.2175218509215524,0.47008760351522155,-0.6389993814803834,0.956179722458292,0.8760855954089866,0.6941958450226082,2.040128323901035,-0.2540394251232298,-0.20806553771181271,-0.9991469598703204,0.5110415500262604,-1.4532413081325806,-0.02384812063092587,-1.0066410653566662,0.3519806514292641,0.4029187222174398,1.1056474534707492,-0.16550500746394772,-0.8586999167612106,1.2980094203745751,-0.5893263905217566,-0.26846939412537324,0.28696982946618543,-1.0219696867845922,0.6395847132804536,-1.5080342880318238,-0.46307760406999277,-2.1151883425665314,0.15405240917652374
0.005317469945497848,-0.27136734680700586,0.47072967271881894,0.6899169585229853,-1.3489519256888383,-1.1435595761925992,-1.1440614037729309,1.540081215808428,0.7330288532569487,0.2009061082347314,0.6181707549059404,-1.436126089216601,0.5424573153255472,-1.8021747644688717,-0.8802214472025681,-0.013278076316766637,0.23718511376596707,-0.15739276971733987,-0.5586366601684327,0.4045513887154896,0.4851407576774469,-0.16565137895957258,-2.0932085507934968,-1.6662320278049445,-1.226091423736641,0.47687878427036495,-0.7227982334991114,0.787264065194496,-1.1150737758704155,0.9798886106571928,-0.502028974613243,0.7954744403786679,0.41220950078228896,1.3373348909631546,1.3396981022596195,-0.5383199192457861,-0.15500289088969027,0.5794389659961562,0.21471674319980089,1.8110744215611505,2.144837244849555,1.823792775597005,-0.7338255932325535,-0.019189685879960203,-0.5168403836385894,-0.8419864625282965,-0.7755263551202488,0.4581913746614777,-0.4177201711448248,-0.8144494175085982
-1.1047632147587116,-1.0523395826656372,0.2726703732645729,-1.5038713933129497,-1.9738521287486983,0.045575453181391536,-0.7339868680026617,-0.3742918268530224,-0.026733102407440475,-0.06272251098094819,-0.4488813647645294,-0.001551598568738654,0.4596732440347775,-0.2739087393160686,-0.6286534892007825,-0.8394304112500363,-1.6130016244406808,0.34575525828170656,-0.507644224833211,-0.20830486212498547,-0.36408031877119107,0.5944469594772125,-0.30196177573858046,0.4117556043913924,-0.5801496073540025,-0.20096038616192807,-0.417148937273198,0.6598350703112857,-0.23746090537536554,-0.8140877299524915,-0.3936403749465442,0.41667385594985734,0.9240972236989086,-0.4075137040353232,0.5303803438316594,-0.816087297113471,0.14690868532139922,-1.9607694571687408,0.5587079258520036,0.478107777199514,-0.5683623721540694,0.7304918800247997,-0.06490758111000647,0.42434722426010696,-0.019903375170850203,0.19346550994197798,0.6904327865388029,-0.1964547192916858,0.9178471308777961,1.5062571785691607
-0.23368432428245886,0.3538970979788685,1.2072890124141706,1.1038983548034402,0.595594588341362,-0.6988370996535528,0.25064148839920963,-0.11189876228097762,0.7140025252482258,0.8810430416109312,1.0836957386284114,-0.01908656984899925,0.5849668157275499,-0.1007283116306144,1.1825090448645748,2.0831981324492346,0.3155485989260065,0.37422819885097863,0.7147926093608827,0.9063526384612968,0.6607761147247201,-0.0007256656443731089,0.9408806787941993,-0.27984963218133935,-0.05863132751965404,1.0184192152239269,1.0724717825778685,0.3696357150081688,-0.6579799086467493,-0.28640730480938675,-0.45569689987343376,0.2376152977597247,-2.268947887548055,-1.4699325525156768,-1.2842017449882919,0.7420235813593152,-1.3025534197047277,0.3583468505541439,-0.5998897092002841,-0.4509913014086157,0.7937020486014645,-0.2690538161102127,0.38485372429404696,-0.7216220960197995,-0.8195934459857263,1.102664580971442,-0.5247910830966794,-0.7550958159817661,0.9663665794717237,0.35696185664927776
-0.5421091580057232,-0.2615520607368633,0.7345920087364277,-0.1956648696417206,0.3357040901823066,-0.6506079596489711,1.1151610062376924,0.21033708322181816,-1.0352534911009943,-0.10187264052713633,-0.32086729257391905,-0.07684055743873887,0.005605668105303344,-0.23617848325601087,0.4218240116230007,-0.2904481024354089,-0.3932855211187288,-0.12698041329758994,0.3267477852444042,0.6097519235375349,1.0043435013309105,1.1336651140440803,0.03417072581835388,0.21229517141726562,0.4546528100199379,0.042368775042351585,0.15018685488830347,-0.18844689639285378,-1.8017488586252643,0.37697146350820404,0.16869021370739626,0.48209645259360967,0.43226943289185676,-1.19239479844271,-1.5554415149722964,0.5015945381656518,1.209070244832723,1.4846851716035256,-0.23408021399601114,-0.21572980483723397,0.9976379538210349,-1.2781622581216583,0.33061163870518173,0.9078235084601295,-0.6920379508834876,1.3758768988496075,-0.18075098613699056,-1.0944474739521004,0.44237294335019783,0.3599094160481721
-2.038209472803605,-2.01108173151338,0.40008994633682765,-3.103923414656805,-1.5192991958118507,0.43090699125344656,-1.914213910768427,-0.7045117260526386,-0.6031875767433855,0.5688809720723761,-2.141355505202913,-0.45555485825634195,-0.37172911083211274,0.9700252584516477,1.313531150982338,-0.49604049798345423,1.951110076682153,-0.15311679777875528,-0.9548660680770463,-1.7212710552570387,-1.4221129291454708,-2.551383840308866,0.5429255359940768,0.7521790965292078,1.195250238871528,-0.3832024907122758,-0.01067614527231951,-0.4455503323428694,-0.3636268058061756,0.020576049207012947,1.4168705378519608,-1.034031230956157,0.33987253283017926,-0.3508453044775887,-0.7680394302817046,-0.8584929262986133,1.433729905311616,0.09912785492192883,0.19258339167936003,-0.7847418981792676,0.2773629183557634,0.30499252803018007,-2.77183134446156,0.6714356918632,0.7560332079768838,-1.0936687630849395,-0.2775694490918994,1.1861868260902935,-1.653544320918505,-0.12895954257076825
2.2149447470661983,1.317742764849431,0.12679555178460197,2.548336985103848,2.1584087508827094,0.7022862263996353,1.3383808736376117,2.2365080680713625,1.8245365692852418,0.5862252602136881,0.7527966351217739,1.5471967862093385,0.2089097301023099,-2.3561544662597207,-1.5278039181056347,-0.28055179622563625,-2.1529958706760373,0.26785683381663367,0.8570047528205927,-0.5641235623196779,1.1968551512503696,-0.5624130672900136,-0.937080184407636,0.42340217155689214,-1.5014486590854532,-0.05097532974602985,-0.6338654306189965,0.722804675604355,-0.790031643260677,-0.7771951377472682,-1.7171231529995088,-0.4599865102491324,-0.20373463687652413,-2.181623088296953,-0.5115195289044443,1.0712720478256816,-2.4002275010035676,1.0144981253512853,-0.042512197415599584,1.3856419515447471,-0.10146431328062458,-1.3184600355888845,0.18432881094390838,-0.29597888691782476,0.2879958452852847,1.01994303177826,0.73443981935244,-0.47236745214081993,-0.8581568994992096,-0.6423552045377137
0.39586502431974213,0.7089862247408871,0.1402806209067194,-0.027318134764933066,-0.13914061423811527,1.6746727674882036,-0.3208932329906611,-1.3390484051706375,0.006813626705898187,-0.11993009660309509,-1.4463888761295411,2.0927790255821175,-1.0165275576335953,0.6712336657371292,1.2864567393733948,-0.1438276132469377,-0.15135546845045703,-0.40686005248596,0.6696572382846014,1.4455922401256824,0.20337148348678497,-1.49256485920935,0.2784494852256132,0.30896303904768874,0.26711193227597557,0.8455108043367054,2.606476050724618,-1.3591266513480156,1.3016052437533012,-0.4282405992811529,0.1978622315481963,-1.1021961884017728,-0.863246431849561,-0.2806445847956104,1.079586073601111,-0.48565286269562463,0.6610002067036246,0.472270499671645,-0.11057865655152974,-0.7818957472896033,-1.797905609604778,0.8344249907406824,-0.06409245181960022,1.1041848901549376,0.6263151775464391,-1.802564511729709,0.42317069817937425,-0.03825400543810339,0.8840594444922836,-0.4233966887497221
-0.850545811032977,-0.04510807292293117,1.5396791609901066,-0.48166040738874133,-0.7299808158140357,-0.0023736975670446757,0.25762178914410916,-0.8020382194397104,-0.9464269052685073,0.1313475636005953,-0.697711304613642,0.06284059367489882,-0.5087968458980917,1.18453144757696,1.6987749031500052,-0.43983628055015084,1.9735106787780041,1.322443546305838,0.13202892045974748,1.4355286739862434,0.7416392820496756,1.8408905865887888,0.3089458100880013,0.9936874447623122,0.9475269614588148,-0.9482626286408499,0.847717518333169,-0.544247116356327,-0.45047626776944405,1.0605529394723419,1.1165451971077431,-0.5988873174328279,0.8339238045837433,0.08793517813947874,-0.2603019214365576,-0.7557807828824815,0.7475780373233484,-1.5774494826995697,1.4627798996268415,-0.5954384456991586,-0.33947196240391203,-0.5312703518320661,0.7961417631579384,-1.1650089796251302,0.8861707750010196,-0.14536189000906644,-0.2013768087503581,1.0414899201181222,-1.3677941824540765,-0.9871832979162455
-0.321840474890692,-0.5757783381571792,0.36747042487462545,-1.1926210840538911,0.4165086332820098,-0.5250128200732573,0.7361208389375402,1.1187098160646753,0.24423474302790402,2.0161508471362826,1.0224316088673544,-0.2872010722612486,1.5390266206014462,-0.9458476058067696,-2.0165563341306796,-1.1527221596212183,0.0126987326588239,0.43908883191839976,-0.89154536793237,1.417050194491571,-0.8298480026961245,1.2233459767386208,-1.4986323862313455,-0.30079515567201637,-0.48871330254144957,-1.3825817573728594,-1.6077684737451263,-0.11536482083753226,-0.5614000048436264,0.4033938403734265,-0.7213102791236025,1.6891052535248203,1.6402837480963366,0.20160669790183516,-0.8016020670351498,2.066464772426279,0.055667631314344136,1.0120451495738823,-0.33156270779027586,-0.012623162912371224,-0.12306455596717679,-0.8648809159847652,-0.7229415562671696,0.3548104032836897,-1.0748143151877314,1.8917210875956125,0.3040548916919618,-0.02238116709650875,-1.5640921228206361,0.900254016034856
0.14016869191609196,-0.3554047119360273,0.5881110298688161,0.9898471678324559,-1.3711148249425706,-0.6860557481939816,2.5438660108669713,-0.09769515203699439,0.04219274519663489,-0.729750861242831,-0.4411529888695858,-0.14713355283147533,-0.23622344579334614,0.3294961595915166,0.3009834676476046,-0.6577534271644697,-0.5195208251647817,-0.1339448338963832,-0.9137532520140839,1.82691256931307,0.23890295799131273,2.3059633757677958,0.8771718126530555,0.6181291299810692,0.9115707200306247,-0.4526724004784314,0.8175951858665012,0.03793929374722035,0.04584767864107099,1.2347704793495136,0.08039466813484084,-0.4107227340258612,-0.36739436903155986,-0.7469850905366255,0.7649348222819268,-0.6516151830431737,0.3257674625078721,0.40071112704709505,-0.2567849745414297,-1.6750027751019987,-0.22295013141499753,-0.6809643088258667,1.657110829263655,1.2986572542415988,1.245815417748204,0.12478847247542846,0.03547004618708194,0.7356150954542716,0.061584803004204505,0.4840510328201005
-1.4305672009820576,-1.2333601019866827,0.12195090644852132,-0.9745213032877994,-0.9002530088644569,-0.549207057738173,-1.9063392835729183,-0.5951828602722542,0.3751632901044343,0.7093990297548243,0.8844996869574167,-0.311521244230055,0.7426723873699578,0.5712618004073491,0.34499474647009243,0.04836487135459654,-1.4624002749113227,0.4404397388277578,-0.9271466762627505,0.7802588971182967,-1.6658536671039765,-0.6516141217007453,-0.30301089762523165,0.4539790487351643,-0.11875586907797489,-0.9180785021977916,-0.9320849925269724,-0.9548675683601053,0.6882526120965308,0.7295127888060358,0.4415282607357749,-0.008248325883054379,-0.22921964843604858,0.5972351752504469,-1.4281030238292325,-0.7596616416505598,0.8838778106064409,-1.240648635445457,0.3591636988099028,-0.5217882503107739,-0.9357371600178446,-0.7502758036766862,1.219078524386421,-1.4461373853816044,0.7502318057040402,-0.28401423040345536,1.201469545929323,1.9199554604034446,1.5697734609056984,1.635557638273589
-0.10092667589009978,-0.10181186050486117,1.3649486864075813,0.23430941313493664,2.989404615778718,0.3297309913539631,-0.9245979236851705,-2.011330037074523,-0.9951217263287827,-0.5515125807181116,0.8006157142689267,1.3851379835674764,0.27493237459248304,1.5774615598293003,0.01757908707273621,-0.8711375349030952,-0.47894225170837545,-0.24931368744218332,2.2535228546284767,0.8723839906922098,-1.4805896620354477,-0.4501615504567523,-0.9924247061175027,2.3385937446384344,1.2529216167640442,-2.142557355400465,-0.6536155000087399,-0.2164468699951545,1.2631773757436058,-0.4855031156303994,1.7060654372142596,-0.1370394143973251,0.7384751813001692,1.0680402307737715,-1.8779746922064788,2.005458395075627,0.6789021590086677,2.8971441955480395,-2.3199763302493404,-0.5267680186743987,-1.6581013340120425,1.0567163873529402,-0.8609706360932642,0.6753055083987889,-0.08930956553847917,1.9943205769226986,-0.18300806273805065,-1.5938884805515232,1.1303916922773072,-1.1081687179383841
0.24467966349817788,1.4952883843400855,0.08240361240265681,-0.7886589664690085,1.7711424684098884,1.567424142000649,-1.1568143040687853,0.28845043807405546,-0.8737380542611607,-1.3724254042254524,0.8000236786269658,1.3584380998861885,-1.214388407843405,0.49249387350027624,1.0757374211863429,0.25458827015407015,-0.3627183681936723,0.08271345234867492,2.397350335614166,0.13746605427275108,-0.04426604845997735,-0.6424574874762575,0.3079696055915778,0.06201210352140582,0.3380684220873757,0.23170883215175966,1.2770357130320533,-0.12426344223396565,1.3947788185214325,-1.1039506162724326,1.0009360088181636,-0.1709007687608122,-0.5564813783960735,0.5988848793242493,1.083234049833568,0.8552261327899541,1.5326209272663742,0.683633521422324,0.597038151013104,0.659224519469643,-1.1154149023735072,-1.1258365234891243,0.04681455421524148,0.4315908665811584,-0.6018854593848806,0.23397704901793456,-1.3463456122942685,-1.7496434620916614,1.9802665550220706,0.3063274174865223
-0.7833525947249822,-0.4024126518977715,1.0358916044442406,-0.17364629317316596,-1.1030396720513023,-0.9050641856089067,-1.0499673812114914,-1.9387277751226446,-1.7967014186183163,-0.7338542413059863,-0.7624107208682059,-0.4509627123934867,-1.9264328254630942,1.9476708312413,1.1372136694841517,1.5199813932394952,0.30924509450193377,0.8629672568579133,-0.09235481081598274,0.10249938003265409,-0.32584362922340426,0.8280152931670243,1.0324156238315099,0.6329826052552612,1.5261065778400875,-0.8050640313168543,0.22088040425274064,-0.15041923858725445,3.338239140341765,0.1853159348942599,1.5049488308270018,0.4331156816399167,-0.25718979551906856,0.7634472062421894,-0.7897489824084167,1.6141554865780612,1.822689507118787,-0.3036718303844047,-0.6433090737241539,-0.5517779574640502,-2.211094274957807,0.56003082426915,1.1729993273334023,-0.6365055159626709,-1.232744957462941,0.9752029313298493,-1.6390161901397056,-0.13260255479909397,-0.861595852317111,0.39061453053785494
1.1633975899049969,1.663565393011141,-1.2444096017272408,0.9142919870682708,0.21813821478535622,1.6451641803261097,-1.1953181750069342,1.252423883255128,0.22287856018003416,0.8514522031166398,-0.7586410129162988,1.7297396428112142,0.6933070168973237,-0.9898918546638569,-0.7076646707054007,-1.895499539932721,-0.10514774248917047,3.185338682315733,0.8381240016501965,2.091353510945788,2.037043375473485,2.4933534171647587,-0.7889403304124459,1.434822748007223,-0.6747386433249268,-1.6991440298246445,-0.3330472908166475,0.78773139159855,-0.7474828872469951,-0.7136848128297368,-0.49985304552666426,-1.4427953546280552,0.3326823640128676,0.4125502104048475,0.5303122008656086,0.6197565462091433,-0.3517693684130164,-0.451248264507526,0.5414670029514635,-0.3186790106744775,-0.5504536497639619,0.3389079396766938,1.1901778391882731,-0.8406007939418617,2.2652365250008337,-0.3157192803625665,0.4246508835695651,1.348760606538609,-0.5467226430685711,-0.37109305996408803
1.8505661613011573,-0.5206024079487457,-0.7071289414751629,2.2757421512791236,-1.1403810064303812,0.560923921737718,1.5809978686868615,0.8356531490399361,-0.2268249567824406,2.4319757457952105,-1.6489401593849062,-0.298981636548007,1.9242391941956027,-1.4504390748813984,-1.1856991616875832,-1.3628984023669914,0.23792811769575664,-1.0829409021189413,-1.1723695490868893,-0.08507518322089047,-0.7982049822168299,-1.2743587892246429,-1.1239757277054248,-0.2729464899759663,-0.33952205362918436,0.21551370260609445,-0.3493510402647325,-1.2399115545637118,-1.2621037146092056,-2.2494662173718587,0.4058396198907738,0.9991020185045231,1.9905700910317636,-1.1464958791593505,0.3896186967576527,1.0170921367883565,-1.3918048473253681,0.15034863685914912,0.6978550133953646,0.4724543016611637,0.9818629750808631,0.17940903082152446,-0.32070009727483534,0.7089135183256536,0.08957377586900227,-0.06341652870512245,1.6187691333373664,0.24020325348770502,-2.6598661955100305,0.22170534034841657
-0.7750345377142231,-1.426073925572989,-0.6092074762199932,-0.22002048210049371,-1.2820335878346516,-2.075825890685663,-0.9325404665970439,-0.6552972722596029,0.6228840627514426,0.9275389163665887,-0.050166231665446016,-1.1465573907388398,0.6687367603526738,1.3812917124043247,-0.27042988841807625,0.8373969646094034,0.25800679868254073,0.6208029974931852,-1.1071962577176537,1.2757367649818323,-0.05227021897019454,1.104181005406358,0.025806882286916744,-0.17767299199520095,0.3673598749448033,0.41137317255001565,-0.21321412404230403,-1.876582874325764,-0.3244874980275365,0.6376268162791178,0.4465261102847186,1.2547648632911461,0.3992938972377857,-0.3558112252529944,0.3104367970899071,-0.9096426514905341,1.2228382073683213,0.2539555555953661,-1.6673365014768091,-0.8673646141209645,1.0054112627157108,1.2516606382670201,0.13116074714984652,1.3182390168308262,0.03716594005070462,0.10618138324360196,1.225043488481776,-0.5240014456473787,-0.8576761297433022,0.06144290078433879
-1.1128294118369662,-0.333737308375571,-0.27368961862741326,-1.1238239678048008,0.95467337031348,0.5179499467482902,-0.36246684621365294,0.060717784656561996,-0.21666300481090897,0.8941214169354952,-0.14187349455683024,-0.0030304641914428807,0.6323030167078685,0.42518650083635,1.187327319741296,-1.4843482149077367,1.2309237229481298,-0.22399591880214842,0.14875740202955834,-0.04807265708170946,-0.007293822801035778,0.39547632101889474,-0.3320956996716237,1.1980515728876056,0.260722303824105,-0.21831586256160979,0.2617950969480147,-1.3643375079865057,-0.9667623616007666,0.4618952596416424,0.962858747336979,-1.1136635276177154,0.2769169268801223,-0.4034166673175638,0.7162307597084894,-1.0364220108039057,0.48919675922918526,0.3518156473863783,0.16293416573104125,0.4876161588164668,0.04230419243886917,-1.5682519984972418,-0.7245255961263979,0.014496327475256634,1.7487485921483377,-0.5578029260746304,1.7420472560976696,0.8868856420978677,1.0794579056548916,-0.4298640666121852
-0.37777632492116975,-1.1702734682140825,-1.555398865007895,0.39104235414195515,0.762012866265727,-1.80847063325425,-0.1283776766336368,-0.7283536850078741,1.2903622021493206,0.9196419711829069,1.907036693585886,-1.389063713784253,1.3342406524240367,1.5414400720552528,0.7004164289916162,-0.1346353484413301,0.5038333768845733,0.2053448181247434,0.40240184497469383,-0.9070425427765575,-1.1438156048789045,0.9091223748647537,0.014735167009419218,-0.2298898163858019,1.2633097400441016,-0.3074539372625233,-1.048144468709659,-0.44295923355389466,-1.6799891004314178,-0.10418832730930545,0.7508617107555295,1.3508551763426968,-0.7979241582685414,-0.4901725139589473,-1.6430708847257995,2.757846827420167,-0.5348616154599383,1.4060696011371976,-3.741825911754257,0.060452082258346765,0.8696668784060954,1.1166374724163965,-0.07253567491129169,1.0433009851453419,-1.3926534488674702,2.8023836748805175,-0.6199528496442785,-0.8348046684026499,0.3394816455566284,0.35788800016648703
-1.2835697509350437,-0.4445986653231293,-0.004333275415409108,-2.2611610576350367,-0.710733521739386,-0.7866534907025307,2.249345453617401,0.290044594473805,-0.6748963615709126,-1.0806108164630042,0.11668890131620183,-1.0270342925202034,-1.0425422799283206,0.14368881539682654,-0.5932985984892136,-1.283016004968668,0.15191889463465424,-0.7190943040895856,0.23397061188857812,-1.1041413968212883,0.06551737382091391,0.48716549109404095,-0.6619761441278131,-0.36007512700629707,1.6248350650648615,-0.5877308634406434,-1.651978407340962,0.5110831040271786,0.32572971456339983,1.060809729569687,-0.35267236779247313,0.447830049459035,1.462728975979798,0.5354693240840339,-1.7497907421176697,1.5932486106923038,1.2747033279794142,-1.629316009405385,1.4603861763624375,-0.6758875041206159,0.6295652394763116,-0.619145262158293,-1.854168536397854,-1.4129225060681119,-0.7287509543067263,0.4375578443098454,-0.8120582074654785,0.331881790643663,-0.2718471766235063,-0.4340271250204255
-1.0268804250111632,-0.5652901849596853,-1.6741154124895004,-1.277924782549489,-1.832376423880188,-0.7836420692524481,1.1696136177499568,1.7411042272266175,0.2236082632676697,1.8485578935431688,-0.22070283275404287,-0.7137620337438696,1.0001623489947769,-0.647931790054252,-0.40818439919803307,0.17989724329544035,0.10144732622824881,-0.9750894230395301,-1.4716343730332235,0.6124400120460469,0.08426367586222172,-1.499341640212201,-0.5405778158888884,-0.4610302247126186,-0.4629231509682106,-1.0638022194112235,-1.3975318418296883,-0.26220675675323596,-0.02029913321017967,0.25975518685406884,-0.8340653274286378,-0.10432005870779529,0.9624937579329232,1.8871156776348874,-2.011691521135959,0.33307693170309277,0.44842155461454325,-1.318038789007017,0.485594032771142,-0.5290380712200359,0.9665817874565193,2.4820131792470166,-1.4452299896626064,-1.2665226141236998,0.0691415853593536,-0.5741693190475654,1.3807496366684475,0.4664242853927064,-0.512542895388113,0.46111256869568135
0.36785318366889824,-0.13644655952273302,-0.4863230794407228,-0.44105585935806796,0.32016824809098726,-1.5719243701721057,-1.197108810344598,-0.4323246086245028,1.0887834059086532,-1.583920087689273,0.9531427872722236,-0.6394396596455824,-0.8945837660692519,0.6500201694320442,-0.0006482359841530071,1.6404538726090567,-1.406828920478969,-0.00930278427840713,-0.7735407226759566,0.0927221186783008,-0.04147065849666101,0.5741074610663942,1.2844301140077206,-0.07984795446492861,0.6662049351413479,0.1550905708354545,-0.4538961808173022,1.3639084308871705,-0.47030043746390354,0.9037905491780089,-0.42895288415940563,0.036646078867529804,-0.9356569427141914,-0.36963750762680153,-0.651224693843822,-1.3413712556201676,1.005722944741494,-1.12910239683577,-0.7269509502258763,-1.7260456515149822,0.5688324972557415,-0.7270511354373721,0.32877865878797774,-0.8084505564809503,0.7659100652150256,0.3414059592333631,-1.4186597488372963,0.7456472285128589,1.392542989056935,1.5479877327503349
-1.7382844483538085,0.027679153689775804,0.20547064721960712,-1.2870690250438754,0.1988699992904275,0.0003103126126818606,-0.6255638850307751,-0.11044234951972182,0.16120518575826942,0.8106420492202704,1.043770046621893,-0.14465175353555007,0.37006698623507067,-0.20379750753352774,1.0316745527318414,-0.6240082456360729,0.8230527423321543,1.3675280750284564,-0.7171601508697621,0.6736800688428559,0.04624673798813411,1.4165857785378733,1.06489499952169,0.7583073684506174,-0.5767464658463485,-1.7663620830938573,-0.6550638159947051,-1.3194525474652672,0.08365522329362729,0.7564955428113624,0.3070554239876216,-0.1245136619225211,-0.8728171406211452,-0.19191830003338597,-0.47924020379721083,1.4947484873512011,0.8827150198993702,-0.10505551236557518,-0.42819560081851327,-0.5504798773369289,-0.04785711591790364,0.1847234861907155,1.4544449589243602,-1.4576939267648508,-0.055227687379137386,2.0618144338945683,0.3127273833014815,1.452845524741741,-0.24953835003891395,0.9312837621100384
-1.4830021154748256,-0.394039282709473,-0.7699925261230854,-0.10891479371976281,-0.3430308046972088,0.9143898084764878,-0.35558789441073907,-1.5165494104866846,0.04973969936078232,0.9729374610331839,-0.6697084671320495,1.6224389257528362,0.5935065429931179,1.874939233424462,2.9423164368301378,0.31509923064083,0.70348717081841,0.5536019844723716,0.0630395445547698,0.26080560413308496,-0.39845235484201663,0.09125221409686948,0.42713103887487136,1.7907371636384362,1.2534897097155298,0.6187781087769082,2.7672949863098815,-1.6378365178294736,-0.044470347832494164,-0.7483900232370786,2.4975772591655216,-0.2395763993631457,-0.6748352387939345,0.3380962615606881,1.0492638671493153,-0.856496923181545,1.1768296760263168,1.1234964290460776,-0.6997572592579222,-0.053762067265871606,-1.6667812173122112,0.47061221070493897,-0.20216940407015666,-0.47040905299988955,1.1655513946885074,-1.3495684224375435,0.12089118236014045,-0.42349875953611793,-0.7558660155569144,-0.28957883575539456
-1.3348683865710218,-0.2925963697566482,-0.545221785850869,-1.009994085855991,0.16316467470542415,1.4091122743076079,0.4001240629314257,-0.05907242221066134,-1.3537932926655742,-1.308270631139169,-1.8513362501025687,1.287748687076635,-2.64491790286641,0.33191094901329193,0.9026641323880983,0.05316221178382452,-0.08519763789277732,-1.5094273987652884,1.1971587332001807,1.192337571451878,-0.1630433819612448,-0.4477329398368114,-0.816202498744513,-0.6900758531794574,0.9657571565522242,0.6592018298716068,2.142455642382848,0.45265954252498264,1.0624309437435302,1.5983322049806854,0.5589383709049034,-1.673302572397832,-0.18085855114138957,-0.5150426989546671,1.077400188347992,-0.3007563900432662,0.6720643524489692,0.2850310504477087,0.3994790186044101,-0.5827921183695286,-0.3377159737671347,-0.12840538414715075,0.4201294811653516,-0.43284497405935163,0.39137040518722804,-1.284909787779255,-2.014604053429014,1.5060085280663833,-0.37815979421720963,-1.000718490538508
-0.6382563611323051,0.45348652454521643,0.05950765250636035,-0.7605791451758424,0.8554088682426414,0.4352917479690918,0.6275623867480746,1.2307250466871587,1.8101982703654356,0.9270622287264169,0.3697763906625005,1.330575705789299,-0.7379671981800324,-1.0385293390207173,-0.28648533825535494,-1.03255214164802,-0.2793901455116555,0.7731895936124911,0.7466647532344044,-1.4524568731131449,1.0935798273713182,1.1714345842019362,1.1957591295764383,2.94254476413864,-0.15314905399986628,-1.3251011501080487,-0.7554082091893056,1.2751512078107279,1.773756293579484,0.3406241441716488,-0.9931429752965218,-0.6070116029839469,-0.970350935017951,-1.8816314676699224,-1.5614845963604629,-0.3532939787185736,0.420073363787885,-1.6410587796975205,-0.36764283134216513,0.08336003367056938,-2.350182849686792,0.12205456791164195,2.696220488375159,-2.0190852566697166,0.6036003281566233,1.1289705418179958,-0.5524983182594481,0.24234196265062627,-0.6547543419551075,-1.013524230165805
-0.7630757888440455,-0.15531505976185653,0.09137162466360788,0.1270054277365936,1.2368329952452592,-0.48993311420264957,1.2502150960716312,0.09353048501366784,-0.6511664530107065,-0.13203015561624779,0.4577484727530023,0.28059691156216104,0.6458152887968847,0.22911457510198602,2.5587588824517193,0.9372730940704069,-0.1532859256636179,-0.5917463883954721,0.5201964618559392,1.5461316658622644,-0.417819130260126,0.6804827838559702,0.990079101002426,0.5384176697027151,0.35447849391700226,-0.5856257166662857,1.2924654738830255,-0.1657609381293559,-1.8068932270049514,0.5236596687567794,0.9156570068948676,0.40603926386219635,-0.6394260898112561,1.116638421310694,-0.8387261673633225,0.3623170502850213,0.13098892503536974,0.6673389097049494,-0.08820405379380049,-0.20936283652846852,-0.3226335539571323,0.6195509905930197,1.0872277870572697,0.9972176424626932,-0.4682155527362409,0.3526857080882599,0.4223084735966037,0.30263483354846055,1.4605356878768014,-0.3416608772758518
-1.589413154721909,-1.994096070413662,0.7797368600828364,-2.3394780760379716,-1.6257037863292465,-2.2790810582697074,-0.2901132532891756,-1.2190552324833865,1.030993396459103,1.4406708702249449,-0.33150416672932986,-1.689260725711995,1.442941971857968,1.7578669275279195,0.46456205513354326,-0.22458623004259212,-0.2278596067962682,0.5325340046304325,-1.5896142981286316,0.602330316536449,-0.08150432799711667,1.4329857447457677,1.535602257934922,-0.7702732928967192,0.9264538550825315,-0.6646819541124562,-1.6630219599200946,-0.691250630252227,-3.341113704750084,0.7857880762121582,-0.4494824362462093,0.2726092831268548,-0.7599439107195216,0.06919353696728288,-1.591906525639765,-1.4624632851369417,0.7249484831264237,-1.7437843019019756,-0.10346371045516344,-1.2763329125617624,2.0987652227263194,1.1544034560810073,1.383768648636635,0.042175649572131935,1.148139396557492,-0.8549095905239216,1.8669165922376714,2.2699011892978884,-0.1976449000306568,1.3743778712641388
-0.6166350333619447,0.28399035226112684,-2.0933009772217215,-0.9073940551257561,-0.5678939280578996,-0.19129643070239255,1.3964006744937125,0.5989212222687776,0.8080107269158001,0.6421144473237236,-0.17251751425616751,-0.22583608891412202,0.692848962444796,-0.43889151637664225,1.0459479622753887,0.4584727362469749,0.456318142275235,-0.9087323951317965,-1.6667220546169645,1.1025343164388872,0.9679893772737088,-0.08576862902907052,2.476587111610537,-0.24410347911723598,-0.3773747758851755,0.09345287954649191,0.39786704872635215,-0.4966151122697476,-0.09339853096665174,0.9765468533725806,0.11995663963475751,-0.7163134152855879,-0.5913264572769957,-0.9282042951790347,0.5235037844768146,-0.8401384011614755,-0.3640919631527329,0.18315191419603982,-0.16107327826818285,0.022572001424426613,0.6493352687996246,0.166834258688858,0.7314267738895415,-1.1396709471679394,0.903598823900121,-1.0371303933803213,0.9141523510105541,1.6040860556024246,1.113207560845067,-0.1909617685183547
-0.5689365272604504,-0.8365972028431992,0.7421154852900758,0.11651785311578816,-0.7545409733980272,-1.0910541145062704,0.18977667443595303,-0.11651030299843924,-1.4302864442301302,0.6832095679983508,-0.6524280797121943,-0.7548942685295571,1.172351640820319,0.38975693942228357,1.364732378584651,-1.8244505467636636,0.5061832210640688,-0.08645437261957573,-1.7050942203219661,-0.41259032317479305,0.06860873252645495,2.0319546858684863,0.40342589591947337,-1.1023406193137457,0.4178081373432006,-1.2394023180770526,-0.2245551909066953,-1.442934400181941,0.001711641316526184,-0.414957043881559,0.3507958532135633,0.30130313662362374,0.3548111904295352,-0.4749510936485381,-1.3639640170684362,-0.1599990737614267,1.110013131769208,0.5313852205001315,-0.3222120599784566,-1.5733654337647216,-0.43972600628512876,-0.22119512221727783,1.2358743675830837,2.5367410039759983,-0.3304914487933412,0.9788154552299451,1.0502166440722587,0.3612006010722507,0.032113983132081206,-1.1029559007988443
-0.9882327840269731,0.03113753876641698,-0.24404385828628314,-1.1272501658540506,0.6783931542576221,-0.3694949894815258,-0.5209585683694627,0.05902789999349221,0.7050907203637788,0.6611363670216741,0.6812511254028542,-0.05594140426352661,0.032800281731067915,1.1776586672701441,0.870720024385596,-0.49060621017921247,-0.23419909368208278,0.6388808979296241,-0.44203110858527356,-1.6867854362218997,0.27471579432670057,-0.4040595595749863,0.5510738354035676,-0.14989933551737136,1.007631902541255,-1.7746461963704172,-1.3823246776462537,-2.1743457563562605,0.2215859416029886,-0.3952564778823952,1.1527681555040492,-1.198962142211239,-0.14949935612639229,-0.0003876106306753106,0.46039329228305825,0.09139562523303896,1.1597512274594897,-0.1177382469317058,-1.3614185221160418,0.02540341254711179,-0.14555945955250404,0.9375503015005735,0.4556259751123873,-1.0778850920389236,0.6563025379111094,0.5330588475179362,1.6035694661086395,1.685259676998342,0.9839344360451728,1.214412500673374
1.0407447321042687,-1.3553502128272568,2.0774618288457067,1.551770372528553,-1.6505691492950507,-1.56067396009964,-1.2408382475845126,1.0748764979572074,2.076097188964158,1.5054652286727697,-0.6230727724792752,-2.668107582746913,0.9555534954974486,-0.1546180240476952,-0.44768101640798597,0.29815811991889263,0.8802864073488392,0.10255819439042445,-2.92285278142182,-1.1501615769195495,-0.8032557015440887,-0.2196390024642422,2.09713211443058,-1.6918075265948822,-0.9942806531821692,1.2665744859764032,-1.2659219649070614,-1.3263445355631767,-0.4058398582148041,0.644576320693564,-0.4725086939109248,0.9843397153922112,-1.834499078911599,-1.3776776141795546,0.1815748953275861,-1.8787109214507023,-1.0250849617665867,-1.5070021197536032,1.6804847261719338,0.8255467804600897,1.2292602589544412,-2.262623186003719,1.3786503816711941,-1.6724509074145442,-0.027458458881810047,-1.0632393416697778,1.6078731067592191,1.9459222501329876,0.5735681689440438,1.7306584714490052
-0.157706767465715,-0.18043583781068515,-2.13878644059475,0.12431696763079662,-0.19176981000201343,-0.06300639660592075,1.2295050309984523,1.8003924027712006,0.6631066404133036,-1.6323776747324081,-0.07071945484950388,-0.4042975070278359,-0.8099490534245043,-1.509218276342737,-1.0742621426098429,-0.8826307672759126,-1.0182128576843141,0.036557593613650095,-0.7829010063568144,-0.011304631798579077,0.5873472148719578,0.1758769698573359,-0.5087381863900539,-0.21326793386130707,-1.3722800722745896,0.35712687109721897,-1.1121969077426526,0.31631834326898073,0.6199090779288915,0.5658146305753889,-0.5971445471200714,-0.07080684247609899,0.1382244140323595,-0.42695829284383935,-0.13651113258210487,0.019119683916992893,-0.7327432281483406,-0.019164439756358075,-0.27447811138636147,2.0550896994954373,0.6069802694189139,-0.9817611947171156,-0.06898770319354824,-0.5519566638850785,-0.9590422975553966,-0.10667444344702623,-0.373054820736618,0.3660836757116616,0.7195063000752657,0.0018180895033597293
-0.31779043639676285,-1.04144475314957,-1.0679688908243847,0.6289238397830242,0.6502157595238954,-0.34201214997770946,0.46978024530369034,-1.381857391497743,-1.0060770683175149,0.20173800317627205,-1.2205546263084446,-0.5500321028016156,-0.8106201742593474,1.4695786081397209,1.8128991219873176,0.1488536613875313,0.02888888673556294,-0.25836640953324636,-0.7739438771848707,0.050838575022871986,-0.9883548818949861,0.32041257012637764,0.8225009104044385,-0.8969612537845364,0.8492965565471926,0.6138943513058461,1.1418833656092475,-0.2423913049698986,0.03922501662621218,0.6970841107276158,1.8739892308494652,-0.049198303877075265,-1.650894417362204,-0.29671343006259454,-0.239453385858054,-0.13646386133178318,0.332519589258551,-0.029496297478540292,-1.8745976126108193,-0.03780540440175276,0.6190508587239948,1.0244987983522535,1.7014005953567075,-0.015148763772052968,-0.10430629586751161,0.4458463493595084,-1.3690564201428372,0.6004683610502154,-1.6337450049706044,1.9181769080655173
-0.6350907777272153,-0.9333446251126937,0.1567388871482693,-0.6008915047980311,0.9250994857406344,-0.9645137355022974,-0.8055822384484601,1.3073581011929614,0.3532674576816659,-0.18331207189560114,0.06445418998104042,-1.6490102073573012,0.5017363839309072,-0.43952652526809666,-0.20288220459851666,0.004073051164131406,-0.5539878436930069,-2.0101224324438034,-0.42958474559390364,-1.2346786763927993,-0.7270925995203138,-1.0450820544653168,0.013986687644880764,-0.7875351684995361,-0.43501314264089125,0.8700082980323537,-0.7925149909522183,0.27573816124753736,-1.1446381805343646,2.23946183198729,0.7775335667314819,0.6310679640108972,-0.5479455279581833,1.0239242660797492,1.207644031408909,0.23754322444658685,0.29970472065839215,1.5646830595253174,-0.29618336958697605,0.4665865971026726,0.5825271121204418,0.906215658703656,0.9476157274690017,0.6585231364186693,-0.5011887825725461,-0.22323138435062215,-0.2826929652374461,-0.5999704240036017,-0.1834592834561841,1.8746296314672155
0.40911227295448227,1.0207844841334774,-0.7804592223071556,0.7305767014079475,0.317227066997547,0.7925354967952114,0.7361195154613991,0.9489040451237354,-0.38944314495024085,-0.017002615684641363,-0.6775708350493636,0.8307179035336728,-1.0223243639685593,-0.5956099260619904,-0.40759721105839697,0.7023578116465814,0.09075101136595064,-0.3985089201891181,0.5317364906882129,-0.7098616374169222,1.0465482876533418,-0.943588992571218,1.0611932141942153,0.9417485543399904,-1.0355534892213276,0.026310676933280028,0.14946998001720435,-0.5383002382748732,0.9504330007809508,-1.3039746915951274,0.1596959808292308,-0.49221986821238584,-0.26070471308589116,0.7836809172584052,0.4458655891057704,-0.6010488951206228,0.2906360723200206,-0.006144563397467644,0.42724980605246143,0.5466764457015565,-0.8684706339663963,1.2836454887024435,-0.2595822680805246,-0.18927431127909503,0.9152763943453412,-1.3523935312570197,-0.054825343440795204,0.4155818709056009,-0.46620618625966936,-0.5219922214246876
0.4032815281285901,0.6007005424481804,0.13634798258246075,-0.10936802808296689,0.26563204204443025,1.0688651884825435,0.13396599615439972,0.9512908223521527,-0.7789659746665422,-1.251085608347695,0.1461234336043789,-0.7074378236527482,0.02141397879762519,-1.388371296885973,0.24795382965761253,-1.3162915952919179,0.5459892414030394,0.5126900525443365,-0.4554369531278053,-1.4548727330649593,-0.10093424879952476,-0.057295086043937446,-0.34903840363791944,-0.9329941151138277,-0.6656771673113806,-0.011222329088350524,-0.6155318292610255,0.05219603767833135,-0.3786596958205225,-0.02730437676212442,-0.25351524609792175,0.1967473447046542,0.3724997563755323,0.9198555896599577,-0.11807487200553485,0.7121659018911629,-0.5812587930739709,0.032609090539667436,0.7333534242888611,0.7730204851024962,0.6756582187675924,-0.12225930363052276,-0.5651109203158767,-3.068462625531797,-0.2530355764847016,0.49051396909408906,-0.24320672966932388,-0.3301496379659369,1.2265872106292612,0.24605303941063422
0.8458113622134835,0.7442369436133108,0.8426336545764539,0.8916180053974717,-0.8372967750704123,0.5425328758403029,-1.6182923980403587,0.9661771594366626,0.9039864889885004,-0.4931154822082207,0.9706150753782695,0.45743252849457133,-0.4159806214727672,-1.0676907248319212,-1.6008961917911646,-0.21939247304589904,0.5569468494611819,-0.2997953584326467,0.25620991527532117,1.2152452753570655,0.31261242652873816,-1.1059772002728838,0.7453904997727984,-0.09231046200121958,-2.346726132163285,2.198987026079454,1.305097798737302,1.1690565280092204,1.6727048831848184,-1.320271722875013,-1.7453149104200631,0.871670101319563,-1.1888441108586714,0.3974716308639362,0.754233293924329,-0.5251125435467539,-1.3547770083808457,0.9679276739766016,0.8881978096114777,0.29373365530672185,-1.1136581610139185,0.6286318157617979,0.8034060963387472,1.108409049722961,-1.3599284996790821,-1.1896969905796835,-1.7056692212311964,-1.8595689956997974,1.1504650234708824,0.3111697511890228
0.20959980719523288,0.06723789455416425,-1.2371843412432013,0.10761864511099227,-1.3126752197820124,-0.05966171200393984,-2.6418866160562717,0.6068829704546497,1.436644475596217,0.016283738614034232,1.405342216056401,-0.5664817425540866,0.647410045674515,-0.2278445358706526,-0.8887582113526298,-1.2338694415789544,-1.65369002632246,2.398402034889403,-0.6916320549029211,0.5326190621769721,0.03650960011740109,0.8647779440391687,-2.052765816534347,-0.4238116545948013,-0.9194837602076881,-0.09327842182440134,-0.35040038688715525,-1.6509385104684602,0.3464782792956623,-0.037835609695111676,0.3915477171737688,0.42196459629726324,1.6456468189664875,1.5169886514449171,0.6625766152120288,-0.5156691661125348,-0.7436943178653699,-0.9933529400666561,0.8570580485055137,1.6278156115447517,0.3743754778443037,-1.9947252228114298,-0.48661693936111866,-1.1944645353070877,1.4041556980721788,-0.6617476723306841,1.6193068975375118,-0.72593941366735,1.1973619461408742,0.9967305409832822
1.0290632365829926,-0.9260807863985451,-1.5453909190528892,0.43629972456328187,0.7697914479300569,-0.6543057939942493,-0.6213692508962924,-0.4095347965276306,-2.033184717171808,-1.016771879864579,1.3603094077993445,-1.8622994886425612,-0.25332782118231545,-0.004994448927619798,-0.7015866262870051,-1.7153886469576456,-0.721049656663489,0.3536432249990271,-0.4704672161332544,-1.17326995448591,-1.2597959897491808,-0.31373212729193,-0.7205524727648729,-0.8886759151217933,0.09514057683882673,-0.6834308953323032,-1.1810563181653564,0.3672966667958544,-0.6049967962393661,-0.0005386227209468297,0.007123830200594755,0.653680144761597,1.6169384528826032,2.31888265688148,-0.6727758253253066,0.7421359057209025,-0.2541789719378967,-0.11524661775357839,0.44198406999345363,0.38503917130029724,0.9819662545706885,-1.1120347288877463,-0.6454528198298687,0.41917044877527476,-1.2332594158966976,0.2590035820702289,-0.05741754055683772,-0.19084007165529823,2.2910885280716773,1.2790672233686413
-0.1266741928827371,-0.001604402498520755,-2.2685587990479306,-1.2545845994187619,0.45365082193755935,0.7352268082847038,-0.8184344368787307,-0.08105654328827351,-2.336586900442433,-1.5754734441819265,-1.3637001295445372,-0.5519525318784304,-1.4769572278205347,0.5339144573903835,-0.5717878371521843,-1.2694766567246132,0.9572027674946764,0.5879663800121806,0.5647704621135279,-1.6061794219194514,-0.12997802450742368,0.6398573767543432,-1.8760064095720652,-1.2956635258472011,0.16330230994675746,0.40982393492940333,0.02041363444937095,1.3162265248900848,-0.20612295571597883,0.5147349432423951,0.7855022666790747,0.10097771656071668,1.8890301434970589,1.7810311709565818,1.1409044450888286,0.6492031922062775,0.6364115334604051,-0.5905240411814119,0.3376024602454355,0.9735338944361364,1.5852744564496146,-0.23631635483127286,0.5747049466133493,-1.0501640972833934,-1.6036306690013913,0.7054094593496197,-2.277254276021701,-1.564011197581669,-0.7734913319297209,-0.7712235780817306
-0.7740520393948456,0.48060729124387724,1.1702284868423085,-0.9898673177520496,-0.8016642811086375,0.5362108868037471,0.7908006448393434,0.0010856661814170137,-1.0362905395122664,-0.05067758351051677,-0.06969811292871379,0.7760738956709025,-1.1461971025163271,-0.8627736790294945,1.1788624255107332,-0.8223619598269609,1.734839963252339,-1.244194785789926,0.14618923283482926,0.18644088348718343,0.6447441250186648,0.19301329389118124,1.93200146550537,0.6930752823565567,-0.9598416562193234,0.050854198317280414,1.28129402546911,0.5250920686219133,0.5424591837237577,0.8186795623926477,0.0901730287911131,-1.7668674220664997,-1.5021788156283105,-0.9994611684237131,-0.9156880693805459,-1.358930548560371,-0.23317708970196244,-0.7207012274887984,0.8457188151588846,0.10464701728841433,-0.12252498858317999,-0.5815624870489157,0.926311399869251,0.7877130084714483,0.48310669803490225,0.4238094433959855,-0.739290531227828,0.5596990907778068,0.07283576610752852,-0.9801333534698898
-0.18998655714129808,0.7352145845585558,-0.2918425239479822,-0.018247168083661655,-0.44724237985364246,1.4222551233845335,1.4349135130088237,-0.513600322044533,-1.598176431317971,-1.0670182577800915,-0.5144859966012623,1.169644884760506,-1.0757148073207157,0.4661640023974208,0.2895376135561381,-0.7746895325843428,0.27325603106512153,0.2867411762307968,-0.23761208612068557,0.5702186135270552,0.2916771518322954,0.29727563103988375,-1.7385669486357782,2.1003335357081565,1.7484380416983045,-1.5655567507299173,0.22800733929117487,0.08606936484677545,-0.6265982997875822,0.2841920122858095,1.0808924461503302,-0.48365739267768704,1.4848724703940286,1.2410546056301337,-1.1601850730388423,0.5112429298012936,0.6071191673438455,-1.6225224899892512,0.8806438853487756,-1.3239271316898866,-1.157497944016749,-0.5374685008963345,0.38127650671452046,-0.3262776766856945,-0.17099099594899878,0.36921273359153034,-1.5151753260708698,-0.21066939102302212,-1.4993000844481013,-0.26064283497583157
-0.007787601121714275,2.0663579982457008,0.9270029421878065,0.6898200891365593,1.823772417213825,1.2780068541084637,-0.8633624741471116,0.7689156795555057,0.3582402752854504,-1.7013714229101178,0.9325482060920189,2.2711811689084227,-1.8212115035248049,0.03495495538997895,-0.5913228473206333,1.320353334166646,-1.1977536075609985,-0.35031081575720713,2.1582685708236538,0.7291042305828657,1.579721926285162,-1.1807705470073506,0.17640075660050322,0.6466756038325653,0.07298799369693937,1.1376660213870968,2.2572610894218714,1.7979319244365195,0.9299903854145556,-1.2535406941422733,-1.1580086483350693,-1.161398300897061,-1.701295256297609,-1.3495523976641608,0.2202603005362737,0.9968195108544098,-0.3498467035894478,2.432174157010552,-0.8416831832822185,-1.3392934674410188,0.22610693012910713,-1.9626416675074723,0.5103525539929487,0.8452843439362354,-2.1456739479498737,0.664418859683135,-2.6729346484837273,-0.5173409360486956,1.4771849034765092,-0.6262112945262485
1.4741894152074921,0.8390691324507571,0.4900934141050843,0.2630307630892396,-0.3864000844190935,1.904254525841175,-2.0142904162212893,-0.37320806780403115,-2.022683421256121,-1.1904805269676733,-0.9291392125725909,-0.3414249015319697,-0.6470659618554979,-0.36147663671654096,1.18437981262787,-1.2153357646704177,1.6563778247824548,1.0383598742448423,-0.42510811382320957,-0.1089587014777276,-0.03729864820501399,-0.09008401609180067,0.9890267733804661,-0.817308075939334,-1.039647092857445,1.075836046744105,1.124443143381719,0.8194906981528922,0.48458156333379926,-0.5780746900281886,0.37126979750615824,0.8622724040045244,-0.37256224364134005,1.0685118035018764,1.4283577721047471,-0.7459632526672255,-1.182315909325461,-0.8765874045621854,1.6083842414262657,-0.19486640379254663,0.7629657682104846,0.15676606851739702,-0.44377561923734,-1.8082362588464214,-1.1366484800435348,-0.6246568034287953,-0.3023817401138136,-0.17546273525782985,0.29158078035410956,-0.5200660193006725
1.7967747655180801,1.3753798893834197,-0.7447778235419845,1.377774085614058,-1.0670500467519437,0.7978956650986737,1.1203136564525555,2.582943543678349,-0.24004101290676824,-0.30619106398830936,-0.5921468825657911,-0.04660575015964478,-0.9843656401889009,-2.6451810286122157,-0.12982545939958925,0.32931989210122237,2.036066289860349,-0.2860928566185619,-0.5675159466221001,-0.9587124208612218,1.2758186590604406,0.7256695957048727,1.776842238166056,-0.8184306519784699,-1.5727409726824693,0.29183974802530266,-0.40573469201844514,1.219117527230869,1.6652392103079732,-0.3255018994366492,-1.0282350449207285,0.42868825548572004,-0.2520110301530505,0.030815114222286638,1.2700162652359528,-0.4829809615157416,-1.249839043444432,0.19247431809868804,1.521448228018729,1.6551606082781023,-0.16002156532551143,1.195616859993558,1.3215954656816395,1.163459525546018,-1.1389511109781192,-0.600897128211287,-1.5903863602007804,0.8977091350618528,-0.5909471956938955,0.4409857024322013
1.1697040253394329,0.21102406843024954,0.8574634785192421,0.7646398994477477,-1.2646987055973011,1.6058241792564618,0.5626990809536987,0.4547994806334043,-1.157487124400369,0.5682057849799109,-1.8046951011091827,0.5145541453298854,-0.8138758930895349,-0.5704253937787773,1.315287375991267,-2.753124345927051,2.3839624629574527,0.10996413449466809,0.003518715100161216,0.11103381064860415,0.4562381795377154,-0.6922040540744651,0.6896912823384298,0.4948984325951281,-0.35919566673080316,0.2643461019934028,1.3159860457367791,0.8543193268003791,1.4123110476670644,-0.8365260300967448,-0.547315295505466,-0.9922388875999022,-0.6725048817320651,-0.7012650084315076,0.3902266056005282,-1.8307258836996223,-0.22775250363669336,-0.6759939959393009,2.2089608205048226,0.4354463635628729,-0.29257627767671185,-0.2945017425220197,-0.1775966327702575,-0.07571022723068127,0.29931812236786104,-2.351477916239395,-0.8366383182651129,1.6543237176274497,-0.939382388698203,-0.9496233026584914
0.8930252943072559,0.46208550160496215,-0.08290223136689667,-0.3663842087097887,0.200026241545964,0.8879751739407092,-0.2246073692997407,-1.3715601450321413,-0.7938285171821413,-1.1961353311079685,0.40405426885362483,0.13282051497724967,-0.22175327252390542,1.3970092344769014,-0.9066423340219301,-0.1954316713267717,-0.10629794644386883,0.4440341357564053,-0.03391210308688735,-0.7739520090705087,-0.0864318535791214,0.9917639884165582,-0.935472461900747,-1.1399637563623222,0.8368088034499116,-0.502328429892951,-0.7633740932372711,1.5670084187460278,1.5390608241919503,-0.5292630286807775,-0.17838387299607447,-0.5223175191816848,1.6277850508621368,1.198078218064822,1.0261714956664347,0.5807853884331745,-0.6568098328275882,0.9168188797880352,-0.24175713892483439,-0.038941739010649026,-0.32358831249227543,0.6747582354064944,-0.8675417947766014,0.20270293040149806,-0.7413296083228792,-0.2277076921875308,-0.3063278300944094,0.3060459081324693,0.6150230646843726,-0.3451234447282193
-0.3139027009815641,0.09379420974402304,0.8527040700863259,0.6797596753415394,-0.7908364220124384,-0.7606952084421905,-0.42646108624186596,0.23543436095231965,0.3846310956628896,-0.7600482659032547,1.9727966917956692,-0.9830248804277052,0.5451605462052718,-0.08166534653810642,0.5950231844521773,0.13512751974085338,-0.5111168281421749,0.3286673944605798,-1.8002868809433752,0.9272108593958276,0.11456240951279412,0.25565065070169585,0.5411765951790497,-0.674582775585957,0.22215532632248688,-0.8439267681705684,-0.3282138343012988,0.11938938861071022,-0.5453115060846533,-0.4287082772093746,-0.8972284576168122,0.9141971696838133,-0.4549991371601451,0.5487742229946696,-1.5333784397807098,0.49179828885762594,-0.2599561782976519,-1.362764258856608,0.17925138886152003,-0.9689132975721809,1.422508116284471,-0.8179764229254001,1.0891456162524424,-0.336291981785307,-1.021383578688363,0.539413749129286,0.2611154721226332,1.1637666439504035,1.9291571987207075,1.8617463711700324
0.6668554957789703,0.8763908675784559,-1.4599534041516466,0.2701176783326431,-0.880783255685073,-0.8103453953989568,-1.452703941899109,0.21163433908036464,0.5406096435585646,0.40108008896371583,1.2028528734512502,-0.03544868042702571,-0.7405172256638924,0.18957827992749776,0.03392420030437858,1.7135221599142083,0.2009469196295597,1.860801280009454,-0.5885178000727946,0.6281378928602944,1.1790010885568702,0.33421326703770826,2.0000761276229317,0.30708894546068133,-1.0966387084373603,0.13624904915556524,-0.26529929868009794,0.8810038106124022,0.5338608443702937,-0.6506544246181225,-0.3709847548358722,-0.24663539455760744,-2.5707969782304723,0.33508120871921493,-1.214286260117941,-0.4117876334294177,-1.1655749371371689,-1.897492151845107,0.4389581670409286,-0.006408095364277599,-1.644968359547004,-0.9595283727655762,1.9925272227833903,-0.4629084036370423,-1.1125221235612077,-0.48616570154665545,-0.6045876689937715,0.5376408129012659,0.4242597775859065,0.22566558567644213
0.08237919881520928,-1.4911190846278461,-0.28794635815919944,-0.9626875451857071,-0.2923524687528966,-1.5991388142172516,1.0239394450733763,-1.625904130120411,0.3123751600717513,-0.0684522979665883,-1.2311704177393685,-1.2863988745493253,-0.030083162926054865,1.3695636695536937,-0.28447110340420795,0.20341602910346698,-1.4038413447358062,-0.0949480619038843,-1.6029117909969615,-1.1896148123961932,-0.2849581918109261,0.4958395447596244,-0.5073257618132936,-0.8886532974466032,1.1754461819787698,-1.3295643190692183,-1.799748384714699,-0.8621232079858226,1.2226638709194824,-0.06786202422188305,0.2727952584672312,-0.2798864077952403,0.6535845556258806,-1.5148642694592807,0.13464696673378032,0.22983673952576064,0.5698530949933287,-0.21455514712221987,-1.0385428064448585,-0.23166522375449997,-0.19424822620487733,0.5874897664753251,0.00987180669730733,0.9792223529640484,0.7685866399622734,0.44523964537836813,0.48211880314804795,1.6662266036147824,-0.3092662889236083,1.7724826616386107
0.3453895454415999,-0.17021613971039135,1.1854688088019554,0.5301098563448183,-0.2975208484869339,-0.041944747724845584,-0.7124230362533158,-0.47006538612235177,-0.831240205886577,1.2279947222748877,-0.7516277796222507,0.5270906598726459,-0.5997702865657929,-0.32063289566843733,0.2630704050600005,-0.04514065550746593,-0.40258122862131196,0.36825851462181464,0.12559487084035925,-0.2584387014619102,0.06989048925054007,0.5323820089351011,-1.4846031020606845,0.34759397459312585,-0.7605898183672173,-0.9302042220525719,0.18328443574695433,-1.111729353110431,0.2515686863815081,-0.5488024441966017,-0.8364901755519921,0.5640490686731406,0.7709530785540218,0.5742224227861799,-0.4384623779813882,2.011040453318639,-0.47777490062135114,-0.2501429072666406,0.3753555903076622,0.03913605426589557,-1.15384930794506,0.48665318075435565,-1.6086084980953304,0.740841263871121,-0.47860955575669595,0.14319464643563568,0.6633536387144674,-0.24268143509499965,-2.5602509266564626,0.2875835000701997
-0.2892361558631577,-0.7861644308456786,0.4637981805013764,-0.974856652061504,-1.1906472278608144,0.10760597881137215,1.177438866840496,0.3671049092451922,-2.350071157233801,-0.7099475120687472,-1.9712776122615951,-1.339019233166302,0.38780747958710265,0.46214360164385326,0.7497752178034927,-0.25540191386619326,1.1836014765020029,-1.9424841510666824,-1.788531078632282,-1.7078728002628787,-0.08015367695343907,-2.030766479466416,0.2831696833891563,-1.4385631811622088,0.39409431860671007,-0.32236388228324364,-0.7387850570935608,0.9972994674470428,0.2161611163405257,-0.6558514747956086,-0.6440285640263534,0.09343222933832519,0.7505020838070605,1.8577894372918116,0.5988079191496225,-0.7531751982084177,0.46019737548821915,0.7565684120171551,1.383595461956772,0.04555981512884168,0.7244326504722857,1.2825083859142508,-1.8999465087006857,1.1022435603260687,0.30220528208164693,-1.8253014947476238,-0.6772372163200352,2.0016358032473947,-0.5890147174750481,1.4001095826651146
-0.9618857387013043,-0.10714431968699709,-0.6081507256635422,-1.3942197880255243,0.4130192897516261,-0.1398548824783485,-0.18210078535641974,-0.7422774463422168,0.37143695302956137,-0.16418942035119743,-0.601700552309971,1.1837110795876755,-0.23911784310536452,-0.5001186560042034,0.5626072748240994,0.36737279554219937,-1.783759535589842,-0.43906311219321986,1.4140010547460808,0.2542582428001946,0.09453380534876633,0.24337163678143603,0.6934175010152256,0.9609437121761875,0.7944335258426953,0.39127285012627916,0.8249533464163822,-0.40768149813336385,0.5328363263863899,0.9830257521923315,-0.7297074881671393,-0.7779195667459599,-1.3993691385103848,-0.8459839667397491,-0.3306757697942084,-1.0037046130548484,2.154103187975733,-0.0677558529109659,0.29300542030369436,-2.1615331310331514,-1.1058559678365891,-0.12939977163201571,1.5369019312054357,-0.26914193975584993,0.2639759270345401,-0.2817089354878455,1.0978831871967873,-0.31165531356768084,0.5297864043361269,-1.1399097613889804
-0.28261734438629327,-0.3901902739270535,-0.47511092296661245,0.3922424687800022,-0.6315149862208714,-1.2768942853263712,-1.322112251562461,1.3184743144793782,1.0242564005710053,-0.9626976601720484,0.49844292698350706,-0.4766254209432175,-0.5949226067421599,-1.1348848375625924,-0.9668054170086472,0.5618067420183389,-2.576825318071679,0.20446248652863022,0.08876287652818843,-1.171387243171109,0.6311723391340233,-0.3390775377608064,-1.127003581549047,-0.3973343854555674,-2.3342832745539606,0.3148031404399812,-0.5759630999842077,-0.28841555218224746,0.823533656302071,0.039615176117860806,-0.4208721864051325,-0.2559566198234221,0.35801038976266786,0.6041545793897394,-0.539658789757754,0.49216128586475516,-0.011329122443249974,0.04282423461532487,0.21914493937709312,1.7466606898253452,-0.598630437628033,-1.2152293267270544,-1.202705148695077,1.1570967542644628,-0.2176252192751682,-0.5216517108734477,0.5811355026917053,-0.5263350261823289,0.05139972940778893,1.423974633353619
1.5157452471249375,0.6632699164978799,0.7752165729474286,0.11033986726838052,0.23618389138584858,0.7612556608586077,1.2677133720773066,-0.7210392616460236,-0.31919437054890365,0.03179670983527545,-0.39057131271723294,1.3750128891070994,0.07084547075888688,0.5447071413282508,0.34527153236830493,-0.6166675761191626,-1.1698816254195634,0.5413505866868311,0.5430827158585735,1.608657787759701,0.0843403221979715,0.5553583861061424,0.4946184475201609,0.45029621776248147,0.6637732630247575,1.375793365882322,1.7330668728079701,-1.5145968172328717,-2.1263080221509894,-0.2826765050838984,0.5703916280536867,-0.10139499407533653,0.3979370263262667,0.8237917592664448,1.2524565002985188,-0.9013039840393804,1.0847436780165884,1.7285284924854296,-0.2315734145444934,-0.5061016250202073,1.2652070290491912,-0.312381519745341,-0.1346557416365124,0.8277422294230612,-0.22985868536899143,-0.9070596553323051,0.8100198643136667,0.09624005658808622,0.22361386277131992,-0.10042914590576466
-0.4787522573295479,0.06477988036709799,1.5560996117964963,-1.0168586708258993,1.697439939960988,0.6597746389849236,1.0610969323482622,-0.702087621491409,-0.4289887532081638,1.2291269870246835,0.20405947548423303,1.1945778372936608,1.7104122902102004,0.5773781111487519,0.7986594670900252,-0.5415988622864883,0.08777850720297857,-0.7584798456655798,1.3868073077785203,2.3201585591079494,-0.7979534639165434,0.10556781585608518,-0.9782018661776124,0.35401956511479865,1.1181091080976613,0.16670454522778477,1.8035878102506453,-1.5881570059016614,0.3285052500110923,-0.05604315143804698,0.8025960950889476,0.18599002163648704,0.376745104327028,1.6566033230521149,0.24790917450416075,0.7745759741327897,1.1162182960141627,1.3602061645897172,-0.7428890232126546,-2.2379079115464453,-0.5422170765113299,0.3953245916241709,0.6836166583114699,-0.34311541237740406,0.007267477963890585,0.7970218772100226,1.148997322322178,-1.0952421979467737,0.22101920055558755,-0.8615159007046013
1.3030020533416462,1.7775389115220428,1.4200821270116062,0.3585335227010003,1.4562125414187488,0.9317070488830335,-2.020276246063686,-0.11907739858889119,0.44673421746049036,0.4279417200573697,1.4560551407233813,1.170416191351001,-0.3067759902338747,-0.6809376746958871,-0.48348740606396506,2.784274796009628,0.3086880824510804,0.7552241553876871,1.424708545567005,-1.0891815765664683,0.036282597652901656,-1.4420580766650697,0.01623886463307576,0.8679212538226756,-0.993101092049454,0.019789502752124273,0.27255011085447156,2.390390069182752,0.0790654128891353,-0.8421253099558996,-1.239443260867283,-0.1793630743174771,-1.4987011603599796,2.0221461901205635,-0.42157520646172025,-1.8159165034522433,-1.6289726634104724,0.5455912461710073,0.5349951701156412,1.1492001319703478,-0.389726265047833,0.15811828824475202,1.2516721791333472,0.7095365640385486,0.3002000148531041,-0.0028112654286746967,-1.354082982486455,-0.7013863204186963,-0.12214566652442072,-0.6305216723467864
-1.371176185461987,-0.860292603074352,0.3920699247776421,0.004127752301272542,-0.6699072718793526,-0.5132810547217427,-1.2766306010924569,-0.42148855430694215,1.0777967393375212,-0.18121062594126286,-1.0696375070624995,-0.6151864798540302,0.5861114398803524,0.756887452911126,-0.02347275895247894,-0.22873522559565468,-0.02930639000426511,-0.2626329856301158,-0.9441517197937686,-1.3571552996081044,-0.07821971801025342,-0.5602648376793606,-0.7837526642650142,-0.5116683032857793,0.1438059500928774,-1.3193774653911208,-1.8362843665866362,-0.7497710738657729,-1.4884942042857896,0.572995239040659,0.49713973182250953,-0.7900766816734939,0.8572939426053836,1.161853496634067,-0.15517623609026177,1.1356578665010022,0.037580495115727454,-1.3642487902436782,-0.09721222388802833,1.3622205079149003,0.6634492157308859,0.17175424464939035,-0.23594438530857023,-0.08644752498110686,1.4848105424134703,-0.4584482157911782,0.053890827592541476,0.9717722197231439,-0.6183918354656126,0.2947557395481982
-0.5168600569073343,0.5263960848639375,0.9535330590181583,-0.8919729840027222,-0.9795222801880702,2.1322530656536163,1.2042333381010144,-1.4372690544614095,-0.5285760120017425,-1.4039602810762342,-1.4260056300877637,1.1008131732317856,-1.8458466932698594,1.031823456088849,-0.3976397994496188,-1.5092924802118832,0.7814678386061782,-0.3905354507266667,0.3689052550930833,-0.8344749846328494,0.023579030241799144,0.15915181822005858,-1.0839177853390574,-0.8914669000293914,1.677552993762,0.4519829622533497,0.5163155991728412,1.65973685503603,1.893309184757555,-0.3901207022458392,-0.12971356703889367,-2.497598655915492,0.8710305550534297,0.06485081019352222,2.742111668316801,-0.6236536552354855,0.24945897292082278,1.3241647659660802,-0.21532483362198798,0.45825818140020863,-0.8341689335238707,0.1862904003000382,-0.6887363849630916,0.5117128982551082,-0.5745600792530405,-1.3839568557388446,-1.330026301860295,1.3742642944624393,-0.8427490428315009,-0.046943717839488405
1.066118112191199,0.41139783874998376,0.04827544750956454,1.3495326950796125,-1.1873172995140497,-0.330109414659191,1.1892504210791455,1.3790645964835437,0.3494966895263034,-0.9655725551959707,-0.7438000300367762,-0.3784756873976218,0.9138449350000419,-0.2523617048854097,-0.1480644950421684,1.7410259594394453,-0.6354093847297416,-1.650564600094528,-0.8753171527960691,0.06453201372774722,0.7249068566059718,-0.5898972209790126,-0.9410122937688656,-0.8739517837396635,-0.11811993016747588,1.8407968744284926,1.5423667211409453,1.438447467971282,1.3514849094014005,0.49214586405894345,-1.1780522942912826,0.5954106051344084,-0.2570638694505534,-0.5329812920479042,0.2517801310991635,0.24503098559833705,-1.2896956212494906,-0.7784699029245329,1.3746546333803358,0.32807807286989243,0.9394707303924253,-1.5116659983973988,-0.6453576970435378,0.6691856514622617,-2.176909383212495,-1.101240080108152,-0.7645528473282007,0.4124345504841564,1.252774643840434,0.6538662085977257
1.4121015734951694,1.2406853817258707,-1.611255897753475,1.0318246297255869,-0.8872823295472125,2.2869287846602475,-0.298978459530051,1.2950462887997551,-0.2074661600731928,-1.8615248343800674,-1.1686072555639677,1.4583549007566476,-1.0266874733612026,-1.99247583895288,-0.9101102019756672,-1.9196360679840305,-0.3631325459811928,0.405933001000373,0.3604192179369295,0.08344210041609623,1.0291523657611112,-1.0893670722979758,-1.3475957489173884,0.4332133083306028,-2.0668902853909326,1.7888447988478082,1.7426788479652182,0.5399452143434029,0.9318058045820626,-1.8268750812754515,1.076486586011401,-0.6982651287776797,1.1652099213075455,-1.0264631892454956,2.4657157552660505,-0.8957691998009414,-0.7124311054084185,0.761365280705793,0.7856590896086866,2.6004789376496587,-0.4864520776198533,0.6738058988841341,-0.9230667278859717,-0.36528681583489975,-0.8550631861449329,-1.857652828708897,-0.9460947012409919,-0.2139214593633252,0.9037897765066661,-0.4737432402433051
0.03365564701181074,-0.5955918081072185,-0.44726927749722833,0.823732834463178,0.23800214098750894,0.44715994350483756,-0.3015272907498214,-0.0435139452649038,-1.3724589429757974,-1.4445929183341755,-1.1937879557948416,-0.8219705545937163,-1.9080669013790752,0.604904044627925,-0.06860069462017647,-0.7802115346935923,1.434337059294697,-0.22039252813070334,1.0464151449360808,-2.0045339705727194,0.11166421499226227,0.261576456925447,-0.5553090795193578,-0.9067361443250866,0.7388836834955628,1.0128668227853246,-0.2343817601752949,1.1680236900066088,0.7343422868675844,0.6483256035488812,0.5234698800725389,0.19926626054777533,0.49914616182337124,-0.13938080459500787,1.3818108477197257,-0.005007132328314459,0.025788854039492184,-0.5275597677034903,0.45633419939111897,0.20678986030785512,0.3515089285314189,-0.421619785318443,-0.06367963702509154,0.28855890694437264,-1.1029197973037579,0.3792260889389231,-1.3222735972681288,-1.2964172632907185,-0.10018498837508549,-1.6428966742444224
-0.6760126320907673,0.2680061019125329,0.26787619771482657,0.1860671811528539,-0.2594333533373441,-0.01462792954571877,0.23262543609775094,-1.1106830769327722,0.04751187435205069,-2.5498494116177834,0.3667152715662357,0.14546559672824388,-2.325940483728242,1.271649782688671,0.09545616840378665,0.6889106593048449,-0.579668401901362,0.6474897527001734,-0.7394721941689841,2.2525760762372813,0.2545807662149732,0.256163966709252,0.002257428923576726,-0.2922713773124214,1.0277310096372896,0.25751942064516264,0.3727850767566897,1.1609229581205125,-0.04398768081851158,1.1314415232511559,0.6053497480371393,-1.5352378901160268,0.2227270471014885,-0.5307127797392555,0.3602436138818991,-0.6422964307795007,1.0772180224207402,-0.3118262838631401,-0.8486979589394316,-1.5769007688306984,0.5658082444967107,1.863709667922386,0.3617359889488793,-1.4783952253960877,-1.2162891735525445,0.34883881800816874,-2.0840069426310213,0.3246509453197796,1.0005775452922137,-0.4469099750064275
1.7545367973593757,0.0014501018995816083,1.0448691033233053,1.5473285630715743,-0.13464563371148375,0.9403059650127213,-1.6796265715538332,0.15077090286840444,-0.8087377352808153,-0.9693772531503546,-0.8883599034758752,0.22924198996589898,-0.10526924213512664,-0.11741167659689299,0.45759271166619886,1.0572349045654648,-0.4255900569570387,0.5545624688629693,0.20489354821357567,1.242320705038936,-0.9995823995745088,-1.9728554917661199,-0.6621812559447335,-0.8794425631370179,-0.7598078449609311,2.377851900657023,2.7312709560529806,-0.47627326861266306,0.3644996790169598,-2.2061961241435672,0.8883757307599728,1.4342019353392672,0.4102335868872721,-0.7753606174889782,1.996981147987089,0.3420349680239786,-0.7546960939684195,-1.334032531720481,1.3679968461629621,-0.03930874495129557,0.834597042238208,0.9086151958558171,-2.768311439890273,0.1837238962548686,-1.608532611908521,-1.4272888444878873,0.08347444487458033,-1.2934288330841905,0.9993740018519809,-0.7910730269799101
0.4270786221746829,0.1365324996408899,-2.1483936389766916,0.09753192378057396,0.5736434386493632,0.6380487282951033,-1.0543655206353448,0.022537769077066235,0.7992381475733061,0.3834631828170573,-0.07913617457575871,0.5802415307136214,0.18416522015530842,0.5972687802209603,-0.6917895692218311,-0.37949785728603647,0.7914845960014865,-0.025828389158953916,1.0237930321071746,-0.07518586635242783,0.15686406323914565,-0.08581521629148851,0.9305715522009195,0.1173495019532158,-0.7280746142242955,0.15252111497004286,0.3359252201360221,0.3128011068980637,-0.7781626191090523,0.2572632940051936,-0.1889427733926251,-0.0035896359917922953,-0.5738629805018209,-0.4954786683018583,0.5816385380897867,0.2016285192638676,-1.2493952565146893,0.439278774241014,-0.7564280499366047,1.8587389280074,0.0805592263422389,-0.8740977053036213,0.04494473529660062,1.3059773530172727,-0.25630269327314986,0.7288544501126325,-0.207959764208123,0.24898910155404008,-1.258153089699478,-0.5467203568262349
0.1522890269472748,0.8609273981292845,0.5961728313188479,-0.870448244604168,2.0237700359429316,0.8996052661099356,-1.326873739622997,-0.6673788916932167,-0.3706680058534045,-0.7815783321282108,1.0018066721447627,0.2018164456814723,-0.26409630025264297,1.0598381518087954,-0.18062260452699286,-0.8890106007965441,0.9917852198939855,0.904171589870879,0.9439982729294133,0.3651952927061408,0.039291032638594514,0.12012356231972346,-0.0029569960999542484,-0.26612712885409456,0.38739963388260534,-0.23652573481635533,0.13876274207992995,0.17975596212643793,-0.3357731316864314,0.5405423969638837,1.126496408740414,-0.2478132261535696,0.5349555070639406,0.7677770988809186,1.4880734073779647,0.5869906747698321,0.48608370062200923,0.21796706712583686,-0.7312981521481307,-0.5511707107255155,0.28342566505054606,-0.1943302374549092,0.3340913711997898,0.03806749517030845,-0.12097911457828425,0.6242942792662538,-0.6915555072079794,-0.10304503016991563,0.131574075592817,-1.1796269235483665
-0.9862005740819174,-0.39981334575067656,-0.8892061640100575,0.027715676793657662,-0.14482629788614168,-0.07249349671205421,1.1494387005961308,0.18396722566072107,-0.47537443600922047,-0.3541690741983189,-1.0641910993187018,0.31066099343648873,-1.6086011180430013,0.010532252318202644,-0.21154873375858452,0.7833868500568977,-0.31649103313169075,-0.767212494954965,-0.6109444064805506,1.811522042289691,0.05504785724479375,-0.5030540642354959,-0.5692798773704039,-0.5131531200382047,0.6995441242595689,0.8251842306938569,0.6334216835145149,0.8994905055409775,0.5239119657927092,0.1186880829487451,0.03339071722805342,-1.0376254204091493,0.6503086837070222,0.37371191272937526,1.1509237842496856,-1.693403314310521,1.4828724409901681,0.2015310494418544,0.8575426187092718,-1.638585704723539,0.05178542025604842,-0.7199756503271184,-0.9415887795383393,1.1767273152493778,-1.016237256295408,-1.1797018259829675,-0.8443615836526512,0.9234497908113585,-0.03722600154134242,0.27997395097321776
-0.05679820702149865,-0.22795302474427673,0.13147086727675095,-0.19622441206752275,-0.25015912084244496,-0.47898406913807723,-0.6670108257934888,0.18109861619693823,0.06492757425796285,-0.9461348180230033,0.7227891476672885,-0.9483984945520163,1.344025712699018,0.2263106075137357,-0.9431801632078836,-0.24253001855513417,-1.2593991906181514,0.1610739802863675,-0.41612081804700785,-0.43195477075571675,-0.5771520393997511,-0.11636724427338274,-1.09042355859896,-0.5861613130918653,0.09530466652033415,0.6376107680395201,-1.060442868824306,0.7445663883118363,-0.4202450962900456,0.475278980613072,-0.3722457971810261,-0.002522666241230861,0.13003412304786136,-1.8843667703402192,-0.4213665529824815,0.14905679194307547,0.2877592150129391,0.10027100055069796,-0.39595316821523074,-0.6722065068322808,0.906022901282179,-0.04832888815168676,-0.06342668799768952,0.25952312200053074,1.253856054769067,-0.4606745442855941,0.36168212084380774,-0.08476495030697076,3.2602659423564693,0.6869409133116697
0.38350577997647106,0.6710533912805134,-0.29294187404216343,-0.02129630334891906,-0.11562068007505792,1.7348551546781499,0.07274563702978336,0.659354649329276,-0.03286410529380316,0.33331726471234563,-0.2761433059429773,0.4253891539660836,0.6159678202645529,-0.46049939290301206,-0.06950352390950808,-1.9024260279551681,0.6537478258406519,-0.40860867726356814,0.4969937825583892,-0.42436482712620194,-0.18231133024921312,-0.5690293824274404,0.12335381626577711,-1.274765892961286,-0.20328373751087403,1.9372452363669155,1.081730639398255,-0.6937523894857548,-0.8545673875147117,0.2723649376160642,1.0470736628735153,-0.6263439088598304,1.4700541770190998,-0.00048229576445308676,3.148426408029861,-0.9663664721074414,0.6202799630910872,-0.4442880083485414,1.9908291424316287,0.721436600240426,1.7489217252101816,-1.1189924267697118,-2.045156536018485,-0.6625205725045402,0.9031734856922735,-2.3966785822802903,1.5432879771485812,0.01613924990605718,1.3919064137903348,1.218052027614578
1.7725531995773125,0.9253058923983785,-1.0541063311616687,2.194291178107867,0.013018333905500603,0.19142480821485702,-1.1183448576404018,-0.37513058956082257,0.5952539125817858,-1.723696687066574,1.0906504175193366,0.09146016489094329,0.16113019236983672,0.7733083619205247,-1.3320313246344129,0.21881066998785748,-2.5757343804294934,2.768995640202388,-0.6596311856218182,1.5581223967114168,0.3540798326143235,2.1142927028367122,-0.6411250986119423,-0.04370039790257206,-0.014178222758776374,-0.42147277442898073,-0.7644694060094249,-0.026609686211044196,-0.7854359865320379,0.08614952301716158,-0.05221177339321081,0.1386309103155231,0.7983429723606577,0.33348497020114787,1.4543484062880336,0.38964623468129794,-0.08961084271131108,0.029625686948586073,-1.143385245751204,-1.120429827043733,0.8762701559706783,-1.3132949669409681,1.5448623845961935,-0.8331197051595924,-0.30104675846000684,0.949751752322903,0.014354607865812172,0.04731441342724972,0.8828753503987848,1.044686498483839
-1.1415486866024076,0.8833345900722908,0.9301924722180039,-0.18094597146351912,-1.1928603619140161,0.3462774291759487,0.2133265199594798,0.26470991819876594,0.6173376218339371,0.10456361276097909,-0.3046521290196141,0.44999606126983643,-1.5897989445716292,0.3418423481765856,-1.1742809616664935,-0.32551505732827907,0.1184767910995,1.1061477319907702,-0.10578519288579936,-0.24450859173225326,1.5006749583668957,0.6108350132352213,0.710161698476864,0.7274584774584844,-0.046694696104692485,-0.3537785554664645,-0.5363302927156115,-1.407539515596584,1.1769428005246787,0.5271400236442306,0.687416607347502,-1.5909028663554294,0.5837335984683313,-2.021927025288678,-0.4831269650207831,-0.08266079206281982,0.33312063878110626,-1.3707109497299745,0.8151590975706996,0.18075450307650265,-0.6009477985846514,-0.8225686895903223,0.09343401957445205,-2.506977534569485,-0.17522341258356516,0.722742567857114,0.012105566970526952,-0.24129541370361737,-0.8547414361133077,0.29365671682934885
-2.272515266661372,-1.3814890997505034,-0.6579838022027744,-1.3245905108382008,-1.3424906080954437,-0.9594230607481973,0.759325596538792,-0.5178346887927254,-0.8133996211477521,1.315934403663445,-0.20762590454068927,-1.4182504508480567,-0.25444660970312755,0.6903791185339685,-0.23110989834870627,-0.6968827484439022,1.0754504341670437,-0.35049008563719497,-1.4461242372202232,-0.9506712235201725,-0.6471103813093948,1.0602146295287342,-0.03305488287035349,-0.9799610344253604,0.7380025336615185,-0.099163939845731,-1.0286871116667162,-1.42170301558368,-1.4324121552135212,0.6919667602835062,1.3881907924908068,-0.3448070130552884,0.7130311699833152,-0.4735618639109864,-0.5490916567956825,1.067152732079248,1.1411496817640159,0.3490359628111844,-0.0960652727787127,0.0715044576604164,1.40597923409219,0.01911499801765931,-0.42506520456802893,1.303041052944527,-1.1843540482529802,-0.24920054484341514,0.8657743323690642,1.7609637543188856,-0.9438436524559902,0.9281793283203587
0.5199148519434248,0.7948611532492168,0.14043900536238188,0.41077137581427164,-0.5971939674092552,0.43863720898840963,-1.7706280470680391,-0.7803512864196741,-1.828451006276629,-1.1043637000221491,-0.8840095891958302,0.3686308499117246,-0.628478733637989,0.8339931166029594,1.4109116492803588,0.5722452717332922,-0.04333413036457771,2.398875591603827,-0.16081214815133268,-1.7272247158401604,1.179524020123157,-0.04694647598073533,-0.5191292418578671,-0.20725526743374798,-0.09870309000301969,-0.9680859065206292,0.28132190932393164,-1.5349700596582474,0.21614134767066742,-1.9190993111423125,2.0225180745198275,-1.0110695025770111,0.6523691896887939,-0.16686122646351764,-0.22881263314631087,0.20487666577541966,0.9054088843879468,-0.9745461426366918,0.691426602688693,1.2930883965553353,0.06143740974048888,-1.185420583852133,-0.6595254142677853,-0.6612898822119513,0.5260046729586848,-0.2229372328273095,-0.07867906541951356,0.6558400164780267,1.6791096705634767,-0.399599128689922
-1.504479282020766,-0.20712227237249506,-0.6577033357374591,-0.8401043829395745,1.8441310816779959,-0.010170275031723068,0.12016664721063983,0.7851681752574975,-0.32206361076588846,0.005236899840768602,0.7137628652241066,-0.26593461628771387,-0.29833635099820255,-0.9836307569535258,-1.8905656839676726,0.4900918544666048,0.3704076014491155,0.06291369062446121,0.5468260417747478,-1.5065160403272564,-0.4823249422789568,-0.29366140019763437,-0.39773096151182546,0.5596392161537844,-0.11815195741707368,-1.3383694885172837,-2.170265780837389,2.2687406480493384,-0.4103901655397904,0.6991837180539903,-1.1426407116783752,0.30082039528149573,0.26131591634826173,-0.2959989300787597,-1.4615109642017527,1.8179490923002608,-0.17868001774854111,1.2737388269781613,-0.7933762579393193,0.13691725788812967,-0.6357653947388642,-0.2946470078392347,-0.2973601858525515,-1.3429977982008305,-1.2714158002341027,2.0960602458175708,-1.7215277817887535,0.008910265649046957,-1.1066742003702617,-0.37780346442982116
-1.601844297276682,-1.7195689656955606,1.5328983101773088,-1.224674714043758,-0.06994326068939716,-1.2180896065405855,-1.7947591415528177,-2.192782656775271,1.036397305967829,-1.4844983385050472,1.0047503246587617,-1.4079094396527427,-0.8751248625016117,2.5583220777001916,0.5171026223567796,0.5812386390314018,1.2952754482731947,-0.5077499749564685,0.9229727716850838,-0.683809278659782,-2.3398684618503975,-0.9690659497697685,1.5591318257249394,-1.8562847780812872,1.0885552458154435,1.0418559731125843,0.1533528894528673,0.29946714627234733,0.7081970431850821,1.8667499282607916,1.2145939554418452,0.5674350729667313,-0.9061573925553881,1.3155096911590947,1.2493322399122349,0.3317463390952069,1.4426413357848535,-0.2758826864871279,-1.253627964302265,-0.7449549413822493,0.36835602290393715,-0.15949414075575122,-0.3085126757112085,-0.18740650607110326,-0.74594387037913,-0.05670639976025491,-1.6444795171303128,-0.06350028149591654,-0.6950384476682615,-1.172520521588476
0.5888299358087465,0.7159037176132355,-0.11991035600205588,-0.0954875278507118,-0.04007117388276536,0.8680066775919957,0.5031792111818987,2.1007114367225084,-0.8531981008582952,-0.8975281128172147,-0.6471758231025115,0.6940080541196604,-1.4256525578083008,-1.9785225756900398,0.677997058939252,-0.8909893997193893,-0.1630469163837516,0.5739474646164119,0.879314940681441,-1.0187129194182822,1.5993542169720754,1.0583563336511115,-0.11179859429381188,0.22702919137649863,-1.2461368128468906,0.7380339325684317,1.3900025227999977,1.4861274113060081,1.020536409044074,-0.7580710231966002,-1.3474539900480669,-0.5860850726550638,-0.4602479334909972,-0.7219413943831837,0.7132420628301821,-0.5383020464327779,-0.7557965447502765,-0.6590119906240642,1.6246202278896131,0.49380345749305543,-0.47179252027963603,-0.2899826781858226,1.3112773964863562,0.24097707336578178,0.2124790586654272,-0.3411679136452658,0.021764689889710583,0.03276987103239431,1.0855009509729152,-0.6393034966404041
-1.0248706315389111,-0.6440083835693974,0.2383749046065911,-0.9719461600279534,-0.3235223426198615,0.03852844315316664,0.5174546878776634,-1.1797018293416661,-0.48404115790799723,-1.7808255131830983,-0.4392397686732494,0.1389103911691792,-0.49598902576452125,1.033858619918636,-1.0459942655680599,-0.4677689795944324,-1.0773646540313135,-0.2513814427384289,0.1621528513883516,-0.82887725112764,-0.6143255187993505,0.9451262430267956,-0.9741446240332375,0.6543399564193495,0.1419664710929993,-1.136648535346186,-1.12988224536325,0.3474233955231359,-0.5372850163243181,0.8784019823546082,0.014313342466266627,-0.003883205721882726,0.9638666015625664,-0.5223136920978564,-0.932933567507097,1.4161335589991735,0.48671433318481844,0.4792534174961051,-1.1294242451357142,-0.0852128520669694,-0.5789133328402923,-0.6880960777329411,-0.3986918342637566,0.42901895319731004,0.3585870310069823,1.1363102319953355,-1.3820930493722885,-0.4111177720011086,-0.6158062855944835,0.2884123161455163
0.3285157774329656,-0.06919838912646917,1.030313753455245,-0.5111289394794816,0.1432435336394396,0.7327728183364927,1.3423518921796793,0.5253400012863607,-1.0399250706817793,0.04365133687111902,-0.7028010987062605,0.3946486299623967,-1.7936247088465957,-0.34870390652480593,0.7631411300143968,-0.32405581643998715,1.035646178695811,-0.9233405846049375,0.45850323215697686,0.7273373494932065,0.08695224000538124,-0.17325819455353164,0.9015151261783516,0.305227050977276,0.7961546602049195,0.16426087188078056,1.194495849923244,0.7212109315027472,0.7320986158317566,0.08068807204064854,0.02217329012205937,-0.5532225887294971,-0.6685336455301985,-1.0733289204745577,-0.7207781786154266,-0.5859312989941322,0.4030720210873603,-1.2792464560059789,1.173426955837437,-0.7003781052438021,-0.16266723528397561,0.4574559327115939,0.09212436118890287,-0.9222264510571344,-0.8587188599115355,0.27297827800147734,-0.7746060831399175,0.11048104674584658,-1.4987871530163712,-0.6389660140048522
0.30151275952421774,-0.2858704820843037,-1.465374654227114,-0.5022498216462435,-0.7708226266189476,-0.08557017381382125,1.2102531489068846,1.0181628533130953,0.5326715337363691,0.30084602682958755,-0.9457309057511276,0.5376811794381211,-1.3396663068284373,-1.013195422248527,-1.158926835940405,-1.2778071476103103,-0.5861931297652909,0.03828284511665992,0.7837084220526698,0.262887536773563,0.6716304746675323,0.6075035397615326,-1.1330146957211027,1.374631762892042,-0.16179789677139175,-1.150108259587304,-1.0399669327874304,-0.21372724035970025,0.2695883001123801,-0.11853822108470075,-0.4750127522819565,-1.3439579534983557,1.206359884598997,-1.1402366498672625,-1.2309911291544984,-0.5656410605955476,-1.0552546934054468,0.6414160368032452,0.4396502802018154,0.08126935615315707,-0.36628986312443884,-1.0479938545024194,-0.31502160234853366,1.4176345033603308,0.5381886134647142,-0.4895388122644704,0.40038107320008004,0.8097971717051732,-1.8017045955852546,-0.4221536813542492
0.49520884757606765,-0.1325300227386376,-1.211730314712455,0.6315420112094987,0.4497725638086513,-0.8297168635153016,-0.044250741010038994,1.2362425865780755,0.7600566820367389,0.7146829783727184,0.6065463198175909,-0.4979456699700667,0.32091067983098714,-1.979918737232371,-0.9339594092465703,0.27276570605437345,0.20297356387473772,-1.418935450074762,0.4689979581323896,0.5659548884421585,-0.7028397232219605,-0.837844011067694,-0.25224200390310914,0.4031161619306385,-1.2468645454520695,0.1559926515524593,-0.6040933567836692,-0.3444945434176743,-0.6285384124795986,0.39578881533927207,-0.7852742029561434,1.4487041186564973,0.260238220847483,0.5832524663622884,-0.9461581926285142,1.0214425869880892,-1.7819016411756687,0.5312210050564514,0.325549703816666,1.3840235137331325,0.5435667979872132,-1.3205440487218805,0.12675385160217445,0.9186920086161037,-1.5443158185369659,0.8575994681795394,-0.010980975093269034,-0.6962639371862452,-0.7988320370798426,-0.7388179525929841
1.194072269391839,0.8470952323753164,1.5043179739725288,0.9499524281557731,-1.1334137135023155,1.5080438329639927,1.4694335910225023,1.29523398481032,-1.0011197241622516,0.3507373382579752,-0.5209553452822275,-0.6197812759097677,0.2015275513994847,-2.2935186979936923,-0.43610373586442935,-0.3245281381668988,0.7688973746317928,-0.45465262987049637,-2.2326725259670526,-1.1698776433643117,-0.3074274756865917,-1.7671776475475178,0.26264732197792623,-1.6727745444553739,-1.4462151305989994,0.19973749496809595,-0.6071684958268608,-0.6320613117922554,0.4346082538226317,-1.601582288214581,-1.0628539384382585,0.7044299223377668,0.4673030252442484,-0.2833640627965124,1.4263411961780699,-0.33639706658595014,-1.6100452447472338,-2.5414080069025187,3.055916016202489,0.9670423310256338,0.17723041159234854,0.7662328151645423,-0.6042231308860373,-2.104358504966997,-0.9214809455655916,-0.9239948993057627,1.0868192526829665,1.5054095489319639,0.1904987141194476,2.467813105798987
-1.7919561794214296,0.14604057395955442,0.15300026950572518,-0.8451592630259801,-0.4514979656616056,0.9894757547363159,0.9724014835831799,0.5978039476305601,-0.687354853839008,-1.0791437852802503,-0.18386611405853323,-0.0600297847055263,-0.538075723019573,-1.1896811465033543,-0.6598251160975601,-1.7852557060589014,0.5452275709608904,-1.4982651096588337,0.2061774943213468,0.46034375050198034,-0.19676088668525907,-0.42379638504561057,-0.5395990122256932,0.9129836719388879,0.3824366365852752,-0.12840269107502794,-0.08065687997261888,1.4872156217922792,-0.6063534470077985,1.2010799625894832,0.056102663947992036,-1.1706707494988833,1.207092420582952,1.577260728334982,-0.37231764760387603,-0.04733383192445074,1.0115387981047612,-2.3999301893922773,2.3070720213268476,-0.8893662359016717,-0.20221256459674378,0.9359136733749606,-0.8884264824130637,-1.637085533515427,0.7938104483086784,-0.6328585358121984,-0.3246949572138673,0.43431778113676794,-0.04782301115196907,-0.24457568583267353
-0.8265960175807605,-0.14805983991642185,-0.34884443057393993,-1.3425051688462746,0.19588928985315696,-1.5479705195124083,2.0321189111605538,-0.4234755590762113,1.4360887591224458,-0.9894940559384344,1.9566275737631107,0.10384649908947217,-1.0194079993457326,1.0768771839950484,-1.375821113275659,0.7734108076928199,-2.3792343925450137,-0.7956489325192863,0.45459313991951494,1.4217541675600098,-0.3137884248253545,1.0632700981329932,0.12679337941087532,0.17834148058863183,1.8648738069542816,-1.1530595517331392,-0.8321672163957188,-0.16092034972981625,1.8435123651045902,1.195266412851339,0.5398721414623017,-0.06165332440793516,0.3208244031576849,-1.491124783968434,-1.6332011998209668,1.5078568659673466,0.3957075572223601,-0.8553769605485313,-1.5971898669134619,-1.230543204805084,-0.8201134996171472,-0.38855171778124425,0.9914678574692865,-0.2767536394984538,-1.0301374437666386,1.6912854655116636,-0.691927490476509,-0.2373434628826089,1.4207483957659144,0.7230095385366447
-0.14229194755703506,-0.47684965245802374,0.7891786599837064,0.43894824738172256,1.0091191713811347,0.22557126170280764,-0.962322728331671,-2.709066038370489,-1.0453665429254817,-0.23155045206905733,-0.22645105749688405,0.20070184760351656,-0.510224612498307,2.862231148153804,1.3127564530327662,0.8708676470689554,1.8699512990830975,0.2397493653811136,2.5695237580860626,0.5993001413102168,-2.1931749201004913,-1.074233788379627,0.5506010029138758,-0.5135537465125697,1.9895943589367024,2.1410960462956883,1.762549082131554,0.6060165846235271,-1.391896268578348,0.27836383052426794,1.1196624729799574,1.45884328376124,-0.6480647136960026,1.6647698886721531,1.1657051013640665,-0.5419964737856422,0.9190847517089735,1.0586092754317875,-2.1084907782575915,-1.069910158248534,0.7273516371859606,0.518236522636778,-0.9395629119109147,0.03398070325093831,-1.7790081920600116,0.24356598803530002,-0.9022865424866381,-3.4304690605273143,-0.03678585468564951,-2.1765544533455348
-0.865367679022904,0.030779508023972273,-0.6211709023489469,-0.24193692393399435,1.0806520675045808,0.21015530527273144,0.9862443310631891,-0.3915979353309442,-0.3577574586102397,0.3160919118775839,1.1260021859770795,1.3267744220420514,-1.7412295278626961,0.3860041213209979,0.8738800773902733,0.44465314455343435,-0.2731138910517356,-1.4479813513657698,1.4661054682429506,1.3737855625501427,-1.077030671694982,-2.2172310522129597,0.7424375092403949,1.7058386841013056,1.273987803292838,-0.7285891371072329,0.4619199471551528,1.4428116463992662,1.6841351091612304,-0.8687215993984626,-1.348535413429511,-0.2583600451067632,-1.5993426670062865,-0.4835012576044811,-1.3942771868545747,-0.07737445358530746,1.1192276419571656,1.8521650131126641,-1.3173972176749051,-1.7756539159205105,-2.292732753476494,-0.10629884231067299,-0.22062841668951183,-0.3814389011807536,0.004311294074628672,0.6287812467301814,0.7194676699731852,-1.0089866146054811,0.8050283921962864,-1.3087527439399
0.1623624701633979,0.36983553955563536,1.0685022327342342,-1.2797643321907353,-0.8519639426727943,0.5594046723987995,0.9617521035717149,-1.3858273501146912,-0.0443633259004885,-0.6527237387893345,-0.8175315282011445,0.6592904186720235,-2.1352249293836505,0.9736817258755792,0.09437423201813296,0.5748376061803108,-0.37303306797987495,-0.17389371259769665,0.2195680804435923,-0.856436173524456,0.5574496735064706,-0.3175931884011107,1.0223643012606685,0.34971485129764074,2.128757715713307,0.3533766326456266,0.6065555634319154,0.7412887010437698,0.5970762660252591,-0.13415715381492269,-0.3585332508447442,-2.032677313703941,-0.8216712842117877,-1.0625040978621427,0.4225305883541106,-0.6967168810939004,0.45583195812218086,-0.5318362857555021,1.2067746975650497,-1.4215382326055823,-1.2805011129320223,-0.5886611718240256,-0.2578034760225535,-0.5608372044704887,1.1186416896952185,-1.4550493456861433,-1.2753414866218713,0.5788611278798464,0.5275790696897971,0.680891530521953
3.0340362880473633,0.15123002910374506,-0.6711968940285018,3.0772272419299656,-1.359633216270736,-0.01440407634283934,0.14143367432946208,0.1843445696648605,-1.1073011140586162,-0.9744797364668387,-2.1084981645737866,0.45936823085765194,-0.6679934933742919,-0.7680087095297785,-1.9139973967494952,0.6520110627664275,-1.6960590228501708,0.860261764221396,-1.0034594409984672,0.9623124367304505,0.709204413964148,-0.08535083082088117,-2.127624030538745,1.5665764662821275,-0.8991410132629976,-1.3429554884215609,-0.8172301091145269,0.6102831701445901,0.8231615811657436,-1.849604224764975,0.025509269347149463,0.3115208877600037,2.175530650487269,-1.048612720215762,-2.6641900519361417,1.9814369459249908,-1.0694748423386438,-1.4593638082557452,1.0054703447100404,1.1192966481975701,-1.476559064351329,-0.5267011608979086,-2.063738610770947,0.7038665008102917,0.39443411400021305,0.26548020522130844,-0.19712373417446058,0.09122533205067518,-0.7182396207231134,0.5557662675123507
-0.8898994897227827,-1.1741121798119247,1.0861768886973366,0.21047626919416015,1.099199556018105,-0.7742402276989566,0.8754816285203533,-0.2514864477445268,-0.4370521523966489,-0.12102716105602468,0.579439133069934,-0.8472318655764508,0.858018779544633,0.36799023231093364,-0.9554465030189273,-0.04673042471823333,-0.398279201318228,-0.5485439046004738,0.9510277194132928,0.4851845630155692,-0.703662384402012,-0.0011834586797564363,-1.6980513070923435,-0.20213479461898812,0.08525790987849,0.36956246888831956,-0.8345288903216198,-0.899163082773799,-0.09190255441910056,1.0429640362533328,0.23399968015235284,1.4065869238950914,1.3271716183991722,-0.2819897972490621,-0.07867214708837551,0.25948683520450694,-0.369289022019484,1.25522250367879,-0.07653642765537393,-0.6589326343143926,1.101242558528825,0.6328472110601301,-1.142501943076606,1.9939875970607233,0.2234178105199775,0.0002681302814035542,0.7400464590971206,-0.9380041076157979,1.2595605043659157,-1.1698753904959511
0.1233840057654166,0.24960413156435868,0.6841162173957587,0.7628299262094058,1.424177673253005,-0.30480200583623696,-1.394621276356097,-1.1684852745709082,-0.6884706567998184,0.9405595515065823,1.2838444221997065,-0.23016762937675442,2.360835183800073,0.6165780523952001,0.922004168773909,0.5666692489072653,0.6797307098328017,1.692587819026238,-1.0430828721470986,0.696827951951418,-0.7813649132658411,-0.07210790293718868,-0.743903703274309,-0.41407459048322875,-0.4564999720567134,-0.7980898458793839,-0.295702677171214,0.11978761053054247,-1.771205050380481,-0.9251406228181552,1.359924191224979,1.0647317295345284,0.8419300236314098,0.2772316938469979,-0.727455553524895,2.0617451980254895,0.7623458868811337,1.0111197673209869,-0.5855977458572713,0.03212635773360489,1.697633245608125,-2.1411949142466913,-0.24259700525055428,-0.46997743715937673,-0.33958678446077656,1.5102774709276847,-0.08313437152067206,-0.08611244397576572,-0.7994900755622749,0.1851382028951837
-0.5823793138932687,-1.0578156738186648,-1.6376706522296791,-1.2706641339572355,-0.9933362239594762,-0.23311926518953288,0.39690838833508146,-0.31428722200923626,-0.48760387200315286,-0.6663039986522764,-0.0020906910012911803,-1.9828526752070466,0.3926529658912467,0.38529247540757267,-0.12878529475536235,-1.7267559089730966,-0.6471677693408026,-1.9098378326869674,-3.5815231840239266,1.301276952544818,-0.9777786769980683,-1.645269129250716,-1.2068065333674483,-1.1824906557155044,1.0769994322534455,-1.5251000195606002,-1.843548137437107,-1.6997369968488125,0.03421136981068977,1.2883872913960446,1.063628181045148,-0.6674358124527664,1.7324529558539987,0.5246977667655877,-0.5673655204920101,0.03709996640976923,0.37799156242604864,-0.6056965825840149,0.3041442283993549,-0.9455661878433375,-0.31815931387550794,0.6741057072025052,-2.0685972101736394,-0.5982446826491106,-0.05172548476976015,-1.5690694980378084,0.35164076482839846,3.004410012948371,0.2335023023544985,3.4039182371958434
1.054310432233748,-0.3494461638898608,-0.9083462852124898,1.109474390326142,-1.5532560127935755,-1.2184641936575464,-1.1412939398129214,-0.27399815502202823,-1.209450966581316,0.7625729408023688,1.0580401842506777,-2.225480056265944,2.7603049884565443,0.5010424046485705,1.2701087177384052,0.5926268616887294,2.549173484246801,1.0186517619059723,-2.5788096754948358,-2.008404101156277,-0.9572177973870463,0.39628944717907216,1.972221696562707,-0.47218379290309775,-0.512480928034011,-0.7545021204691168,-1.3890207395108725,-0.6127335795833023,-2.5337752728046423,-0.1115410327750852,0.6815920626740096,2.091405987010927,-0.3341900370319894,0.8608802147737133,-0.4131048884862189,0.5806556851407186,0.41756332587483086,-0.6561735622742386,0.36873053310741255,0.42522832599641386,1.9915929093492606,-0.7300451542984329,-0.447816667816769,-0.28440947919115434,-1.5433473675449916,0.9172503666261398,0.799111722805288,0.9522051983974908,0.9589026643935177,0.6238444409167739
0.2291138176588817,-1.113711730552115,1.4410221328170207,-0.14451693424582115,0.10956349390988722,-1.6737744034917017,-0.9316299054095121,0.41322478796628664,1.3101705700269213,1.3563480747101315,0.4626573303677899,-0.6917148510500224,0.9398703556694431,-0.30350329479627747,0.5397682630877362,0.1071479899889102,-0.23972410500197344,-0.9897357683488243,-0.24517611337582365,0.5777381953207563,-0.987065601815017,-1.050837684799288,1.7090161896308105,0.2906245076218475,-0.4324693987281224,0.6843176857534278,0.3254056976704651,-1.8017248878672074,0.03986881838067966,0.18696856364723854,1.374860598927392,1.2310486718187847,-1.1803790256833866,0.5647200502602798,-0.15708234257500867,-0.4437163362726564,1.0396094128111268,0.7374635317063991,0.6317720684241235,-0.3858532643086525,-0.17478003392632424,-0.4509517473255623,0.2096382916551147,1.5520448980559705,0.3381492073467676,-0.57707785558938,2.242036453261228,-0.8589466773128399,0.2127467405068871,0.44663461918403113
-3.0064700226319503,-3.565953545184223,-0.3880799485194561,-2.1687515646133404,-2.07918519142265,-2.340963213607149,-0.1601581684968149,0.5697988555402724,-0.5780797720903064,0.026389287506167865,-0.8888252324045021,-3.7166609213601,1.0626083891949125,-0.9790492302019815,-0.7551393752034691,-1.765611202712939,-0.19110162817638168,-2.270846615912494,-2.3380858697498526,-0.05553221886271409,-1.7482504832173313,-0.08881021353027171,-1.7902858476162802,-3.1035101597066297,-0.857004901223024,-1.6780299731958224,-3.3881249730339804,0.3587765624233948,-0.09714594205927211,3.133904700633805,0.6416688232450664,0.3801951453121071,3.163218508223953,0.10106431544819125,-0.43984800892530596,-0.299456387372544,0.13001840818438298,-2.119850106022525,1.2454222037815652,-0.19955730900836466,1.2027862657259385,1.379033649372126,-2.109783515487924,1.3783411483110968,0.4645019325342242,-0.5973657087098925,0.4935066121115851,1.7819695791645225,0.1842245613720339,2.2849981448437537
-0.3580950026973478,0.43162087239305946,-0.18382617725229064,-0.015321875314095483,-0.12498526603754552,0.17546080706555944,-0.3915212596518123,0.1371413417194004,1.0798805575538226,0.7748434713882718,0.217705515403903,0.6552768309775621,-0.7538812170910391,-0.07310186379832277,0.6428450725395042,-1.2083067971530752,0.6571729853025672,-0.1390656739515053,1.4829066226618748,1.1092917326822807,0.6907447188177052,-0.8748538532854002,0.9081621297295781,1.0264041148271006,0.2627962318837026,0.8293089025223068,1.135189737079368,-0.5712726904953744,1.8533114838987172,0.2580837384513541,0.5607197227755342,-0.9696615249328925,-1.1528962797450053,0.5677188822986513,0.3345914009262085,-0.2747849333142716,0.577999778474453,-0.5463884507030339,0.32980603320600227,-1.5050184957498676,-0.41638476813747016,-1.8484620878906108,-0.2553741449900221,0.13149916665037759,-0.3131254969749789,-1.0535126065625797,0.959609266302873,-0.4179085423705284,0.02103354581841508,-2.114386436416398
-0.6465799605006541,-1.2291489341038904,-0.44640645651049177,-0.1453582895666001,-0.3671561684016766,-0.9099216303325768,-1.895093193266884,-0.4590463307542852,1.6626346522443736,0.07770102646793585,0.3970506432878284,-0.23533023085964722,-0.4269752400326666,0.3698939590300904,-0.9442035446456437,-0.5730157768407196,-1.2888620931745292,-0.15245266571040805,0.034647592315716465,1.0657304623145978,-0.9872808447054937,-1.3184274811194736,-0.13505854235278847,0.28380426398258973,0.4246700477210735,-0.3986787355285012,-1.047019353988859,-0.7901785780460768,-1.21608843310734,1.2095860620902885,0.0028028005739315948,0.10182174974788022,0.256130254171419,1.1360826478580963,-0.4161759758334588,0.2523261520463571,0.9856508805919817,-0.5233129481386708,-0.3797972839900425,-0.442173375029126,-0.5387178686661447,-0.23690679270779577,-0.7795378449866971,-0.6392654836845892,0.11855633953650069,-0.449896250369827,0.9206486256111891,0.11622555829653941,-0.12320851869571933,-0.14631271612292318
-0.3166568584307281,-0.887942444211573,1.373342185210119,-0.227281326082312,1.151445453896714,-0.3897354129158151,0.6497457442539407,0.4077291984557247,0.014423925059754024,-0.19414415739649862,0.5579935570069293,-1.2147365882818146,1.1092909911979247,-0.5437566812083638,-0.38214926010147104,-1.1995504624162008,0.7893396563508578,0.7859189889128656,-0.5092423652642756,1.1902676551529396,-1.322455689995825,0.6704245744566142,0.852150062852038,-1.1082356318071414,0.7488749737771927,0.034847452338116536,-0.9790483104668305,0.715274326134958,0.3619379406577869,0.325193770951995,-1.0980422665935579,2.1625300613906844,0.17286580164831636,0.9112754846809207,-0.19555601020342078,0.7282212254499727,1.2773877603145496,-0.786320013150135,-0.0645396635031541,-2.592739103264959,0.4001838306963721,-0.2788797353931858,0.28388894649632246,-2.7758004942047023,-1.5325199482254621,1.4934884989548487,-0.04617577225790787,-0.3540917568724743,-0.03257775244357209,0.8292329181297806
0.5056112247029046,0.4483962080430077,-1.2869268477704885,0.7241219969953465,-0.30739821036268183,0.9788949491140008,1.6727080305438666,1.3356584000361422,0.9039032796194277,-0.9535127377786607,-1.3339695128613895,1.6945924115345627,-1.3229646743820513,-1.160910700933033,-0.9922774838568958,-0.04601364905925205,-0.7253289034751533,-0.29167412820696964,0.8687207857320289,0.08928170521290957,1.117210460262376,-0.09153459145278982,-0.7257849172570608,0.9125175356039694,-1.5075636149071772,0.5721273910795132,0.5177779809970188,-0.08907371673942614,1.478143623781674,-1.3806760630336563,0.013056786181194237,-1.135788767171097,0.6244093830176571,-0.2987972904396016,1.6610973282540575,-0.5498332958898284,-0.9823574548981991,-0.7048379767377512,0.969289487700985,0.3191196559694951,-0.6775970100960502,-1.1441486343195075,-0.8797044167051038,0.46008132715192623,0.46694571967965637,-0.9936010694446394,-0.4080672832977639,0.2400401503114478,-0.36775279152770896,-0.23378195076493236
0.2831376499185844,0.2674491117098724,-1.030688519253765,0.03127120001849072,0.8530965028067797,0.9787858134737678,0.9248850013344213,-0.40994057133286194,-1.540449399891737,0.10363404990442718,-1.363960253019335,1.082099811165262,-1.5691666331043004,-0.1534908868887814,-0.056039311285592204,-1.4642970915685007,0.9310562482387823,0.28980498703257546,1.0240379852449795,-0.44463327235756583,0.6954352875795198,1.4547845397593606,-1.1046477727677124,1.5756873376758014,0.2875455551020426,0.06608897213040768,1.049811346286395,0.2727428706926574,0.44038875617984646,0.1602810375844887,-0.4231469220488774,-1.8406501703172715,1.1233528272543618,0.18293023640634282,0.17814147384017207,0.5430086940241833,-0.0841468852512457,1.6240034998989739,0.21094975759911985,-0.42430767862379476,-0.45750376483766947,0.5057528922702711,0.3475920350451952,0.5638963333519977,1.0300821888736986,-0.09105434090178288,-0.6448337443030306,-0.0889779044166312,-0.9067823356978563,-2.0788878238842035
0.24657114605643676,0.2998971322090932,2.1941081223589047,1.1015062285326036,1.3957731467137797,0.8886138850422866,-1.3362839821093293,-1.0351691414193613,1.1434591523752569,-0.49145010349161483,2.5348946816516884,0.9566813202696185,-0.957939733352796,-0.006577260389181919,-0.2809389419186281,-0.7815111194498577,0.5378965243448339,-0.9803485354555391,1.60038623545017,0.6449571390306349,-1.2439826776596719,-1.2927063464777204,0.8938726386635147,0.7140751315946793,-0.5234775554340745,-0.27518397267946987,-0.08764050699801025,0.24098785191652267,-0.6743653275861087,0.4226058901987804,-0.7496426539143647,0.3475242686979486,0.3086281980617495,2.772805907964733,-0.49793708548323073,0.22006064995541058,-1.5253969461978625,0.03268596516635436,-1.0255060436779815,0.11125650739683807,0.4526835668900189,0.8706991441066007,-0.34919166728978324,0.38927936973490607,-1.6965765410786755,1.1623345732852535,-0.36248579067533165,-1.1826417149622495,0.23223707712867955,-0.9579950649396003
0.15618264088548273,-0.056149168670398535,1.548590636466795,0.6189704543508723,0.36925028075557237,-0.9329436551049736,-1.3294786221907453,1.8423203976199518,1.0658192919024183,-0.05765025833487699,0.19558815887112532,-0.44218134904727924,0.269128048376694,-1.765883141387343,-2.1259556557035704,0.01621776787695985,0.06066723681418329,1.2189348573698793,1.2349554123137763,0.1323088607755298,0.5712323511727679,0.26859072564606595,1.4892412929141272,-0.8722870661848565,-2.2736274155806204,1.7228812512793585,0.48731924644617913,0.1910468439697575,-1.4645959360994116,-0.05937731850722473,-0.9258639045501604,1.4393122719139089,0.2596183745524714,-0.15791432722502183,1.621029081053841,-0.3041719815070829,-0.44246015936415867,0.30678636058342934,1.0995850186568852,0.9703970682981216,0.1660250421163407,1.1003004544544892,-1.1852224518922085,0.8527208679898738,-0.3400845840888176,-0.9914781528025532,-0.871106330089426,-1.2257954405896192,-0.028141994391048957,-0.8190761461311911
-1.383001394972217,-0.38615733365802185,-0.20894259385367314,-1.1613340846089009,0.37156068806294057,-0.3372018648528462,-0.36109277101184717,0.09739194079143688,0.3952871005839994,0.7647828130592781,1.2909867394127115,-0.318631767328115,0.9339976449342231,0.9047190254924296,1.316977978107143,-0.7640353402616611,0.6268393405730668,-1.2665338781903357,0.42632600973061374,0.6250522223188311,-0.5395920787810148,0.3456837374963337,-0.8244420131969099,0.7500504981517064,0.5679080173519021,-0.45505833268287305,0.2680496386923444,0.3846730020283606,-1.7912203546760368,1.0344741371191755,0.31898125499756086,0.35156626232935545,-0.3514313500987924,0.9433321934347952,-0.7328368320609815,-0.22245254227060804,-0.11816058348372033,0.438244886047595,-0.22086728389724006,0.030099217372655328,-0.009559295974691538,-1.963043661023579,0.07202378485630656,0.1939971818182471,1.1689741143973102,0.4533805514464701,0.06343990248013577,-1.246381890393105,-1.0483439282540046,-0.8157046396238355
-1.051521224166405,-0.7768063008181321,0.8241784773978459,-0.10261904748262367,1.292392234401078,-1.9440310279981154,-0.6198368445723401,-0.9817188909156935,2.1303115448786247,1.5991505567594533,1.467144800931656,-1.499289340081089,2.935454501286907,0.23044100886185923,0.27956957905953433,1.45597495283083,-0.5038387356777713,0.46061723871434185,-0.8081648639534774,2.021942426260353,-0.5074854189494251,2.0159220996097553,0.035531213746870564,-0.40783115572049505,-0.04439533401463411,-0.09198409005832531,-0.649838553147777,-0.18212684859721748,-0.3096061062786735,1.8139049759517571,-0.18581942340230034,1.5094425959350888,-0.8794526046424068,0.24611801745183942,-0.5763213393128538,0.2173513855685316,-1.0793571580588135,0.2586625038923653,-1.0246385363304789,-0.5486530397724283,-0.16770002945969653,-0.9790359120276266,1.4868527774819542,-1.4840371482965382,0.7264591871185541,1.1472229633419582,1.3392767378292547,-0.9244964098021211,1.5334277533812035,-0.08591357354417016
-0.684606182450107,-1.7524297421197486,-1.1778741631190457,0.2236805102388375,0.014493105805132966,-1.2478578522802535,0.9267182380302127,0.3641442117211563,0.36119978089254356,0.34606612633949896,0.42310890064026146,-2.1265761393704965,1.2575172745057168,-0.2076350070637633,0.07527221885080113,-0.9166099125106442,0.5383708826463243,0.16610312071755562,-1.1528524061021492,0.470843590244301,-1.0427733379482476,1.6440868896716176,0.1509336509506637,-1.2867944845367605,0.6004974689328901,0.2759223399119257,-0.8067028720021184,0.010378070616671497,-0.907651107536846,1.2517812073564438,-0.7885375854524985,1.310317157627295,0.4011897130801812,0.9600717625288709,1.3510265865957336,-0.40753939675011125,-0.0003153271468936876,0.3497197715053944,0.16216118054891734,-1.2456992253921126,0.010986457080601654,-0.18283188901437233,0.49573453994710504,0.5724770927869586,0.9685022071867591,-0.2884029282768911,0.5823806813293181,-0.2217238681566823,0.20759538943989037,0.49591251862456237
0.4286993012464793,0.987493231797911,-0.40969838521743757,0.5266317567260254,-0.48533805644568795,1.533815727820207,0.28512034420231686,0.7179119203987594,-0.010641836141832551,-0.59501858466624,-1.4009333840644649,1.4768174919172803,0.27802504798505384,-2.1821790115191395,-0.2949849397566028,-1.3686807352456798,-0.24581801516779603,-0.5923242852668218,0.6056994855888217,1.514515954721608,1.2992934821093123,0.1925221610668192,0.05598197021554419,0.2970119764887559,-1.9490848712115016,-0.39515826726785014,0.6876652193342208,1.0745878186614475,-0.34109511102121104,-1.1972807220756456,-0.7995869870850052,-1.2446279546558876,0.35925847444721115,-0.6430133050724063,0.9617752348067092,0.6456080035694723,-0.7542687133020939,-0.4881282102056773,0.9681708928060686,0.4558100171680197,0.0016734835448127387,0.28521211560043996,-0.18126176438145616,0.34171900931334254,0.6558363084258344,0.11180951726195328,-0.8588880453921207,0.27397786153809545,-1.2690626775497102,0.4595600311714743
-0.4774652623773125,-0.054927323444340245,-0.3910503568016383,-0.4508581511866674,0.019741862278880164,0.8937663993638875,2.1837965983668135,0.4029095195092284,-1.768753197047815,0.6219558772939406,-1.4952153965121944,0.4877485561936267,0.18517807770859995,-0.05817864265031132,1.3151655875832957,-2.3585579540113883,0.10882839670300168,0.37751189381408445,-0.9135216718148613,0.4271759204678633,0.8695539293635597,1.132902223422373,-0.8206773500121023,0.6939147703819308,1.07443185373285,-1.2772066814171463,0.8458425579711791,-1.403483651624322,-0.9758908366207495,-1.9341432510393244,1.3599591282127803,0.17036085454608352,1.5170803327153735,-1.5041732391111209,-0.1243825038327161,1.154961308112135,0.8306356311433436,-0.5217184847296347,-0.4251587909437862,0.09223673702400102,0.23459843059535906,1.4141261872781863,-0.00549253834587689,-0.8960121370655564,-0.5550065743808371,1.1166681964100011,0.845391048148848,1.2326179684050804,-0.23116669637346668,1.4660071002920385
1.2236720402486048,0.9985062417245583,-0.9016183839468476,1.4795497246321014,0.7685188924346861,-0.02837376304962506,-0.2969671481916433,-0.7550029780568198,0.45048320271340325,0.5366786738619191,1.0330186421573908,0.5071593352399567,0.3023046919941447,0.9389003645579224,0.5665553279501937,1.8497305753177318,0.8734220501265281,-0.0700195640704654,-0.020170900996662102,-0.42693545766271,-0.29738632669316845,-1.8658555547897477,1.1037764527188687,1.2357923477593824,0.4725303763452682,-0.02582008006250804,0.4213372683502987,-0.46862327225545947,-0.8342975300336964,-1.2535204081984663,-0.12158560853448096,0.22084293074309896,-0.6886622471836433,-0.084563417557418,-0.7136813665301118,0.25395465685959795,-1.0983156936649787,-1.2183588879214065,-0.8226635033180381,0.5916348792032539,0.37626626836686106,-1.913302419915256,0.6110810300526278,-1.1092098234583887,-0.5670668949119334,0.6470070183537219,0.4799573089927681,0.3336686076883211,0.5861823341434131,-0.297986194725385
2.0011909331580915,0.9273493648457775,-1.407557337118286,0.9687555093902813,-0.00022483283253968555,0.08312298092471344,-0.7419793353665951,1.306406927271233,1.5817603431166285,1.7185897955703033,-0.7184868928440844,0.5038291548785169,1.1089556708277348,-0.7609815389787777,-0.8186018051963657,1.1670721509459783,-0.712141352039788,0.7501629153826811,-0.45097219579033276,-0.044278627742289633,1.39162964675384,0.8279453806146881,0.9999406170934096,0.3160005663219055,-1.2794608845983282,0.7582425245398774,0.15382551732577432,-1.2977688490947255,0.646386874584497,-0.3732642638007693,-0.5384087930258677,0.1845777981676878,-0.4173654388658194,-2.0154558307745805,0.5383243447085191,1.0420703734385626,-1.6004639729051002,-1.0272985435505055,-0.5943621854589412,1.5712985438497096,-1.1891051570374251,0.9756839278329379,0.05763153807719906,-1.5009007756779897,0.2971465012446403,-0.7238054804200783,1.4555774661037164,0.09790143501869321,-0.5228871111551545,2.724623597655829
-0.05960432915154493,-0.9350805537544803,-0.13063410327253056,0.11165357609926468,-0.3548224264044757,-0.8569351608183746,-1.2162366710281505,0.1327490185569693,0.336521554106305,0.6915770992839327,0.7164762713237763,-1.608831271722186,0.7031960841852791,0.847159423064786,-0.486867112644312,0.2698232786446487,0.28891469651752555,0.4188530016266839,-0.5262392354304039,0.09627911882777385,-1.0912845007358016,0.3307303200341141,-0.2503164514332801,-1.6480850533765357,-0.2264947156780051,0.7524094638362765,-0.8285232383570564,-1.620400719963415,0.07093041047576275,1.1502597116615751,1.8048797057924122,1.5583510089328545,0.13710050275909788,-0.5434729135461257,1.3750593168548624,2.077681032799816,0.6743531954814985,-1.5405392723265392,-0.7671094403526854,-0.5169554494773895,1.2672438222536737,0.07076857773297734,-0.26792981853248726,-0.6241724511141699,-0.9926917899686264,0.8262122700683213,0.006483481242000536,-0.6906853914245212,-0.12744015920284263,-0.23337969034050363
0.39219068300400733,-0.9703781272288129,0.2423858196235417,0.19457385757925844,-0.8619615582954628,0.0017023740910932484,-1.0997210749380915,0.10136868749238659,-0.30883778554425934,-0.6737545139825204,-1.1049898091745347,-0.8230986204904411,2.059834742499391,0.8176017158863985,-0.3836799671841344,-1.7219315534513133,-1.0166049086955484,0.961781043653748,-2.512968634904722,0.868560965341129,-0.8034493361237254,0.1820246360637395,-2.1766960306968053,-1.4657801759546327,-0.5811757233813218,-0.44912696488737225,-0.2021193418096975,-0.7619962134257307,-0.4217925002139631,-0.9675880085698885,0.10838250241847246,0.7354258507718219,1.7335508472912051,0.48255379169349377,0.8232804191256637,-1.020868662301528,0.45577387032247235,-1.0135805208211528,-0.08940346567498161,-0.7032936584436019,0.9751115721603388,-0.5147467930565895,-0.9998782385119498,0.6626577139863096,-0.035034263024284036,-1.4529759898098862,0.6483576739404859,2.261124236362484,1.824353657588914,1.3857810723595239
-0.21250333008265848,-1.0104429342105998,0.9678993764892049,-1.1636195463936891,-0.6218401751100888,0.4859883414104496,0.29985283696040704,-0.9421255286374368,0.6866507016553711,-0.7507553638350982,-1.4737530255984757,0.621987152862345,-1.3439044374651616,0.611945807420185,-0.7754380701406358,-1.0963885567933613,-0.962123272396814,-0.9190355259385504,0.4711880531320546,-1.8067358588825684,-1.332731706580992,-1.6685655673142332,-1.3541413639160516,-0.0615950773329151,-0.2607250654491744,-0.7119191149198747,-0.8223787491139721,-1.3157331510923187,2.7832494189178014,0.5650267778017534,2.071270078542513,-0.7088864944802754,0.7835387899317109,-1.3814106898791543,0.10679253170664488,-0.007820798444556484,0.7461353726386702,0.02185990955259471,-0.4275100980813698,1.3670403399755062,-1.1680418054614357,0.5302977303126047,-1.4107965032849448,-0.20321959271043852,0.7880071018906782,-0.8696342258620524,-0.6137893862111594,0.23634253981179296,-0.05756470409072569,0.1612986336281353
-0.4631350317466296,0.053761648453190904,-0.5224806195710813,-0.03662656969187855,1.2660032087998285,0.9234492212383786,0.4854992852477514,-1.241652066095037,-0.7194704081989916,-0.5322800918854189,-0.5636922804774254,0.8139298774795706,-0.3402665981172861,0.3940641493347138,0.1320186022573746,0.7625294247714094,0.6236360157414043,-0.26216799993473744,1.106706072005977,0.43328522290447863,-0.6816883289861511,0.46316764536494776,-1.2177424552677145,0.026170960050666436,0.18420296384702803,0.18457886569688942,1.0008300866840834,0.4645160722407851,-0.29469054414784246,1.2096116965438939,-0.31467336539990376,-0.5279074337965489,1.3031051586948426,-1.3974992643236757,0.787050687345493,0.21649155549103694,0.09621413530446678,1.6203905404720864,-1.1789865830234496,-0.22349079867468438,0.43226202259020957,-0.38511318459249805,0.5370668837715795,-0.3118584873512398,0.22073550936411884,0.16199967765667037,-0.26431806658513346,-0.369224790170092,0.24312381275087283,-1.794179499156557
1.14543303225384,0.005329329781689913,0.316469203284755,0.3187734537425312,-2.1496044665999037,-0.9214086714702551,0.7814240161811137,1.9291691580155208,0.498936268855087,-0.5252567483860489,-0.3373114655445896,-0.9339492305374135,1.6554300998682692,-1.6221056847083177,-1.8580909547784732,0.0882032464886206,-0.8457938553483293,-0.41278655859750796,-2.4942551148056644,-0.7009806537715935,0.9924398926051549,-0.2077295103990422,-2.1849734417884794,0.7291608659217563,-0.6971980954798122,-1.4697786954559546,-2.588977250441712,0.9745499244444423,0.5413445564744963,-1.1023874581271835,-1.5014740996629694,1.1067881303703808,1.5832093149920368,0.43567727403213,-1.75177533655934,1.0384972581798169,-0.8180200028359074,-1.898115442595655,1.6299357596333444,-0.6366149801721788,-0.6813904978881055,-0.019215509376297103,-0.48957069812124065,-0.22610081404824636,-0.007492869795115675,0.03275170062292698,-0.3954303876039752,0.7973419216131467,0.09488763005443777,0.8005985687001163
0.22172609462541315,-0.10688785010445885,0.6865669626850467,-0.7546198634972258,0.685030552257074,-0.8870817275302405,-0.3745483894491371,-0.8480780617987427,0.5339884674546663,-0.06650172228009783,0.5399286282968678,1.0483182109566556,-1.2118403859782882,0.6740542456313726,0.32819667829501853,0.31115381597732644,-1.5251035341235244,0.26923956767107476,0.17749739919723495,1.260983528130944,0.6575442780021422,1.12374764523205,-0.21001211340987122,0.9036026315927771,0.041978243340175955,-1.7656242453009987,-0.2750837777941696,-0.965768148821992,0.24231588902776713,0.0889048955845578,1.027888777957412,-1.0148512079432437,0.19516203299791765,-0.5837503208021569,-1.3309637432905386,-0.26415049662082113,0.04267851318276796,0.9509385469930249,-1.6879611245943202,-0.03623825291178839,-1.1212445965051203,0.6310884814941151,1.4028856630025393,1.5238683394119186,-0.10503130457486291,1.3103146195544384,1.0309169342668856,0.6469336173861658,-0.4811072974239173,-0.2028343342898403
-0.6880753691202169,-0.6907333901719087,-0.26182420816981455,-0.27209178021797825,0.1118678309313436,-1.1394137431968774,1.7096670915317809,-0.03200568507719173,0.5290845383807772,-0.35775969521615036,-0.9338731760048685,-0.6760081573403687,-0.5107277662023361,0.6564800220882703,-0.6926384232880838,0.41209479009860794,-0.4581752656629489,-0.44038651646529936,-0.5239184779287154,-0.7698579196128763,0.2601087349887532,1.156925950804087,0.18466305369912747,-0.23397722179008829,1.677308035087962,0.4012240690548558,-0.8428308570585098,0.5907183967328948,0.3213712250085125,0.7846164802847008,-0.09977399133409821,0.4613374015185841,-0.4679658538294058,-2.44966324958471,-0.5101525090557031,0.25838050315147393,0.35563546341027463,0.7810545147974858,-1.1755383732111722,-0.8208646038791279,-0.12807389807113917,-1.5543885306266871,0.1906145975098096,-0.8100163818831568,-1.1584986593762707,1.0735775506725334,-1.3045203738037479,-0.05684612678843458,-0.36982056641584865,0.026434060834908294
