X1,X2,X3,X4,X5,X6,X7,X8,X9,X10,X11,X12,X13,X14,X15,X16,X17,X18,X19,X20,X21,X22,X23,X24,X25,X26,X27,X28,X29,X30,X31,X32,X33,X34,X35,X36,X37,X38,X39,X40,X41,X42,X43,X44,X45,X46,X47,X48,X49,X50
0.680144712833433,-0.017002479387172188,0.7153723327997656,0.31048895300876017,-0.3699596614712236,-0.5058729832138067,-0.2449379213438666,-0.37043650294584446,0.20860249581193632,0.0354501731730519,-1.2291528181696751,-0.35670828368000773,1.642617241418734,1.1864444710864652,0.2744524290739496,-0.7732982054135414,0.39959166724864675,0.6765475822976768,0.3043482704247561,-0.9616114546059703,-1.6962192834376988,-0.4748979019744349,0.32112108819881213,0.6122973626556111,0.3598342009684066,-0.45960735983685874,0.6104098414642638,-1.0048094694125578,0.704548389357361,-0.42269191209327345,0.04717530896430292,-1.3959702031448011,0.40439020703142864,0.15148832488081698,-1.1811834894498916,0.6132052679569509,-0.33741734693323117,-0.8737777126157695,-0.19070124086017876,-0.09547033873582235,-0.5569498628165828,1.8154951007941236,-1.5311239903168228,0.5920261205077375,-0.00013834343410022284,0.2500078210348134,-0.7203175411423298,1.1451441591660487,0.44437267152678356,0.604538794490621
-0.06471626195969084,0.5213867918870617,0.45323138997001167,1.1744957255931205,0.4664300585266229,-0.23224307072292566,-0.44318999709803036,0.43493006245798405,0.15382616660336834,-0.19184445385499768,-0.2933878828556746,-0.7626183973428113,-0.20087835289827377,-1.1621805248449886,0.19692595847971456,1.1521704521388896,-0.49604020348541134,-0.5182351040941683,0.6332393302781489,0.1919867126232507,0.04828671455032697,1.1663897909232355,0.5882541493372759,-0.9771887315227104,-0.57930632197117,-0.6629428838371404,0.4510729680043289,-1.0065740191378978,1.0178457261815594,-0.6496000315795353,-1.35429753894482,1.0675606892777556,-2.0944783820729316,0.42785643996440986,0.16828538275371716,1.3511094469384424,0.330264386187179,-0.359905916535056,0.10148590003444105,-1.0312388370538899,-0.32900885216864256,-0.4375093566125481,-0.110909609690676,-1.8433099606341874,0.6053902085754164,0.8490278400241019,0.16415702745588315,-0.9187278442691958,-1.3791129847448726,-0.9181909732510114
-0.5059457846851303,0.259541395431495,0.18278308417907493,-0.651167470467998,0.2697339979312781,-0.8808520256205199,-0.24204489926089026,0.7451044786866222,1.7511232401970493,-0.29488631834671486,0.09783381751295465,0.07420732733159074,-0.22267330762632614,-0.3609558340734523,-0.1589125732654029,0.05162325110190933,-0.9303942149114381,1.875673613256934,-1.822840362565378,0.81581110292021,1.2174494289348754,-0.22620881066642318,1.5792860047271688,-1.492217077314109,0.6320934506366216,0.7962328297707815,2.1729730036247976,0.06194197124435576,2.5078269530974833,-0.7374476747440566,1.0654511756501093,0.2108584011522387,-1.2848611626912199,0.05290991308805096,-0.33382180189022276,0.7901716808739799,-0.7371702424451185,-0.41424196540483815,-1.8632898418729482,-0.4803048923588644,-0.5428542398111295,0.3285062645380363,-0.2761582806952842,-1.0418776910737282,-0.4417671325405913,-0.8173974494583922,-1.2155359427194632,0.7238206280470927,0.8542108408799046,-1.8861684354352737
0.9261580113359774,-0.3941718813195086,0.34265848286854034,0.08272515566701741,1.644065009374928,-0.6809150219339756,-0.8654348794343804,1.3737928350783122,1.2107611628484896,-1.576287975477569,-0.9001449017178259,-2.0323107778050917,0.07232719471807109,0.6830722432668437,0.5865163690825316,1.2217889963556854,-0.058250915990899356,1.7315483968861491,-0.36543613432109023,-0.3062815642389817,-2.1638788166870944,0.9626911274211094,1.8173005884357372,-0.8698056917949937,0.9755807187480761,-0.725741710428512,0.5777042494452146,-1.8788740768963978,0.8549989295137462,-2.0986284230796675,0.2887448007233262,0.30771859260212675,-1.1750883027040866,0.5895490131194562,-0.6013113230301393,0.6941462204072749,0.1596156335550849,-0.5460104971808861,-0.8915080246176342,0.29044257204452323,0.5690504183076387,1.4848014300353158,-0.287813016169979,-2.528758034287055,-1.1947975790096554,0.48457777812602426,0.7644649626191724,0.7787397258879927,1.6208446752561285,-1.025120286993717
-1.7163714141260484,1.1617467804021382,0.4109273523222644,-0.603532478663526,1.1386279610528514,-0.02460803928051738,-1.7808067721518683,-0.95420439123646,0.28827607448275705,-1.6300431975454615,0.7076466840261536,1.5448149223365244,-1.0022294778320184,-0.10579649386036967,0.9667947653141348,0.8930413709734891,0.10455147955438371,2.3031005610567603,-2.2307803379769986,1.8634931117392828,1.303569348776889,2.5173249178648485,-0.8190885184452322,-0.37354437064070506,0.2632510716743458,0.6395734564975731,0.1037879953202525,0.4549242147685272,0.4623777030698065,-0.8053919440909086,-1.6840298322885279,1.1374247284294898,-1.5722741579820367,0.23607528319294693,0.5661238469613101,0.9336267759941969,0.3354492655739967,0.8809070586435229,-2.2905799136808933,0.06012358118308786,1.5794472074593253,-0.8489823081584096,0.20246200351103358,0.3108357425633191,-1.6626715074448566,-1.3099070633210956,-0.9809495937427922,2.021119860086489,0.38205403485775846,1.0807564793239752
1.0973189757324044,-0.30129965758673805,-1.5608908191259643,-0.49115832863276243,1.8463623662547066,-0.8798910433067423,-0.7160398778272165,-0.6656127073763334,0.42277932425576514,1.4486185804030702,0.8164699377873761,-0.9414405479097953,0.1847432858333061,-0.1987646454264419,0.5401537890372249,-0.12038910449566106,-1.2106731241609587,-1.259685037537705,1.230091113807908,-0.8683140005878206,1.8023982792160305,-1.1422144354238635,1.0365475544853588,0.7550924367608547,-0.12290935651510047,-0.0569926200692891,-0.29768549089179525,1.7798083338606479,-0.44142704395347987,-0.40339247032933834,-0.42606988821903086,0.2741529712129546,1.704811529026302,0.5435989474824237,0.16492022845112858,-2.3107003618179234,-0.7705049764123575,-0.3935926952422936,-0.6033031127223749,-2.4627408101696027,0.3344363538790529,0.272063254911553,-0.8309036440124703,0.8809627605260154,1.086405965773661,-0.16110728047253678,-0.7120545243534331,-1.4775763302609792,1.3270398283286684,0.7567415954608955
-2.3971834730880177,0.7811987700014171,0.5845483537004335,-1.0959669366289153,-0.915128121271484,-0.24061542198784877,1.9869711393720333,-2.605772925842412,1.7459809228832706,-1.6750069164012849,0.32972204474454575,1.116879579078333,-0.7711087768888252,0.9973676875796308,-2.5261296063489227,-1.5613988285366165,-1.090249345931685,1.9288542765454952,-2.6459230107721576,0.12346816793040576,-0.6789596653388451,1.337595713460646,0.9097986523920139,1.4970866555040339,-0.03851890041660696,1.3721990072934327,2.3822679323790394,-0.23837825016745304,0.5872597532161192,-0.11013172423343666,1.1175788303613634,0.48565367628282347,-2.8855378753458645,1.132938448136124,-0.0647843383975478,0.893952225501474,0.6329877334363686,-0.24907256846681758,-0.5264425902970512,1.2115816281175227,1.4723340559081075,-0.13476759927293183,0.49904744606188,0.13279860850961048,-1.742591944373853,-0.8995974401475672,-0.15997906345473456,-1.5225940092399373,-0.15666160159540454,-2.047476078306279
-0.16079724768278708,0.8866120227262864,0.6274736644625101,-0.535259397005587,0.2504616942452621,0.7008754558965965,-0.6633029691464096,-0.4051229297973786,-0.3702022523128388,-0.4489491720946093,0.16543530568399106,1.9212944383937285,-0.2737996495944663,-0.6364841764717045,-0.2627371480109064,1.244803233412787,-1.2925283720277065,-0.6442681167550699,0.5273405357736356,0.5136164061086134,-0.6863327230033107,0.4845709311043358,1.9005082263130857,0.3445062976347876,-0.6467994668185794,-0.12747985867159628,-0.8831652858799849,-0.33022718213959834,-1.4246724408574667,0.07605265902466243,0.25236520846751187,-0.3554923195591657,0.7928004253509137,0.2520266724428819,1.1693793881303527,0.03186202003530442,1.5063255368119879,0.4084657640963331,-0.025935577717606403,-1.7162671976304864,-0.8342538512408993,0.8315265868851135,0.9962154336638493,-0.48861313835634407,0.6209059395157787,-0.2465192443863042,-1.209338317503603,-0.5322362815567722,-0.1491714419431531,-1.2398468246318122
-0.3233797501645017,-0.5251119182474112,0.8801652789311637,-0.9883477653612541,-1.7630764126388099,-0.41561317944249765,0.7913346346091286,1.001663409050655,0.9296354298239973,-2.246643503368589,-1.3694841376015239,0.7012897844154726,0.9985427198632033,-0.9706136670486484,-1.8257976664645692,0.0837988460682057,1.7030086690186859,1.3338733653882158,-0.8923223839368258,0.7213929067608156,-1.0989525734836756,0.46205432986325473,-2.0969568067613844,0.6052492091947467,-1.4413057766879136,0.09079828754600928,-0.062138674486643744,-0.7724432718691604,-0.09252938164573116,0.9797116453166653,-0.450752827203536,1.613287735901531,-0.6322207793570994,-0.9392296616986039,1.047289025714482,0.6953635082222692,1.1622597206455225,1.1782191719681918,0.5653473713658193,-0.2634686513502039,0.4651268738387516,-1.0956739190458333,-0.892412113391787,0.41797368810866736,-1.2557603605802372,1.8793088887645213,0.23747652899696073,0.8838998270682573,-1.0339712126966274,0.36433974843939265
0.2229328300505896,-0.5240431498206386,-1.4773625887189559,-2.0524800100947505,0.014402478643754353,-0.16070663518233427,-0.43833506443436754,0.8495503306283173,0.8548293183482107,-0.09500097590216683,2.2719157278774036,0.8438502154832256,-2.1037232903967884,0.8658284500031006,-0.46772355665662135,0.9098374088592257,-2.910170911850794,-0.11399014285095556,-0.9449450073515301,0.2841769461685454,1.19858871436108,-1.336698922290045,-0.12856717543898738,-0.8865683731655786,-0.37268803651730437,0.12330432240623931,-1.3316432752228515,2.356407602010848,-1.4238956804384122,-1.5858406082844971,-0.6623177842686322,-2.046110463105134,1.1553574119244547,1.1354086536954617,0.00820073471466751,-2.4948018106134016,-0.2765219329264945,0.7154591980589403,-0.46210088568222324,-0.9540294466246365,0.4441660860046013,-0.40240157130339177,1.801377362297039,-0.4195778184671048,0.09413877296577715,-3.67130390090716,0.22762523586578143,0.35813315272896384,-0.47143686940959517,1.0378528531524862
-0.04373426162475788,0.4462055247245527,2.04899624915697,1.8271448430382524,0.6280454849655528,-0.06540606543766846,-1.0999455706811028,-1.5952312113713614,-0.15541793072767685,-0.5512755614572745,-0.7923682667954951,-0.8027390650633004,0.6861722816616747,-0.7865329843583847,2.4338429680447353,0.014474872917753274,-1.9344203518546244,-0.2596153532521176,-0.45709273389298327,-0.07809747996742494,0.9382266029993769,-0.12313551823794777,0.8765292827062174,0.7991359250866805,2.4577247641482636,-0.5409177368185805,0.007613995414755178,-0.33458744623993186,-0.5935346379094697,-0.11101029329222213,-0.8725423754627638,1.1727012305416713,-1.4945163150717522,-0.7688222259224048,-0.5595759274694442,1.2634577048167197,0.20528324132336206,-1.598900108780074,-0.29041981545026074,0.2823595900582922,1.1765909498756562,1.0195055687667036,-0.5683624745526411,0.5186559463351952,-0.4597719017385705,-1.2434004316569744,0.22108489050102148,-1.566168074121152,0.22637891651903924,-1.1372842211109668
-0.30561838192787694,0.8780807875703942,-2.0793792468381165,0.5982909917602043,0.8831311496364408,0.8989497913735512,0.14316991519390632,-0.6184564463865099,-1.154413716896077,1.1463963737780354,0.40351608780882753,-0.20391177113533276,-0.5274353520654794,0.29020211416702374,1.412035124818524,-0.7788677410743325,0.0764207794159188,-0.8224717212604921,1.1749212371145312,-0.2728459172830623,0.7077052176804142,0.4089565436480544,0.40462017724021565,-0.20348289708218384,0.5085402269236144,0.09081466339760699,1.2566282023748019,1.0715375757760848,0.4136376373040421,0.7001663532899757,0.6278808379842234,1.2952349718811869,-1.3009162130651648,1.4027591777187314,-0.5404774676730871,-0.5129539134706375,-0.8588824471271832,-0.3406029173535037,-0.5114714525186322,0.7252155529691188,-0.5103836303738393,0.8198798689063668,0.918359294264083,1.1367869537562487,0.6659121532758275,0.5278185225331695,0.6198805085514386,-0.9377684540629543,0.452915327248037,-0.3753648238377726
1.3870939919143974,-1.057624242086802,-0.49547219332049663,-0.4696858000997729,-0.7686352302050097,0.7738529293777819,0.4592164363400366,1.0055706101860988,-0.6718291846053422,1.0523786668057018,-0.6815419011834611,-1.4081804636198458,1.053863343339537,1.7310462549593448,0.746694268000482,-0.875598798167573,0.29209864967543686,0.7862961858079975,-0.1970324109108155,-1.4251604232089703,0.21605240922688307,-0.9830521355591222,0.6548854682510341,-0.46348166106747096,0.8480277239751915,0.04671625523960308,1.1704300849300537,-0.6996446743149466,2.6155932986779353,-0.4667279373009944,-0.5736472077137476,0.4687245625210535,0.04611072805441368,-0.8581632978906074,0.2328952095127584,0.6837114582890168,-1.4461174345689212,-0.43873146341765373,-0.13256111945354948,0.8117604796809431,-0.5635459289873874,-0.07920988114521497,-0.7492727303841146,0.02144446989648157,-0.43609720299919597,0.577263408417389,-0.35671451993053965,-1.8138705166054003,0.2512187946807495,0.4660662467225903
-1.3347822550015385,0.2595182755780924,-1.3119214973534183,0.3026107330238216,0.0727168277497459,0.37945518738383993,-0.1904861418987599,-0.8015984297946408,0.33438873531222424,0.8362387807499754,1.5970216192846636,1.5082184943853436,-1.8182209782704826,-0.34512314639352015,-1.4527797958351816,-0.1816843482107004,-0.2537225980227377,-1.6614949383549884,0.7405859171498186,1.754050923691183,0.6161089920883809,0.8750139624115549,-0.5916968472657523,1.2266057768398133,-1.209084683682826,0.605515731102561,-0.09329439438457704,1.27247780504295,-1.1583946666759772,0.701835190381143,-1.005299335027843,0.29599102552661627,0.16114761426553842,0.6574535716515657,1.4584887969433353,-0.9305759338471198,0.7381081303979683,1.792344312780247,1.2801822226377084,0.7635207712209083,0.15526518229945407,-0.32556777529469877,2.088636264480717,-0.5376378370688611,1.6611121002042555,-0.4883608681976051,0.6515130458409035,-0.9246088886740306,0.653229916380509,-1.4608265505116882
0.03938417214965771,0.04073548681946277,1.2325445976682843,1.5959959994132826,-0.49096561475919626,-1.1768568896080893,-0.4513638433576562,-0.3456194422272745,0.442998115343803,-1.6683862872610176,-1.7106822129415424,0.6159712785468257,1.547497711197794,-1.288819467917406,0.621765364288071,-0.19433919426049523,-0.16979801341722137,1.8974251972896647,-0.11193575809204122,-0.30046197616638204,0.4340131297800689,0.35171430047719865,0.6400060811368524,-0.17115172156465483,0.6682707273672751,-1.1161550677714314,0.03558153015481568,-0.9922356631511815,0.37034803199123467,-0.42856307879796884,0.3461274508721883,0.5630415176234638,-0.5651034220971695,-0.08135716495382696,-0.15742433419009305,1.4586996774735146,0.8903429919816789,0.16811890762810738,-1.31524524556759,0.3186508468195317,0.8253932774156104,0.5302014546718705,-1.8477504749574447,0.04218073974904991,-1.840810429265002,0.7058538525311105,-0.6170357748215254,0.9543218469384321,1.3491388914923337,-0.53137357272008
-0.027421397106054766,0.13595134740842707,-1.7030843957223853,-0.2005238841422218,0.7050858562124405,0.9296030566542245,0.09499947271719433,0.5251718248040098,-0.5090356270982591,2.307445310966888,1.4555372720791793,0.3311728086217107,-1.43298766682627,0.08719351158096794,0.799674155411447,0.6853720427121255,-1.1920547580762657,-2.5230544104207904,1.8307527311418321,0.14886929194269372,0.9634557275698921,0.10086452697828434,0.16891253297857467,-1.731611872050241,0.3307405532674343,-0.8864470223276107,0.5896324671588024,0.49930280563323404,-0.20722470928348416,-0.02887836484781678,-1.0633024412369632,-1.19127788453698,0.6250331548459345,0.795355362417836,1.029843348110141,-0.21729658484513076,0.45040098791872607,1.285729062631155,0.9172914143508422,0.10390275909282022,0.07853673495742738,0.7230897577651668,1.1954235855282649,-1.8364962733968802,2.7028573766008988,-0.7676234272771381,-1.216340193655519,-0.1414987153599055,-1.3652812058392998,0.8502815516449462
0.7787842766699682,-1.3617580015861919,0.5780397142486714,0.217010305775058,1.3397138568052749,-0.2588156408975478,-0.3668928613973679,0.9375324397507956,0.021281889522434788,-0.5297557281960009,0.008629043102002578,0.1087898723831843,-0.44707186693847023,0.6011791381789019,1.1896073106354512,0.10361618965455319,-0.6330733438379815,0.36032543292163854,-1.0039053596457799,-0.5294416049735489,0.7190639360830448,1.2911533375809792,1.0550309629443986,0.9983191162005294,1.2373711330617922,1.2323692458771327,-0.1681879184274351,0.16389932890463335,0.04033355213676518,1.4909276297180423,0.1102850498766419,-0.8051464270116728,1.5392548304607332,0.46590424281937926,-0.18039178937852338,-0.692518949865158,0.2550601819570281,-0.34263416147804127,-1.1824018681897284,-1.1205686696924966,-2.024405375439509,0.6491824535393411,0.2552493263904792,-1.2825806333767538,-0.4604553082091313,-0.8588062411473282,-1.7213312838678896,1.2356371708845266,0.7978430542821497,-2.3956092238852102
-1.3516406736913913,-2.3274757760308784,-0.936957256186732,-1.4378327597566918,0.2548938026023102,-0.5661386854619451,1.2679779676808842,0.6273263310796772,0.8347775618775323,0.9377699879832885,0.5745001036393631,1.0533982962449682,-0.39193848707975365,-0.2265912173489348,-0.8239845646765247,-1.5283197556720183,-2.567647069696991,-2.320572930778057,0.8813414336227093,-0.4338918498736181,0.862090912261208,-0.7318788603566415,1.2392859287582103,0.8951298844939589,1.6692306032341704,0.2512117538305021,-1.1768183408944102,1.9462115373202868,-1.8964204919241145,-0.7027657968762645,-1.1335856937706643,-0.5394679985026809,0.25623862539953113,0.9486458604459359,-0.6202415204884087,-1.0697827988113104,0.47825933945493243,0.4020534442115629,0.5391195048820585,-1.8746757677786023,0.9592072548146339,0.9594404469701957,0.36187787494369655,-0.3073161696296977,2.0688903200063624,-1.293435878278389,-1.5228559797104044,-0.7003879452214968,-0.5758807798934958,-1.311722777488268
-0.8410316840254018,0.11804642208945346,0.3259339128176302,-0.016339684835609228,-0.2831050049654181,-0.4910597409414644,0.6194520303157474,0.21087488334401083,0.7628132300759601,0.030574609042612007,0.6590056256499709,0.697023635095641,-0.8476507671858373,-2.1051817973941165,-0.5021774134096866,0.43770324484500656,0.32628249337997667,-0.7242316803291878,-0.05207891167319486,0.7485741485602679,-0.5316251361746239,1.5938832985525582,-0.9046985132523587,-0.5623694223363469,-0.15037712068835407,-0.4586151220619188,0.13279612061897753,0.9852798794059551,0.9389694160438699,1.6896823231842544,0.6154233260896876,2.2272517372702376,-0.3804840196235242,-0.4675857367621805,1.3918644474328754,0.10023068620261098,1.5056391050957083,1.564066552111543,1.6017974406853315,-0.41880166053776746,0.26707512367384506,-1.1188270036450463,0.5735071857131478,0.6205271103518999,0.2978218769138392,0.6939290449889399,-0.6671549996939837,0.12117310533095002,-3.4302183133582873,-1.1443359879433121
-0.7476705276694843,0.9220196531674186,-0.5834108094373175,0.2788634594552227,0.47760821794143965,-0.2264077102630943,0.20526782572533486,1.4583011950425138,0.9634899537585008,0.06321678883275111,-0.3731691009035377,0.6039904629134729,1.0211677170328213,-0.4781582208554563,-0.2508644696339836,0.9154456744270324,-0.06669162068174615,-0.5445332511029752,0.7792856449912037,1.147327972166611,-1.718319786967701,-1.1194332815584291,0.10868751569516813,-0.26794163980793523,0.10072480107874061,-0.2890735425798992,0.017744510041087163,-1.3812487676264855,-0.9444962586679913,0.19240982020033412,0.12614502802975408,2.0666964182475005,-0.48038417526921107,1.4049622571810036,0.6080876924160248,-0.47949859848581755,0.4176228258364613,0.3456904191581213,0.6688333872290287,1.1897840117357532,1.0467966450524542,0.32195466118235544,-0.7991527254078795,-1.6172621868625876,-0.20918022957190707,0.6529772376825239,0.9706990038396114,-0.0694912819500437,0.05126256066058017,-1.1928377214675459
0.07642995171828929,1.7262893527350431,-0.44688162610504123,1.0403427661744042,-0.15987093625632193,-1.0311534883372155,-0.11379716531090417,-2.8120021205685863,0.9093453650616007,-0.2962065091645408,1.0610164436040248,0.5788190269199943,-1.5289450742553483,-1.8321006347972442,0.5730745121121221,0.5084150030752039,0.32084921605691885,0.9813519959397521,-1.0725721623358455,0.2532541665746237,0.342458782089516,1.7496082854795068,-0.24395337400737074,0.815129893807134,0.9194387693554473,1.142173844499663,-0.5176825013268487,0.09826194427870054,-0.299799610667969,-0.41596720501060686,-0.06372492950559712,-0.17618170775813422,1.4822257219040977,1.0280206579899431,1.1750600997420908,-0.291627132162727,1.2079571984543562,1.157273484679766,-0.8204781144157162,-0.3038192744869599,-0.4185903914085038,-0.3581368249218395,1.3685917174896949,-0.015373106838788068,-1.0538960703437303,0.1509451218431535,-0.20488102679102205,0.6222545431853023,1.1992506316709834,-1.2487569006232593
0.6490333635908916,-1.0097815025335477,-0.47748092943658454,-0.06047482164119833,-1.5276966950146815,0.3101776162460453,0.42808233683581054,1.1460603364480384,-0.4025313883247836,0.9084540814384923,-1.1364300664126916,-0.8143852489741429,1.1993142661463971,-0.5937597420582867,-0.6700004723801414,-0.8204644993445404,-0.513783354312709,-1.2312886311601257,1.7721649296858102,-1.0172037958435818,0.28462297515351237,-1.0677070822908266,2.16600384013786,-0.21101244442605074,-0.8311618525770429,-1.2436845847716536,-1.1775135376053365,-0.7347943329616627,-0.12452927254894233,-1.0667346333778618,-0.8361373428007842,-1.0241251369895952,0.495939631584027,0.5183893752838332,0.3125575652802366,-0.2213872996901194,-0.43233699963329947,-0.7088844105439116,-0.5591937032929607,0.3933728509182703,-0.7198310168350268,2.3051411186689914,-1.286179114644312,1.3076097968005276,1.2739645616451818,0.3964499665580975,-0.7200465990755778,-0.9168952859118832,-1.0173387620405185,0.270251692387669
-0.1677438275568492,0.022572212573832934,-0.270731072189381,-0.7977492754812766,0.38919201295543554,1.059009280620038,0.24715895320347223,1.2641897612267132,-0.7299282495823622,1.0629077100925433,-0.6412954306741229,-0.5535577311681057,0.9220906336280011,-0.35797114494360155,-0.6088609388218795,-0.06761893931152858,-0.36601142051407054,0.9570801035625057,0.1750064596333129,-0.9764170560320539,-0.5435298416500342,-0.3250390814995974,1.1288188368682555,0.8914463210650496,-1.1210394003915611,-0.04673050265729998,1.2711824741003974,-1.0585792911874692,1.9779379832776347,-1.1703848484174613,1.0663261167272107,-0.3842758432119982,-1.1129944721603777,0.6554594015671873,-0.24778165734761,0.9749778141883789,0.12180384428353731,-0.1153364359992842,-2.489967789911887,0.5442672208024634,-0.33385292439054637,1.489561642149269,-0.7054892603327422,-0.15395635808361513,-0.21351183221456052,0.7654194873280361,0.26489908485016816,0.2652790870514679,1.6742842604540384,-0.9614623375542248
-2.361401204898581,-1.5322258260413968,1.1889953624339844,-1.4067493263282584,-0.24887792724482088,-0.6902087255044997,1.2275608208368352,0.16008379530011513,0.5040397812398337,-0.6520647509097012,-0.5401279309589585,0.5859095973252083,0.5918454574606761,-0.3977828104388158,-0.13393168854416693,-0.986778562340539,-0.3236574560784147,0.21481004723987418,-0.4085273836387533,0.8440714423238969,-0.10559229660296578,-0.1266819533166774,-0.8029134150760023,1.3648473703421258,0.4000025030806091,0.4713948070822532,-0.6555729755012311,0.7308106407255442,-1.2802867409054803,-1.3842535050194582,-1.0791114238433581,-0.25295728301144466,0.420251290290561,-1.1255827877565707,0.7436474168177069,-0.06619793863229136,1.2932619753491799,1.014086023174476,0.6874403450622456,-1.3066854600068571,-0.6019470943108448,-0.8773656575267689,-0.5842888968529313,0.5956986831665136,-0.5775304679953558,-0.403831183413286,-1.407301646204501,0.6748649498104415,0.3061137298071159,-0.5954463763818962
1.8437155389175104,0.9711370756246368,-2.3901591571396787,0.5462291779442777,0.5090159584486504,-0.2502638820107658,0.6970694061193059,0.5558623021173931,-0.6835682223970813,1.258594857525757,-0.5930119527426095,-0.38652782257057455,0.555974730338652,1.770517207727502,0.748356121648757,-0.2092388117836588,-0.6314440992724372,-1.2139177916055073,0.6994732584942721,-2.906878250553644,-0.3829207927810099,-0.2952905194820541,0.9958111913594011,0.8804162458563297,1.4519939033775398,-0.31291699384150723,2.161910446020408,-0.9674649027314721,0.6909732236286329,0.15709675343915297,-1.5639036487771218,-0.7854456833149738,0.1501136606448793,0.6824864677678127,-1.2352415215594503,-0.9390918527586405,-2.107998918306269,-1.7616326373433937,1.0106443822073907,3.361626811335518,-0.5111957797189788,-0.4347169895238555,-0.4643594171694355,0.24458548806183789,0.5783131783322106,0.7725707010553705,3.748282268771105,-2.4902170553977143,-0.5320953820780449,2.519496550289062
0.5993046631467747,-0.06509526727200984,1.9917048136470152,-2.284240812762004,-0.013295507315684947,-0.4236938365159514,-1.6615851510789272,0.6714051856701461,1.5741548951112276,-2.335025753402236,-0.9334219103156837,-0.011888969634233809,0.3110674573608217,-0.6596185772759049,-1.1282031708143887,1.595060508651117,-0.765717458244341,0.5058632466845757,-0.5836080596366285,0.1153867276099702,0.12702448602119507,0.6908957842850771,0.903937855113416,-1.2636701571203441,0.023189744908106522,0.3593785159247846,-0.7348290193341467,-0.8924029452002892,-1.549482546863676,-0.5445079899978922,0.8028266529847061,0.6006648246207831,0.17572111060662615,-1.4572919506619046,-0.34017339313578104,0.47984055731907427,0.5189880963340736,-0.5650888356786427,-0.031212451846217477,-0.9721295870355399,-0.22009565133270428,0.7725386690357937,-0.7287162712025482,-1.7601515803259227,-1.381511470314596,0.2035772356039879,0.3254422223460766,0.16564367939601982,0.634457577988037,-0.4330733086439406
0.6436620841569535,0.878026213076745,-0.3706019326748829,0.6657258338023301,-1.2590001790210577,1.7624324624322762,-0.8184565441581807,1.6118609157071204,-0.8076222342650909,1.0050633490892638,-0.4910717770618269,0.47668637502043537,0.7813574034627481,0.8681167804407686,0.7979672023271501,1.1772190926401773,0.8701348334067418,0.8442230846703273,-0.3063756955285166,-0.2953960462220877,-0.782389234456183,0.058164398081990115,-0.4119062396258695,-1.6707184887574564,-0.23224502490713564,-0.9203518238849637,2.32276691660566,-1.3792874307277194,1.5728792142984074,-1.7594099436949238,-1.1018853589637922,-0.3775431599149555,-0.9689189748553176,-1.3384163802924531,0.3638121325927465,0.5298460881044323,-1.2217479554835582,0.22459496465877118,-0.18982194362949728,1.0706955478373783,0.3827576735391557,0.03694956172415984,-0.20714331322485652,-0.6800380876760205,0.5022144609174325,0.24411973936379397,1.0559867639150302,0.7085144776250684,-0.8136081788550029,-0.8166603603821875
0.6508938921787092,-0.6488662264073942,-0.4036513476314942,0.33747158594674986,-0.9048230610076086,0.5127029119096003,0.19421242519794896,0.01850872146201121,-0.5998318847363516,-0.4199948821488919,-0.8526720777154848,-1.3234286546375136,0.6604566936471299,-0.27540088370274607,-0.46287189114045085,-0.20545532974095196,-2.1143798743849205,-0.17732223662300975,1.0074929080057,-0.8256141815042316,1.0776770802335571,0.41385733416700304,0.2710537046134814,-0.4601401262586873,-0.5659562058512378,-1.2993692718392649,0.42656186136882585,1.214609748827359,0.26245948654211054,-0.20435412828536678,-1.4576626996348818,-0.40660638885578465,0.40566132068513017,0.9434306605677713,0.45023578405011755,-0.33283195710205254,0.30180737164423216,0.08494230061842765,-0.8346870623923583,-0.24743482923631255,-0.14220889856532737,1.29547629556309,-0.43459400262708736,0.6071549651386575,-0.01811351996819628,-2.551203387402939,-0.317565407143401,-0.5211983317156303,0.7788063099126424,-0.28634125071720407
0.18275045388233394,-1.8002815993216432,0.8988423610305216,0.6640668156182099,1.9256519815930324,-0.272891689644936,-0.54349621624788,1.6945404936393298,-0.10134838916881833,0.4079732666755691,0.2087244599721629,-0.3832839748451155,-0.012157911582113677,0.907089181932793,0.5867287032744886,-0.5980401159274858,-0.03190178225870625,0.04800786325595643,0.38289772936667993,-0.5970210555185587,0.3823969430511386,-0.7750812433077551,0.11615280000232317,1.2868637440088062,-0.37578820618588865,-1.1406074089827465,0.3112037513274012,-0.003501786941792238,-0.6459854218608393,1.4994094300625256,0.2152072964831893,-0.833473437471667,1.0342527761210596,-0.6726771341459429,-0.987681343476852,-0.35777401345127297,-0.7913266547952856,-0.9178552988762638,-0.054915642903631386,-1.1623120475936897,-1.176214883072054,0.6060500602719986,-0.44542162143380687,1.666670823728611,1.142847416985115,-0.30973350345520406,-1.491018485726183,0.45980363425881093,-0.4131976453750817,-0.3796997025978849
0.26230281996468696,1.1037531407981578,1.8605641096502659,-0.23233686214696217,0.9838818162845281,0.37659932093550397,-0.07923050474117656,-0.7685339230803703,-0.5045419935911158,-0.12989012423120816,-0.23795562056790906,1.0158665820913744,0.19964842914521513,-1.0010389706059346,-0.20252515429284348,0.2899872136902428,-0.3775328304072949,0.731745852249966,0.338880991081643,-0.5632428718661854,-0.8023711687913864,-0.15027163722749468,-0.6251266335829957,-1.3423982999788024,-0.3019089076279113,-0.21349948263353183,-0.2767815079304515,-1.0461977840395158,0.467324319690185,1.46414957417397,1.786926283999864,0.4377516755996276,-0.549646198016801,-2.3324104093862057,0.28593093032819333,0.9922285266382592,-0.33172311592168346,-0.07665331980603671,0.04480180609162064,0.2194250771859773,-0.8205331876365822,-0.3330495023672868,0.21712207269858777,-0.8975893355890336,-0.6472586901390494,0.608976814739172,0.4478616916969329,-0.9153552154961649,1.8534349877227778,2.3563058407468898
0.6481622457625772,0.9974541919749503,0.222425130495063,-0.6751027099767348,0.1255447660033195,0.4011307888234385,0.45638409309322797,1.031446648489014,1.1470388903848963,-0.7085901294842308,-0.131051830406645,-1.9077379646660497,-0.1234270683607786,-1.0606198308595438,0.36952904343631254,1.1204973085059933,0.07586019248581848,1.4099048218347825,-0.4204329627705404,0.6133623289929993,0.27415566987667245,1.4300703071960879,-0.2210231426111868,-0.22078121544561952,-1.7613456229392006,-0.7192816488384439,0.6973780243072505,0.09422796963138763,0.7256647506843642,-0.7737995097183503,-0.08560125026480951,-0.3488832673294619,-0.20691999638146974,0.5277729968790995,1.4884801676147708,1.1280596178925737,1.4835583967832187,1.2289527173932202,-1.3235512611117302,1.1222279124543977,-0.5083400835467383,1.2210041145569566,0.1965328180720628,-0.9241982132314566,-1.1526176353302413,-0.5501970345232874,1.0324627216102527,1.0352591182824564,0.10089969351675135,-0.23816851042322434
-0.7924205922333143,-0.15051867398531404,1.0995106639944705,1.1889447556677708,0.42498715708879736,-0.2058326944707038,-0.010484411805036483,0.6585120710011478,0.745905170793761,-0.966594030825388,-1.5113331545297715,0.03824468653949022,1.513385092836577,-0.39122297203122747,0.6605746493833947,-0.3637798193764507,-0.5049979992231709,0.48927285795322634,1.11443354008339,0.9090950907936844,-0.018466505149114697,1.0720641667627857,0.5188985403300185,0.5862795319830806,-0.7156045618990767,-0.8606455793604697,1.1464721652703354,-1.0126092260088475,-0.14742486636410365,-1.1746085342352797,0.6625569011251065,1.2898913358748418,-2.050624771902921,-0.16090529079706312,0.14346472060760748,1.3738546328239498,0.5348410057953281,-0.13835561586304515,0.2203588966104759,0.2905487671043431,0.3907698274087523,-0.49122771763531714,-1.6896408147923143,1.0465863396513162,-0.7364720256810745,0.962537103912946,0.07652683444803043,-0.7264987833394065,1.9844341795184777,-0.5985039178495865
-0.7068673572977581,0.9673839474817221,-0.11618208586651249,1.2294742588158911,1.960362903202989,0.32808025276944236,0.9979795998440052,-1.6683207243544451,0.5618653186353638,-0.08910529593729259,1.4872533887401214,-0.5544723796622567,-1.6489412653221374,-1.1909129818147421,0.7513493658683037,-0.9202904914513912,0.7459835723431383,1.009311262771142,-1.1955254981696521,0.6932413319617807,-1.15255856008632,0.01518544882676352,-0.28325235640816643,1.1449074575761937,-1.3348849862683951,1.2581286518093981,0.22749215474616075,-0.6372731807262755,0.6686266401679974,-0.09174786356418006,-0.543508465645209,-0.21270822909854015,-0.16212005878105756,0.9141187741312191,-0.4222663003347501,0.23737893470242355,0.19673918771042465,0.1026706563297394,-0.7728587908240726,-0.24442020007707918,1.0937300708039464,-1.3524843639693314,1.9684871797113328,-0.1928511229419579,-0.0594119976578737,0.6393176130461112,0.4043577764568482,0.15116760167342036,0.5667731435028486,-0.3322918046145309
0.3420194660191553,1.4241906055783393,1.1141654483054257,-0.16957419185480363,0.4091735927448696,0.47453918408846374,-0.40553154314314804,-0.8735714179616686,-0.34787009199565344,0.06258254643938008,-0.23971061543759517,-0.5878262267111538,0.5045445395709854,-0.6597052766751789,0.5733489708076024,1.4517662572628587,-1.423911186402534,0.9633148001598572,-0.6955408897272741,0.6728118320043104,1.2705499642416054,-1.2816428778455633,1.777357343253917,-1.3169511482259992,-1.0108883506614859,0.12639996043589688,0.3646935938133715,-0.005576551305855785,1.0630801580119502,-0.43752225970527037,-0.7422800822293879,-0.3775797028113602,-0.5636454377376326,-0.8843001207859071,0.02600282646240114,0.6833762268081838,0.7583020342683099,-0.2842590614959948,-1.5075907486189646,0.8648284294312012,0.09777401741094333,1.1123642690146596,0.029480220325410807,-1.0715592926019133,-0.6714735558522138,-0.9731809854009216,1.145313863591031,-0.9038580631721671,0.42289959053162557,-0.38775757688923157
0.5689616948184536,0.5690342204830164,-1.4449575065504712,-0.06702664101779214,0.06543009436659154,0.4539364337460355,-0.00402520024942218,-0.8953927960298254,0.6409439968170549,2.399628841563534,2.181397853693682,-0.8928756632895245,-1.981057859604938,0.40247145702455767,0.30109108706791693,-0.30483400944424544,-0.3683847301224283,-1.8683094956447859,0.38395717960193065,-0.34381405750427646,-0.1250834496766836,1.0227167922621139,-0.6200367351784052,0.26974334575536996,1.5939140751205045,0.30090546481684427,0.7464396294610935,0.9230087019906376,-0.14547901448024986,-0.9906917960963865,-1.3527374013570428,-0.05911160593935896,0.5907664213191537,1.6096717294747165,0.7939241565358125,-1.8981784548266603,-0.4927317053267081,0.2835997576547038,1.1613576174001394,0.9300910847637558,0.18514840041097289,-1.3701119501959627,2.3541995953690273,-0.39249341583138386,2.173133271652366,-0.33382951123407034,1.6122569267702394,-1.2626981666724708,0.9439449611706006,0.030287890189849304
0.129041268927803,-0.13009571737285539,0.061588572642185827,-0.7229028869033831,-0.19191059692771079,-0.555921480769003,1.199380178991198,0.6246275044826792,0.0029651558449645117,0.10294045202112165,-0.36922402803536836,0.6932845637463776,-0.03058649933230011,0.6952571326066879,0.01916280377478614,-1.011040554938639,-0.7415460009581295,0.3903624469246841,-1.0337048118828964,0.07035855867858602,-0.1327241974915205,0.7038008212360964,-0.9878325589575675,-0.12185201204532067,1.5789358402177491,0.35625415222932233,1.4001002398983082,-0.9338706366307543,0.9612859938461815,0.2220700678206422,-0.7331799594460674,-0.2136452919765325,0.0585162469599423,-1.1822217282494505,-1.694832734354769,0.5434894415265659,-1.230524051427353,-1.0299248365695894,0.2615487123640692,0.743502502927357,-1.4725387447568214,0.5525712120972214,-0.49314344655503545,1.7797345213682394,0.03545948994931025,-1.2954406386967274,0.8678513454496117,0.4894130671884385,-0.6564568244263298,0.20265289562672112
0.18692032961483623,0.4524962915484636,-0.6605298705844723,0.1388898746299038,-0.34183795949023554,-0.015501827990052924,-0.5706114931234464,0.5389951639804823,0.9280315461675035,-0.6366405769696868,0.6704961234664177,-0.2888871223610798,-0.8319632023825779,0.540256944786475,-0.45918105830287487,0.9573388569630085,0.09392191856867929,1.4190266429699725,-1.7919910962179533,0.972001904876386,-1.2754122471535065,0.4937652241030312,-1.753801796942727,-1.8775038948518452,0.9232904276840301,-0.2455593812252508,1.8945493545871819,-0.3187200360505715,1.1490810151075705,-1.3952030594949627,0.2792118471484782,-0.17386730454431068,-0.7843258180062487,0.3124034914481585,0.9803998669936895,-0.10474634152113116,0.07176063857807988,0.4055344920031027,0.35708856278550977,0.06516955288738707,-0.5419571673860533,-1.5986631424755766,0.9408842941971227,-0.7028093775306774,-1.4864145489567817,-0.5440566887612606,0.16510017905575167,0.40715169670735946,-0.41962833615645845,-0.654178307259868
-0.6795411371716467,-0.09278616010491056,2.605827832882173,-0.6247391533847335,-0.6114337519040598,0.22160703934005427,-0.9644404752543096,0.7189121039771912,0.29392898707297,-1.479375975672055,-1.0450087245233695,-0.49864348679352416,1.0081499673343732,0.5391647163059281,-0.6892437766788791,0.1626500421141004,0.033522707918604226,1.7605884815026136,-2.1675477377261636,0.03028201305048224,1.9713136526103234,-0.0584997611011781,-1.0134096110049975,0.2637564490735178,0.5348253865737522,0.6465265612307652,-0.7503994121978969,-0.8843793388886972,0.40429118278338394,0.24709507194224442,0.259445950126195,-1.817894175179606,-1.2449037796030402,-1.801902520427015,-0.1889330356239584,2.868533318293723,-0.3068657971638893,-0.11962851498546549,-1.084251927536271,1.486224828636905,0.1601493675436457,-1.1928005672915396,-0.5516959487666757,0.009789591259039658,-2.179592423923217,0.1130818231963316,-0.5393189693871896,1.2052177758743583,-0.007326073569880846,1.3666994278833065
0.9407829086653474,0.577877506713153,-0.9135769216987438,-0.21380719063479905,-1.0968842845124975,0.5766834112257295,-1.0354458054680133,0.796968136516335,-0.09915976675400764,0.5427196131139868,-0.993155922441575,-0.8417707042727125,0.5551240594598295,0.17796363761760578,-1.4229490591877985,0.556640169501401,-0.35087656444147525,-0.09965389263160826,-0.4383055341233987,-0.7259497207728439,-0.7238920834267024,-0.12032938342876733,1.9089159787926817,0.1816052908929988,1.4839756057264635,0.09901678845914637,-0.49275506758244775,-0.6448268032810268,0.10718287096330703,0.6038840072761886,1.249438677842311,0.31301040092795457,-0.5750344129267974,0.756950021656643,-1.0871366631291135,0.10950580826426637,-1.2793150963627915,-1.5921095384996833,-0.7107402930154613,0.3607273524210627,1.3893039658860031,0.3292562281588199,-0.42286142693003353,-0.6050286260384354,0.29889120008757847,-0.48280843109935645,0.371109374879113,0.4940289856758616,-1.3712372402419446,0.6408862468411485
0.8749802856144584,0.2490149381855762,0.3275625433878601,0.284833855103045,-0.7581007283293334,0.32987519206794974,0.458196317237492,-0.8544667563111331,-0.20970917581274728,0.06970792932482368,-0.050117197391874944,-1.5301424254820073,-0.1736420928249166,0.5209595523350022,-0.6232714737358444,0.10306461691701492,1.161750124812496,0.33739735824276457,-0.9965244107860624,-1.4985472171257874,-0.7159572277551199,0.014778267356364755,-0.9105652461391686,0.8107424587578439,-0.3803345138403505,1.198313545829223,0.14051686214556866,-0.510625817026497,1.098245400050795,1.0457351299419453,-0.5801907048747805,-0.5176911858440493,0.40968168285155954,-0.9346412785444538,0.4664204292519972,0.7627691119558166,-0.09996926761245274,0.12124208413203945,0.5775504559424619,-0.25664588404336813,-0.3912827690306466,-0.6723456338887526,0.5976617574969959,-0.2576133691669172,-0.1976465284192986,1.0754640233754686,0.4865308067736553,0.9883803750296115,-1.7797535502975041,-0.2511685032743325
-0.057767380346768184,-0.21386636328945477,-1.197639929590629,-0.4266262620622035,1.2295301125101326,-0.451333438796087,0.16717521375551278,-0.8747002898937193,1.6205962291177842,0.3949934986127645,2.108071728378919,-0.6444011430668249,-2.31026008962737,-1.257530596893651,1.129693953035052,0.055737654291483085,0.27645140988097744,-1.0695818694392796,0.5910299087170606,0.44400883235897864,-1.1890579982208875,0.629284552029592,-0.04077652997736391,-0.5150577078789826,0.7437039505517071,-0.10192395022154654,-0.240076625955728,1.0285610952315967,-0.7299938554175779,-0.0018603597914822933,-0.16777274595715685,0.521492174987526,1.3700861938427236,1.8598177820183044,0.4324416088779058,-2.010442760663994,1.2458886477665094,1.1209408732632091,0.9741705107024181,0.1496732714449632,-0.19817946134006592,1.6180957486771987,1.7523433154630623,0.9812003921998703,0.7965622781152861,-1.4000178104136292,-0.09054361572994923,-0.40730560995943493,0.3204813306368735,-1.564063197402462
0.9122035458538144,0.3167766232067975,-0.6908868036064304,-0.31232719343646176,-1.4657852451794529,-0.6679121845607526,-0.12239791066106749,2.593106378937059,0.8580566910197338,-1.2239040659994387,-0.9401594952015631,-0.7697791536337582,-0.04042577955800688,-0.33323851922363995,-1.4598072766580519,0.5677721264608487,0.2150401403148871,0.14337904256974773,-0.2783735716647548,-0.7764015993932369,-0.6036886878689927,2.0842267887666197,-0.02849805793124818,0.6830546274984044,0.42243871476887934,-0.9488854570961734,0.8399867661887681,0.17908731321121063,0.010866776764355175,-0.7435183281558501,0.6960276509181108,0.6129843741893162,-0.58522724782299,0.056669000631085535,0.4169324295225413,-0.39351662729903236,0.33008347151817524,0.5895692168079577,0.6540465355849947,1.1242835004834935,1.0150548361944551,-1.3368113359469058,-0.11398388720924728,-1.0765919473353702,-1.2372120541417881,1.0977663438760141,1.2737801786588068,-0.12679169892949535,-1.0814826279306902,0.6046571254592287
1.1046606555648937,0.11393841220988234,0.8189634571849906,-1.7822707320158973,-0.6856596898722249,-1.1843816355678383,-0.38557282429058765,-0.10032401972161267,2.0154966082597436,-2.3914566107237736,-1.719796653877132,-1.899012802345967,1.6107851444244643,0.9708125699614852,-0.45625526372930836,0.21246507243994625,-0.3590329272391046,2.051516630578024,-1.5672518064515322,-1.5975932323620996,0.7921874969469087,-0.14568000338359452,0.4335425842806255,0.14871149784824572,0.03407009162536395,0.8284182520568704,-0.6003707424175491,-0.6375719947232849,0.23791191054842784,0.873125271220468,-0.23967901762785634,-0.31065551261983265,-0.019894577431108704,-0.9463851927481935,-0.921527378508877,-0.45979835473622793,-0.6567003681936076,-1.466993341539685,-0.011503901608457387,-0.015735964300916387,-0.7621395814036417,0.2734345525960991,-1.9825079730945558,0.21178459205763206,-3.3100680411950774,0.19098202631137073,-0.9448307349368167,0.37981152962726433,0.6497058126785525,1.0943637894971958
-0.36921738272833204,-0.12329246458927677,1.7552063455675313,-0.8155306768452283,-0.5464030616927333,-1.5928534835642807,-0.09423977622929622,0.6568971323520679,2.027162331986035,-2.188410021435888,-1.880637446424217,0.8578118575739404,1.8514494022446288,-0.7529225959840882,-0.07584658794788658,-0.760327580150239,0.764878280932647,1.7728972468925106,-1.2926093208270617,0.01791897991982274,-0.6599860839941514,1.3227390341510303,-0.20370547271166967,2.6455690729535646,0.3776179036662244,-0.4128768847548486,0.8502602683392647,-0.97311604726403,1.0917720947395213,0.7917113804372051,1.5648947830433413,-0.17135212503308472,-0.35872630715082504,-1.2809291706832617,1.027453658028876,1.631395764426648,0.801774716428572,0.18714337178976923,0.7665188458887897,-0.4283217052528486,-1.3864732207555284,0.3439803900621599,-2.438380769546009,1.1631967215797563,-2.5464271056165932,0.7708032197615095,0.1963861087157779,-0.9177767839268218,-0.8609645853458299,-1.5095656132941784
1.0102632212698908,0.8200284659594738,1.2665898593309337,-1.0107802653320686,-0.05103352191475648,0.06698394163172784,-0.899782927241584,0.327277335948983,0.13834213187720892,-0.41150201844794443,-0.12506953234438542,0.09072523199918726,0.018301645996535828,1.292925124952487,-1.020125168565447,0.7300035038639936,-0.5564290933175957,-0.516544022606647,0.6859691945127319,-0.06128640035379984,0.2393676508062937,-0.2060929212498719,-0.5163096018598429,0.4331077988718412,0.302639612621826,-0.398645242695633,-0.7078077588530404,-1.3658462086592809,0.5429498462603728,2.0568869321822567,0.11756654794214484,-0.5408459988510609,0.039412469951046664,-0.12292580406514153,1.0611419659560812,1.0336052568672318,-0.05845416032327974,0.22195278981619546,0.9111828125535951,0.2123283062783219,0.10942936341942329,-0.41370456491919616,0.21652550235428636,-0.4228110781548463,0.3151140407334982,-0.5213401556979453,0.6261176110346378,-1.5971699200241525,-0.8888318335878439,-0.30978006363845284
1.4153609725134435,-0.9586070021243731,-1.425285728009787,0.9690900507470452,-0.21260802019592717,1.0528073888578253,-0.29160438383957066,1.360469405245799,-0.7852821336120249,-0.17216634527695568,-0.9028729157140518,-0.8119868825995095,0.8034967184770915,1.3277732545568552,-0.36094421813064786,-0.6452750659035885,-2.494356555083573,-0.31670128061841524,1.2053487163977554,-1.6036703272774484,-1.3803484008908644,-0.3503305148660382,0.8949269631317182,1.210519845830182,0.827642970735646,-2.100932307395076,-1.321693358458621,0.30516885777843394,-0.5377661937062997,0.6285004693489052,1.609406277455773,-1.3963823276584642,2.4661897166424853,0.7298081600087695,-0.17219914796254268,-1.7994607087915893,-0.8582773723499838,-0.24473180599570057,0.4530573390009615,0.2161308183132472,-2.3541483748185663,0.9362568192113545,-0.13690325000971992,0.8263775719158601,-0.3038041030699964,-0.1466160976523005,-0.1397846694088939,-0.5334756642831152,-0.3839190744079677,1.5390065493969796
0.5807831337361846,1.7068347292509762,-1.7725635870264351,-1.2071829160796808,-1.493221587418347,0.7530904235464295,-0.2484818788798147,-0.23225700377581585,0.32552239414601203,2.408239825101286,1.3116829567848063,-0.370025738122666,-1.512090668768431,0.40019522549707676,-1.4541697453615055,1.0238333193990659,-0.1284898528311927,-1.3247958354549574,-0.1722284674540573,0.8390227282059537,-0.43817710409753846,-0.5885066461997376,-0.11227040060162755,-0.5924791062195316,1.4236304934407773,1.3554535448588152,-0.8357570359642659,-0.2647361080887531,-0.024537359272226472,-0.5052072398043821,0.46571738240741745,0.29088942172593724,-0.06997720055449276,2.340944722723605,1.2499699772223867,-0.7964789351185455,-0.6171591177064268,0.5516063874813871,0.6021231253261113,2.1506698489130196,0.5470109548848674,0.6058677028155682,1.4473773412803181,-0.7815035846419548,1.6027257640171,0.44339394113159236,1.7429925243221807,0.08617775939522254,-0.4007649939383128,0.5415475164261486
-0.7777119164001637,1.7835076911814112,0.1306758698545303,0.09094683596175594,0.3364456108651768,-0.07938261562847462,-0.6023056374477493,-0.6109791154327314,-0.5324186005838771,-0.6332668675467998,1.1367631140657197,0.5509710793214646,-0.9732918191524985,-0.6897589171906888,1.1154248618005715,1.8534952160486766,0.8470495772983642,1.502945891074653,-1.7767696727302116,1.6366918642547736,0.5044323223812311,0.3169869118776661,-1.8013928218231723,-0.05702373023576753,-0.7740587682567629,0.9144144126876322,0.859833048625999,1.0766733502705568,0.9603109857083604,-1.1431846374055439,-0.19665332112093803,0.4012171431831945,-0.6139396365905551,0.45683912960673084,2.5575997545144076,-0.4509505390345699,0.3570148200419389,1.0398277008272427,-0.9948790745807392,-0.5415244646450654,0.013449671431564258,-3.00607065842049,1.0648322034855626,-2.3018628142303292,-1.5407022316039394,-1.1719340804216989,-1.183903647789621,-0.11255635393171538,0.8965290598003585,-1.397405687760944
-2.358086354010767,-1.5583970572624548,-0.03639296059461115,1.7122264028039882,-1.3653238750213526,0.3078438250647009,1.2125219961974225,1.2517301506940117,-1.1969815515183289,0.3475873551062748,-0.9706352679797332,0.775006937470827,1.1879129256630898,-0.026165592754075245,0.306501976597865,-0.6954821573007152,2.1129375781535193,0.7037925600923797,0.6479937945264237,1.443792654203927,-1.920031167812099,-1.1957305098854898,-0.48606571833858325,1.3159480689377894,-0.04470869127197153,-1.451047628951893,-0.7455563377094898,-1.1572307069806216,-0.30870520039724375,0.7984566285790946,-0.4938273435394183,2.570508870586178,-1.2992061684715601,-0.14814099090705815,-0.8125731157699805,-0.3741936741028907,0.4721344705764895,0.5955164838039995,-0.00762314170657675,-1.4333235493563043,2.1501101544944494,1.1128418652402134,-0.80073800210468,0.6089542986965305,-0.23865908429182,2.646617072309225,-2.3185611622698743,2.2207240572903557,-0.998297960475514,0.10536278406450139
1.9490722519302455,-0.036754141015433395,-0.8791342529400475,1.2877533517621802,0.45434443999096236,1.0676639473670457,-0.23721609899162352,-1.1509986197682531,-1.4602136280917377,0.5739811508873122,0.6148580833616099,-1.9015870872581742,-0.31268993299535586,1.825649296724192,1.502758837961719,0.38684306638985,-0.4521330236052916,-0.49278887911823743,-0.2788313816392758,-1.8125113678847908,-0.5541062630254064,-0.8952384500500732,1.4938798813978842,-0.22042792120753793,0.5876044321912883,0.9409565241539284,-0.45378384474979033,-0.35122749945665876,-1.101621105808212,-0.27570441410947405,-0.38001024399096006,-1.9831271947116094,1.7402157306536115,0.20004176755722536,-1.2602591189547032,-1.7754166017036168,-0.9745057551613167,-0.780316074953076,-1.366960899450524,0.4804776728416077,-1.3531446115547257,0.9278278788814239,0.6246172924536549,-0.4043751362110402,0.30746896779558586,1.084260229081641,0.3977664167667236,1.3928315910473736,-0.9231548793096535,-0.07016785400603334
-0.5552029255454705,0.15498240806670216,-1.16459605464568,-0.9379535154247107,1.0568031461525749,-0.9623715264717855,0.3994666507569573,0.35648991857428275,0.937575844957522,0.06808355005384965,1.1643972749658595,1.1326393899307965,-1.2473867715841678,1.35068420252453,-0.497386462895163,0.36599806044455313,0.882934427889551,0.5327402085340575,-0.4363960883815697,-0.19144736403001086,-0.6461532427123606,1.2690621267055908,-1.6874838364625613,-1.0169855570914978,-0.7302627118560988,0.08945931804068703,0.8229022755782827,-0.33035322754534463,1.3093509546904516,-1.0746019711118984,0.08934275120177228,-0.13097591122640154,-1.0037718319078033,0.4782494588719763,0.9817798438772456,-0.14394310014063783,-0.023001970960511903,1.1862386908121576,0.21277652598179872,-0.1914767958663108,1.3962561196132206,-1.1786399445596083,0.5109697778498365,0.3310497422112193,-0.4011871471030855,1.369637021639668,-0.22963714931844123,-0.27828228818516315,-0.27421232395090067,0.47484634269453074
-0.8595823014057389,-0.5591730166152916,-0.8825896323798329,-0.4262809699727235,-1.031704762047433,-0.2861610501621344,0.06531119670132932,2.4149356360529963,0.015974656101845106,0.16286634921388055,0.2895065344021318,0.567958903664216,-0.2449116882697423,-0.6287150643772329,-2.023556734877465,-0.130942918344929,0.04256310808752876,0.03476841825936671,0.08426959739147023,0.4084430972112534,-1.2826871360972167,-1.051824017411312,-1.3070665318126238,0.968047117707907,-1.7302501936085377,0.12426169453139728,-0.2308358522581528,0.7784180725561204,-0.24037527538222705,0.26409817084183396,0.3767207293727966,0.5913606335855531,0.4049918150207922,0.5341122829647083,0.9715697952504722,-0.6786153364877223,0.5180984684413815,1.4312427858516341,0.4608701103400726,0.3044131619707149,-1.093810487534578,-0.5280613791708151,-0.13236248077883106,0.7431614937549809,0.4970810255649311,-0.2809520327349293,-0.04603734026488403,1.1942108917555743,-0.8710970700696187,-1.0573285163654607
-1.8050220292278505,-0.6920013184629775,-1.1803234699371765,0.5391963150416043,-0.928120031687782,-0.8630531877929833,0.5662849424077687,-0.04341998019195535,0.7133997696288474,0.3780965810231585,0.35639840191960004,2.6400687381915646,0.1542673483965424,0.8992582925184941,-0.4905053821468369,-0.9038656646448372,0.23749950964132163,0.14158129162730643,0.330940681622902,1.4742983052070175,-0.8676998928022454,-0.9536794586955941,-0.1734378374048518,0.8499729991692303,-0.6042742279777484,-0.37545850813543286,1.583272283451341,-0.09275271025623019,1.3584152753034622,1.896039126830408,-0.25028534470291103,1.9789144119767348,-1.1262486189962173,1.1503736472210369,-0.051616253055342266,-0.837565077858198,-0.9722440299770464,0.40308587813432223,0.15348947401418736,-1.05872912826567,1.8585487091996409,-0.8421695961276574,0.08913611294399772,0.4581661182998074,0.3455101572296363,1.8119385873123517,0.8668838391198124,-0.2845844724180767,-1.5524182146561143,-0.7200431624777883
-0.41773295252060233,-0.6628616803169812,0.28884086781202595,-1.059434568450582,-0.07586018557396468,-0.5828944582900517,-0.36393463838767803,2.678294406022398,0.034353796147263686,-0.10565246185005266,-0.824004234278846,-0.16509011867169018,0.9861062605745616,0.45839169878418184,-0.7328661421894965,0.6991175350058837,0.556690669547849,0.4962770852086546,0.4685578837594104,1.1667756715843256,-0.6543344475710805,0.5367663561592461,-0.43713525562131433,-0.5541048344688714,0.6232653812701429,-1.1516611911210632,-0.376952236497478,-0.9799031041482895,-0.5575230061598305,-1.1125662656078479,-0.3407945753135712,-0.3761215298756696,-0.7587941506589693,-0.9682079257710655,-1.332575650338326,0.16778251027117963,-0.6731763794223395,-0.8115758614354829,-0.34323514247193077,-0.08289318693389959,1.6445027298497328,0.2109371036351215,-0.917160680513662,-0.03809282349790323,-0.19737372191062827,0.8904805996648161,-0.36218497992892407,0.800504859812747,0.8512836009520114,1.0466645204967655
-0.7366423031676382,0.34443097859176436,-0.34322144988772546,-1.2661742451514157,-0.18706830939557248,-0.2510281437921636,0.2947096548893016,-1.6748915263910993,0.9322762293460831,0.7136036051557977,0.5863739510628863,0.4954997169467781,-0.1639756266206496,1.2905351981179076,-0.7831565026304707,-0.8412693533621257,0.5759345262860739,0.06507662025093594,-2.4122057622943927,-0.10009049926886704,-1.313058316532467,-2.0506113994851143,0.47473827759885634,0.8508857868183026,0.42966471346449486,3.231496921920686,2.3467946218998366,-0.9552103382846417,-0.08207500741132016,0.12327598342784364,0.1073096699002975,-0.2324555908632157,-0.4024879571313772,0.5482636058707864,-1.537901979894302,0.9322252544531999,-1.5728647599084458,-0.852724291932454,0.33352357483911893,0.9677683451439066,-2.708451950633779,-1.538671124518775,-0.14036595572457042,1.0741619939101477,0.44715319185274505,-0.35154282539502435,1.3112318481014873,0.08215204287746367,-0.23321502158592147,-0.32311391321194133
-0.685949285836924,-0.1996102295761089,1.5498801001859572,1.2952699548315232,0.1512021652902232,-1.104854547984441,-0.0823857463084621,1.5572455696218541,0.9834247725113991,-1.9309430767920863,-2.674937682105363,0.41573265630140727,2.2591029432447187,-0.7327406591005253,-0.2200807875242214,-0.3026274832534085,0.5263341091382423,2.6400906004393585,-0.8053608324571864,-0.38752102881971073,-0.8524273708704878,0.30863860404686483,1.0040614533121879,0.09112510366646775,-0.4289225213633884,-0.913410951022167,-0.6954377411274972,-1.9087127772916541,1.9973950477580165,-1.1039695125209408,0.49321951181297263,0.4174549118629674,-2.653895547851752,-1.564889468767994,-1.2521728793323113,1.943049716041418,0.4397790516560759,-1.4067087932157152,-1.2512567057121595,1.1721543865612538,1.6537827187856637,0.11878500651189909,-2.2638320260891276,-0.3396203485977424,-2.4189159231517925,0.3678778351206205,0.691178272085807,0.00797526311579074,0.7907537804785486,-0.08978085590144289
1.2854067805251508,1.5853953204643954,0.31221384523497575,0.5879567942319988,1.5626651363631079,-1.0814868804534197,-2.9386327897861744,1.3478235129232525,0.1005074481008907,-0.47693307952155356,0.19826514780369703,-1.347115589888783,-0.9953605932498195,-1.534578351182641,1.7267104132434683,3.1040464053660606,0.6381979590725401,0.12419811565123846,0.9509907546998567,0.7757398319659444,0.7613988298532632,0.38155228513946887,0.994309931290758,-1.8012464022339871,-0.3894998384774468,-1.1292363034853021,-0.5495331853768413,-0.23017315821914172,-1.166977273834395,1.155266940879815,0.7398240465910897,0.11118708153921249,1.2063548543803317,-0.610656820639668,0.9418712386315283,-0.07064598225729918,1.202106874280969,0.6562484335258892,-0.9120076163679905,-0.005137166476836255,-0.42213286221862206,1.0810022369100036,0.49070820194606357,-1.4934421676376255,0.5246550340371312,0.4458737167729027,0.7628905799769481,1.0810952317580977,0.4720943944401978,-0.22039764916712046
-2.4316046548660966,-0.8110060036272407,0.003265126109865407,0.12483746329812481,-0.13972628477661503,1.0947361722016047,-0.2587594582937537,-0.2519350099796534,0.058325996655449415,-0.5181976814641834,-0.14240722944318465,2.542808492167247,0.44181493728972715,-0.9750803637901219,0.8449041386752512,-0.21515730558177598,-0.6118533727001564,-0.03455543735957122,0.495785475986489,1.9585231416165019,0.6871498047463466,-0.05129659490452359,0.4386533916302014,0.6561449412260569,-0.0965036928434424,-0.27219955313554445,-0.07864101415499145,1.0855330635596643,-0.9790488383152234,0.22529648440620975,0.6352017742106612,1.392068693835897,-0.6761303283088432,1.150565384478225,0.303329218894933,-0.2181547478519788,0.7597868592870355,1.270920611740666,-1.0005035201108572,-0.7147403805439001,0.8061257828825537,0.56008697251669,0.005297659790421919,-0.668037000649011,-0.5436431932362021,0.12767111363202488,-0.7347481640332126,0.5781422267887402,0.7252818425016169,-1.1494099699139346
-0.9694592331320945,-0.5792080343357384,0.6982971162491624,0.6026075523994555,-0.5789573709500189,-0.885642025935999,0.9995869756676901,-1.2143728828566351,-0.2535633862353265,-0.7666225644896502,0.5222699667722566,1.5560014609559796,-0.6247709198234583,-1.0969019084709677,-0.5023271479989957,-0.8239741057189953,-0.38299549155723567,-0.7473930035842613,0.15118032853629032,1.1174884641947143,1.695018458060307,0.4007555393869264,0.3548548816074947,-0.5468284683168213,0.6877045122304599,-0.20105408116781548,-1.9741472326574658,0.8310022401534595,-2.0545732590285333,-0.5346103362542542,-0.3885398924360049,0.8257733813071193,1.8046244229917026,-0.591306040677362,0.06417737743594859,-1.2575811992817727,0.4558053308904868,0.2662628702180483,0.09298091986827861,-2.1155158660114237,-0.15887122343971,-0.41839097888033194,-0.35062836286623356,1.3437354836809416,-0.19288804718613,-0.6839018172343544,-1.5362788935945104,-0.5535725738517903,-0.3208640207609128,-0.5396829734888523
0.8871864175643335,0.9033677172874836,0.4122777445480088,-0.8792629311440217,0.09892401289048648,-0.25225946697279567,-0.3933888463069458,-0.6811923995802791,0.4287893918510512,-0.23918407499286748,-1.3218575774856733,-0.9618590532113976,1.0059409221653601,0.09013759559885974,0.16439402424032457,-0.1305603368973535,-0.4434671514931704,-0.041528357442277425,-0.024667995186903727,-0.8774683372330884,0.9939551290830911,-0.09541266089636122,1.460073203993185,0.8364291413214545,-0.06424134001855811,0.8778977932376628,0.6191492246176505,-0.5580720942306509,0.7522749820437205,2.000184557661034,1.11999598492927,0.43515199815845484,-0.7546439930963192,0.09771186710006723,-1.1973005742026492,1.9058256274646574,-0.339735193154209,-0.6201346115565343,-0.36000199524223525,1.7399945614532046,-0.2436995658396257,1.4718134035101362,-1.0713990083319544,1.2933734883564292,-0.173261469777065,0.31823317071984697,1.4990923351310985,0.23850983766934894,-0.9367363187935274,-0.8532178534498811
0.33171491022378996,-0.41673353855117307,-0.6687535560101545,1.1771794625636105,0.12941584004659523,2.336178521327218,-0.229422821722944,0.6678535003568801,-2.2164548543459195,0.7380246955115586,-0.4318327305557259,-0.1894934613146151,0.6857204144113299,-0.09643046802537258,1.5132908621819445,-0.07170155768892084,0.2858583139084499,-0.7010510245979659,2.022937149069041,-0.42086969689648984,1.5658246556381032,-0.8815214417745503,-0.17054225016072874,0.7326992859547368,-1.6667606876185195,-1.5523101508079074,0.43276820761683843,1.1690355121074627,-0.6330021816385943,-1.1613623169425853,-0.8438442924995192,-0.17918971163649292,0.29276840539290205,0.7272187006185807,1.024549920904525,-0.8941061604153693,0.3432736281506199,0.5591880658869389,-0.9005154800932328,0.5598221729579839,0.19124982566698912,1.0655531632119009,0.5564677706711583,-0.5187165999009917,0.5564290514789286,-0.5435856831161759,1.4641271328753813,-1.0419304177395223,1.9952675943734437,-0.12325854646933206
-1.4307243824296794,0.34558509458461034,1.1924888966501617,-0.5856739927042348,0.30549344807168405,-0.24208778235299463,1.2168301360236184,-0.16449556302235704,0.14381675220543622,-0.6503294346577609,-0.3605729090343751,1.1428659076558536,-0.03930023665451888,1.0757345437113377,-0.11211756833122824,-0.07406128261124355,0.6124803995530352,0.9433233871295478,-0.45659502961101234,0.9087161717090709,1.3447460523893957,1.0035620817890722,-0.7433351009759871,0.1295841049612171,-1.544360757429974,-0.3493893931200426,0.3729742569329137,-0.15410477087743035,0.3554219587291356,-0.6800585635352435,-0.14272594459441296,-0.2697682978316597,-1.7661903747072096,-1.26816912588631,-1.2417374357940727,1.927183538079419,-0.526584047943947,-0.5972246042740231,-0.8146941263106665,-0.6005854966089046,0.07503643439930174,0.16175312060080724,0.8025686727522194,0.10522967246331386,-0.0581799810849531,-0.38368745036669555,-1.620357535115158,1.32642327797217,-0.8886743490565009,1.5486637931854796
1.4091130700283148,0.4226592284755903,1.251027425147981,0.2049450215748381,0.6984146193042658,1.0742533745160217,-0.2522263800378542,1.1267049356527146,-0.09582919157546926,-0.6793653786878672,-1.5241900889619728,-0.2654821132515028,1.8722447626556324,1.9845097440646315,-0.10530136788651924,1.242290691474879,-0.05031534312522556,-0.4915104005001621,0.24653890071302753,-0.5189665694079281,0.3089791210429175,-0.5934720680560135,0.4300722614055734,-1.7234390778289594,2.0410905153911476,0.6441119499548636,-0.25150542304837126,-1.9846433497272773,-0.3523313448318764,0.5129694735437921,1.5072398166175947,0.401323074630905,-1.0926179907866034,-1.4367715567424586,-1.5779299867239578,0.6558291099954419,-2.3789101891947984,-2.7164505129127234,0.39548293476673513,-0.6563423295179871,1.0637587628380363,0.598933057441188,-1.4879706980768412,-1.3669894031013485,-0.4858462231327169,1.0629549054313794,0.8519937906175097,-0.6054270134137123,-0.36108924916182505,0.2901580357818912
0.42294876006319726,0.7091349732193831,-1.2172174996013285,1.0142400259259194,-0.12411009922433751,0.4447719862038826,-0.7416178732526156,-1.3690687339215322,-0.9570397294849982,1.9810377404946389,0.4957562216111499,-1.0824853286890568,-0.6231261320521879,-0.4215041136135236,-0.2642100110389739,0.6009581363028837,-1.0999433085598247,-0.46030746303816983,1.1288441631234662,0.19673373648347728,0.47209278986625436,1.2489441079165695,0.9397564560915078,-0.9423662199445629,-0.5323637504899362,-1.0011765606942318,-0.4247121360300817,0.1697802723156122,0.7848334568975809,0.5060938760824956,-0.9290172798655284,0.06726283888809452,0.23583446921846024,-0.12529915511772594,0.056014329304550095,-0.00792071544090385,0.8360169644716509,0.21679614227643382,-0.5190349056187539,1.189219281630733,-0.3359688838023948,1.073308537095452,0.5301060975187407,-0.13944495833620035,1.342326144311425,0.9402190591038542,1.1721215248931824,0.9010304701085579,0.528171904005148,0.6803887637624899
0.31404541309262995,-0.5294695503087921,-1.0410765048990456,0.5907940997842415,-0.3948759986813532,1.2955862407581455,-0.4111885554414478,1.1281312936225159,-1.0098091016294504,1.0921280783083323,1.0652855447103513,-0.506890603557462,-0.4977492617961177,-0.9858988900540819,0.49184889289875566,-0.22197291373764813,0.20202659547394547,-1.4554518800975096,0.48757260833730587,-0.17903418799103823,0.27936209880494167,0.2626745644765456,-0.4160154743893258,1.5069976905574893,-1.8454057187537554,-0.22558079195449945,-0.9195737281204752,2.2990888271447316,-1.3335036935274391,0.592694845355828,-0.34503402148063067,0.6257108269104851,2.358739947112971,2.3999006216359957,1.3416364288337461,-2.186166303371225,1.35699468340554,1.7595049053942686,0.3987085521806386,-0.5476083252763775,0.4112770720139615,-0.8094690442650555,1.6645673414322524,0.25956128062017164,0.8453118911693636,-1.4420942144701114,-1.1372485192194621,0.26927454399363976,-0.26275347193042276,-1.9659407150226198
-0.7002251522605151,-0.08575460034763732,0.3025808603407335,-0.40827299317417587,0.3390049743040629,0.3436534984352679,-0.5154965598957462,-1.5785485546238474,-0.9848823614848404,-0.07626720284076581,0.2041807894472859,1.472222931420735,-0.7672114776252494,0.9787766749270014,-1.1082503728774968,0.12240766142724187,1.3850911604086118,0.20397239819013555,1.164051184348606,0.7850000042290936,-0.8668058734853744,0.9417683871836781,0.24687301313416093,-1.1566689283610763,-1.1789793238254014,-0.7242660820770771,-0.6511875836671419,-0.32651977482845673,-1.1255733825501901,1.4269225870351978,1.0467208049326675,-0.5269191690698347,0.6550203812802389,-1.8274116945551597,0.4266526722938723,-0.7752804031110154,-0.2570967432648275,-0.5037965675164976,0.4439690689067942,-1.429164799098627,0.48092039227866895,1.134743685229666,0.9263719879758213,0.3691447175948264,-0.08679162087670167,1.557400963250808,-1.3061959971645802,-1.2799318428498985,2.2663880035781907,2.240454880429731
0.21592454331799033,1.1957428057642234,-1.1628475074606726,-0.9665245676055729,2.069963730450316,-0.766610010023782,0.24162234632411747,-0.7148654428320973,1.5221063530337342,-1.3317455898592936,-0.6130566300313953,-1.3825055523660825,0.5767665716747258,0.008355363655788699,-0.22956308467320213,-0.18815828395782597,0.5773329245435359,1.84912159993763,-1.4889686552553427,-1.2632760962955816,-1.1450498770897775,0.016807792602720476,-0.09984755193691171,0.5814549459554956,-0.08110716448723435,1.7566658833059088,1.4470014220988197,-1.7591385746464923,0.8133687723758156,0.6907894795487979,0.3263594659718867,0.007061232689393244,-0.26428409976460165,0.22813689710972665,-1.3414632502730222,0.8479487917263885,-1.0234269967201728,-0.641199689881252,-0.6206097641381576,2.595557140227143,-0.25450047305956675,-0.4539219333052702,-0.6370018211015969,0.2977586870620828,-1.9337421867409605,0.6133524600776108,1.9524992167108288,1.1221929916175488,1.6918023976420102,0.045374565107815394
-0.3422483243547286,1.374423773830302,-0.35871588334808807,-0.03298289015021046,-0.8912329542351636,-0.2377818864613237,-0.3353877361808608,-1.9114214475660776,0.6534755469989737,-0.001638658140111265,0.585711507302794,0.36197106827593206,-0.16453161258333454,-0.09047594866750319,0.9169909679519724,-0.02379645625605876,-1.7413683134700033,-1.0958617854509887,-0.1377902142738019,0.11890325654210013,0.7676765735402898,-0.5364579737841786,1.6996863972641894,0.2537008971407198,-0.19879878452763514,0.6083174645588266,1.3216212422424878,1.6427736572895302,-0.25622623727415034,-0.2702184147587463,-0.993890050256977,0.08808675782745437,-0.2123142356111792,0.7700079444776514,-0.44847070149181895,-1.407841693639838,-0.145020753944868,0.43477894919999643,-0.4367250801037679,-0.13401650423383749,0.2680093708513537,0.7320686368789914,0.00475908825031544,1.207573406451233,-0.3985035766082739,-1.9584772031926871,-0.6585704975801157,-0.2957957501887209,-1.2509563580233425,-1.3888799112161745
-0.21560288197106223,0.15144116338146274,0.18677654864216495,-1.0128495542082736,0.01617526455123219,0.8008131079012312,0.5492019198376498,0.028509563735228737,-0.9326088556482867,0.8297915854857716,-0.5852454825269301,0.6048373809333637,0.7160519452057302,0.8664848715840553,-0.45562501964297075,-0.890404425943593,-0.8509558921362917,0.836670588977794,-1.2402695192406383,-0.05862913174148882,0.24570472258261025,-0.77268422457992,1.9129086674398728,0.5165467784420706,-0.889527609418292,0.5329985471961316,0.35479632931205923,-0.8974921375212189,0.9714428047246796,-0.2905219174629613,0.26245453656730805,-0.6773938812055971,-0.9239862103240375,-0.7938626965498425,-1.8594392318630633,1.4089156295532448,-0.19144078484661564,-1.2985662022100366,-2.0177686604319294,0.4358157050964491,1.1688021200599925,0.8306739608568223,-0.8205348878333832,1.276769513596949,0.16100828992164948,0.026844909944057336,0.7312368189537746,1.3728993438815427,-1.091719980293556,-0.2130838672207951
-1.8615039478714497,-0.4161162921586845,0.6646653695827637,1.7473458056012918,0.1358273269843527,2.2441236109787535,0.6709457397451828,0.7348450010326542,-1.683396207945076,0.5406510759096432,-0.1072621101966818,0.6317413727751117,0.0797168884300275,-1.904929382685857,0.18446329989642293,-0.8499575132820891,-0.07132855118270623,0.20050561296256694,-0.47764699016817025,0.7785040519515175,0.3340690476358145,0.6215327599846322,-1.1185941336234717,0.913063699035956,0.5981194321772612,0.1309068307574851,-0.5099550557640381,1.0957889615509766,-0.39295148287234166,-0.018610773441389835,0.7431059504292475,1.4891741231188458,0.11566772542944784,-0.21948158792767833,0.3655454742626281,0.88589040497351,1.7290345684680395,1.4211736700517077,-1.0184833133812448,0.6937210194634249,1.0171839679830856,-1.4582363505576261,0.2577688572781161,0.089325102028353,-0.08728172193110545,-0.7089272134466834,0.07970666547356796,1.33255935832677,0.9930910981317576,-1.522018851899597
0.7977323892732634,1.3136779575497233,-0.9289074148915734,2.0325604326393685,-0.8680324147057802,-0.3856620169000934,0.9041669954838976,-1.5873846588455405,-0.9078892693109856,1.6297275558856859,-0.7970406444378032,-1.1910489434512566,0.9670099826337388,1.51765790576262,1.0557083200915118,-0.7288087388319672,-0.11789055000634022,-0.7874912752105531,-0.19110370454916017,-1.465549901206679,2.3761393773990385,-0.06546732450135717,0.08316630412799152,0.2701910703774355,1.6587969030531093,0.7428739481055634,1.0663085342426482,0.31890602388834177,0.7162577492990048,-0.5541616344801639,-1.6235160507825637,-1.0116719098148894,-0.2871432486923762,-0.01042244109177455,-1.6098379532564884,0.7514250418327678,-1.4042009736447598,-1.3115688361355078,-0.4824549855143004,1.177753868274322,-0.030854258388781506,0.7446363907591631,-1.04778199111547,0.37421648543483726,0.8937556641339122,-0.48682280797672384,-0.6652135771734717,0.46738607940951404,-0.32046442906126804,0.6761672898808594
0.4232730353283636,0.3733462235211166,0.2630559405210797,1.2532716571955544,-1.404607077991786,2.09937195084762,-0.21382307968425887,-0.30015596633016195,-0.3630620078335282,-0.8457258818727236,-0.9220643159020846,-0.6831387539624785,0.7132757298067399,-0.032070594752908084,0.4648528316835476,0.760971064494537,-0.7446187141650696,1.236225086483306,-0.3554510228478352,-0.17974827350338557,1.2479680695080437,-0.22171097239020707,0.26523923216701484,-1.8793535012944158,-1.1296538355078023,-0.19469745133353342,0.44588282608742313,0.070839416547628,0.6064658636484772,-1.0456450950872351,-1.4990839367433524,-1.16081733915015,-0.5722186781578326,-0.3943737234248008,-0.8270750986359995,0.6944660806582392,-0.33856009032138645,-0.6046117766710037,-0.9708715657063051,-1.0040489301999465,0.42562224775209057,-0.7648227125945294,0.43694682473469093,-0.5203927606633776,-0.5772193830453036,-0.9588679839494512,-0.01348992085186717,-0.32459867777629714,0.622542720339064,1.5254998920200475
0.42155664578891094,0.623298320157647,1.312156104721754,-1.071536121442807,1.9080857771737738,0.23397109990814127,-0.8788124357289588,-0.06522955733910134,0.5094898158670851,-0.0061840627610003735,0.2870493277309977,0.13726997263893073,-0.24387441441589788,0.05334206299050568,2.0622866801017503,1.900159375106072,-1.8986950636354123,0.9026016515331485,-0.1826103724412279,1.7630107146186231,0.2829028448786123,0.18535901635698857,0.7293293391342736,-1.9770805719810332,-0.15834289100968213,0.6434188428988389,-0.6450346096644879,-0.27060746679252057,-0.10872813000258129,-2.211145411302525,1.2319903122564202,-1.1511596945554148,-0.1669951079188357,-0.923709132727056,-0.2790476198999496,-0.6254310614242737,-0.1783795736783444,-0.4032122420776157,-1.555703785202294,-1.487038085137608,1.2024351371584163,0.17269681563631253,-0.1386634256718275,-1.9656593477134396,-0.3679626473164535,-1.4400453912835203,-0.004130144578190541,0.4551033091683449,0.5390498439569426,0.2579030064353963
1.0777189682814767,0.9408868826530338,0.05365832742102694,1.2774979149492454,-0.11512356222507564,1.366742274426715,0.40126210139934465,-1.0174708332217643,-2.4133809552127934,0.915368345534497,0.6172182229650749,-0.24645038162975272,-0.588851171841745,1.3830614951390836,1.0044657915396895,-0.5938144372220943,1.2281090796868974,0.6734178742344801,-1.8884697343072434,-1.5905323275921999,2.075405612828021,-0.6393725504336782,-1.4824347921024184,0.3280170302413066,0.3475677033392411,1.0152816766829083,0.8265486892354159,0.7694122089081268,0.7766283541106253,0.08992370428691286,-1.6979423273837055,-0.6009150577955984,0.06355691981729127,-0.42827308435618433,-1.2177855135723747,0.16870060530044334,-0.9899486025789519,0.04998073609740549,-2.0518468265029592,2.382504159435558,0.35616828422157376,-1.1133254315024639,0.9577026982689365,-0.7274726548943719,-0.06052182861015137,-1.2337027774410692,0.5961873869228423,2.303165590971501,0.3334498940114489,1.0094318673333038
2.0900156523919065,0.4265178762097918,1.06202457804179,-1.4954260358261176,1.006407701861965,-1.8629969007799603,-1.2880818631303266,0.33428289494123153,1.2234120531199557,-2.615959239231535,-1.7407056715884657,-1.5061542603478064,1.7030902575613824,-0.3005119886731049,-0.7367438284525142,1.384053218036312,-1.7647167918650477,1.0591991529931488,0.07150081810448711,-1.5034893374430123,-0.2028052370404869,-0.6355414370215065,0.8412253394285931,-0.459893335249247,0.8570314024159695,-0.6789502322505223,-0.6131964135396794,-1.7542785489044634,0.40700395386966465,-1.26718097529875,-0.05196844919944181,-0.8348213722468721,-0.3689029353037044,-0.3985599388180001,-0.128283378127778,2.5063113695952386,0.5085445908661543,-1.1864262665662857,-0.6211697433050521,0.7355610534232621,-0.5644830918311879,1.5514657655533743,-1.5944959647236328,-0.7047177619178552,-1.8384592506141244,-1.2193775036301238,0.18888643326104249,-1.548179120612857,0.32974336680915656,-1.4579649607837344
0.01667534672187457,0.4484916854492681,-2.1693721281459877,-0.21709002536985414,0.3403024754006352,0.0276269877183477,-0.4301950891056734,-0.43187061444783853,0.4372022366525691,1.2840910506900323,1.0549988392751402,0.8770153332413441,-1.1429103342748783,-1.9964881260547631,1.0429777375206697,0.18259417765378025,0.6448686329816777,-2.6205427882872474,2.3526317708872893,0.5730625873325239,0.18106288597137427,1.2655106412617763,-0.33022413016638985,0.06081973375615495,-1.2031790786406957,-1.3807651579025713,-1.7483290134645564,1.351673398783362,-0.23880078572808033,-0.6571956924637816,-0.9286945683877798,0.08647388255530389,1.1671733847391874,1.2824138677894785,0.6886933002548953,-0.552956954792286,1.8610393751937502,1.569176100805592,1.3623384362127882,1.196933345079874,-0.9336647574334016,-0.08797344578377354,1.7014200070621674,0.3386900652623281,2.3825992965243796,-0.20183843800327986,0.8409596380069282,-0.2687816166465869,-1.1255366125285904,0.5649250193734546
-1.1759112901263975,0.9151286074317451,0.4743284518824199,-0.10614258053882186,1.0586898073003526,0.5531380943653723,2.285950962216808,-1.6727665770282538,-1.1672848586357625,0.6997280003051314,0.923926427276268,1.314824309592593,-1.3279827806712785,0.47470449091902794,0.11209458712830628,-1.8781738382998996,-0.5610981373116115,-2.059202274860843,1.184321077221695,-1.2598801520749077,-0.6728150317197891,-0.11771485761235662,0.6406762256461788,-0.1607994774141173,0.5364511586626219,0.4548668722522759,1.0911576753303625,-0.1282805646507701,-1.5549724200459993,-0.16120099968070706,1.1952527080332218,-0.5702558914321986,0.3300735747123129,-0.397198752748698,-0.5472052219317214,-0.8323275880354994,-1.3663209991236696,-1.0500539058778229,1.3674787054863748,0.45990869162965164,-0.718936074724653,-0.1725084034455602,1.0856092135158173,0.1459004817552381,1.6291537912975733,1.2870400939974438,1.0241315383602025,-2.2387194076531247,1.6300252191427271,-0.35471249781629777
0.7693503715470126,-0.24112526351197264,-1.3936200895598745,0.5207912439036544,0.3107199561381607,0.24289717595820745,0.9664095955924111,1.2056586380402168,0.314374724495446,-0.3321813546902219,0.0145565616536275,-1.1768986899856295,0.08194391720760598,1.4862575259098019,0.11165599457511079,-0.4276214917191617,-1.30419044932675,-0.5426853851098697,-0.3646048520116661,-0.36502857286207835,-0.5031947100998595,-0.3869940231564439,1.4521071440068016,0.3084321311468236,1.7830011128841496,-0.19902719969980495,0.03875495410383313,0.9232920650192082,-1.0178550077189923,-0.5414124372352616,-0.09645758346925462,-0.48143750330510277,0.8804390299992181,1.440204715326469,-0.4234322540741241,-1.8118231996061822,-1.4728109966040275,-0.7510075627768595,-0.07308071640592351,-0.20120058688697276,1.3305176098847553,0.8778766303006073,-0.5560163345135454,0.9750395996676993,-0.06714363232771194,-0.9468343463552243,0.2869745559597369,-0.7534236347050925,-0.33438062333069385,-0.3330447090746934
-0.9821564966923956,-0.2786305900621568,0.2239784953254995,0.22113084260078142,-1.619206302035465,1.0561345377230174,1.3777001897432204,-0.633563389612593,-0.358307468243079,0.7567139851574595,-0.7331442093010778,1.5954966608059336,0.3989483482846595,1.334388348346745,-0.8973577520323883,-1.6790292411012335,-0.9743286462429508,-0.14610946840928876,-0.3177153167909572,0.004037242253409456,0.6752024434349346,-1.658716434987486,1.7130509851137106,0.8313331195572927,1.0746819113180939,0.8892404211287847,-0.014700784927329747,0.17270805099131015,0.2200308355311746,-0.11498741948132435,0.19809127120529968,0.6254770584203898,-1.2754613338890692,0.07056144488895666,-2.2871010000496095,0.1778984455946424,-1.4918897884026439,-1.441156111512906,-0.6832360447983514,-0.05887418044680489,0.4558856324936792,1.4282422829045571,-0.4347625281817045,1.7120608062994924,0.4351677146665098,-0.7199541759834921,-0.05841731203765506,0.7096992088119972,-0.5986617793486283,0.4032164082084751
-0.43541467658590016,-0.3356275868562946,-1.715632196706055,1.5972505519905886,-0.8959761451967492,0.8720002900867674,-0.36199659747650426,-0.2190528685293992,-1.2880273073403212,2.1072172497661725,1.3725533427957133,0.7808031213499314,-1.3799106671526769,0.0820724938312511,0.4719005169540076,-0.2348282102363313,1.57319349377842,0.020449191751291167,0.8545023730644798,-0.027317148239410373,0.4107364755417179,0.4488436670940616,-0.38885203696573223,-1.8432832555581755,-1.5390447242870908,-0.33575430472288037,0.7097657614107241,0.7635625834977955,1.744298596374177,0.4334032131226223,-2.099774801672223,0.923160916347034,0.160134555570429,0.5064290389358124,1.322439446620328,-0.7791542405775597,0.07394180412998282,1.6893280784264142,-0.5257077273831074,-0.2805526961111334,0.06306717550917408,0.3330075077996157,1.437837188569897,0.280660580001501,0.8794249982265564,1.475745074571227,-1.1551996138064065,0.052388414548699073,0.23551504513430588,-0.3743826037939887
0.4449979666612077,0.7902829045810785,1.1265510116340474,-0.44897761921298623,-1.701187310885107,-0.5514896741009735,-0.19962915671215287,-0.29589862953032947,0.6987355499311548,-0.4133864263617755,-0.5309295960829703,-0.4965558051480798,0.6524381051071111,-1.0843063191160247,-1.3937904747627392,0.3648997503353822,0.4842336667927174,1.025234132484306,-2.0820473640649744,0.6695516332863279,-0.14332227479419626,-0.8586299424708377,-1.487413707617162,-1.3593362746387239,-0.8789948377660445,1.485908752352707,1.0032071245653755,-1.2891742454940256,1.5761221672576216,0.6167124102955553,0.6500459262047357,0.9964674084919649,-1.1408581445428871,-1.8062020255481102,-1.2207362990785247,2.6105778084580993,-0.5967736331099598,-0.6818772843568245,0.5842821185211812,0.6057597687172097,0.010351922912686884,-1.9309238136792293,-0.8915865799305313,-1.050702221232312,-0.6297234365610715,0.37985168445128953,0.589882154523118,1.1096583806856337,-0.38644571060375243,1.601805024162488
-0.3006169099126601,1.0132355233893855,-0.014169397141188362,-0.9872458229753284,-1.0075460125306015,-0.9434410849670305,0.8983083038394155,-1.2962945040851312,1.3408366202397368,-0.5020781151990585,-0.138772497602737,-0.7287369893324361,0.20198213217406333,-0.9766318976478261,-0.9234164397915123,-0.4405975213076202,0.8538973399365208,1.2455545423254353,-1.4763781324762904,-0.26982477877878824,1.419690631223095,0.16899626574004054,-0.24233769807204336,0.4396952322704031,0.5947214977580967,1.4344917171259357,0.06510066129174923,0.502246028394701,0.867443977290889,0.9461516506551763,0.408440597513484,-0.11291245497639689,-0.4519619953436623,1.4302821046747425,-0.18144939374354402,1.070992568169569,0.7382924874127008,0.49878847752110395,-1.2309767485441658,1.5075271179740986,1.0279908864828535,-0.3269616862780589,-0.7148664585977673,0.6858792549125619,-1.2863809104881134,0.23227453276661797,0.5454688398021879,0.9696142997206051,-1.8351743825893543,-0.7838481384344573
-1.0807900121509428,-0.8502904823481834,0.6511843072470213,-0.07969856055155675,1.8330244632477226,-0.7035881153858168,0.39435152211143937,-0.11827559743197807,1.9863360771138763,-1.9462465225149141,0.4425689868237875,1.264006343141955,-0.08104857568290871,-0.0340428530370978,0.1886061151195982,-0.864547154612261,-1.690930111533645,1.0086493789257445,-1.1034542171223582,0.50953308791142,0.0792484983476948,-0.046549399450925406,-0.6659877851278636,1.4438104161358105,-1.1711024660772416,0.23218728913610912,0.031459465891833925,0.5067304960594206,-0.8696446306407632,-1.0506862122515541,-0.046350546071801384,0.08556934076081042,0.16651409135160739,-1.1054525234387753,0.39905524919199364,0.3849465184696744,0.4629029061142216,-0.03328292156681218,-0.04472831199358087,-0.86753946548546,-1.2921692285289657,-1.6253398581890508,-0.507461590893836,-0.8446019984023624,-1.2121941968369292,-1.2999760486094625,-1.2455271415232216,-0.7317552259975718,0.8452138205164437,0.4697404265685454
-0.8093463630317265,-2.0983105602265217,0.7496580354400197,0.3437312401969849,-0.747418315461066,0.05300995860004023,1.4716386383705833,0.5501124626175354,0.1573124791117395,-1.7899113295320452,-0.784345181466493,1.2311332307228111,1.0553558883535301,-0.6520913732699677,-0.08790143135362168,-1.5514352751713454,-0.02271503250800264,0.8816712801047729,-1.2683276547551878,-0.5864991504569176,-0.20044335270853694,-1.2416790765148604,1.10475700159524,0.5152869678790531,0.2973101095939181,0.7068587022996733,-0.027837504141345414,0.7354413782255531,-0.8385112311307668,1.368532799278143,0.4838539909273035,-0.0008569163243723653,1.2938023831735006,0.10491004048153357,-1.8543711532776532,-1.0039118820838466,0.830403315837895,-0.6788720990166611,-0.6377793427467768,-1.3829371092116876,-2.574784397512293,0.8250396595062531,-1.2946575984857691,1.227118806667774,-1.4982245694755485,-0.0547756703346378,-1.9626780712446432,2.509847787390326,-1.1083932743291047,-0.8560102211048164
-0.8054739889217135,0.01907746426721498,0.4842854534643395,-1.1947646985107938,1.2239855739995114,0.8765740423917698,1.4494045373621298,-1.3453514711261851,-0.11720219991756961,-0.8616754205360119,0.5565870550753889,0.8711062460460919,-0.8729568640068587,-1.4285052168106567,0.8647817909469689,-0.6595242802592565,0.2623089402684833,0.8019060308669638,0.0075406505536994494,0.27621163227713674,-0.3413540720818426,1.7034471323304838,0.03953406984606109,0.047950762808867856,-0.06183951420082835,1.6880326085172654,-0.08694935701466346,-0.2733614604257903,-0.6122938384462702,0.16028294001437646,0.7184281350389795,-0.291930005322696,0.3487112986460994,-0.5305274686703086,-1.032971508556127,0.16263866491417148,0.6844945228917808,-0.43643108156688654,-0.762191430944279,-0.5039419005198096,0.20587937287549732,-0.6728279472698891,0.6707003744472662,0.3118381927231539,0.8312918582674613,1.888571258062632,-1.0870579622780372,1.3685497193461416,1.9220841308896401,0.4740697466878238
-0.11649020936947829,1.09207020004137,-2.2527465474961503,0.7700621388574175,-0.13367282035424513,0.8076827211532192,0.26610879290695605,-0.8254171589609428,0.07799391020296799,2.2124063334657667,1.0873837195370835,0.6659485999477514,-1.3703372112910626,-0.4944307815696995,0.6047859353674571,0.8729002921217041,-1.6828616745796148,-1.043521797762576,1.1298931047562857,1.4686941884678082,-0.41184279815102914,0.8329150671899301,1.2255370433956256,0.06352671187657939,-0.6769957682448852,-0.2043672406881156,0.9061174154203442,-1.2444350910530677,0.808727244749042,-1.5396445348748438,-1.2699459139621607,0.6238592300482279,-1.102459908113685,1.1545172388842073,0.7989933025109064,-0.6611127690687674,0.6415246355227562,0.6153509020829278,-0.09084961220597733,0.9919418276367417,1.0761987929340373,0.7423903802963515,1.3952426148008976,0.18730300542281128,1.9776893932836386,0.8515715769287887,-0.10901347101485108,-0.32960120018344474,-0.42610560931270747,-0.48391911432076906
1.1904551965829084,-0.9830559577934394,1.1321241263330408,-1.3399855429249703,-2.839521472730028,0.49566003363556504,1.685972467369236,-0.18204967514637435,0.3514118468776816,-1.1949951447976488,-1.4321743556446442,-1.7354165100238914,1.7305399288063532,-1.1297607658509257,-2.901035229322783,-1.4058122849648136,-0.4741743616787825,0.20679966813232645,-0.35780686196599915,-1.9503554823516178,0.674282004435558,-1.3621392790404991,1.13471209364582,0.30556784129223696,-0.256866472124935,0.6062561146276103,-1.0463903982423097,-0.009747789789276238,-1.044328577782541,-0.9677238451183631,1.1731536994785887,-0.9444857932223678,1.7780419808146324,0.34972957976634717,-0.6394435715534825,-0.02574772387458924,0.3137157610994705,-1.002139101966353,-0.12761683409568658,-0.021768307085641373,-3.0203756349626425,0.5231246617905101,-1.3873442781655634,0.4648517972794697,-0.7484086436099329,0.1808334630126572,0.9908303800556063,0.18363996847945688,-1.272561650375879,-1.3534399144448712
-0.3808832386848715,0.4206867317922266,-0.9090153704947698,0.023800970061986036,1.0118931697658118,-1.3986445626281314,0.600407363779452,-0.253345206051832,0.11588732870800181,-0.23277516900405446,0.1699358422374033,0.6390727975248063,0.0452291537170087,-0.31304510468355023,-0.3809973683029399,-1.0886568677194244,1.5747593171682257,1.847358593847549,-0.9366053150483516,0.4368076519913941,-0.3482767608945575,-0.6990646568051717,-0.3741800751230417,0.41987207211823485,-0.9982163531526292,0.5464583064634718,1.2510466763475343,0.7235540854973216,1.811195230500097,1.681637512145025,-0.02705456500592105,2.542997259338557,-0.49478919191898685,1.0671767825259884,0.5215063939863295,0.45376051513241566,-0.11479610465226064,0.7087132704854088,-1.6618262842966727,0.8031266341564194,-0.5625026926241893,-0.0914248138386464,-0.01783821591443854,-0.03908726950254915,-0.9056338862050838,0.6688262375836742,1.1528376743212052,0.9083442401580584,1.5110787151863299,-0.7464386591659606
-0.9243620693055035,-0.06974313042554119,0.6064378529153129,-0.7296492485653863,0.20756076451735214,1.3036011704871637,-0.0763642741351555,0.7415475904652454,0.5361651332052841,0.3593048115840522,-0.5299953837230336,0.8835127884260249,0.7621448246327516,-0.9585778295503612,0.07203956620771079,-0.21216994406722614,-0.3128715741939052,-1.2299466170523186,1.882456859899373,0.796561578620189,-0.898866927845329,-0.39109266803119463,1.6898066950438089,-0.5194647550714662,-1.2804996476105288,-0.9804192576346623,-1.8674400999942113,-0.5983013020903811,-1.8008295934405603,2.3337360434250303,0.7448974016209894,0.8385663717493609,0.9901768476793517,-0.8166748550958036,-0.2204423602255193,-0.6426929389004179,0.7748915655818144,-0.3797744144201465,1.5472742458573325,-0.1999545463128836,-1.1999566627946512,0.5180492463495746,-0.6598281363266133,1.5752286687846835,0.8152095172417934,1.812196666862656,0.4564591627668259,0.07681688102661345,-0.7036986697934825,1.2058270721314193
-0.2776331096884893,0.1737898755262149,0.9947982170652477,-1.2984271965384107,-1.1081632225967626,-0.10755639261988391,-0.1400907989598298,1.0093105266934037,-0.13253367974718092,-1.5663010260677994,-1.2204978226261096,0.48793153949827606,0.8623051015611379,-0.8149795080529016,-1.8038782070354342,0.3528161767813991,1.5135651564114374,-1.0283285639103075,0.7721670450771765,1.1736741436897125,0.2516611303115684,0.6389639283590252,-0.1416550968385316,-0.5313771595641916,-0.0236413192825872,-0.43094286832886963,-0.6550797045375023,-0.6650324344381677,-0.6857444785233268,-1.9146644160112132,-0.006304040231269875,0.11121934129960696,-0.03993470509450777,-0.2563849456598883,0.41681303682000176,-0.03150099637809221,0.13336176242981107,-0.45357298433678234,1.3054338093751428,-0.5617116635248756,0.7375530485191331,0.08492746734383642,-0.5324111685459806,-1.609241572875817,-0.48900255968243456,1.2336186022972988,-1.1282215382589158,-1.6513613399501625,-0.8430549819639,-0.3842552144212294
0.12766602253239054,0.8119125414478476,0.36468810470928914,-0.1489542248210531,1.392829266862673,0.7180845980740465,-0.2697566059110557,-0.7705313390880174,-0.5813761412105009,0.1898889706177183,0.3464473214247154,1.2596626130318305,-0.5750339399309248,0.7274063792110411,0.9626405843506143,-0.005482751610314873,0.7961279732977069,0.7227808123991896,0.18678251711406485,0.08278115131919508,1.45064610009473,-0.2983263612236809,0.16451687692994504,-1.158636148648052,1.1868859394958748,0.7427627155498941,-0.5082739149706075,0.15834093110734018,-0.5839920010197344,1.0185590801346474,-0.5124108917619533,0.05504438910196036,-0.3147978145065396,-0.1622266305031121,-0.5061547448267918,0.7498269537911967,-1.1194632685289363,-0.025962849728232325,-2.0672048678779866,-0.011580234111047645,0.7109030742797832,1.3715123788710721,0.824781182836273,-0.07724838007554387,-0.2773313308687088,0.678745891450132,-0.52658271012385,1.427760004347109,1.5898270312274527,0.5138521372121324
-0.1324147478195416,0.8215669675889928,-2.248768615413198,-0.15357219126428026,0.4842095416450517,0.7035258266048712,-0.6110165585506302,1.4051889697384965,-0.02075827611569167,2.590919390670831,1.816864876756513,0.32577879550496047,-1.8367810548615964,-0.5611184394108525,0.4722705451163616,1.619453509412668,-0.649678091987578,-2.3680352713447923,1.9098820734211874,1.125002214455244,0.035108199997094754,1.542098301755834,-0.1583983925718616,0.056868643632267436,-0.44009403739191133,-1.164776236128198,-0.05262005722949775,1.702430606318944,-0.7850091068185823,0.18639923530983837,-1.8725379673951648,0.963467516590425,0.6636214955483368,1.6050946249872136,2.321725900623029,-1.9577015005110756,0.9503766762404399,1.6209584635376522,0.8994748507046069,-0.37468007241306356,-0.03504558974323911,0.41110883836226314,2.491593513246951,-3.044012655523697,2.979506465417183,-1.233760623897168,-1.5417174126947741,-0.5076604316644795,-1.178607684831009,-0.14205942358771165
0.007425471184505763,1.149955167906032,-0.2716084981472115,1.6949581166714744,1.2929912466544984,-1.414349694423876,1.041461930565919,-0.07512549477316874,0.038699594730355426,-0.04951867078279118,0.5226877540345561,-0.36372591365095497,-0.5387436544611043,0.6195245350516391,2.407761627879853,0.5564951406906065,1.3850271824400044,0.6373329584103641,0.6133285727189612,0.498963492229697,-0.7831339927479388,-0.10085155363006318,-1.0719239383244707,-1.1988841476886207,-0.46047944051817136,-0.7620041935055524,0.775344209405972,-0.16225806758701727,0.8970766611805484,-0.6969571638890566,-0.08836864245567608,-0.17516749881904972,-0.2764007951132194,0.6440986453261816,0.8070017822782594,-0.5322680446849822,0.0705935767801733,0.494742541331008,-0.28665251339269465,0.38778373476723166,-0.7908291569071039,-1.5129846845596484,-0.3930230181501645,-0.17869795282923262,-1.0661429903681066,1.7805208684580407,-0.4810845725145449,-0.2558455906866861,1.335029538240627,0.531640289740818
0.20425283941493003,0.913754353189,-1.181004796997725,1.32979892714761,1.1101478051325884,0.08319469220109892,-0.4570474495764338,0.7983597225220389,-0.8426700813067698,0.32371443751765244,1.1625561328310672,-0.8153450353789586,-0.41091217305108435,0.5962169066890038,1.718587969448078,0.6204918742237938,-0.18313794134752034,0.29219976781860774,-1.2255993105158032,-0.13253298175447603,2.9473029763947007,-1.814267550195227,-1.630931176002966,-1.6359940601518386,-0.15117025076446194,0.7828956680209813,0.10492978807118149,1.8375096640816309,0.16971396150861429,0.18335316894293005,-0.6681803474569201,-0.20673522048200046,0.7226789933565929,-0.3799193761857651,-0.1698069650464289,-0.17245837357175764,-0.5638915086909436,0.6250152394047696,-0.6944333726593103,1.5301498228047048,-1.3252664381118398,-1.8889785742183371,0.527462444649794,-0.3632130377240204,-0.1886098665026675,-2.1851411481691914,-1.1856724468076836,0.9271086137737439,1.035079546888781,-0.2994930306062599
-0.7675714344030501,-0.30039076131449105,0.1913250072073714,-0.5209705911309964,-1.0832631303613478,-1.2834375120785855,0.6181027247646146,0.20672166878047302,1.5404907913391008,-0.001288416989193305,-0.9157373126405394,0.6302074873507559,0.8224025825675607,0.6890580158310503,-0.4897884113831128,-0.47497178174150934,0.4447620620129697,-0.015037165754554096,0.521065460862774,0.15427913247396652,-0.8212898385394738,0.8540621105530931,0.4861907105471502,-0.2587369038059776,-0.8762630272459562,-0.5001591693992357,0.14826843525312075,-1.0080141958131221,-0.3427162990000898,0.46836940112974357,-0.5715657489603222,1.0500348610431116,-0.843666955947181,-0.8772596234162009,-0.6952563273744874,-0.7295243559156676,-0.4741069979884072,-0.6605800401541233,2.0233205875084233,0.25201688078707607,0.8231594241413237,0.8789714141185015,-1.6428854137782194,-0.29982094703914947,-0.3594450511109135,0.8096416525597996,0.2031755594962578,-1.2234333729977476,0.23211908156783398,1.277196764739797
-0.4006543611956748,1.1295386154879796,-0.11260741613344309,-0.644540101823506,-0.49835150748051416,-1.172847903024928,0.6884928543153126,-1.4757613842197452,-0.03877477484946763,1.0001895068847684,1.9490861719082815,0.1889939144435137,-1.4870826118903966,-0.24614772536962565,-1.167225580948565,0.1189362377338529,-0.360005794555056,-1.037164528695917,-0.5957716969438113,-0.28144535404107934,0.8468673943121203,-1.1478186898866398,-0.8399687002404479,0.4356476529621596,-0.2303431162311876,1.594436391106053,0.9709472258993739,0.8749894212450972,0.9201755421754726,1.7402335298593037,-0.8887265385113504,1.5207368968288681,-0.0263597772362368,-1.144258786948849,0.6347511259323491,0.1574591319518651,0.6557396548163734,0.9176280667029517,1.4610979031417932,0.851766186065852,-0.726859901333841,-1.09229203986487,0.6255214372742067,-0.693261828387942,1.2911067793415423,-1.0694751174129247,0.41585969955178304,-0.21958746208649557,-0.2330014971068054,-1.3190578872337704
1.1514875930291069,-1.229166636288617,0.6062322726803601,-1.127468585972931,1.4149924501659303,1.5364502538600908,1.1591184135748958,-0.023296972827179963,-0.42343391271283687,0.10557935052732048,-0.48629618014862896,-1.288167237883339,0.5778207797023763,0.7339459289066109,-0.386902549725976,-0.2853717616932724,0.7793201388839337,-0.8669873870150733,1.4063473288282373,-1.1332680638855048,-1.428809505981636,0.3210202140018379,1.4878055149146947,-0.08268709724264765,-0.6170141741713979,0.2645238805064266,0.11365757314116695,-1.3608432694532553,-0.3503775626216907,2.0559493997315603,1.9453517958353541,-1.1843719213227981,1.8973373770973458,0.21848395560139933,-0.834968121119649,-0.40258315964929264,0.26479459708732284,-0.9848364658536471,0.20934161980451715,-1.9021018301223336,-2.5758163954542637,1.6002318947634802,0.08580017928791982,0.5003405463626176,0.19277740843731697,2.025599535470098,-0.5072746290404184,-1.081803316659242,0.35954069070568756,-0.8866461219794544
0.5232312877808574,2.2536254730415846,-0.4510417525259951,-0.3608005657212561,-2.0098348712002414,-0.9753989166755628,-0.9745604844502431,-0.6982868495801664,0.8672113009268653,-0.08940973640639585,0.8517452140854176,-1.1859952959592357,-0.45742817293567084,0.7227896173439898,-1.5999223249534207,1.2049048732125784,0.8517804227292609,0.6620888750028149,-1.2741173277849687,-0.011412651282450736,-1.7899602750511852,-0.7282769156940615,-0.062372811961473526,-0.01607106307754938,-1.196142998088,1.7234915163294215,1.3308736644489911,0.039516883422185144,0.27594866650892325,0.24172845589707184,1.3433781692490945,0.29262189920450715,0.7178460040253123,-0.47721204405486556,0.4650227190191378,-0.803324776292198,-0.5019733070848061,0.36097819760813776,0.9651038022273065,1.262452845470506,-2.227878925145017,-1.3613955843065235,0.3824063738924538,-1.4186149380931687,-0.3813383541009019,0.7022513311157541,-1.0499012317993868,0.24994133851068479,-1.0884257559255321,-1.080990491929767
-0.20087106725297504,0.378270122480747,0.6841837823013976,-0.5816078657295558,0.056161847707040684,0.6259261659150617,-0.8115144746246458,0.07450763102842878,-0.6918254221804909,0.05748972455413494,-0.2709794245919893,-0.4102838736047391,-0.266468235755948,-0.2870351620638816,0.634187106909512,1.2069084556828664,-2.136588051692705,-0.9448895425880067,0.4711355783721192,0.2981195140010743,3.6484269980572446,0.6772793444759616,0.953114618498926,-0.8403635979204969,0.17556682993613187,-0.48193445884602426,-0.007010288431523677,1.2774645531923279,-0.20133484950112845,0.7192415655872945,-1.864033546562489,1.0406023677597713,-0.5883432351921404,-0.1507460930109167,0.06448508799040105,-0.1559701108505534,0.599221886942417,-0.9526813187179403,-0.287534640456779,-0.9480642848894715,-0.7518886750550073,0.553449206800186,0.7703032033978602,-0.021923481311542817,0.3137684871107574,-1.9643107629892915,-1.5471014063941098,-0.8966270271456791,-0.8886952653018038,-0.4794742005195025
-0.8273598639098063,0.28901235610373655,-0.31142424763723686,-0.9388402497036707,-1.1695654767536416,-0.18055399644417386,-0.7310977794274718,-0.6461531839935113,-0.6625856178791921,0.16244375071828884,0.5336246709471684,-0.030690702873263347,-0.843536009306437,-0.4577487584931251,-0.20663180316767757,1.0649464915120088,0.5335038291825535,-1.72907680379673,0.15663297287657188,1.2508616978662548,-0.12405109147852084,0.27659903069566116,0.1102992716305305,-0.08079336563787978,-1.5848507509508372,0.9969470419236218,-0.38589934270234705,-0.5485608459791514,-0.23774339125615193,-0.13453480199955956,-0.250953780903687,-0.9602140794746802,0.06450872255167096,1.2753010897212356,0.3811029579648326,0.42122324113766124,0.9511586302729529,0.9301984144075894,1.3759233891167357,0.05488338550502955,0.006139077398319832,-0.8518721050466822,0.8276896509273998,-0.4550100854859222,0.48575158138664315,0.6713592581874085,-2.3105344360927784,-1.879363235782711,-1.084983839443317,-0.6155012675396062
2.303940071539623,0.0276343203992413,0.5528520262257202,0.01975677458841917,-0.004149568981174279,-2.0068268143029915,-0.4281731592460424,0.9184004728202172,-0.10327109136497432,-0.885398395403889,-1.6297299579169833,-2.3451306114287496,1.7121721133823162,0.4801471981390081,0.06827291940857558,1.0980291928551553,-2.0664063925852076,0.8314462318944679,-0.9806136758022573,-1.446324012835216,-0.23339979586965165,-2.2749007560792034,1.5635551918278745,-1.0998685455919135,0.2510406125906634,0.772991758817819,0.24562460987036933,-1.976080962365336,0.26748388234211323,-1.089522064391677,-1.2128280662776934,-0.1291817960542739,0.3185532736989072,2.2320431973128616,-1.4924116751596357,1.127752533849545,-1.1045015283320483,-1.8063666895243875,-1.8575790244189523,0.16842532603022664,-0.2357819519363808,0.6359168936663505,-1.8569692826218354,-0.20518098638974724,-0.9822037761269645,-1.0231753207299865,1.1170451276898488,0.3913462451049326,-0.4827911014284341,-1.509890692283367
-0.657688972489626,-0.6984056384254054,-0.02434328707762288,0.8004572960881647,-0.5625761768239688,-1.0145178618121353,1.543192319033809,0.27266490990232944,-0.32939939342277863,0.9176914496867475,0.1037646774546533,1.597972813499517,-0.24019660452225555,-0.4583362952784117,0.7835134149478462,-0.9122868021993414,0.10904886381622514,-0.7960813023604026,0.3851028574795216,0.5857219516941377,0.7637039310900039,1.5731510211137136,-0.09534723496633517,-0.3085389032598088,1.3369369385405874,-0.3731297426972256,-0.21242109364239886,-0.2908502431904349,0.7595087291968496,-1.0846263101839981,-0.634221963273255,0.8623411543711649,-1.0758149648359867,-0.3238443446412294,0.4166689249982929,1.3182291663767847,-0.33732574331274123,-0.17759907156622468,0.8672059711562297,0.8621690141375897,2.1073549449720947,0.4744378618138334,0.2748332607708425,-1.1879158607338522,1.1141282852607786,-0.8385278400546534,0.7250158978048317,-2.0254396739608,-0.4330463570489319,1.5412395252385303
-0.038846620610554404,0.9520572985498564,-0.6509123106597522,0.30375278479600243,-1.41210975286807,-0.10694405048706222,-0.9019302130420879,0.07814900412161283,-0.9748500584478343,0.9138159007369243,1.2385292117208826,-0.049922702740805944,-1.929823681030915,-1.4242321423404187,-0.9995984755611668,0.9673893757047132,1.5164252627738006,-0.9012322528763657,0.423553712823273,0.7079538336095579,-0.7785580396409539,0.8302927126473377,-1.5272667618330877,-0.21812055383567708,0.021026227690855572,0.5793221073797867,-1.7494602920605287,1.0024274838653737,-0.7571934392259222,-1.606356144843035,0.8437855579549274,-0.5441933243005965,1.7248744324044543,0.07775047142908026,2.6372419042926674,-0.511505883466539,1.768671062991631,2.5171589725458348,0.36404166034720836,1.1662413131178824,-0.03705085208163574,-1.325545879422731,1.2995576580679948,0.3555293748697633,0.9599258646815564,0.5052552220876304,-0.33835726487908835,-0.8141780301744046,-0.34437532321771647,-1.3883713297315676
0.2637771511412112,0.23090903440389607,-0.7207898329252846,-0.6551243047735762,-0.9666613130454107,-0.4452118412791175,-0.8434151754186575,-0.3961465267475594,0.5505628234050011,0.8297310449034649,0.48823299717987434,0.06429168615405642,-1.3728848436945296,-0.14817555776892027,-0.8080182584994761,0.6341307753368746,0.5994821618281225,-2.131184207899783,1.3767682354928439,0.039854378226438364,-0.7601436706226218,1.6506316885423582,-0.06831001311587163,-0.7184445771715733,0.1575983265102266,0.04988096353974064,1.7647324631328036,-0.14289134348874324,0.08573764575717831,-1.20821723349425,1.9849218950008956,0.8004760933284158,0.2839460473469846,0.903522303018528,0.6854020092879116,-1.172818615161217,0.30933075782755715,0.7609785292671234,2.809195192610483,-0.7274751130773863,-1.1985900913802399,0.0179842905632418,0.8750899218628514,-0.8356213969420926,1.0151993454500907,1.1859103929462476,-0.4259307602434618,-1.7726278213861444,-1.9868594972825384,-0.8327355129521632
1.5696557447042807,0.646089833917959,0.21576916433403598,1.345924483162651,0.9270684456593778,-0.6317532393575777,-1.0035063899882668,-0.0930405340372835,-0.12028354299596548,0.5663066066272249,-0.05015405308321207,-0.491379411700786,-0.23786938163854981,-0.5489268158869894,0.7078520766516345,0.8220127490676291,-0.6103001429389648,-0.3246444536914671,0.30343052775543355,-0.49056876727632626,1.6120204382013954,-0.357317049253744,0.2370501615844541,-0.055435806395167715,-0.62603787615676,0.0361657864785877,-0.5117195403768916,0.059345095479014044,-0.3658979957237907,-1.3979435948067676,-0.2541233531058792,-0.16890812293039772,0.15860028969751438,-0.4719070321479441,0.6318287918548695,0.18763345623174937,0.2648748164134539,-0.5054354615729245,-0.20347520938052632,1.2909756366654108,-1.013656224053508,0.11029806205084126,0.6624183845537296,-1.4184113081049565,0.40903391886690016,-0.93217538481561,2.1612240509961955,-1.1400409340279476,2.0173245422514032,-0.9799702509463949
1.5545232736445895,0.6252886518321336,-0.8725263391064565,1.2103514083885343,-0.8668210351944565,0.7697582537466556,-0.5957656690088027,0.6551574478429297,-1.5337970240984238,0.1268949641484222,-0.19995893231849862,-1.8130181464745452,0.12530486971958463,1.7347646257447977,-0.5046618538854695,1.0838425366732665,0.6221299116362667,0.16885907778762796,0.24019970609646069,-0.4958367954739972,0.21066616676192443,-0.9659149076114039,0.413052353670078,-0.6988071751685071,1.3954428724418255,-0.48237114674242665,0.6630286111253308,-0.8851479103430195,0.5416856283754212,0.09469950107620488,1.072133240289236,-1.0601152301815722,-0.665715705100403,1.2963510335444546,-0.31331755698389446,-0.1840066883280627,-1.7006885145979354,-0.7302141074006547,-0.8445434666704443,0.004161503216762124,0.0036990013226761054,0.6089293297762872,0.5829947348412597,-0.7208640056199354,-0.005275533290448306,1.286619606128417,-0.4024867722409225,-0.274802262684956,-0.015321507245180437,-0.3909521670291312
-0.14002920418826348,-0.09927528292325608,1.0890924660300967,-0.4383796477880018,-0.5093489200509667,-2.0830334949750644,-0.29570064880814806,1.648580231375845,1.1938384100147412,-1.3046705684347015,-1.9263920540631352,-0.13956924164342596,1.5769029693132826,-1.3576979554255233,-0.4758530978674103,-0.3310413601718286,-2.3926777676447895,1.5143285963453716,-0.5409681418569506,-0.27542423664271776,0.21443513357380728,-0.5715055037266584,1.695074620558719,0.26336627438453675,-0.7625899767695745,-1.4099992120077671,0.36957423154925606,-0.9657978016174049,1.7346238991406284,-0.4933263465013808,-0.07094640500014888,2.854289537490212,-2.117068795072673,-1.2171354785167778,-1.2915882320430956,2.1971551347473635,0.21520370739013875,-1.2272709885890465,-0.611573197576255,1.4511564077012822,1.4545598645425857,0.9562131242412644,-2.1862575154742934,-0.16089900070813082,-1.439370807437262,-1.6895133219947718,-0.23143305006923118,0.1882007590599256,-1.029339670639846,0.8197484503798018
-1.6418235268197647,-0.9360465141922191,-0.464118342762002,1.029774175360244,-1.7537981140443157,0.948014003818912,1.786190230926134,-0.4568307630465699,-1.6240142147510914,0.9337637206008705,0.7104062979395768,1.954293045581324,-0.81004480849771,-0.6182959599596568,-0.5440182498044845,-0.4446334742372452,-1.5135543409035803,-0.6960975161688924,0.19018015373902228,1.2015939331467904,-0.02626977092037896,1.0115077045306566,-1.8565592851200365,2.0545688527682358,0.22682673383637408,-0.4269307927338443,-1.0750774289719622,1.7092272117691802,-0.6138834628151683,-1.4196222113318564,-1.0987356641605106,-0.7205478939635613,0.14700424489308708,-0.20869974130897934,1.3935220623288016,-0.31919517902734346,1.7138197819403027,2.4316889343894483,0.4242136496392747,-0.7096833590465587,0.5647655553444028,0.18042783869116424,1.189200315816189,1.2644673770399388,1.2519249235865149,-1.6396071332532673,0.21660301286592984,0.8183783004027169,-0.6496101753794985,0.054933348245546854
-0.032920930269689494,-2.030821374882732,2.178660737077123,-0.24245118837375174,0.9730328821648896,0.6249066759318265,1.7641565593651816,0.9190744023052916,0.24426885551040128,-2.0910461830885287,-1.4728531969440743,-0.0822352696123301,1.1750531511899867,-0.4758812261660036,0.7129998031331632,-1.1489287530167072,-1.4666052785262642,1.5330828223713349,-0.6839860834205872,-0.5551814145219963,0.4264436459114618,0.08156732671663416,0.28593365846314167,1.305977874083864,1.4467005144421998,-0.9063990058233002,-1.2702419404199603,0.20789058312079797,-1.1241143095334507,0.24870363317577865,1.0865043211699792,-0.26281264803267046,0.4656945462154861,-1.7975024384134188,-1.552272728614338,0.1701269605830029,-0.010726841450105537,-1.2645099830094315,-1.2817803424486451,-1.5545463203959242,-0.11156922530526987,0.7031873356791459,-0.9737504107455406,0.8818392508619202,-1.6093935078796822,-0.3269154347211937,-1.5358725802355728,-0.06839869044538718,1.6530553728990383,1.9277994319135137
0.002081783627609055,0.3539492593137454,-1.9318636229356132,0.8185865233401516,-0.16366877230765872,-0.21100532410515235,-0.5133128566993008,0.08113803378533989,0.2869105748399328,1.1404957761175298,0.9390266472859452,-0.04163346876431681,-0.41694056824667863,-0.6474898051951629,0.006332633252827665,0.16076047991971673,0.252314956362117,0.7259785033601954,-0.10843999170941591,1.2361069559100835,-0.733574677388572,-0.9181631926615121,-0.023414512248275284,-0.6087706968246245,-0.9719504827365866,0.26258400862776976,0.24200754974446348,-0.3096485515612518,1.1163141288093554,-0.9331517373563675,-0.2993573867127539,-0.5268161924508576,0.9004773480179897,0.5805729740080232,1.579081542568832,-1.2210079160237939,-0.049596991312398586,1.7902571152523452,-0.2729312319088338,-0.4091789945545908,-0.28926014878063955,-0.3716514455360122,0.5658527248586431,0.17798803312841383,0.26279413623581277,2.2186723669253388,-2.095614274170263,0.31089925756015446,-0.8874871936762062,-0.027463286514608026
-0.24169776867331863,-0.970388891653106,-0.3044188981767264,0.26269692925668997,0.9441865920259849,1.2781350591442233,0.49548790701315665,0.44797946984497855,-1.6563551355201624,1.0492723246826772,1.6306967709467635,-0.1354747880027119,-0.7623893466017859,-0.013668924873951337,-0.2438753407879548,-1.2686325760233832,0.4607745190450541,-1.6771616253827673,0.9043048029162183,-0.8698849617621216,-0.23493811033371995,-1.106963110250075,-0.5771385426629312,-0.05963136377112312,0.8487960003927778,-0.11649377145994382,-1.0165720968642677,1.3812565015210017,-0.9982762461445323,1.2188108278470735,-0.6796350279595232,-0.6648559061475998,0.8287965960750564,0.308008747897614,0.23381556474289455,-0.6817043060077103,0.1512873106680603,0.5312994430634402,2.0435259068024156,-0.06218912279064988,-0.9077420546543762,-0.9330177624249921,0.7672603342458187,2.3086536297081413,1.895811176112862,-0.19651469997112964,-1.4531578868359873,-1.0448523494517141,-0.35427182075653807,-1.693563615764179
-0.4816766341486019,1.0772688272710613,-0.9959591081448029,-0.6582045876330626,-1.3092925934741915,-0.3279168326531311,0.15176414305249775,0.060944537918820096,1.5368729174959683,0.5403904365509973,-0.37605284350244994,1.0208911487408856,0.2081641875866503,0.5836834661081254,-0.8234819732327378,0.08480671027229351,-0.2236873981993318,-1.3323255197609383,-0.002253998310503553,0.5812822755546657,1.714066372967407,0.28136708633217905,0.838167198683934,-1.2285527605591682,-0.3631552802977302,0.7583053560176514,0.5002668742624444,0.6953263099327357,0.6148778819252372,0.9595582363980698,-0.06029598325876524,1.2437933329161346,-1.0272578492558426,-0.34440075357500916,-0.7230633302134342,-0.9811519671857099,-0.14512759679797851,-0.3258524069002658,1.3643579680862081,-0.3501749017026832,1.165868592673548,-1.3479209146144382,0.33529622258530406,0.051742556461230264,0.6559299175427337,-1.2000499236731108,-0.6169228084614747,0.3795603369105474,-1.6164103172057567,0.3187604117993304
-0.4150363446942176,0.47651036082595144,-0.16442177148909404,0.5794884282592787,0.28187010251393957,2.1180451558452833,1.4511902142752864,-0.24245066766747858,-0.29247780096558623,-0.03523869802181289,-0.4614783338086383,-1.2846015293382296,0.5735686956431061,0.6282754262834045,0.9975050066381682,-1.0623286670282845,1.8950905536452525,0.23058376068279965,-0.1315320018650373,-1.402496683244607,-1.2278409803503747,0.8325484129616046,-0.35050235916911604,0.42638879169508276,1.6762739236724327,0.12600196893400878,0.14850793833358522,-0.6171497228652449,-0.14554172776357968,0.08438575743227136,-0.4558623870914593,-0.7362076628495884,-0.04025567029089157,-0.2707583018961154,-0.04659876281337144,0.6913706883858757,-0.04994516926611558,0.23439915158211652,0.46938552434937825,0.32191772948801145,-0.15543008475782485,-0.4545574767925854,-0.04198146978726521,0.1320389982122645,-0.5324209275571684,1.4496094033356215,1.6447588384149618,-1.2203575215226714,-0.05259250119544757,-1.1657627859010882
-0.39726996607535797,-0.30737264314777785,-0.28132856417679986,-0.2026396571336905,-0.3678535359695654,1.3291900890681978,1.3976785071054414,-0.3942621473481576,-0.7217651481925734,0.018223422973803742,-1.21246204650241,0.28851940765147466,1.43132278720288,-0.06382384314866082,-0.5671248615406564,-1.1776102879184773,0.48685528419409707,-0.9056238977924228,0.3892033014345468,-0.4238594083385957,-0.37365591903794626,-1.6641715688507577,0.7601001310133314,-0.3249124697863071,0.993007526171274,-0.3075023801607561,-0.07525335884251924,-0.5047244295172285,0.49345627138619014,-0.626999142216078,1.0768054490623402,-0.5070077130360513,-0.7775027569276796,-0.49212170608124833,-0.75825097089317,1.6882237811934846,-0.3177893130191476,-0.5987139541881741,0.5683773041742538,0.7418778599688471,-0.7725869056931357,0.2562036380255189,-0.6773651585162277,0.932553752173712,0.5408480168627903,0.31139633776934,0.09526162340096259,-0.6178887929757726,-0.8909621518441938,-1.1914489427490944
-2.0179232893502843,-1.2554606439162141,-0.0988540560810905,0.1999676684766245,0.9087295527356692,0.6897741133566903,1.2316795708157233,0.31585289561869995,-1.0769095545337741,1.310815609988646,0.5033269826609165,1.5935716242198066,-0.1375527266801576,-0.0555603452375161,0.5424896281398179,-1.5917342534851893,-1.562147558354301,-0.98709955330819,0.23231948264047314,0.7084841085507387,-1.2525422373255162,-0.26211131468355986,0.2779978032093318,1.5363990105596785,-1.0933497350832915,0.4337443873562493,0.03722193359231791,0.3431035174460969,0.09197033244078645,-1.2295908155994792,1.0192395630790718,0.639754386392035,-1.0320302916317776,-0.6820657527740528,-0.45388361458938,0.5899709359057104,-0.07337026710691914,0.25508751475657543,0.3978292476016162,-0.18723489826432857,0.3095851568274562,-1.5286664716269684,0.12636050543474897,1.1432895633934217,1.7316303077497388,-0.8990628177798443,-0.023103960982002295,1.20862789947681,-0.47044790543283604,0.7748346468405083
1.3886437240989231,1.792377299428727,-1.150047301057113,-2.5350206971376563,0.5841859976812899,-3.3441953575947383,-1.7918781900299123,1.0463482752567352,3.592798543056055,0.6448607586116729,1.1111481617518089,-1.807420600687446,-0.8031552519534593,1.0315235598459378,-0.8712139475102301,1.758483545935485,0.8028079552692889,0.7666494181237087,-1.603619564919282,-0.007723106336310651,-0.32056059863086256,-1.2252574504332834,-1.6092551575808418,-1.599879881936903,0.17230338142081944,1.569714890451906,0.973173979365235,-1.551523694482514,1.4662154115432564,1.9318884641484864,1.897509810993908,0.4165794931380396,-0.2649177490299621,0.4253680387691441,1.1881159060180246,0.24555883332056502,-1.1692581789164966,0.19384853601243093,1.2492327573491466,0.4436262004441563,0.3008902267733958,-0.6171322575696595,-0.7006348508569691,0.052918893311738456,0.017537088146814452,0.9700216019939071,-0.11215267842535083,0.8870856803664586,0.13530690065187656,-0.3254456707994042
2.2540596457412296,0.968892116833159,1.171344025331373,-1.3907863010584969,0.19969165042721831,-1.612125594033826,-1.0090422139679436,0.7376216029822591,0.10330747713625915,-1.4621496144721031,-1.4436387042174295,-1.7525448847498053,1.550939679158991,-0.8975046940031844,-0.4614275685932717,1.5254637598501246,0.16038987934108873,-0.14780261464594502,2.1341182465742796,-1.6386136355013712,-0.9856653580955715,-0.832570349362647,1.0149123501150876,-0.6887952982174572,-2.5937548501027288,-1.2535430678274917,0.04149094078893099,-2.2463119451456546,-0.6918758267297653,0.0013304495722844128,-0.7491020714059717,-0.29779154722866447,0.9313095389430655,-0.28527902774208175,1.1725991508029936,0.9379014653630621,0.6000083965581396,-0.3281955925696462,0.33296556076603423,0.6149959671391771,-1.0161469403629144,0.5003354203017911,-1.8933069234626407,-0.2826439709060728,-0.23743120613062163,1.1119604161094674,1.6311360365428482,-1.272123023312158,0.438824263743986,-1.0387389919667653
0.5315025797634736,-0.47144567815483784,1.728506068925139,1.3692045846940784,1.3908572378734783,1.059666527849456,0.756495879043023,1.3007372899750058,-1.5157102870642232,-0.7815323832986881,-1.9448653912044396,-0.43740931715797965,1.357479959524192,-0.5338382685322555,2.5296921473770317,-0.6482295768816091,0.9303905212023537,0.9594473511115895,1.0093747114931841,-0.4803102509864402,-0.7640306061163356,1.4644994256196249,1.2198991955002225,1.068813526043457,-0.9002831621541196,-2.036752308775841,1.1378004120792886,-1.1513559850619755,1.4281208743519795,1.411764780215275,1.3530998260678528,1.6782563782369584,-1.7772243177714588,-0.049722300588972146,-1.0963219098303723,1.3895200348352692,0.7090245673635066,-0.9647787041541243,-0.8122923709341151,0.34149675893664994,-1.3047998197592248,1.0385100390992663,-0.6989660880101856,0.6796326588297706,-0.597836328388723,1.277606117306965,1.0418424657148846,0.4649812668683852,0.6640047034235337,-1.7769860133355824
1.8762000842492232,1.7898245965118098,1.0664049362324706,-1.1062399767670075,-1.2306035804982758,-0.6431388524632713,-0.5609342663022613,-0.7367176001068655,0.4646101130285623,-0.49467727959485974,-0.7840686922379216,-0.5159166320956191,0.5010462512022508,1.1270309139415415,-0.8731487146058199,1.3363012185324847,-1.352515773789491,1.0264778217165715,-1.2511201333890285,-1.4010737786156704,2.0205485531485197,0.6454287955219711,-0.4639229865832465,0.5701269599140508,0.6842949161917077,1.3413700587327968,-0.12446701767919684,0.3674581945737449,0.10106653489911925,-1.5442677724480163,-0.6868170091308802,-2.044618328557542,0.5572253286973279,-0.28142669209107,-0.0840518705493562,0.058057851635217504,-0.7886426252227683,-0.499451472850364,-1.147759225049799,1.3575414811567426,-1.4949924393169907,1.1678932663747386,-0.7740757863387467,-0.878804750586153,-0.8040506029214695,-2.0817423462651394,1.5957029057288716,0.8935289296904648,1.1793404889601504,0.5913839892956267
0.412080827999395,-1.2462835640269332,-0.8837798906255122,1.1508409381998772,1.0689196955282956,-0.45493678128694043,-0.06902976219014277,-1.2036887359601809,0.15485640380496882,0.5745092151182678,0.45770376268601143,0.28566337903704053,-0.03446668291869502,-0.4834699781042202,1.416355195828289,-0.0353656415685513,0.37179838323711534,0.4505412409085404,0.6067456207265767,-1.1359214256432137,-0.9930722978054234,-1.0853875882851098,0.8099134451455546,0.2236861184808222,1.2848274152769812,0.10604641261159599,-1.0187722179968306,0.5984567589255511,-1.0962650892583954,-0.16288535086599912,-1.580698421834883,-0.9852290200348879,2.270022992852234,1.4655916045227835,-0.16207047350530623,-1.6351306280173878,0.562192058417158,-0.20107633241589057,-1.1086332823353322,-2.0613929495181376,-1.4710564561999764,0.14305432573188032,-0.08811805414906926,0.9837370685191136,-0.32282280291796944,0.19740009588578972,-1.2469779165572603,0.4470155762196223,1.4381744860028618,-1.7036039230866558
0.8571730325423862,-0.3587524560945289,1.4727454791229155,1.1506464974872965,0.597656950350085,0.751013192653986,0.5089185839470115,-0.5427579363020757,-0.41181820818593556,0.37996683468048237,-1.5107487277007519,-1.560682017472338,1.922623532429581,0.1439703030897346,-0.1595896225233697,0.12449406440307083,-1.1133484200021622,-0.16329979832744662,1.194172054429375,-0.5093294693271824,0.4430027129894843,-0.8950873358345939,1.0402185147671992,0.19565207217487415,0.056503970710328734,-1.4282346100562995,0.4917196936796415,-0.770872577562652,-0.2738382459069779,-1.1816235471432448,0.5564893211218824,0.2325927192601702,-0.1948764416855249,-0.4670139213576053,-1.178015687143318,0.09988720249393698,-1.1732754593970167,-2.5278866147130428,-0.14574682388217497,-1.2507662334282417,0.0966627653212993,1.293660100614052,-1.401192434351747,0.1537873895324515,0.36419160132048267,-0.7884995767505438,-0.7737770705382684,-2.129610681893055,0.1950027668477737,-0.8516480477852636
0.7613982520699021,-1.1364383972425935,0.04018016580394135,-1.5670971991957745,-0.9221326730410994,-0.8940535723332432,1.081537367223288,3.0664417701844604,1.8595241272112177,-0.8265111179708831,-0.7428537421237006,-0.602369633839852,1.0845868920510655,-0.034692304845186185,-1.3883418660426858,0.4487805150613907,1.6969335707443942,0.37298359180924834,0.46536228461123597,-0.5569131473929566,1.1364391753680185,-1.0054603415678427,-0.5284166172009582,0.5438816970250709,-3.1722196269229532,-0.9186578312371152,-0.9205768142956392,0.6413081298372088,-0.14158292617478352,-1.1011380963665616,-1.0733203397769457,-1.7418512431955855,2.1208225884867695,0.09875449120379323,-0.2963754916675584,-0.9437385635324036,0.47033485944620274,0.4207662096047161,-0.03993006342037369,-1.4640637242948102,-1.5844480077868017,0.8534457398072651,-1.8707989049340472,0.24671266251799132,-0.19060224266426085,1.117749156624233,-0.1531712068893931,1.702499160475978,-0.9518757644168724,0.3989338390575962
1.396907592761419,0.25474544587546566,0.019081533719765627,-0.12683111085532825,-1.8152732163913525,0.6029541869942169,-0.6241372150075267,0.481676450719721,-0.045359062280366444,-0.6752476088164598,-1.9069378217633295,-1.8249205844389214,1.4841709426805316,1.7335911556984218,-1.0459180677457234,1.0009789203837662,0.806846466305791,0.2554508445864197,0.23607952045295197,-1.8405377611427223,-0.8312833681575029,-0.7242579887823445,0.8853265481393082,-0.4095472291745832,1.461778172060688,0.14000005698035836,0.7815679161197998,-1.501216205458003,0.764587576573051,-0.39598401280797896,0.08952608608722477,-0.5729401528490959,-0.6763934642149452,-0.8202768837701968,-1.0079475794578017,-0.03526841732658776,-1.6519100034578498,-1.7017973420529964,0.8791968717104556,0.02780836330729849,-1.5115160646721413,0.6776186872570212,-1.187793588958441,-0.40150821304856515,-0.38339099407114907,1.0750655786350432,-0.35456689528745056,-1.2707316718723676,-0.44151172742694084,0.6367472540680701
-0.03711474233352123,0.29959157086458954,1.3274422912185087,-0.3704898305056668,1.4710092572493523,-1.3336345204794242,-1.396598396526707,-0.7522057327476264,1.4733901964740905,-1.8361396082274384,1.247874481484071,0.30410571885386345,-1.5760885061570375,0.3018520980361396,0.7058301190728418,0.9003835747478279,0.3114555490220227,0.5910164384692199,-0.738602645264531,0.4163227983958329,-0.7655382979645616,0.24048336361361453,-1.0958839980057427,-2.0067430185120143,0.38666739540816425,1.0594483540019244,-1.3409278541634133,-0.7794493384656944,-1.073164581701508,-1.7194963239106396,1.5106605704970433,-1.1530437679726255,0.6732480307864857,-1.8557625944074545,-0.09770544552184177,-0.48056670858961226,-0.19791058192404598,0.7267523761847662,0.39658762856827795,-0.9674158864474367,-1.3580526576486431,0.043680663671024106,1.5290924417903642,-0.7813892626950159,-1.1866431319006716,1.6248263233585394,1.0132806476617766,1.0490640028210403,0.6886776191785283,1.1117779159996306
-0.7126374478746856,0.37534166956573706,-0.16859832444686848,0.033195547549465285,-0.3145432346605062,0.8997604883485215,0.9658444724206467,-1.4996128124289327,-2.0615510483067556,0.8690130077035615,1.4274461362836681,-0.11925979975140734,-1.7699053036175985,-0.7697251026926396,-0.7587513063826765,-0.3607512922859778,-0.4240153847878114,-1.5270797751978362,0.4906478679466268,0.8262443369040617,-0.22895757128220914,1.067663477677796,-1.0803109513141256,0.9306839807017259,-0.23499669839646067,-0.012585989780333127,0.8925043636508819,1.2341986005589067,-0.6685456154057245,-0.9372481797625631,0.941178509118854,-0.18483552832885405,-0.37120391545280845,0.4307765924622348,0.9835688984962241,-1.03547766768518,0.6290453708521758,0.8985148933111421,0.7215892338863116,-0.8847829754331258,2.2628106365824037,-0.03504174736261361,1.8119516495115313,-0.9858216011568534,1.3403071237113244,-1.1085000687192315,-1.0009809327542853,-0.37252739048380906,-1.2208461112887865,0.3927305501359362
0.18109791303651698,0.10498914969978977,1.5368419522092573,0.6079493671507502,-0.5416944665033425,-0.15769355323857914,1.0613135829948213,0.3120714048763619,0.40334978545218264,-0.34619028508644034,-1.2746524916789304,0.49757677716414755,0.6934961654282626,0.5169862336985567,0.4777411899120713,-0.44527056556090633,1.641210526716615,0.9292083113020337,0.05840565051025194,-0.19353546511638778,-0.4057708889825022,0.2761481670329332,-0.8512334977407466,-0.9409413098911106,0.9530417338146248,0.20300374598967297,1.0000200171782525,-1.8880837270678243,0.5430305651679108,-1.2839359794742011,0.17095718537144095,-0.9717286580943518,-0.8349147864930658,-0.9712972143186513,-1.3214188436265315,1.2905026712242296,-1.4492153898362783,-1.3697037349221022,-0.19497178131305906,0.7136582353815368,1.0936043485134397,0.16512233910923974,-0.46372479936499283,0.26931075890819217,-0.2810593711672884,2.063016342925469,0.6786684270776354,0.5414966027847667,0.7979581643252218,1.0503234330125477
-1.3890780398347247,-1.6058180163826474,1.2377278767237323,-1.6969809067291426,-1.7568548907200576,-0.809625547831247,0.8991014680243092,0.871665915583266,0.26000950791138966,0.22147797960026616,0.02358939348748103,1.0670512477899525,0.28422164105913567,-0.5193524363528402,-1.7715186593981644,-0.10269714240401882,1.270007311093314,-1.438336945647334,0.5182842927582665,1.297015096536385,0.30583877364619844,-0.7447711398478983,-0.49165884444653696,0.2862636030244925,-1.0313376512001184,0.6219192737501262,-1.0210385274035592,0.5955369150379501,-1.3682645422801265,-0.25405338363738506,0.1476959736377384,-0.6530688902704097,1.0706596925096143,0.4534238700506583,0.16294190926264393,-1.1671443770874697,0.37752710706718595,0.6927948247499716,1.1233588782534436,-0.905233091588757,0.5335177715957724,-0.47325028466899727,-0.4507952739891998,0.9574702916322646,0.9749600047475917,0.5994839666383424,0.3359597288271467,0.4920955856827731,-2.5739490233625637,-0.3398538800949416
-0.46598276604268124,-0.4804561319244106,1.8241676814513466,-1.154427255362013,0.1464566385123168,0.8154031957237197,0.5745206677804902,0.6771891183252005,0.3333751474180794,-0.3680763824400624,-1.0555461162756268,0.7758892355616357,0.7602500258450312,0.21346684196931728,-0.15663144918923008,-0.11039587229185703,-0.5850168089508794,1.0683756907044375,-0.2511700234981525,0.5262038389107067,0.19694638831005445,-0.08807038969470052,0.7543872335664229,0.07120451891116365,-0.5945747597848763,0.8582742501498717,0.35661751418246523,-0.8467159638977522,0.17708701338629274,-0.6779038538091894,0.9473607179252052,-0.0912936465337402,-1.3212733942697736,0.09090588236658896,-1.4323828135249568,1.1759904854373364,0.26504199275882484,-1.2458083923622802,-1.7675470190324498,0.14849625970416203,0.34905078352781344,-0.6987378903324937,-0.7833932164811626,-0.03240471877225441,-0.6406014670660991,0.8034455671898455,0.5938056173767284,0.6901031007978143,1.4667697491574554,-0.26456837356906265
-1.2214807394404164,-1.1396873313273332,-0.6562646644648262,0.21451072371626423,0.5267551688928805,0.0780643557414915,1.0693914263684152,-0.1376087359510323,0.5413258215104889,-0.1536321444342706,0.3297618787598421,-0.48471790907032414,-0.14357789821121514,-0.012071824603765867,0.4408052515022408,-1.1765672202108228,-1.0066151105488954,1.2080277372764472,-0.08692718611676337,-0.15539659898209354,-0.006899476854582905,-0.537488990024322,1.3895879484854536,0.6397806275123942,-0.5272873046485791,0.2941205848669739,0.32918824640258,0.3396278265731028,-0.5247572674274192,-0.3940810853874711,-0.666616749774505,0.4302911366548907,0.43248517408991366,-0.3190142342436771,-1.0053169641087607,-1.2823965732113063,0.25691809250197445,-0.5764056968328884,-0.8388889075734413,-1.0664263126955524,-0.05666167158034713,0.048639872268148615,0.6247391838454492,0.8242804190651014,-0.3683505210131008,0.5437890172074048,-1.4854886790888508,0.15852089776307818,1.7402784653298584,-1.4609171469997837
-0.003709393946020948,0.7266819524240391,-1.500329757340186,1.9072609466384702,0.16367461609534834,-0.655964484840569,-1.0292842075882145,0.5515628716843423,-0.3773306073668009,1.4611349980053188,1.2081983456911212,-0.40749597515867053,-0.4872967499122394,-1.0696133851397298,1.9878256713774969,0.23822641554585108,1.5262697831466525,0.4535931960018582,-0.424605290808509,-0.33746091015293406,1.976928565658048,-0.8761937238930684,-2.36648308872645,0.7148181211704152,-0.6174827655608107,-0.5475210866825622,-0.06918139306351345,1.5860856622793982,1.0139930520487725,-0.8545887567037732,-1.9704502881619175,0.2758112064353795,0.03417073031866877,0.8386512544054575,1.8226438927045667,0.4119735074326264,-0.43050222710898767,1.848634873273181,-0.9092419271220576,1.819066467701691,1.4565341734995094,-2.813651294984474,0.6590099274101622,0.3767901901051226,0.7999943554715242,-0.6265945510754736,1.9958757876796789,-0.6161274213871475,0.7408122775694859,1.3172592030370567
-0.8918811102691753,-1.1134997846264896,0.2769883641503634,0.7780635201205478,-0.8363010983479084,2.269002224177111,0.26208215379840694,1.123904828292212,-1.8983954820150777,0.07534168894440939,-0.7854756904962844,0.6133547714109341,0.632231154801227,0.8924407631762309,-0.0026983871606811173,-1.1202078241714668,0.934555913335321,-0.5117209724829827,-0.40485987720167854,-0.45768095836925016,-1.06021772399638,0.8048091252527211,-0.8455104085785133,0.7692481600852061,0.2859542943290187,0.9881650723259253,1.1370028577222202,-0.6456972810857053,-0.30411949817852274,-0.689009389469325,0.5561149920805858,0.8642862088873138,-1.9839198835018508,-0.06706809543124682,-1.0370908527439455,0.8642983175477195,-0.4371964934251109,-0.3982825011475129,0.999079639752941,-0.02703453661137641,0.46972187431543383,-1.680563919418619,0.28336886675682593,1.66488508903168,-0.5298347023420151,1.0590129327060873,0.41779509618579763,0.7637555862676734,-0.047585937983244384,0.36715753103426285
-0.9899860782169605,-1.5846796770612457,-1.1726025647090477,0.5764432834760056,-1.4005365990340422,-0.8993650013591957,1.015454294115758,1.342173839552114,0.12453443248707242,-0.38048358408496613,0.4889631685705904,1.132367661826166,-0.3118948689059815,0.647796650894802,-1.5224382632691202,-0.10976901002964905,0.31259563906885085,-0.07181606208484947,-0.28158863761767267,-0.05022059990108146,-1.6139166356335908,-0.3597300217025018,-0.3527085527958928,0.49952185995135384,0.029731908800774053,-0.9162335347106818,0.3614731558323393,-0.1621765227311532,-0.3754985588957896,1.2417127584204,0.5952971128114136,0.8024245055062771,0.13078391763793856,0.5964904241461808,0.16667930689322882,-0.8522373787996188,0.2663282182475295,0.7586133976909397,0.8824813099122675,0.12484264279817849,0.931567738732429,-0.7288246786276712,-0.058815678652875424,0.541565039453563,-0.3699161221249908,1.228608111071393,1.116852062219784,-0.5842847061582641,-0.10281496402453917,-0.08158937051911654
-1.7822242662925056,-1.0637461206497614,-0.058949842833272134,0.6040811946763927,-0.6803915590217711,0.30712091896486887,1.116877248360551,-0.6049453590633359,-0.7818299098202633,0.38549922059417596,1.159969385318631,1.9005378374650224,-1.0777149216965662,-0.8810354069250633,-0.10794748663695684,-1.4677336315577436,-0.4907225829571106,-0.902736496383543,0.6180945360711049,0.6526546030600073,0.4281139804837805,0.41849445205983776,-0.4887977826971183,0.8457882954659949,0.5869306266119517,-1.0577991886176774,0.26474774997374656,1.8309803674465297,-0.09687441430506474,0.80354961557386,0.5462747026715906,0.8995711734320738,0.59603549318373,-0.19328604356817053,1.2093595587431354,-0.6080906923794241,1.3292185545630404,1.6483702904735218,1.0886297394114604,-0.6172774216658746,-0.7998485266115529,0.12899519171371762,0.9983504691010805,1.8317207209803925,0.7996872889998989,-1.602457211495729,0.4008466488253954,-2.2669223913499668,0.5372995127909264,-0.23662164948011055
-1.1542286770278414,-0.31865250377613336,-0.6241719199477719,1.5469283874100368,0.70297566932771,0.6654466784745505,-0.07973108869718407,1.2430256601655234,-1.121922956914165,0.9090946772897133,0.11871444913830626,1.2671908587692697,0.13524289129328904,1.1260677297827402,-0.3735551193453741,-0.13908920720453816,-0.7156485271040942,-0.48095953105400474,0.4300826365874015,0.6950654319604331,0.7472383624194912,-2.092974413347552,0.3350474708313734,0.37205575553351117,-0.27462924820139634,-1.3453481769417206,0.5036616530309903,-0.19957600051919908,0.5445692607215125,-1.7415195954805314,-0.4492708478247517,-0.5237617553924165,-1.5775084805892379,-1.1054859793583938,0.5375205714471111,0.47417141315900657,-0.6592393802487109,0.1934081567894748,-0.24199929661333436,0.08136222446763947,1.472142343141339,-0.46545911682033014,-0.5079245590329518,1.018753863297229,0.6161254111112511,-0.41622401397265846,-0.03843577880296584,-0.47976447882176787,-0.21566411272761954,1.3835627528161847
0.363708238999151,-1.1772820569881774,0.5294686098904227,1.510907662653896,-0.8675331156758208,-0.7410962172990277,0.3718817886255362,0.2491987205156561,-1.1191559748165116,0.04063656761789693,-0.08550202316733622,-0.6230940775914143,-0.010119434877804919,0.021745350458256093,0.03210197742477546,-0.2146207462391266,1.4849108980654542,-1.0715615722509408,0.5422913832093298,-0.018613692915468973,-1.3963324747212476,-0.33978206771799824,-0.20674299555433226,0.22087375995773373,0.3190179281346655,-0.5280176584332779,0.643561450534171,-0.5988820858845404,-0.15642855186538648,0.9925626366007096,1.3617091427055328,0.4984205617583138,0.034239587926817236,0.9653158510520448,-1.0511352958565585,-0.638045834298601,-0.14710017452509888,-0.8134010469878703,1.5615674089559213,-0.6277297144903561,-1.568882554867606,0.3264240370457626,-0.577514502445944,-1.1224438513329027,1.1357212632243914,0.6690385893267976,-1.6272482665997776,-0.5233342559032145,-0.53856050236479,-1.316344252169275
2.2253244491928132,0.23105884091996495,-0.7132320456260783,0.734174186802712,-1.8236314733215242,1.5516560894103906,-0.09335843210479297,0.5623281807235067,-1.3010695397880079,0.8003864230004789,-0.7496872482315672,-1.0926742414939836,0.5733629076688455,2.7146956604114827,-0.4230730041485051,0.3148561610613301,-0.5367359450128316,0.9573463512617417,-2.132508189487711,-2.1936804721870296,0.4423924447642769,-0.24076532130277886,-0.07383955546570567,-1.2521022273863733,2.8303080867171135,0.5969557049423068,1.4109056559908872,-1.2760011673632639,2.456506322458008,1.3619260382054128,-1.2579471080080071,-0.22087694170016522,-0.8159456442604465,0.07940482671919245,-2.152016406252399,1.1808544322948469,-2.100951615488569,-2.0346152151537673,-0.11453256000526191,0.08605326938554353,-0.7922274198659739,0.6316474901055261,0.3494353241179765,-0.04793933161864743,-0.14017138050089006,-0.13318641704931242,0.4311730176258931,0.03544019582936638,-0.7389268613779203,-0.10803139752023176
0.20299928921739388,0.536463917018944,-1.4018681272879459,2.2409472936354438,2.0055907865684937,-0.6045402782688242,1.298090334604091,-0.6604014334282795,-0.6367136309635004,2.1696931761787632,0.593805341415701,-0.37530195361545304,-0.10823557202287162,-0.10941920896690244,2.438759444789313,-0.07944127782074227,-1.459673074313472,0.3323971609242624,-0.2621222907459284,-1.0892650731073685,0.1391718936781772,-2.261254460691432,0.8360940976885318,-1.2387287570036547,-0.0928845387600282,0.9119619683480856,0.12009557718153975,-0.2581025681753237,0.09635304769463415,0.16712067618236265,-0.7084056341264036,-1.0067486908321635,-0.2668432019560244,0.9435561863358375,-0.626874227714427,0.6877239645240063,-0.9388153805068691,-0.07341704228879599,-1.7335537708943138,1.2801601957659792,-0.7437976360089892,0.8185528412909127,0.4325263471564117,0.37021481271256856,0.7276186737636728,-0.2928635615952231,0.3364906956552674,2.3364870808757,0.6335577252827022,0.0007938665642501615
-0.19991801463099934,1.4203681179588097,-1.2297126972539252,1.2747029180335978,0.25104476944242005,0.6164693301767568,0.40882351602418265,-0.4926615918567141,-0.9637730858347129,2.2414989667050578,1.6221789068601913,1.0777517296542771,-1.6778719770780544,0.656549775515766,1.0580636477724519,0.48470390154967274,1.634377991307595,-1.4657600635922428,0.3888817087570373,-0.22153739954108773,0.04250182782883092,-0.06566899672706354,0.03936104440192004,0.7806087195450618,0.31122556654361055,0.5111458325176023,1.5917637378734473,-0.02143049181187023,0.07095143303080091,0.8564077734768499,-0.8721876173834207,-0.20099474887498767,-0.3330033173136371,0.6957435666894091,-0.385494126775304,-0.945528086056761,-0.37300059618188863,-0.6861206767789962,0.2721130632046791,0.28996915205147733,-2.2135943084504293,-0.8763029763694936,1.7730900561356864,-0.3614070492819148,2.630763060572671,0.43774431767380834,1.050690911128946,-0.7147423064483117,0.7599767965835018,-0.7786710707714495
-0.4476534339133714,-0.8486719119574789,-1.111083269606747,-0.7225563928486832,-1.2469510961706802,0.017436398698182167,-0.45562833110034734,0.6156577773738108,-0.012634914578085452,1.2188129004121595,-0.43466562517952173,0.2288942769345696,1.023343326742296,2.3264627661405015,-1.7412100650383062,0.41757197859418854,-0.1581577069822426,-2.040961695316886,0.9680570826686203,1.153794763993011,1.5739253316928024,-2.0252761476049588,-0.02622057569218304,0.017546670316087483,0.6258710035389965,0.3377362459598476,-0.11764282376041786,0.47714835758446006,-0.8872604026218732,-0.20668516320066505,-2.0890051345833194,-1.564839141485743,0.7115977685409853,0.9571824699356569,-0.3897824375717271,-0.5506834570910399,-1.6879196211132184,-0.5582481929763194,0.48151627468639224,-0.2639776160921358,-1.5260996413018248,-1.1447891947468676,-1.4854196577994037,-0.3945336102842454,1.7510377215078707,-0.11601060978212427,-0.4912701196658682,-0.016221140282216356,-0.8428571247300234,0.35297438561205413
-0.07451322974194621,-0.7727909069861801,-0.3442129336386807,-0.343338253136407,-1.4119448732121123,-0.8756557724985756,0.6680320375033862,1.1138701843769285,0.8993020033123204,0.35839753377031575,-0.060045428091720664,-0.3836181588698713,-0.3493253432938965,-1.672213141343101,-1.553416756061447,-0.5156958157567864,1.2480723043362565,-1.4738511179249318,1.120309469758993,-0.7001163322233984,-0.07677533815572539,1.4664045045177863,-0.7784451301957076,0.648438095497279,-0.06880269222519932,-1.7360807198167483,-0.27698603610362116,1.2210483706963586,-0.23155239297061217,-0.6188590460996062,1.0147622813150965,0.47684081562344766,1.109175174049023,-0.46615495209015806,1.265312766423987,-0.7529951661643899,1.8964411744596863,1.446034851709828,2.266032511188904,-0.15894281339174016,-0.6990365643315813,-0.4862979570791057,0.14341707227102612,-0.20578822759934434,0.6935762646846092,0.3498833879911187,-1.0393468670186732,-1.0609174623599105,-1.057928158840273,-0.036215283783603
1.7438502229492867,-0.1602533648519035,-0.3325840813510186,0.8096493605087189,1.4574974294731982,0.41791764307468987,-0.41104262422823945,1.5985067754014073,-0.26267226982018005,1.4142218617271707,-0.6001139751885951,-1.1413805005962248,0.5705366583840765,0.8761078559373036,0.40701862086638346,-0.14289494905208358,-0.9522397478752197,0.02611566025168845,0.4820162455383475,-1.9754849128812046,-0.7699126240576885,0.4106326903677277,1.019419584437386,-1.0369327709128862,-0.35828388119995197,-1.0111838941913995,1.5408256758999712,-1.124024676705522,0.9321830154435166,0.23761363859322318,1.4590122062902755,-0.3726956105489432,0.13966923392009412,-0.30093012247032047,-0.6556171723566291,0.47025559288429575,-0.9906068811092088,-1.367131561083108,-0.4981329649911954,-0.19178737075104338,-2.411781306689675,1.0761967243848205,-0.06596978286478296,-1.0883006300469082,0.5537870879857819,-0.08614994023884301,-0.6186603236246503,-0.5701646663014154,0.01235945688215868,0.6599229457356781
0.2896884001008101,0.21030110290149395,-1.9375009731277828,1.7082428979980173,0.1138142938909627,-0.7528215447312058,-0.22812950933699705,-0.03044321545593112,0.5898189055128668,1.0205752220069868,0.16813231886094163,-0.5152981214937324,0.5025236622372282,0.4407489829446227,-0.5924381256669339,-0.5552441206349947,-0.6627013603358555,-0.7041820376086354,-0.17300492875495757,0.16083438780521161,0.627102600820596,-2.5208602119441665,-1.0927859017293668,0.27315786521512025,-0.4147020529927547,0.7778296681544549,0.9008406756310089,0.20172876727545083,0.8569886287203525,0.4921676974091593,-1.311926643197844,-1.7339248786029418,0.7404356321694419,1.4558809044416376,0.35786299022865264,-0.8924211901416811,-1.550884046647258,-0.01256795726791269,0.6795416921231426,0.8844516550771634,-0.7639263996463135,-1.1422279279539818,-1.0635803220943685,-0.23407097926035447,0.5678858240441981,0.5235024280312038,1.1445319100415512,-0.6112202073565827,0.6530550586476792,-0.43695616333901316
0.6099771719834044,-0.8706389504523343,-1.4118622603636364,0.5370285088092238,0.07376364135737323,0.1617519829123658,1.1046689095249163,-0.780020739138417,0.6561315641623313,0.6314413407017567,0.3642423670715409,-1.1120359114084903,0.39367019143448,0.46799997767092927,1.0527883008317085,0.4117632247149226,-0.600035472266457,0.15063457217442217,-0.15381779863945674,-0.2154702054615272,-0.9813589309100944,-1.4528064311959386,0.3462244490816366,0.24133155381980947,-0.00030304272113216673,0.6539670675825816,-1.2210885171039967,-0.5122115795491445,-0.5978622387441946,-0.7731389375707032,-1.0836697767471255,-0.6559285510647149,0.8235576953445873,0.8059797807559911,-0.7833023613250579,-1.5956660420838389,-0.8253188181049689,-0.7716599356459316,-0.3483233620709658,-1.9861236635083688,-0.17505025392574003,1.0233566792257562,-0.46403190819395024,-0.33891729031213286,-0.2347965055503026,0.041184458046495113,-1.6100913991506796,1.2867140450120769,1.1601486614078487,0.33077930946637873
-0.8568856709953079,-1.2195240008018493,1.1147797761624618,-0.1478391918065777,-0.3219956833568236,-0.7969713420515311,0.5527080891989233,0.04632947300456877,1.7621156401874554,-0.7541432012717331,-0.29562368115763515,0.6835294457190544,0.46779165956733604,1.9619947965024336,0.4936352664673728,-1.5931355488781545,-0.4237629494576533,1.4650805720863047,-2.2775948659116714,-0.24674763648180514,1.0997324954125292,-1.0381315508340112,-0.8303714057321021,0.6554516866687891,1.7512431816654008,1.2943716346360952,0.20278761423115085,0.1976068388223235,-0.6977406627007977,0.029850595459394308,-0.739970212095486,-0.7076802028553832,-1.2961387485770006,-2.1755775657725023,-1.4522522443868506,0.6180477800803469,-2.0251346382389537,-0.9611400899206543,0.12744296843525255,-0.1294011959024245,0.08103354545104235,-0.7181209777796009,-0.6264201971489228,0.0054693295056745415,-0.7421360485092824,-1.2093929328092037,0.41875379377843497,1.4496500197519138,0.01584889808111595,0.97140905579478
2.2874975948530487,0.7310764476912011,2.395034985798353,0.1139440926290986,1.7113641552741405,-0.13613828869659486,-0.4968849707406591,0.8424849454920722,-0.4779037645786381,-2.289061317557003,-0.7957823268564871,-2.2929000054180255,0.7186046628229985,-0.09691432331616341,1.2722318220351245,0.6147044395646892,0.5902336472377069,1.0754660797004822,-0.05767973416942434,-1.6102977996075942,-1.6000151884713811,1.4507294821978238,-0.5442493196656573,-1.1998342753717472,-0.25204486437714635,-1.1893719125199045,1.1293467142323548,-2.385914891244255,0.7034358836441683,0.5443140908491597,2.9161278629711327,-1.3303419254018263,0.1791097532307676,-2.407293844471151,-0.1798453388895741,1.7605795063963146,-0.26745578782168394,-0.6761140338255458,0.12820903894103064,0.6004414033565906,-1.2105689263766173,-0.21920584365965393,-0.7338316035101065,-0.3070902284587911,-1.5516672532839697,0.4668927308632503,-0.6222709090071529,-0.47223759569966645,-0.27252309784420264,0.6465625271946304
-2.0613294610804656,-2.606682334506786,0.10939140492629199,1.4511904190323557,0.4670965185100497,1.1229915013697231,-0.3427201800968586,1.6510261738855416,-1.302502533092857,0.01241470147826495,1.4448909611070313,1.7928295688980977,-2.239037322794093,-1.8616850554820563,0.28968788477632595,-0.8495101864207227,0.26555792349098456,-1.6761815478933701,1.5933711487064814,2.6168662635560866,0.569251933454064,2.385651864361085,-1.1744578311367775,-0.2595969402402219,-1.1165498102260851,-2.1942667329124785,-1.303014258790797,2.7307268254014496,-2.0573959839303244,0.6271994540201797,-0.37434009514157723,0.6016166290539825,2.0289047471598907,0.8803657440771854,1.6797747701229102,-1.1420008671501494,2.664420216027328,2.602832744637021,0.8368554898243343,-2.279687695968201,0.201804121410715,-2.0962956871522196,2.351429604668185,0.9153035503240605,1.011614086129748,-1.96335730960415,-0.12259613056805548,-0.7299944934249752,-0.5069470555690103,0.2705255158305422
-0.885503126900007,-0.8446825494618952,1.100227995568586,-0.20945062505060005,0.4389116661394352,-0.08269021214309402,0.7282349807751531,0.32987877500950474,0.5287390703354359,-0.004534600258832839,-0.8089014779563123,2.172980651049405,1.1340459472650806,-0.7337356119387604,0.587180944359998,-0.9746632108976572,0.5725118484063068,-1.104728219011579,0.568700911593246,0.433750138491993,1.3658620572233358,-0.9689974774978495,-0.3078465455150088,0.6017038864613528,-0.740717130120554,-0.3173608148245404,-1.6514734073412571,0.7192175239103195,-1.0535780748821564,-0.5572911593600313,-0.22608283800353562,0.7614796409047263,0.21762697439810655,-2.1812940407914962,-0.5302622950789715,0.725698534568764,0.9858721751257897,-0.01999841438254022,1.3945947210749923,-0.3493812531033606,-0.5321400192908439,-0.13336253862169636,-1.4358960240112772,0.6585141545000527,-0.15659462449218245,0.20655475021337072,-0.07355277451083923,-0.7129313114257606,-0.31842948727750386,-0.10221158364082283
-1.061964895610167,-1.646539292335089,1.007630935865843,-0.09625775641539702,1.1024011526877342,1.6661645500853735,0.40497634507536073,-0.3499102481942791,-0.28842026320058256,-1.951971256957359,0.5639682761145993,0.6198191537772082,-0.2678450487933643,-0.7252120643811729,-0.06871797204356578,-1.544992197430083,1.1761774212605698,1.922077314226268,-1.4272897525001023,0.2603270884595848,-1.1196746701951101,0.33460135158052856,-0.2298988174201755,-0.08541034344251096,-0.24131484031090455,0.940900234148047,-1.0806307219883509,0.425482179275902,-0.9588575197705137,-0.8125545940511519,1.6063304138392773,-1.5744194100988484,1.2064115771312451,-0.41528286497678435,-0.38647635972360445,-0.09528639458150734,0.7906287252743628,0.3923152618277144,-1.825902895030958,-2.5032865119307597,-0.2282420161179675,-1.3523772216050878,0.49959074789316593,0.8695734814194999,-1.2754331600744633,0.5586048805310179,-1.5537855237513765,1.1217455885433438,0.7028067270788526,-0.22703688014916798
0.0693000177777542,-0.5418528015004687,-0.705621207883694,-1.1806297589435812,-0.8981096134189488,0.24359623251847762,-0.08472017031055343,0.28985955144180536,-0.6594012687799375,0.615315893511409,0.4488553877586781,-0.16785998228068372,-0.4549831680929141,1.1055710722884675,-1.530805842632829,-0.15428550917173148,0.23707584985402505,-2.130148568266489,0.5661754934838227,0.8045950359781986,-0.4139806462671375,-0.7579456596835896,-0.7794380983625624,-0.23449063477921742,0.2842370323194032,0.7191980634591997,-1.1081409562919426,-0.2485703362498624,-0.8197847601596753,2.676757062389256,0.3657682755778282,0.8997576500375365,0.355475220428763,0.22825800622279888,-0.6789108474108948,-0.9354068487769097,-1.4586376358027189,-0.45274904023722234,2.4652289429418013,-0.6837924956030001,1.6463832279154977,-0.05386565751240149,0.6394885996037455,-0.01912096368980114,1.2853592654471524,0.1924209587824857,-0.9461100701977422,-0.8431875708401115,-1.790106471214373,1.4539464827305366
1.2050288114267549,0.6909230675799055,-0.2828808239854273,-0.8139499721963864,0.21793990226124887,-0.03659074809368065,0.6876743014011371,-0.17286383712597686,-0.6750057159776958,-0.06497845727299884,-0.1711614195732319,-1.344697953295354,-0.36327386903042874,0.24626924901720335,-0.8282016403176223,0.7621211726111363,-1.5820851574815757,-0.6858300996635265,1.3199436706208463,-0.6100987619523085,1.2561381725005094,0.8024644047475415,1.7539150505391117,-3.4172650763964767,1.1857171200395757,-0.6750258371668311,-0.4595229328858809,0.39533801386540585,0.19128833224160685,0.277713302283389,-0.44654142989317164,1.1704975531479167,-0.3340768669940888,-0.9075463441865382,-0.4055722934417378,0.04681137110425612,-0.0747029093960676,-1.126754787878528,-0.45099468216095595,1.1336283435469139,0.810784181149615,2.744629688837397,0.34106907764342403,-0.4863299345263822,0.5236186356585486,-0.790944062995233,0.32812849302979075,0.06261636795223238,-0.4607515991595607,0.007989057765834098
0.0827672650303718,-0.39146530183881445,0.43675612515976975,-0.19345821962080628,-0.758803734225755,0.12160163638847844,0.4202870208073164,0.12660639710536717,-0.18326309588429138,-0.039944910202805495,0.44732171918751595,-0.5224415007802218,-0.4770831394045988,-1.754816461134146,-1.6382086233519262,-0.08227359020120545,-0.7214943041208097,-0.4581797562704061,-0.1844018047162811,0.005017162009734454,0.9416916273939726,-0.485010192199002,-1.184899307603801,0.49911628796892865,-2.197328903473133,-0.26456078022235285,-0.48473726370488934,0.980370553781689,0.1672872294555448,-0.39312023548766656,0.18794426960198168,0.6059155807136702,1.094183743326378,0.9156038646114086,1.0876558174839839,-0.41434605019523085,1.1892138103482153,0.7266010944106592,0.5982046882886759,-0.8997883637749743,0.5934723463810284,-1.699689948606911,0.5084463515171779,0.19374564517451698,0.13670015366264363,-0.1673965737029375,-0.8226144217345541,-0.6772534500764615,-0.607302127303914,-1.3433000247001148
-0.06775517651840286,-0.040324764355525615,-1.822712507885277,1.2519903293072425,1.8259360815069845,1.9113081629340416,-0.22134894799414825,1.583144233732594,-2.0526266867854335,2.242809885084114,0.9107795730945993,0.6795971185485445,-0.5544196826218671,-0.22257930312951682,1.2522007402040247,0.012798647486229475,0.06958146961282845,-0.9107999190053473,1.335924241414376,-0.4599569789899074,0.8153687350482463,-0.06514192462078419,0.02911798557508099,1.5389161964755946,0.35524353307531314,-1.9443706753948098,0.45298868723309244,1.1423917645480675,1.781538515466475,-1.3368790600490839,-0.7627498579048426,-0.25779355020673206,0.3416616709282675,0.7368384234832543,1.7265562027506822,-0.15597039825604447,-0.6206531985208158,0.6303328246684167,-0.9894458659457223,0.3222995272712479,0.2134785753491396,0.8487304937195435,1.1631286686479148,-1.5752467865957962,2.072319307369331,-2.3123989430661616,-0.41413437868914943,-1.4471083325315945,1.0212729090855404,0.2048883606243626
-1.5073845146742455,-0.04714806782062408,0.5530905619874644,-1.3787533662597724,-1.408642188426817,-0.018230443759450675,0.40516085204236973,-1.4838381697915808,1.3200530145809692,-0.17917132596175467,0.9649981351574682,1.0032953876774666,-0.6105351672888911,-1.4418908865930942,-1.6127462590085,-0.007394249153644381,-1.9722100220802694,-1.4158943593942865,-0.4849012391109658,2.306040213518987,0.7424576845076987,0.5300551326571857,-0.1973210929968453,0.13660498449052433,1.2124589865902773,1.0685874010098744,-0.28751261646413256,1.5140255088949373,-1.1825112386433307,-0.46892482834299093,-1.713548181806526,1.3557828235833547,-0.47596097050817804,0.40786155262024254,1.5345545367462057,-0.045537791944695066,0.7469635668412062,1.5908066053015566,1.1449740988617938,-0.7859229594543148,1.3066817199151515,-0.06785829417585315,1.1679846366101558,1.2184525660228183,0.03466959433312044,-0.3810855776059581,0.6648456483793971,-0.6075772668619425,-1.4691592879321154,-1.323372144742679
0.1894227123795079,-1.099894154427545,0.15382824794557332,-0.2772875979993235,-1.9149191691297591,-1.1853723359499395,1.5201027759697043,-1.0450114285849337,1.5456877235455027,-0.5409602433581059,-0.8126156385092819,-0.3599678111282097,0.7475681358844395,-1.2948862585684204,-1.345106073615421,-1.381312600051014,-0.4501878520585892,0.29864086668551826,0.04279291163093494,-0.8116596878220323,-0.551793958782035,-0.12194083910559121,0.47840621672453326,1.1497045645289192,-1.4493913808859336,0.661754561248573,-0.8858867946122126,0.425278375782931,0.33812743619205676,-0.9731044392723248,0.8207139036483992,-1.499645816589305,0.7702477701256388,0.009441419003588804,-1.144003213967445,0.6944320310293599,1.0516077035071365,0.18272451255471264,0.6739522853192581,1.0216426786490944,-1.251719961900301,0.740136910136153,-0.21293125528973142,0.7304566072171962,-0.7272133800532783,-0.6459185552272415,-0.029801619414099582,1.437036008015054,-1.4960252649576584,-0.801314887062796
0.16075136453383682,2.129072009177978,0.6288869523474758,-0.667549884864172,0.025607864525996123,-0.807004393441244,-1.6183654798972138,-1.5460580362054595,0.5012045875629964,-1.3752623307739003,-0.984041484998689,-1.5454610444690742,1.2313148938792506,0.4804544963172378,-0.9370719913953663,2.005232417496568,-0.11229724729762755,2.195227830276857,-0.6720252371150787,1.0982310074169017,-0.8597375171242784,-0.3198024448157973,-0.18375005963676652,-1.4875749669598943,-0.31498630923228416,0.20581568958088006,0.8188494127988074,-1.6961943234667487,0.1657998007889555,1.0713897353305655,1.8997669560921506,0.29533134857565024,-1.223450591310641,-1.0010002502202229,0.32760433511975895,1.3441945689551016,-0.18455184496724159,-0.479043263163776,-0.7349057110172328,2.1980033387161386,0.558211023685517,1.799562270823345,-1.5342488483985894,-0.8118889591025666,-2.2208002176152957,-0.14285079228266317,1.9368309452663437,0.054970917965549114,2.277454339413681,0.5430782403299229
-0.4174962460857785,-0.13246376946993182,1.7782429434915954,0.0038477944112328155,-1.9488732842181116,0.7035766318112268,0.32224039025854206,-0.22295231222172474,-0.9107123711865759,-0.3675919911302037,-0.2883322172569966,-0.5969784421117689,0.18511397577852554,-1.9963162041888625,-0.6020522159067296,0.34945941644942474,-1.4747202569600915,-2.5026962114661067,1.228295471722253,-0.09155883846173556,0.17232926554669753,-0.7416769953893754,0.27387948126877204,-0.14243569305948578,-0.7903898036957964,-0.186014958201163,-2.003707711317287,0.38335989561556627,-2.3010410061594713,-0.33101393180987504,0.9798615297338511,-0.6338030207927674,0.8998007932572787,-1.0500210442380722,0.9211211589776426,1.4939702383430875,2.0558234963142334,0.2966803839223396,2.1474195969394234,-0.3613829332104515,-1.2386400203428265,-2.4058693396924244,0.7285583439019477,-1.215793072479355,0.7839929502238322,-1.515022061494351,0.02259336591244442,-1.8129179569912757,-1.2228535283656663,-2.3334304174630445
0.4781272405785263,-0.5419598864822545,1.3785921507950405,0.2733838978469981,-0.5319579174827634,0.14065411881636652,-0.06968928537948452,-0.35095993432559885,-0.6575305617449361,-1.054972490193968,-2.1358654262347003,-0.645304200643781,2.567244432680485,0.2420426049204269,0.04195339039571974,-0.13021535308712515,0.07568030930817878,0.6611301521921755,0.9054396512121288,-0.6316285773613066,-0.2118995085057557,-1.6843161382568042,0.6375587125241046,1.7791339669526964,-1.0683406857422264,-1.0768923143605913,-0.8476656856555539,-0.669133287536129,-0.6093823106143667,-0.23438119466371354,0.5760902859588684,-1.5462573410739622,0.7593952154286036,-1.5343857511058683,-1.1304935174933703,0.15195904256753004,-0.4605805628520012,-1.2323487671457347,-1.1044589223861163,-1.4060891063710879,-1.4379593999154565,1.316204309275505,-2.4841669754385656,0.9041361767169925,-1.084819772866553,0.15761691290899463,-0.014758982466775414,1.7407282304542135,0.21250112112184577,1.940751788835179
-0.7207138541899234,-0.4432649701905369,1.746122452863351,-0.7074777140197454,-0.15515841664926966,1.1333601131546256,-0.26901548471852454,0.24303144880117097,-0.5089984616423009,-1.3359694484748459,-1.0254148918773558,-0.007104047824507457,1.1487915864943055,-0.5565938676703726,-1.4433646102764601,-0.1545140749340361,0.7342954400909407,1.0016420190312305,-1.351124558662691,1.0997472077775299,-0.27639432515300205,0.08573560467221503,-1.4213148106994646,-0.13056407102134346,0.48112099838519296,0.7593713566161114,-0.5203821506774688,-0.6098653469260694,0.3772329006053005,0.9707856781925056,2.215372311793522,0.5392674748793513,-0.7610147651440202,-1.858155426518875,0.19026739670963358,1.500316174030832,-0.06577650413355925,0.007826851948628897,0.1672188886595625,-0.11946187015860232,-1.0881987363591779,-0.5104508604995902,-1.0275788819646152,0.502299811876669,-1.0455581118748247,0.5614636588664718,-0.236747037440146,1.392103073208583,0.8273840431701276,0.1950165609126461
0.731038615950768,0.3016319366167335,-0.6677230944797543,-0.2222382715213313,1.6155379781225112,0.9109478347858793,-0.3109920061886096,1.2143610290095874,-0.5542463804890949,-0.2869545124131913,0.5196499156776174,-0.03646202049601721,-0.4419894021320395,2.5833758533257907,1.257632364678344,0.8218827948175732,1.4070534799060386,-1.1567757798915301,-1.3846607433756102,0.2620421333916351,-1.6784770845535006,-0.7546478342649002,-0.9136308957095404,-1.4657920146002736,1.3474035662354094,2.1900700700438813,-0.9731275562171855,-1.799416515572624,-0.6736378536438783,0.2797133687468225,0.978293016856783,-0.405118296510955,0.13255126947106807,-0.9097214048362484,-1.315169836648197,-0.5366398620284074,-2.507245945132663,-1.438046550011281,1.0318748957269164,0.81460751218245,2.159502127695417,-2.2773312782631545,0.5751905208201106,-0.463185796183443,0.21069597064704934,0.7926510969394952,0.5367763343672866,1.0780018494116959,-1.102264660805492,1.633612333331415
-0.18654664682357763,-0.9053194987760891,2.4836001314435032,-1.7142906513458924,0.41025605361763184,-1.602138960333622,2.142387399191871,0.6960520403035689,2.1524072420424325,-1.9389165702812086,-2.5396752868916006,0.5789294534017966,2.589368633191506,1.768316258710883,-0.1756937633951485,-2.006955336096319,0.5164706730871863,2.2044995320239487,-1.6240143670722993,-1.1010900601684106,0.6174956594323633,-1.428686150807993,0.588749779177069,0.8506499842827557,2.167744022856655,1.1544432607127144,1.7838495627065742,-0.9650909410760892,1.3422288461356309,1.2708815749763507,1.3188958978044851,0.015253346278967964,-1.9776869609001329,-1.6119929229112577,-3.2118939452169157,1.9942998047842226,-1.6633473474694482,-2.3843687603867356,-0.7800767952335378,1.3277499052229758,0.46468701025560066,1.86761688137393,-2.448068523033684,1.550835368297208,-2.401852704095271,-0.20724280576807422,1.8442646935237554,1.0030532035542379,-0.5020014882876681,-0.9650666691610683
-1.1660968809073833,-0.20141176188726823,-0.194378141785462,0.33219289489580783,0.23197716146227518,-1.0010418137593293,0.4746695035720656,-1.4700406477943158,0.6124070524827597,-0.18158504137594553,0.8134885173593155,0.393702223087441,-0.5266027890381012,-0.5569482210070349,0.6115727817437572,-0.544834502844059,0.6656951406321482,-0.6488085537484368,0.16371391661108825,0.31933047135689946,-0.6529821677975577,-0.4572961991115449,-0.7230097674761535,0.384005526939859,0.4900254016146449,0.41514974162006174,-1.0045388336262917,0.9990405362633173,-0.2202621029672863,0.5289566848060376,-1.0706082417301044,-0.3481274594859673,1.1905470579632802,0.34561280069232975,1.0664101359646707,-1.324614919854851,0.7480756452710446,1.5092897498280067,1.2713716181548789,-0.9180948207789617,0.8221725862172768,-0.30837403221038967,-0.21141682329821138,-0.12076624006834129,-0.3635104749249548,0.9109357535378033,0.38478910171745395,0.743337931880687,-0.7483194413626633,-1.2280379617561932
1.0151825120823752,-0.21625640706623717,-0.8590165292176414,-0.3799203544306722,1.1154210217553846,-0.5188305009094402,0.29536996002443416,-0.3684878830480412,1.1827265532748086,-0.44740428311782404,0.9465661694907179,-0.20261359263281511,-1.022073568866122,0.5166552843051535,1.5580035820688891,0.2967728032216804,-1.9223418550142009,-0.08936040808175683,-0.24932616269898433,-0.7637680763564147,-0.5987116453512027,0.7188514581245631,1.3151414600138394,1.2185144853954064,0.7489086947365349,0.0638116029831408,-1.9410032858962694,1.2505465355249763,-2.331637217779953,2.3341799953884546,-0.36634692832150134,0.5344964178960617,1.7750475981027447,2.255623795864656,0.33321581518638976,-1.8481774617318163,0.6575067606746838,0.2163222689992396,-0.6070419245433917,-0.08016967007527505,-0.2681646541400197,-0.06084700762240462,0.9662633126210827,-0.08746632818399086,-0.5377705070979318,-0.6710176788981829,1.052794948951014,0.4213090136764166,0.3192741828067365,-0.3279496230125077
0.541273363902315,-0.6105666692698422,-2.480030178544942,0.2490445876055497,0.49287499732771667,-0.12177953863296433,-1.8491553003458452,0.892521135298785,0.8038685420951298,2.2236386152455863,1.0780778255038486,-0.3000476288817593,-1.3737200009975807,-0.6269621169640524,0.30014662743263354,1.436961780691235,0.955460070224624,-1.0230738408292444,1.3383853606018203,0.5878139784228312,-0.3769904719823421,0.06460607809462778,-1.0804440750571427,-0.9405545803328907,-0.5645164425444862,-0.8870081521106392,0.32344897582616877,0.04200779676571707,-0.6124819539019576,0.13670143455585887,-0.49323291420110776,0.18464732654714583,1.456735822908211,1.0665807058903625,0.6610871559392979,-3.0104612691741943,-1.2503587847952666,0.19605061091773693,1.3168002554402776,-1.895842386957028,-0.798284290102462,0.10043389045905557,0.9380848532887551,-0.8605663488063738,0.8835189097824394,-0.06239999447812077,-2.0443247470001293,-0.30180408203396314,1.2430080302788844,0.820383203291886
-1.3873831848889528,0.29473129241743656,1.0509091182199952,-0.17142593913234586,-0.6765423330037547,-0.7886471946723649,-0.14523274548241416,0.360635483928522,0.3456087122654807,-0.5231618921416169,0.06191517354172597,1.3230727469895451,-0.4296938969809473,-0.9111831181508021,-0.8125194377985412,-0.49901628557600153,1.2726025220420163,-0.8558530653264503,-1.0401700202382222,1.933684494937445,-1.782007582315142,0.3437954898355474,-0.7896050483372127,0.10412253082981357,0.3784017405511402,0.6828019435385401,-0.14555562821745352,-0.0096515661375383,-1.3781961548227966,-0.12356779021989114,-0.3536285594629605,0.8898227054162845,-0.47046606987839457,-0.4877802027789175,-0.3379775926141732,0.551006024457226,0.872940154342991,0.4489213107782299,1.5023940304043064,0.36900521155403,1.1641573414517994,-2.3749818569142365,0.7796815097730667,-1.1549771619909186,0.19353593424926951,0.6941069247168784,0.3419246699537161,0.6198018320329961,-2.215143714833175,-1.1753435015025289
0.45382498341591004,0.18750682278243427,1.1603609313874634,-0.39206022695104686,1.3584593382988652,0.24590504212175363,-0.9348509088070117,0.777893086345766,0.9126093888349646,-0.4538363817722078,-1.2017971293333702,0.001091273073386598,0.6603866078103166,0.5799823276064392,0.18834191036854459,0.6919492513870509,-0.36893535947416883,2.113115000454768,0.13718229758087608,-0.10042285853611592,-0.1059969680929872,1.3250108990826577,0.8676061966875929,-0.476228183491392,-1.0964124615354205,-1.3111800995176461,2.2485615286654776,-1.3739722751084777,1.5427358460673588,-1.8577910781842453,0.8126300902905033,-1.2503861656001953,-0.3022698358286004,-2.3093200582618434,-0.19767983838670214,0.9822629347341457,-0.31173822917065,-1.0079160309939774,-2.015587794269882,-0.2456582929695852,-0.9448497156366871,1.8143815851902652,0.15112769443427135,-0.2475766380464352,-1.2612041904209448,-0.20196081148363398,-0.14611112990967484,-0.2897810476255423,3.15691788353822,2.0905095535811697
1.6106254546912044,0.4743029072188257,1.7039027713148704,-1.3728810785052448,0.8129037350345011,-2.5552538374587526,-0.48407546972467674,-0.26048335455492366,2.3811861795511833,-1.434604103613174,-0.013266266892939891,-1.3961561254989785,-0.013506962547066462,1.1027464987531452,-0.04244612736659273,0.7546971250707628,0.7100193909081933,0.4937044569924453,-0.8004151535267151,-0.9036416619996908,-0.6386410406627282,-0.5296067625933312,-0.0751938660680476,-1.2427010127175024,2.177607829969126,0.8804566916754025,-0.3675445297052181,-2.304539723869015,0.4786600829896047,2.0387126198865033,1.2520110724524594,-0.7161008583827804,0.08009215450482882,-1.079923223769051,-0.2777871384459621,0.930175258016049,-1.1924779957840383,-1.5638700458266184,1.1824607646188332,0.20441043295479686,-0.19464289589408587,-0.08305134935265447,-0.615820691068462,-0.4961212735530202,-0.49985464230939164,-0.138747265070852,1.3240077926738185,-0.8764845946069003,1.3257076250954605,0.3652278931945431
-0.7857158776227722,-0.4891803919321087,1.5903930279091194,-0.6607667963782874,0.570775138201555,-2.0301898261091837,0.8498400376768851,-0.8666852242471685,1.6357629474434938,-1.4485593285732399,0.47524699975082674,1.8579764110536683,-1.3012814238401045,-1.1358076911992905,0.1083594445095559,-0.5004339685510109,-0.26007240849045465,-0.04458141181543764,0.17866573467521205,0.39380481199582545,0.13228518071184187,-0.035324070326014353,0.5041135338702094,0.5664817262656803,-1.1101380501228983,-0.3754455682353233,-1.0130494330394562,1.6525255449026681,-1.7842714747111974,-0.08477332302914782,1.7002863606541754,-0.23518938710568074,1.0472506227429272,-1.956266128799763,0.662576264152499,-0.48927810696727125,2.3387057965956557,1.1146347184498646,1.0422252936932839,-0.9972440681890452,0.5370966821337322,-0.4986251747930243,1.2352297754462018,-0.5953453153278343,-0.4762844088905945,-0.7642310502164603,-1.2973058476264578,0.3119170294835266,1.1581494376890025,-0.05048637205686627
-0.04318459365132609,-0.6238405047674724,-1.2294253751310475,0.019432638258892368,0.23965726818430164,-0.6679238448422781,0.8611550732880363,-0.8998418403852533,1.4405310465244419,-0.2706038972469268,1.0240139499231908,-0.12314147618523036,-1.0554287951536683,-0.6847073865385127,-0.31378562345157957,-1.339342325065647,-0.19686142526361686,0.019780548992637717,-0.20162954137928057,0.024735894625659123,0.0900439100931651,-0.9995588511149284,-0.7829995737625002,0.8486121572966132,-1.508437640418669,-0.10532878582835148,-0.5166847036653728,2.473086285366371,-0.5996488736518262,0.5716484916257033,-1.9663981144707636,-0.9539329317263086,2.4687111891260094,-0.08229325732976689,1.475080008250946,-2.056296396573722,0.5902705720740148,1.7549837438328821,0.5619626608107684,-0.4392310880171684,-1.2356530887301034,-1.1212230440667363,0.343340711368477,0.37190744533005954,0.0076715088892691284,-1.098860403161854,2.150248246636054,0.09074857673901471,0.12686223361061352,-0.28972688866345486
0.30300399164515185,-0.7421374350213543,-0.6407712706215879,0.6533200594827514,0.5321686791916189,-0.12897951649385173,0.8884969671453109,1.0232893836619523,-0.8636245943328201,1.0144405318790717,-0.30623603047507214,-1.4642284119285167,0.8103663073418089,0.4381518178336699,0.4625615898905162,-0.7245225180820184,-1.0709744836588653,-0.057443347510921734,0.3300534698574458,-0.1308165437972396,0.3450079025043353,-1.896243839043516,0.6016629942664424,1.0429885886387367,-0.7847271979631198,-0.7712313017995155,-0.8472740169969338,0.6021026466590536,0.17921029679949638,-0.8138385141285326,0.7072303465531194,0.2007648298199061,0.28267172463456347,0.019710488182988366,-0.3161301981324116,-0.5500418457997867,0.4010321453786193,-0.5364343153070488,-1.0165511699069405,-0.21051704054987558,-0.5484730590424599,0.5951606685352151,-1.0452905580273666,1.5310563152929928,0.8059516322820557,-1.1338445467941918,0.5193325199078263,-0.08703627509144657,0.5617434917777201,-0.21264644833339505
1.7343958489989315,0.9619063548729769,-1.1780202688587995,0.3738045387362339,-0.38914859051944506,-0.08351882637299966,-0.6151360618863038,0.5169417134669426,0.028662287461896842,0.5685540527038838,0.22141682353434555,-1.5087376434238697,-0.8260856328603936,0.7972502800883106,-0.3061322843641091,1.1340863573316726,-0.1869806735247603,0.5819421265811419,-0.9152333206357696,-1.9820666116427923,1.5206338250623186,0.3294676188474906,0.12202543984899185,-0.24143063912699486,0.5490037219779372,-0.09188003736301135,1.3657186488046198,0.4293077731122631,1.914023788005177,-1.61576209206364,-1.3302669715513136,-0.9959913246125419,-0.3792959485082334,-1.4025271992318986,0.41375499818084815,0.21037235212066446,-1.1914252608049107,-0.2363306509614786,0.12709595738108065,1.4495005346348693,0.6750862935805332,-1.4630042618066836,0.8271382189195905,-0.35093682764811635,-1.0055146961362504,0.17785517940395698,1.8846978034294297,-0.9448862560687609,0.31987393593941044,2.0489038262467987
0.35468455271690763,-0.3691160421198411,-1.3176045386340907,-0.08467299571637402,-0.4686888069211531,1.3613731629874046,-0.6337035314803636,-0.8923353007916759,-1.073119097533059,0.8856292495207778,1.1613119845825566,0.06725437731852126,-0.704447953031132,-1.3614890465348426,-0.532115912690128,-0.029880594492676125,1.939383538257519,-0.27233441939764047,0.663428885262731,-0.6973967002369585,-0.6586904192155688,-0.30634435126401105,-0.6286994637939646,0.09708546974488426,-0.7886065482831088,0.37346999689239047,-1.735056375568317,0.9142193418689877,-0.36827922760084664,0.03088605581873942,2.489817113628986,-0.21372074555194615,1.615041115231668,1.3190383789800082,2.0131298551955026,-1.6440340546109333,1.8341052998518512,2.272457099393314,0.008605244444500218,0.6780725699088248,1.8071594721422355,-0.24198093118095249,1.0931821072592798,-0.3975029101409144,0.2380142897583008,2.226097914106596,1.2136437961465796,0.6359341892291717,0.10766494756752076,-1.3069945243671617
0.16263569353070584,-1.0532954361577316,-1.1126950337954886,-0.5463662160232987,-1.0327796784943384,0.13724592825524407,0.03936540164486486,0.4947680043995143,-0.07558397298461239,-0.07637075367993515,-0.18237739691219765,0.16806153079141375,0.6980748929428103,0.44136957975745184,-1.6877866641232848,0.3827285641198874,-1.017447764430003,-0.8482429547566798,0.6376902932893731,0.8269741761513695,2.430186996898153,-0.8620455297486649,1.2716232644594414,0.67045286875822,0.8676695427747171,-0.28079296618126554,-1.8490191830496303,1.6274064578030676,-1.6910857049043566,0.3988475978986219,-2.6410857441219204,-0.9991596972055501,1.5051446995668272,0.8072577969945808,0.11109713665421583,-1.81091766107157,-0.24901509758949467,-0.35344219365859325,-0.6981004472838754,-1.840259019190306,1.9719471100863206,1.1717555125742107,-0.7634379487538606,-0.557282583223229,0.4818171893012471,-1.177166819987139,-0.5067985878857966,1.2994331377862305,-1.012508214341612,1.0211442684802523
-0.3184959965740152,0.28605020254129543,0.5608019378627103,-0.662189203923322,0.6631112968565063,-0.27984003763939586,-1.7057626660430838,1.267934286665721,0.27037715325321204,0.003577443640344708,-0.22429405854474116,0.12555812900907468,0.4976905189822973,-0.24764923596683575,0.40999919397010354,1.0186868331988936,-0.3101811081189123,0.09334553012994373,-0.007291813695420592,1.0076659252140603,-0.4563569746236445,-0.01761606651308969,-0.05934133611561729,-1.6896239855431434,-0.73753942386027,0.038422603319541275,-1.4353688709510042,-1.2004612303167272,0.07868617843702823,0.5533359132340062,0.425663871371099,2.0553704757096596,-1.8673271902215445,1.1941251986286816,1.0068495160057098,1.6446184237951897,1.067125271081726,0.6362299626474859,-0.3084401323136224,1.4550568915348512,2.050011227503844,-0.5361245520066391,-0.8463450544525684,-0.4237678760239683,-0.530256440237864,0.3838699612861344,0.15978835752621912,0.5613365529668602,0.22460367886603544,-0.9945593417092429
-1.13587789363696,-0.2958714457125654,-1.015757779152218,-0.4083706158802846,0.30536411294542104,-0.16378873851721787,0.65995623031219,-0.796542147039061,-0.02105022083214528,2.027026651651183,1.7060940961867783,0.21548731161477816,-1.0867273257899985,0.3413696244353336,-0.8261788616657747,-0.6765592465564347,0.22886537500236337,-2.4435577917852354,1.881349553801337,0.13679481980841776,-2.5515443785986918,-0.18350257675889983,-1.0060631152031607,-0.5236041596033383,-0.5465717403826,1.0957927143536046,-0.32636374221305264,0.5927516372128727,-0.9844736412421748,-0.2978018626701955,0.04137026692364402,-0.30036221463578555,0.31600878319472553,1.558305149688967,1.117008144011733,-0.5029611905881113,0.8926849300606643,1.4118388901004884,2.4796426969450707,-0.5919173383834105,-0.48430902123291936,0.4354820326667663,0.6024451624412868,0.2809036674492366,2.875901295243164,1.0450031228903014,-0.26166784702177964,-0.10848918998972937,0.8860656522357381,-1.3556176440272996
0.16451158411270295,-0.39669269555888625,-0.6370800368452769,0.9175684858989044,0.9259578263783435,2.632567525329561,-0.22478155963268104,1.4762803570056977,-2.3360328418863046,-0.30928865925222054,-0.8718761654731474,-0.7214576326560024,1.0616121200908657,-0.25909998284965696,0.8844432887206646,0.548990157325196,0.2657705479799257,-0.5952703216660064,1.5368137204885597,-0.7318321847326481,-1.220480311878353,-0.42059383387344434,1.394089921426817,0.3057307722660471,-1.5839136993570704,-1.7313012841009359,-1.1727272673205198,-1.07903420322771,-0.6969146121965051,1.7219713941277723,0.4008827051742368,-0.8373255581856409,0.4487114078497064,0.503030572649648,1.286173230821084,0.8723654281483763,0.3252852446766743,0.7668377819359949,-0.39054599012712243,1.0309159693112462,-0.025822808089049777,0.7633200989522532,0.7358688730963947,-0.23454282916314062,-0.06565466821636429,0.4799422372183903,-1.4264800675056661,-0.8846681865492273,1.161742880416799,-1.0267111426183104
-0.44792251848949216,-0.642288410324156,0.011778164717639324,-0.07967690319574466,0.4154788063278457,-0.4408928371237484,1.256471388777569,-1.4708434855907386,0.2443488454345866,0.24787544564745972,0.18916951720575526,1.8208998729798844,-0.4323055120565572,2.658119815047605,1.13628742458318,-2.2668121908102092,1.5364093258209977,0.5330345270099373,-1.3754296246098656,-1.5608580275708892,0.2700040154154864,0.11650801124202799,-0.33784137635132805,1.8915557061766182,2.1922732133002953,1.1795306784191677,1.0658032173541372,-0.42097251627701643,1.512351357601407,-0.42142421764913224,1.1772281604875887,-0.8591103738251649,-1.5892360627506554,-1.2350057564902301,-2.0748532018372265,1.083604936090238,-2.2802714104138797,-0.9963703379776814,-0.16223517425485753,0.2866541418567563,-1.4498571524901678,0.12033689661317835,0.09659988469164436,2.0729899602057604,0.38069991611462206,0.3893831115034907,1.4667304768430491,-0.0682133774970393,-0.3732302765320737,2.318935488110212
-1.4010183040648991,-1.9349716937193155,-0.5712416850067463,-0.887072875343135,1.7709029061357027,-0.3943577712960209,0.7349449005770295,0.10424282183829595,0.7444176185668044,0.5059554136433155,0.7878041079962355,1.9556224739578103,-1.0927040690523777,0.5346556051041841,-0.05734025339150579,-2.0304533978446533,-1.2803148117261784,-0.4306830644535121,-0.10929066512477845,0.686775368586403,1.0381970888245688,0.6504586000334766,-0.014846579566952253,1.0634530235972046,1.232964262157954,0.5256186852591428,-1.168607349721197,1.7015089057336497,-0.7436015811370639,-2.8956626953635696,0.03275680785765933,-0.7592338813113589,-0.03538335334896813,-0.916434176671232,-0.18656005802399261,-1.04766668613057,-0.6800423749120583,-0.48418954137519443,-0.29699296344909765,-1.046065958711452,0.5070969877699448,-0.6742937595533925,1.3858408554236146,1.5004582476227917,0.0867220544643047,-0.47686481902903666,-0.2338019603880921,-0.8602309509265712,0.03531516883866167,0.9341893046924943
-0.7787478135265751,0.06425446133684247,-0.19567343973557957,-1.2368063729544034,-1.5083488872547068,-2.090987238379507,1.9671159351355956,-0.48835373345958083,1.9183203736655363,-0.40207522912945404,0.07267168433474883,1.1298032382828957,-0.5552515831590792,1.0733904445967624,-1.987808131344241,-1.1673984988630004,0.5526685274608636,-0.27378567191582437,-0.14235786549059345,-0.34202284715782644,0.7560233118369997,0.8267939421729776,-0.5800760516055754,0.6293519889397445,-1.9021051814406278,0.5179754372486737,1.3078309117597464,0.16687719272659693,1.168037947539113,0.9762692344447793,-1.1870276285535317,1.0939906261046215,-0.3343607527070979,-0.6704543731010189,-0.4388587453783428,0.21272935777044574,-0.5355797882067093,-0.015966795527187744,1.0480050260178804,-0.15882442922747003,-1.3510197073344754,-1.3388237592135894,-0.18961846139570043,1.3426255244300342,0.05311618236700441,-0.3327046402697492,0.323092023853206,-0.38641516868011977,-0.9143440357750915,1.3880729601362334
1.9164395498973665,0.3134084256063104,0.06735815754505332,-1.0977500960884476,0.8247369616633564,-0.8242279119461151,0.06186553972118505,-1.3630658263137105,0.5617112342992459,0.5306175045433679,-0.838204285612237,-1.2052123064888882,0.3569827651933929,1.2829722691697998,1.0596304926752547,-0.31437641113050485,-0.06148222373924513,-1.422187669722714,1.262461160009176,-2.0300776731017205,1.2196613482930143,0.11959306438778043,1.3016142356020874,1.700967025957914,0.0829899027873827,0.8198305124982616,-1.1472481000693386,-0.8370394455557708,-0.7360526651511499,1.8040395295924627,0.4012274251356774,-0.7477667611779053,0.6633611583074125,-0.25877566837225097,-1.7749907194836954,0.1739197462887809,-1.7437275992763162,-2.1499911957519444,1.4129657797620534,1.1019943390983467,1.0901437462978087,1.0027856158540123,-0.7785189864883129,-0.3343171137271299,1.0803346126120978,0.09500094751489138,0.5356064225493116,-0.9141808297535264,0.2224862937012856,1.3182996384881769
-0.38008264230833544,-2.005673390772187,0.4020046622843011,-0.12663514917826862,0.06111112662205336,0.987012093120133,0.9601944011958853,2.150757748091414,-0.6204800048567131,-0.16092345386826434,-0.24690661096951416,-0.05863560764840426,0.433018414202873,-0.34027986965369816,0.9548080319211611,-0.895323698895271,-0.7899002932032432,0.38164187494074925,-0.9472820290269218,0.1497288179968848,0.5988309266122517,0.14236967926249072,-1.2019756550461442,-0.0314206633950815,0.9868545583927496,-0.772824749055698,-0.421840687191042,0.28552527995318805,-1.0436821636247686,-2.139741606935278,0.12019755038244181,-0.17132571675336758,-0.06405866692331305,-0.5324782794332944,0.09183417544850384,1.229136917766468,0.26025905680408423,-0.1754820721246803,-0.5787313145673587,0.8770193486551794,-0.9219778273609337,-0.41090175718273825,0.37561961445354236,2.1307442443397404,-0.07030173565532373,-1.8860683216779428,1.4110269291218973,-0.5723513593811318,0.6296030485858838,-1.2247393795396517
-0.23676073823577456,-0.1555209871723798,-1.6840749213088217,0.3605997281702219,0.2984651074438446,0.09766389450600829,-0.9470298176944772,0.7862965011052744,-0.4482964572209533,1.3441945717159556,1.4568503109473203,0.018776361418106804,-1.3947310726186255,1.2799661711907906,0.07014110231359041,0.44476773181574536,0.5974912332257795,-1.645559332266458,0.9371149268163219,0.9335023413041702,-0.18946644356134298,-0.014738672486529469,-0.39094908181906024,-2.8819712195180864,1.7930781524764567,-0.36353356577099927,-0.7798608548683634,0.11556540941085418,-0.8164077070476384,0.38401231154433924,-1.444856158556442,0.045210987709338825,0.12506461800393415,1.4872879300184807,0.48717293593079175,-1.1948611963382403,-0.6713192002883341,0.24813496793888248,0.3595353935342722,0.8410201088681482,0.7675701331106181,0.2978046613935188,0.8765473108552612,0.3237182058921122,2.1161742644243446,0.47051894244209597,0.26220335327491995,-0.2828694089594712,-0.7267630466088097,0.1383270753169744
1.3716329190817227,1.0619746309007994,0.9301105720032351,-0.34472220829733563,1.394684062367431,-0.10452201537612102,-1.516802526658847,0.38083673852421024,0.12502392808478702,-1.5920127748662924,-1.647508007299352,-1.8263666601768933,1.7019880828586182,0.25493858126067664,0.26926929556097906,2.790712789952534,-0.921633045743916,1.5532741477009986,-0.038360940351223824,0.753751370112823,-0.0025375600551230744,0.1583715951848073,1.3212337162918002,-0.4786412053107923,-0.020937483863838334,-0.030778920432538492,0.7754418336565982,-1.5530081012485937,0.7924363057703991,-1.5398770812306686,0.3310570313817786,-0.9972724983910651,-0.49447164152772666,-1.2351896881036222,0.19335430824820524,0.6908522064534672,-0.05423502195474535,-0.7853634836416885,-2.2114245078973602,-0.9248195365040323,-0.46363044014536503,1.67099956869273,-1.3246252608462585,-1.8943893103017548,-2.530210717136426,0.11856909670096605,-0.6161973707537839,0.9382089801196133,-0.05478844940624816,0.23089943623893683
0.9334823487140754,0.6420470047743158,-1.0653929613145425,0.010064915553524647,0.7989553000530688,-0.091648475570714,-1.5141563149045787,0.1352250152777233,-0.22136039822189663,-0.029303250494677146,1.0553096734479213,0.15710428045728142,-0.59546840694172,0.18660423712197713,-0.11373297620525515,2.1623917662516594,-0.05289799077591773,-0.49035518109254955,-0.059689549535791316,0.49449785159441767,0.4115746688069755,-2.0463247901815613,-1.8818607365220337,-1.3376628065141007,-0.9788793576827164,0.10203465703410833,-1.015270316011367,0.3086296934522102,-1.250792212505814,1.1986117755130867,-0.5488418602667963,-0.9603521260147846,1.5150233990937727,0.11998691604510575,0.03512662625111525,-1.0814466375263996,-0.12347901133441193,0.27558067551351795,0.4242060396162486,-1.3255484644664621,-0.528300054776894,-1.289903758544582,0.41657273841461107,-1.0844432881248742,0.3217622606133,-0.5753557551435524,-0.11484018111307522,0.6309654596357998,0.1487289042006852,-0.6658143061137082
0.3587927931193897,-2.2110647187600616,0.06156085644467171,-0.0344818950468302,0.30441307925304284,0.14560229233606686,1.5700448506288252,2.0216232185029614,-0.46059695284164476,0.6778390185775044,-1.5474077599486675,-0.5404231646521548,1.305200198304413,1.8023617100731473,-0.6972239160909854,-2.813983177211278,-0.17373896486209295,-1.183588500009327,1.3260970205195362,-2.6719313781811134,-1.5215289422681266,-0.5103209468320689,0.9846400765675659,2.3741536329826634,0.3953477318577955,-0.5450540291136367,-0.7230681268850042,-1.1608537371865855,-0.27970843654401295,1.088827215624763,0.7241651724777632,-1.5578687689979573,0.6556577553927909,0.3340326032212309,-1.9549693263569103,-0.3338041208021198,-1.2796874273453054,-1.9111178874294406,0.7947441831045063,0.6865708263400253,0.5320755427853789,-0.17822896352893916,-0.5072376317157964,2.741434931307733,0.8930118674894598,1.3836212348294317,0.6776525436408157,-0.40025133294265636,-0.18205779114959772,1.4047249036425344
-2.013327086261363,-0.4784595729548354,-1.667812509335126,-1.159784767617278,-0.32226643060611754,-0.6787807077736944,-0.4182105052373211,-1.1778510813424017,0.158306028091326,0.6107786871459687,1.7955205365007327,2.559963712812633,-2.1589286317250598,-1.7204789021452866,-0.47463606875403996,-0.38373916491832755,-0.23229748275974674,-0.6085870812807855,0.1647714583824483,1.4193099305259316,0.38379077607819084,1.2468661942992776,0.18394056502355602,0.14966949154074002,-0.4141803601126433,0.2331206389880958,-0.9240288584735318,2.0943417131586326,-1.0374459877709337,0.4322773752996962,-1.457759305687154,1.7920661823182515,0.48882072260632337,1.2141874352676292,1.9079152237916521,-1.866201728215542,1.9961363630761686,2.6971717778957447,0.08702328351074513,-0.1759409896351355,2.1217277235147263,0.493179392165265,1.1025604363044315,-1.0390884207931543,0.45738521240167135,-0.08910448231731904,1.0623435580132645,-0.47267633807250053,-0.2664290205843222,-0.9993172644360253
0.8145332388946317,1.931002794179387,-1.2847754118451578,1.4680340453062495,-0.2488389644074165,0.5579894743294728,-1.1087405340252152,-1.527454178469494,-0.037840737683117694,1.0412277469406153,-0.23717603114528732,0.08861850578935082,0.6753211494174133,0.42486964881298106,-0.1958455668059245,0.031183476155893904,2.0940850260279946,-0.06458947220301889,-0.31090682432154054,-0.595462422973639,-0.08351086544004228,-1.6383264975771217,-1.3031308859866775,0.3500159777354193,-0.11654789969163969,0.6750303896253651,1.530280487191768,0.47971386273666544,1.7834695441183792,1.7244315842486848,0.3777592680805976,-0.02013219432538112,-0.8044516992346479,0.427624186549438,-0.022991947407304925,0.33124813317533464,-0.8660694992971119,-0.14637565144699027,0.7663568800334912,1.3526270953740707,-0.13561184345062613,-0.6297185089980151,-0.15226763234112048,-0.5026491930918332,-0.039582245528204246,0.22105803050893677,0.616822965281254,-0.47612450581409876,-0.0544134570918548,0.476348301786574
0.2973996498218797,-0.9609013645700748,0.5220212398963557,-1.0814288330166089,-0.28461268462979805,-0.4977626110211778,-0.8565815456740278,0.8156733905350744,-0.6345885254056145,0.3895790965465527,0.25114480987815974,-0.4398759530463834,0.3169288719747641,0.6579382567364289,-1.0405972949041082,1.1033567793639179,0.8554291326990585,-1.571245834725112,0.2555735991666471,0.7006509112827632,-1.2737043199206326,-0.27608947714939847,-0.47567743090101017,-0.04698318528191169,0.9191361805528188,0.9875044310208196,-2.2692393598556397,-1.4746000448780314,-2.196644721140591,0.8773459228299759,-0.1640617659935636,0.3666669210593684,0.6817753922829425,-0.4917216226094353,-0.4718680528753321,-1.0248450692210105,-0.8929816261518059,-0.42188543935622713,1.9090649654670384,-1.5198500359105314,0.003516174008322816,0.35301119802939124,-0.2989396825425167,-0.8614033403427693,1.2276524265139377,0.634347690785033,-0.14020700613269552,0.41861163074773045,-1.5948232106487383,0.9407381357352735
0.16081490397911444,1.4843928106050859,0.5161799812253384,-1.777560969326008,-0.8330505958476724,-1.6858265751023591,-0.7262005410292293,-1.3492540073076367,1.8226546701034037,-1.166277214228926,-0.21113192869095737,0.19637511465157967,0.035462770295786886,0.0608052787475154,-2.304726391949842,0.18043216009055485,0.4413738641393658,1.0701648277798104,-2.041711276400964,-0.39951849543010093,0.6935024305800862,-1.482950339335045,-0.6112817502081153,-1.1439742160572564,0.7845678898658334,2.9040476560539976,1.932251357238701,-1.4487883639356582,0.9779147986239585,0.03561800412938916,0.12598837488435533,1.4287652593874984,-2.2732155820118782,0.34325014496972894,-0.7721521658801338,1.0235203365051089,-0.7303104913294323,-1.2863755532797918,0.9554048584458091,0.7164271192842143,1.965393915970802,-1.0134419807799748,-0.9544260739869554,0.19265373436494507,-1.5879795879233307,0.2987471240605135,1.105012231528051,-0.857447242381658,0.4256351430404999,-0.8610673505407787
0.9891675903836925,0.028548059842256546,0.5032837021213299,0.68891139439297,0.14385149965978894,0.5161212249710044,0.34430007688062725,0.8713012707048786,-1.5545948520308728,0.11340388446964439,-0.35875136643530187,0.14646016468252504,0.6416170114967067,0.21251929576804157,0.15697733218440327,0.5639634070911423,0.8299447449627143,0.7145008799026261,0.3072127874599799,-1.140706328635835,-0.731033851273054,-0.42022797468821604,-0.2526121889754518,-0.5155313678362508,1.4411365960103497,-0.7401826272669835,-0.39426141610614535,-1.3174476800967232,0.18356559019237662,-1.8584232775151555,0.001817052753500647,-2.015754873236095,0.47250503011859374,-0.3600080655165648,-0.05140592663619368,0.15722288642075927,-0.2001650173890204,-0.29434192653339375,-1.50229040880261,0.5888909883043696,1.4170740774558064,0.47810970182186663,-0.49168104602473645,-0.8567687484233651,0.09789295203614136,0.894035248672373,1.2184571210321662,-0.6069673644887472,1.2667708580937795,-0.5155635930212916
0.02594896725297921,0.10618499928189891,-1.4588094042210635,-1.0428199634654094,-0.2530105289525406,1.1595304691267356,-1.2338469213767287,-0.1372953367253902,-0.8094363748841361,1.3228449773712225,0.9537721746371098,0.10056195843799395,-0.3581160801466497,0.9995777064037298,-0.7838534835825767,0.50297728916675,-0.00021072801919644733,-0.22142500468863224,-0.5180546487572588,0.4129593412745341,-0.7914260026862063,-2.09801842346165,0.2291342127859594,-1.4166734958294074,0.7257120027691393,1.7020440408979487,-1.469350700885589,0.13524100761390304,-0.8818836133832081,-0.1345163582546186,0.023701165275672082,-0.38735388611205535,0.32366000291123725,1.658805029009477,0.0642396087172845,-0.22891707442639164,-0.8252792385870541,0.5710399707444993,-1.2796519937655908,-0.10987456502769821,1.2656987926878094,-0.757222319080545,1.060842448803604,-0.2036842638047846,1.263310087001138,1.2440904802282684,1.243254636137646,2.992551103520488,-0.7534786876274,1.0104111619686367
-0.4244126309641046,-1.5378992909363918,0.5770917527758346,-0.7437339520428252,-1.1613186450954975,1.7657756126536155,0.8611866296681927,0.49890694471680164,-0.41399487874853075,-0.3131769040828292,-0.20179086767967877,0.3510148251558512,-0.02050722091396296,-1.2680851362098147,-1.360715081447025,-1.43009253448211,-2.1141131641889825,-1.5795168889271347,1.527567462356001,-0.5792468467053707,0.10009997105290616,-0.20375245334286157,0.5651867054501464,0.8288711651688989,0.23304705449229937,-1.420754137364258,-0.8482538064808227,1.004708041989152,-0.5318440959603403,0.9678996489870851,0.7648698449124094,0.10315432586935205,1.3867223096975672,0.9094015723332503,1.037876640965647,-0.14085952873438076,1.3919110194338886,0.7096386985100026,1.7752812775056481,-0.6099715601586192,-0.8314547730911507,0.9790494183919768,1.4154968828296701,0.963963843966695,0.7001640881915691,-0.7084123931318849,-1.6869112419801724,-2.7611285826387784,-0.7112043620003622,-1.042653751720473
-0.4715744068989186,-0.6118384469722262,0.3262183361772092,-0.3143695052374334,-0.44064292246055337,1.2221001516563774,0.4040776350822433,0.10445237294157972,-0.5634099874859143,-1.0520741642433815,-0.5777965130319861,-0.32971760128538136,0.29046646345575505,-1.0212490860374446,-0.3869776517846658,-0.15041942298967387,0.2559575589322628,0.8159667385262408,-1.069113660590481,1.8058133716838904,1.0274549686254624,0.8544571800173709,-0.786170911826132,0.38182795523756324,-0.16407923503649047,0.46697156567935355,-2.1441596984418254,0.4005411913579845,-0.9071013467067972,0.5483775361324016,-0.9168216242976291,-1.0067863395673646,0.17900479466316443,-0.39624878696115623,1.2362782187586512,1.4963626984337295,1.000379842368564,1.1236713127587727,-0.05718622760744691,0.9197429246909558,1.014555474958655,-1.3451312796271944,0.07546444837834192,-0.9096044333419048,-1.3830697643807752,-0.06915238884492636,-0.33739700649576304,0.8901523260703827,0.9399870720808462,0.7347239067949076
-1.0656823373767779,-0.8888752134169404,-0.08680205701405624,-0.8049230750029618,1.868536638738494,0.015135814849419078,3.4666851825103397,0.5892492158594362,-0.006552997436650225,-0.4231688884256271,1.1029334210567436,0.5824768346020981,-1.1044674251546118,1.752277218247532,1.5788880013307143,-2.3508363152040674,0.28632976549174266,0.2690055033569077,0.08985246831927172,-0.7570057290909092,-0.46820094471430823,-0.0028302934292813663,-0.3644720931658246,1.6984988902778009,-0.7750409882960262,-0.06680262999831567,0.34751874388210846,0.8505758029457811,-0.8150949670742461,-1.584828559919498,-0.10897883438383409,-0.4222451833585076,0.11386779476406386,-0.30576575322304206,-1.0135234736766041,-2.1124708659020732,-0.5595609719071978,0.013703132625881614,-0.7170077903857868,-0.1004604268740391,0.9424234946315768,0.10924667618471069,0.8841043756702193,2.6556337445610074,-0.1034954467930729,0.6394816937896599,-0.6817662758343047,-0.5425681922535097,1.2203994654441768,1.2190964561482986
0.9113844416797803,1.0764507125524239,0.6821510771945475,-1.4999620991409703,1.0302543180584933,-1.568994120956242,-1.3371942749812435,-0.5439459013559177,1.4543902079350821,-0.6332978248934301,0.09581112979932642,-0.7432184978195345,0.004337576788194453,0.2898077547730299,0.14732568527244552,1.32297368777717,0.9513376613321154,0.5316205092320492,-0.06400577088909763,0.010658414607445606,-0.43032238854644356,-0.5910370802569134,-0.30698374595479544,-1.9278872554252526,-0.1297527176884973,1.1594782876660037,-1.5551373444745216,-1.0216969648010008,0.6356257207732754,-0.7050012406532663,0.2709220751487268,0.2298163364329005,-0.2253248011117805,0.7160874351605272,0.9422304362340681,1.265431442811565,0.23255845795484117,0.25100922987286234,0.3632814539448932,0.36401539094322577,0.7583517438930549,-0.031461727762766775,-0.450835425403149,-0.6184121268313051,-0.9454962797515017,1.9073919950162346,1.160878268679657,-0.6601479524364748,0.18816032696317808,-1.2934706487427088
-0.5908525071393,-1.5588248938836504,-2.0356765624311977,1.9482045422827903,-0.38677089239443974,0.40373781165596906,-0.9605551077916881,3.1895010661015424,-0.5616562561360524,0.7541450261789516,0.4406910221258908,-1.162247830299503,-0.09648200261418459,2.1714484805290675,0.9757985838337826,0.44967197407050047,0.1871912070877534,1.2389799990865773,-0.48049238592918475,0.638339189025257,-0.0967752930927641,-0.15608363580005313,-1.0794703573317899,-1.3064377989350604,1.5117244156091534,-0.5564723662192586,0.8431340481688784,-0.08770117341045745,0.7109671687602789,-0.13270959286539877,-0.9650813106956851,-0.15736686687855894,-0.6109638075526367,-0.47056685605492166,-0.31700951367944985,-0.9629243336237137,-2.2363150521125097,0.554149049891452,-0.6631347034327197,0.33393843139864166,0.12367838772724316,-0.14256082601761758,0.44544810508501587,0.40217811910458917,0.04986218028506866,0.8914275094896006,0.8279738099366547,1.3360896528443833,0.45294409252661577,2.274164354458433
0.3099587124410272,1.507058533476412,-0.05111080373405866,1.0314759401819522,-2.7086097401292366,1.3786274517718815,-1.247043432093176,-0.17615352241191898,-1.6406847162367209,1.00956582439161,-0.2503952319244111,-1.5054321677271176,0.1625305509121979,0.247797329097807,-1.3561672513527046,0.033920592793617164,0.8690353727062622,-0.4146544281054544,-1.0795711665033718,-0.8456973981024346,0.7987774556753984,0.3275979938240569,-0.5227630656864984,0.1927938998131231,0.62036734296418,1.1489539442239647,0.86505074945447,0.21684921503140556,0.06746765737271193,-0.3531992829075083,-0.08882984734301501,-1.1434008678524918,-0.5378965535749127,0.25269125200229653,0.710676882493019,1.4673840865457428,-0.2045085842026114,0.988928739303727,0.18547045384887398,2.4280385188837785,-1.2006973131753256,0.21097607109929378,0.08515779674289149,-0.3635979116241002,0.4891157159777388,-0.02970893667620885,1.0866457146877653,0.11722375649555365,-1.2597881089651755,-1.1569350424370086
-0.5324995052802921,0.4085177164566651,0.9864965922485214,-0.06542904981593108,0.6508347635498434,0.6198218686903135,0.6187798829966251,0.8358671194114301,-1.8864470867033338,1.4807678099636115,-0.5509876358809458,0.3483802446140628,0.6368014639787352,0.07657128160288129,-0.7927337069583009,-0.0199105060320659,-0.11723940446548134,0.06158564135213609,0.20995768623967406,0.38635596739157946,-0.3493737526667384,1.2643643549642303,-0.9432194805156644,0.8937055946191239,-0.8669406229424939,-0.453426341407024,2.1642424924019137,-0.2710384169166337,1.4933166528374386,-0.7929124271776901,1.0843471073243154,1.4405212866495467,-3.1241577963614016,-0.2386906684201698,-0.36171505669157866,1.7923760339132537,0.6286242587180287,-0.12222864591103218,-0.7485708020337594,1.199187463260326,1.6168865264268995,0.31152129356495295,-0.3197506234704783,-1.6403373018248664,0.6390744373456801,-1.2946903344438105,0.2624060475247751,0.9693054199172877,-0.026663398063927403,-0.5588246445099565
0.8693097598208256,1.4804060589891783,-0.9058303890611946,-0.33967624682786024,-1.9693367458867852,1.3939338115313202,-1.5442416020648753,-0.20666689453922404,-0.4552259857834846,2.0520106753679896,-0.12037516135362021,-0.2719778009230141,0.30999477232996664,-0.6825597864912046,-0.6522269298289131,1.1280579184806714,-0.42085987199886055,-1.4899618275276545,1.2501890555128552,0.16803323437726117,0.6759560826036569,-0.7142051696006342,1.4207252349744095,-0.785124892014481,-1.0616826976205227,0.4486723433558269,-0.2855757325985152,1.15549978904812,-0.30173836481166016,2.253836560820855,-0.3509886345318755,1.031752057440349,0.9394432738858685,0.15488289004954442,0.2364809568522313,-0.451346053961427,-0.45135167237573437,0.6109190712559753,1.0796886735226596,-0.48209894424864164,-1.292345411797752,1.2443421827125791,-0.07807529111818069,-0.25902404077618285,1.6454906925784334,-0.8150921363353784,-0.687716389965363,0.44087144710776327,-1.575343449184556,-0.009976869215036205
0.15128728876921133,-0.5188002117994603,-0.15789133985396567,0.35515401707212046,-0.7113520523684365,-1.272606037620945,0.7684427472476009,0.5460320623712349,1.014947776028936,0.11569504874482281,0.8802042285732655,-0.1319233834521359,-0.9621771219284796,-1.1879638963457755,-0.4719567254817308,-1.2328264964340725,0.5401262573658389,-1.3842477327116454,1.6641438849667785,-0.36463759790865985,-0.8631936705154716,-1.2279031800684728,0.9590417832844356,-0.019069406759555527,-1.833855061744683,-0.7560057612245856,-0.8362313293891067,1.2094752300702623,-1.784250002807811,0.5851461004439474,-0.1263570127364592,-1.5005204061156516,2.2097010832913817,0.8757788557977041,1.1633474608517196,-1.505082291735683,1.440681901896155,1.3166689928481683,1.5867740239434034,-0.26290579640902745,-0.3814637229798341,0.6823086219678725,0.6143384433738602,-0.07926947146285915,1.7311156369012861,0.6557812984500047,0.6999799797006658,-0.5790595134306267,0.39304076813511296,-2.1058359095642794
0.34401942089630694,1.375905862556469,-1.2634405989401951,0.8188781418803732,0.17895183277515941,1.2149839287320723,-0.924434903699735,-1.1318053867049065,-1.3228926937721415,1.6496744135654287,1.8186870552804142,-0.8439878755989392,-1.5359634783485172,-0.036274632218858814,0.7025726585643017,1.2911904342872016,0.2874753813092976,-0.699958050624417,0.2870304417030272,1.7791620939124109,0.009849255504390792,-0.9616948152494079,0.4770667664583722,-0.348455913109608,0.6228270156183991,0.31180199068119496,0.09463175682665172,0.4055750416327448,-1.1582265115434647,-0.17029106282209447,-0.04146690996343707,0.3402088155538572,0.40923721029083593,0.918200803334379,0.37290623836514153,-1.3870817392096364,0.34218261009415163,0.6257774295411409,-0.4044964421672599,1.4582660013917794,-0.9854325826690117,0.7866903470901756,1.6681791763038902,-1.8021189517198684,1.4067958338324196,0.8913779505117909,1.792053834541774,0.8655419668309086,0.12671891654386813,-1.7014130116889872
-0.3827199602122335,0.6116661740694151,1.3729260822680993,-0.9502780542506648,1.1818670815208592,-0.895011703760731,0.26202831208677346,-0.3300307929941313,-0.061675707912930464,-0.497389337164811,0.100220701148549,1.1101010785454348,-0.25899280324318125,-0.23169388315083858,1.187642414518108,-0.7671300882017031,-0.8073557695232138,2.425732771376077,-2.1510658867979995,0.7713823304972959,1.2850664920154748,1.3568899028989174,-0.015928139319510152,0.619598826759679,0.8290797821969046,0.8765400940085414,1.5376445574655877,0.3331220386884588,2.4958679948073614,-1.0905018595737341,0.01805781331421384,0.9529261683130488,-1.1823187236023547,-1.4238211900858637,-0.8886838501848933,1.0534729737336919,0.13492982627682165,-0.6021007243657926,-2.292245696351636,-0.33246475694325217,0.8113996683463068,-0.3755786967517582,-0.1901740587491231,0.702028188336656,-1.8557419362378962,-0.30243488488267856,1.618661831696102,1.13540259053486,-0.19857736285270886,0.6838639814285487
-0.5437533221367049,-0.19391054464065313,-1.5934765590352153,1.0790306019730407,0.3175406948911463,-0.45970530562687684,-0.9837463320740604,2.065185081393183,-0.25985769295112504,0.2041412787261527,1.3419462169644871,1.463174045923717,-0.5096056035376214,-0.40031590691075,-0.07750690121007864,-0.0626360614420644,1.278043307714839,-1.8481531452254578,1.5386095782110565,0.15062965237193388,0.9789564955250896,-0.26132604696968725,-0.9726360861883669,0.584002811036478,-0.6504113988846104,-1.396321807529092,-0.6830282646722717,1.7112519442945484,-0.3070316284776934,1.509104473704093,-0.8937605603800272,0.29126089484273116,1.1169750710741349,1.842547109430212,2.7224327601069387,-0.6607626444973235,0.7478915706528594,1.7327160192318996,0.6843875117984559,0.9648682142996214,-0.1855787563199958,-0.31814313492296054,0.36914059223509443,-0.03905409328976649,1.306463403455449,-1.047290191431239,1.6722987116633932,-0.8304700099895357,-0.8558307140251401,-0.6914216242265984
0.05896458602105226,-0.2103901671793584,0.5244960071710898,-0.442956022816057,0.1958277746445574,1.1979964965151815,-0.7665167913566135,-0.9042708670730245,-0.1734426853512199,-0.41455269249425475,-0.40611702860898646,-0.020542619310003857,0.24069565058277895,-1.1261017644504179,-0.6268717064365639,0.2325124051179507,-0.1789229506019188,-0.15857736521554588,0.5468596005757822,0.9411378513064143,0.2629470172463329,-1.3244903762888676,0.9470279478472602,0.16158853053682792,-2.4526443844996737,-0.028732946887400985,-2.0687305581969544,0.557005824491234,-0.909545925798282,-1.8175922524166426,0.1278249375590693,-2.0667159443523557,2.139933004963852,0.3579206351790254,0.29002973330327575,-0.44742738327180515,1.3330508190448573,-0.14397729855188998,-1.316358655297461,-0.8171976529666762,-1.1466210336318619,0.11421859234549575,-0.08638417742891837,-0.17572408859119984,-0.43098271197537374,0.16080931498232237,0.24181538371934655,0.2454248196186137,1.0616254452549239,-0.4397227715720951
0.9235603181428116,0.37962528587133487,2.1096470531912814,1.2513128381453713,0.04348839257595524,-0.030963336132176625,-0.07117188861196241,1.2075304957941346,-0.3258808191775457,-1.089507997388228,-1.7232013406303106,-1.2186767077392269,1.543940517217299,0.3118912058656129,0.14558050934827782,0.721453353154507,1.4678959992380196,1.1996872099352516,0.21002009983871425,-0.48822006957069863,-0.2801918157371126,0.17680638426289383,-1.7029352375323852,-0.9490971245796213,-0.33590064469929076,-0.7017246677649387,0.43733981841631886,-1.8086608483859372,0.6454469825525562,-0.18068877731590477,1.6569366038176974,0.11039897469552462,-1.2957085358599334,-1.3332642390286362,-0.14950367544100956,2.1461628750700834,-0.8110995276100617,-0.9964138969287549,0.2519624350117494,0.2431679557490725,-0.5429178895952224,-0.4376582783662336,-0.9352704807756183,1.1682627968393466,-1.0165891395932105,1.3889248545466542,0.028382550181051874,-0.2551608519521677,1.1243904791879087,1.7280611498136722
-2.0009593517105917,0.8671090067089804,-1.2171723929652252,1.5908643060602519,-0.07879114943219655,1.641065956223475,1.2253328484766797,-0.4944273211359256,-1.6166907881720796,0.5535243352314275,0.44920639229671055,1.8930171749852804,-0.9912767375529761,-0.6410012002553868,1.7920109548888974,-0.3140401373430895,0.13442978456594962,-1.2728824133201824,1.21853012754945,0.48019284226308173,0.31061723431111904,1.7466405307515442,0.009706864319560178,-0.2667845290927893,-1.250806203836439,-0.6289126519810728,-0.007224304951726605,1.1124013369682424,-0.8858513754490919,-0.04877521640782409,-1.110710948986073,0.47579120188401214,-0.3968455420243809,0.5943109902280048,0.8769024771795522,-0.1361833067795687,2.088771274709279,1.8424895503765768,0.005791242856295282,0.7600988148302313,0.15805843249915194,0.25808308284117987,1.199522772206452,-0.4938314975211743,1.0660359116147828,-1.109277571562688,1.8093514190477151,1.026820804333111,-0.6789018708631123,0.02661053585625223
0.44340131201197075,0.6146755263281148,1.432261259236274,1.510090006629927,-0.08645040547505833,0.8919862079465604,0.8362269719178426,-1.298959220708847,-1.1953792527786258,-1.1807392017817677,-1.2672772979798381,-0.22691383789528316,0.7802294209617734,-1.0127549783043563,0.338574856309496,0.4158737278817913,-0.5240914672847673,0.3887867705839429,0.7615918845871488,0.016189533458780245,-0.3968428768733594,2.1330480789665236,0.45837209232388176,0.0644081827985211,-1.2394605606593925,-1.0413382905532282,-0.2100371035708948,-1.2071973273111445,-0.2748159858764072,1.41998929299449,0.08388740413617628,-0.5266426155114304,0.0761094136217849,-1.9131024068944469,0.35494112360695085,0.8971471027407638,1.4600887894956938,0.43958084796680297,-0.16382409930889635,0.4301880454794402,-0.38808037912556614,0.6840244097688338,-0.5395231666973668,-0.0016490434689745625,-1.1534762538536805,0.44383892072603165,0.3938030201182197,0.7104659335783359,-0.9098864957669178,0.17979190543629844
0.6240516960164325,-0.9731061095664,-0.15011037677045366,-0.4417276527345862,-0.6988140248317158,1.24368653285327,-0.6259421318277392,0.9769436234423143,-1.166751869470457,-0.12397834993245578,-0.7112253609108966,-0.41247546082875153,0.32364423328871333,0.2627143386023692,-0.11383508582870759,-0.49854301685744135,-1.5932261880441203,-0.623297845265849,0.44095361252281323,-0.5429592197824484,-0.24211906487620607,1.1734838515503045,1.1764497600706545,1.5404608169338787,0.5082568635082491,-0.023999134225302747,0.1766392039231833,-0.1434993131570006,-0.3853970145676425,0.4834894293335144,-1.1590905983287083,0.37518535455441515,1.1185604563429634,1.048458297801069,-0.18137143203357156,-1.6663446987418562,-0.5160528793290478,-1.0233919409141181,-0.3732965978952894,-0.10049417799824943,-1.5294196926564037,0.5285666839997507,-0.4911573576892575,-0.5775306485776502,-0.07357303786903956,-0.8246845914006815,-0.496319818481535,0.670379808808361,-0.3139423183361665,-0.6115884200921518
0.8590478861222509,0.7472003078867654,-0.5485174469228387,-0.5494842060490627,1.0397213751172758,-0.25896369866670954,-1.8509190439791399,1.4540136128762893,0.6277518859811276,-0.13014605782268993,0.22660421550827198,-1.1274496103335119,0.155106760500095,-1.981157600594871,-0.4908231607341308,2.8070017635761135,-2.130490013121183,0.49171003453992207,1.169607391716025,0.8509612178399217,-0.9284541113196475,-0.2064811741020588,0.11935567933069136,-1.4040277103328662,-1.2330850288558548,-0.5713991586841486,-0.6159129742078175,-0.41179802363178164,-0.507708597907791,-2.362681924656139,1.6327945137758333,-0.18432345144995346,0.6059733280677327,1.1866801884122606,1.2508632754900704,-1.261002560575412,1.4452215552011896,0.8096087766904315,-0.6053589392927157,-0.8955643401935801,-1.0624887302043662,0.8874047909817834,-0.3400532086878034,-2.6245345954899264,-0.837583642855234,0.09255794397289856,0.3528587913321598,0.9173327738449244,1.276977584437175,-0.055898877452171584
0.07319323819097195,-0.019747067709455245,-0.6103633348710229,-0.33779759043295415,1.4917174164723326,0.22028207263322236,-1.0074470901120944,-0.3849415098676734,-0.8489980983433384,0.6904980116294337,1.9044521220913226,0.04698870049981706,-1.4246366877062102,0.23884591438376365,1.3744093212826078,-0.22484650360295233,0.1197599913759004,0.10367748627628404,0.29466214814094677,-0.3336443033646372,-0.12403696645965438,0.6817311553744223,-0.9820014606529803,-1.6432131142574193,-0.6102612951169122,-0.2964172497023233,-1.0363569614846002,1.6410107033528136,-0.29577419459483256,0.602517948271174,-0.30821732719610145,-0.13996065051021275,1.1057233718875499,0.6705948208483121,1.5073836602865902,-0.9936432904655229,0.6551777858267761,1.5652419406439482,-0.8293133884719136,0.19806418383266639,-0.4529737287562998,-0.3425378132613033,0.9630507383573755,0.22625662256273546,0.6231836324992985,0.0032720141500892706,0.13734348134947694,-0.7562359894692371,2.030653181841411,0.03572949916906249
0.6953541547564714,0.129003975459253,-0.4450970784027997,-0.4425861848005676,-1.4341400033604095,0.37168796091039585,0.760385537336671,0.1577090671115907,0.12333098476388318,0.4197010555226926,0.17027396910760367,-0.036401890307921486,-0.1832184935835531,-0.5995862599162523,-0.6400712362996305,-0.4493616273991543,-0.8102010451272365,-1.177934585518027,0.1424943666218811,-1.25568364432289,0.806550423814051,-0.298292833170422,-0.6775682453566751,-0.0860109255036059,-0.2886761840849568,0.36262329819381794,1.2979597410997485,0.36807011151942626,-0.15026155488092768,-0.07217533867390247,0.02027217631949456,0.440716521792344,0.6399174386140771,0.39616364786349534,-0.6679884692626143,-0.5521756029971506,-0.4820044905503291,-0.24335034863363764,0.6492162264163611,-0.030289780574615875,-1.7920019205780733,-0.35662308672334336,-0.20936401139986752,0.6228481499386953,1.025565434550853,-0.8257472323257686,0.5532498281603967,0.5226710217543443,-2.2010440005628626,0.7561888403075029
0.7467992818817001,1.1453550802087606,0.3144833134015313,-0.4187913460484938,0.4240401216098179,-0.4232038851121083,-0.387796836476629,-1.4370552353513792,0.5768499253814428,-0.8471902271606208,0.06931083123726067,-1.155492480494168,0.10104575166497108,0.29965579550569993,0.7333078037026198,0.4606200542538371,-0.8550571215355061,0.9864763403727834,-0.8025072297480181,-0.8900467888575044,-1.378288595407875,-0.9719458912501994,1.6809358133801782,-0.9669189107474543,-0.27355920832478003,1.127746046903919,-0.3987810392607527,-1.329963668628813,0.5744485770662087,0.699056618240844,1.1059943790286797,0.6540918482535625,-0.006907657986919433,0.2852119037401871,-0.7383499053768718,-0.5476114457220549,-0.8548661813373057,-1.1879693498680506,-0.353810346832901,0.8527755024282677,0.5057789843465077,0.9104572683596891,-0.1701581152993946,-0.2664615196725815,-0.9733844506393564,1.3246738847701902,-0.6240170063489909,-0.7758992837697642,-0.545443545012849,0.027325798072398242
-0.771985575505955,-1.468167647299733,0.9098012077789319,0.8742037184524503,-0.908946359538667,-1.3153361337597882,1.238305442797648,0.5150890445991547,0.7308713340638828,-1.0413396595480569,-0.6203439984552666,-0.26799789891462966,0.8741662901022673,1.057099820313015,0.26278429755843713,-1.308908733378155,2.6177709623675884,-0.12443757577629078,-0.7368527876181058,-0.8905539518757642,-1.6694979329042585,0.5405221132262401,-2.405268902107926,1.354927629882233,1.6040340238059612,0.5003411969915197,-0.20242270671295504,-0.8867662586388319,-0.773091164791526,-0.4920531841710195,0.9837393919166435,-1.3372683369792553,0.27668611417848127,-1.6908744752496752,-0.6471224121833318,-0.049589256531132594,-1.8689276545425677,-0.6359795723584902,2.2466659921785093,-1.743072172411362,2.2344101955858138,-2.101441081646078,-1.4836068211460238,1.4832861464315463,0.010471797959161222,1.0051236631036675,-1.567091780162395,0.8420845455924468,-0.37595959303570303,1.771250793171828
-1.5172223830154898,-1.9910095476726908,1.4375592694417894,0.5872801343094848,0.7652037913292289,1.3184611978249279,-0.20573629803141935,0.6213161111936458,-2.1898436099406173,0.11306105249859677,0.17682528786414053,1.0816858907102143,-0.4625030337316498,-1.320063466777976,0.6696409565982488,-1.118907314727061,0.014715529223340715,-1.797905114369151,0.7019640700739315,1.3158688122901394,0.38808570000219683,1.4020354795892325,-1.6632248134064613,2.7089189403127207,-0.09993442562887261,-0.7141549672162482,-1.234907737887685,2.2671666060996047,-1.5080542307268687,0.1602046300463743,0.5546610751490977,1.10591355960628,0.8552863274492548,-0.2909200640057039,0.6231651979187846,-0.8752045700610027,1.5997304110587842,1.005276049184175,0.9074910856414647,-2.0586779736175327,-1.021509069715284,-1.4331710612129402,0.579554126166219,0.43423426241698937,0.9770116612297116,-0.25246889566831415,-0.37602504384813823,-0.6143441463734753,0.5294862000838704,0.012969035130832987
0.9334829271731263,0.8619646209765498,0.8804330740310677,0.38431479592741485,-0.6900512082583498,0.0426986050709993,0.31315276655796137,0.369286503091927,-1.0069366273711593,0.1487361476715296,-0.6602960311011652,0.2725568030958694,0.674173250543243,-0.21148991225791042,0.08428847770939067,0.29584240294638287,-1.7828191036846377,0.5393197022724412,-0.41189941951494147,-0.010286068208824923,0.2736413987438523,-0.11552410945777314,0.6447902410756807,-0.9843807268735544,-0.1260528496644623,0.029163779443990633,2.2247729059951773,-0.6831946870488883,1.2630439707462116,1.7475618874010912,-0.5546969378511317,1.3598926570548695,-1.1818908319477741,0.19370194845310212,-0.6844052819341687,1.370665152073901,-0.7196476904615157,-1.5223023980514574,0.3129209315839538,1.086342883301481,-0.7983373057985562,-0.13755017177712606,-0.793105938463842,0.04572370241211345,-0.430330165054898,-0.6768790070212966,1.0748050280589947,-1.3090234622788273,-0.2461486893049892,-0.13330205316599947
0.1894496340546154,0.9294477094536246,-1.1204057588107572,0.27462889412472385,-1.0939055639983315,0.10524336869859316,-0.13089965678411766,0.0737387215909585,0.5116375597472427,1.7089327519223858,-0.1196744017057936,-0.6505140985008777,-0.16408611571958653,0.20804477361452253,-1.0905674246194161,0.4012916592548525,-0.8076023971985039,-1.6761421956599651,1.552010188543963,0.3405136251918826,-2.977364078241654,-0.2892215190364812,1.6217660616593588,-0.33792892848939715,-1.1121642382916728,-0.37277419632949693,-1.3151401691309725,-1.0441461652915693,-0.06869323086724645,0.4080275271091998,0.8271810578803497,-0.09250136353915915,-0.04525725744180245,1.0262157816434154,0.2315946923676434,-0.1393787613115088,0.20424042686625743,0.2165537412816878,1.4554306230590377,1.5113380544575892,1.0147245358171944,0.7776570421587579,0.3229061794158976,0.7951908856701548,2.252971094460231,-0.23649040451073827,-0.19705514837359864,0.5958647202952592,0.2271070761349238,0.22914553991518308
1.5962632127314873,0.29308181760515906,-0.9841092227056287,-0.9106451601246293,0.6766383402786155,-2.339479983393979,-0.9200145907509766,-0.008238232014292121,2.6160375893626338,-2.3079165515314743,0.7197661046000152,-1.782116574820454,-0.4511951712262081,1.2595123875443772,0.5120733932052588,-0.14034128409521518,0.1673086904194275,2.496614607439426,-3.5850999721286554,-1.6682383666911962,1.0530847813573863,-1.1939954049882031,-0.8567437305304073,0.7757466619191026,1.2045548180005683,1.6674860080565623,2.2872203359013863,0.6365487513558973,2.2609176411298693,-0.8782919965297521,-0.2630446102276284,-0.9681452173964631,0.08764519514137492,2.1027190118932526,-1.0022721035828828,-0.23729766173057573,-1.2077047387075799,-1.09662807762143,-1.832140574128198,-0.059598417282498095,-1.6813702869006695,-0.3350905611193426,-0.4993408884014364,0.6516241719868966,-1.931338682646118,-2.157053608389751,-1.39167012766284,-0.2843608778312677,0.37164815859747224,-1.864374815015027
0.3855460256939588,0.8505015921842063,0.7538859047519669,-0.3679172916335186,0.161975510581123,-1.3747734230287032,-1.5775537607458614,-0.6528247936229923,0.6404827962586889,-0.4683601544912871,0.5957561045789762,-0.33321764986456015,-0.6249319970560766,-0.7917537194020906,-0.9839769088406138,1.6011297502883282,1.620201393063056,0.5315884564373115,-0.7167066437191937,0.4595709218819388,0.26527781132419453,-0.8785745759118264,-1.382022161307608,-1.2005368144360453,-1.1433321933907592,-0.21167139336416074,-1.1530612582116304,-0.6050410864591005,-0.10405686203467732,-1.4860724832182524,0.08585606536198989,0.18431961214953688,-0.4275502069322205,-0.9320017519418686,0.08532013675874842,1.0624102406464055,1.1293565211791128,0.26992509335122866,-0.228210471911702,0.07365555617370773,1.0195729729583902,-0.29380584579549074,0.10009304994289663,-0.8161545838193393,0.31600149972750446,-0.18284972077228281,-1.6488483897501682,0.12345211479106709,0.34254568990095186,-0.758993057703787
0.15295498919467015,-0.9978550515187721,-1.1748785488825157,1.258295498383247,1.0432089320878626,0.07740048963500981,0.7273098251156465,0.7210322719266513,-0.36377913557942165,1.4653465681963118,0.8253190736423098,1.3124474000710065,-0.5423211348539387,0.06886786016694488,0.6672200967949966,-0.8068527089075217,0.46987852036514616,-1.2462578985803245,2.279738070937341,-0.7708299862534329,-0.766220481814271,-0.5398402374808091,0.9225483496890576,-0.6089257792472996,-0.3359819604345979,-1.7272532024869311,-0.2216402261610971,1.201088395223757,-0.9528359433080068,-0.34996057389266866,-0.8475440224095052,0.9321531482993866,0.468493489477935,1.0336548444611195,1.096555054792059,-2.0182590996761935,0.4250726083965242,0.7441704375161922,-0.6948621939883499,-0.17405517068190396,0.8615075031026476,0.6145056921000278,0.61051910214723,2.126988628592776,1.3476933326996898,0.8523027310074507,-1.0727860045956297,-0.49166558512814323,0.30286707002915525,-0.09870346613985813
0.33599988805926156,0.17335372235588023,-1.4261064691562169,-0.6933489560908584,0.027878360896403324,0.11166052498686214,0.23075974563815566,-0.019624718792598618,0.16782819756021208,-0.4554085096510712,-0.13610214394281983,-0.2491979881630614,0.2990623160997411,-1.9337727782238403,-0.22783847774798383,0.1645300595813868,-0.8049597354834376,0.656042380930606,0.2027281018784769,0.15784569756711586,0.7518943381542857,-0.10535158382193088,1.4360525192785383,0.10703681110241181,-2.4622418833616293,-0.5773835616084783,0.347685335204007,1.7299520132458943,0.5545294379381324,0.4470703154056341,-0.8541474360774286,0.7429588107023875,0.6700637266727605,1.6701350874032623,0.9792537380341574,-0.6865954044022571,1.7957145443073341,1.6603403877828327,-1.9134749657015764,-1.0025999523752285,-0.3989633920337415,1.2544623570915026,-0.17223060346259977,0.9245839940616903,-1.1537739629140262,-0.5092033694082511,-0.848207280824426,0.8648648219029071,0.3066774244894124,-0.7243360561385389
1.305018228550639,0.15737098303487737,-0.2032071363130739,-0.11103566445978799,0.13600681806835158,0.37760663298701386,0.10902698570559129,0.9380572305874522,-0.07164165247348145,0.9428908034754248,-0.43129318103647113,-1.3669781112215997,0.720181667447903,-0.3144089794897489,-0.5218326580565406,-0.2495689599654155,-0.39476542201046827,-1.5098381174738296,1.264982755507166,-1.8343373834760641,1.0244203145722257,0.04185253775782867,0.7489211986501025,1.308037275569672,0.18098240915490374,-0.5098089691955221,-1.4993532865464079,0.5936690115907131,-1.3543019174161544,-0.19578731843371527,-0.7745046764366582,-1.565283819060706,1.78733936682148,-0.3655195708444844,0.9187480251758601,-0.5020959969463572,-0.33713300351145675,-0.06451634868200805,0.008922034734574223,1.1041546504002098,-1.3588059973310707,0.8675581425601321,-0.12778690819050187,-0.6208035586000655,1.2932406909843703,-1.264072210342005,0.2971029931612439,-0.1106160452505399,-0.49003015460797467,0.6182387974364308
-1.0736435461836296,-1.1799687119035203,1.4233495251438963,-0.8442999631103403,1.0477587327986813,-1.3607842993105017,1.0617523716475787,0.35923674599983396,1.7637826959981338,-1.505420360984498,-0.3640654032949529,0.312631253605312,0.3612222015235414,0.7732994236510607,-0.6721472715187061,-0.2956452713077434,-0.0424694327452559,1.2467863092249154,-1.5289206179741597,0.5151866112803093,0.8765833339738238,-0.18086735362067471,-0.43852439088236733,1.4320155480297336,0.017562126531169297,0.4276029893209623,0.776602940214123,-0.23335172142352428,-0.6477599766624376,-0.47211269191684907,-0.8026148256919942,0.3639927005976262,-1.1288339604539404,-1.2962241368006033,-1.3855230331385147,0.777667158776133,-0.5309761875941692,-1.5746759720494847,-0.25126759254418835,-0.41682687974932986,0.37847641771622414,-0.6258805463721582,-1.0523687208049697,0.0645638324740344,-0.8153132671569768,-0.8491350490460634,0.3430269869391918,-0.01874669390538593,0.8821187685860689,-0.04396675144725977
2.3206029005813296,1.2848113433599153,0.4430785513456101,-0.7199512441649936,-0.8019092189814855,-1.3809825613879296,-0.9739917497573884,-0.21672013092052694,0.4711764042186404,0.17992164255222404,-0.9425921563580445,-1.3288600755521496,0.95642096164875,-0.5006095506306176,-2.0745085553620712,1.3171991265368508,0.7420381101303343,0.4663538307860963,-0.1473054880030372,-1.1552068175702386,-0.6249857954983986,-0.15313949601640298,0.19950819856132185,0.11173895595501122,-0.5776575178900374,0.33614222920384706,1.2460216768320973,-1.0766581269182163,1.378364993109417,0.3972745535679237,-0.15650395126621122,-0.4210172001854201,-0.6298033581070897,0.18954503967328187,0.2242722519645644,1.4761191780558325,-0.07649629672416101,-0.14577881666900794,0.4609310626826855,1.916244845821192,-1.098481089799497,1.558202947590119,-1.0987633963608994,-0.863314486976451,-0.41175859418634614,0.4517687880685844,0.6918009041213466,-0.8635948758244446,-0.34372449620328444,-0.11985719533023703
-0.5334154613695198,-1.8626600299684475,0.04747933620045272,0.20094260931663782,0.005273990069661852,2.6215413368596248,0.6683201511666276,-0.30665654736219555,-1.475602846325157,0.08422938918907988,1.1845240392115661,0.6963607144500528,-0.6259730524058895,-0.24373006333895728,0.022617262858702764,-1.1545482700277752,2.157957032463724,-1.1122446400989168,-0.39598757823250325,-0.2839571539540429,-0.8889751458456033,0.5314228864203381,-1.0903802787656283,1.2037573622740483,1.6482449192536137,0.32028868642486696,-1.3587124665238075,1.0648073364158415,-0.7495589104576247,-1.7314149210422103,1.9676318078566972,0.2828486205929431,1.4406141821783736,0.3536080953190711,0.5889845164485135,-1.420733151254862,-0.14673041819786922,1.027966000145729,1.0948222342758593,-0.877139744926026,-0.257506590171735,-0.67984288035778,1.0446612535572586,0.4873973684713346,0.5551997534043628,-0.09022225415459535,-0.988753239159115,-0.876869647448698,-1.3766432295936146,-0.006992309699057237
-0.1577559445064325,-0.8581962072271858,0.5372187410312678,-0.8768908850198059,-0.6797141255481924,-1.5073155204807884,0.9270028311053178,0.12744258325060304,1.3988666687187337,-0.9191654277518876,-1.2144200609669729,-0.09308082076935481,1.918872796747107,0.9450553147777859,-1.346882638052295,-1.1465383253294894,0.958586009747751,0.9737030376569557,-0.7556511476494928,-0.5141106413286304,-1.8051491586459365,-1.9164380362664108,0.5694155454044125,-0.606328700308737,-1.0165346084183746,1.773049018345326,0.8746082807325891,-1.5476474706072263,-0.3985963172837361,0.06392570206102084,1.2212548945771982,0.5057675589903244,-0.5891754563877976,-0.6932170257235494,-2.555833101825985,0.11082226033353339,-1.4281671811840824,-1.7397399751192972,0.3040235815243729,-1.2607764362817908,0.6033346387562607,-0.3547924171082643,-2.465140711983745,0.46976582620359403,-0.9983046457319021,1.0439161748847803,-1.4810043001077358,0.9382646852570831,0.31346232837833277,0.1799409535674385
-0.5397586077401092,-1.1586266869816497,-0.3439949690298915,0.8036568975291288,-0.41144967582507064,0.7058007904947322,1.3558418698527814,0.5034477912937025,-1.0111246325967027,0.5780453187025766,-1.007959728845702,1.2203974179181822,0.6280833265997345,-1.2072959404407093,-0.3812645761296492,-1.0138219932202546,0.6581551211783548,-0.6562612250728027,1.1462465929847143,-0.5208182359742125,-0.8135763731185279,1.7586936675952887,0.8303728892458803,-0.24176653560784744,-0.010373447524601375,-1.37237504418198,-0.20235894766977888,-0.09021143591126832,0.7164858592098707,-2.1688771915758176,0.0937157153964176,-0.8749811139218697,0.10111152665584056,0.5498424904574652,0.1789862168317899,0.3023273161016279,0.8391718577697862,-0.02650359237924062,0.1423453084572376,-0.849640565920018,-1.394445023765777,-0.4437253959053063,-0.44726166905797704,-0.3738921058503143,0.2595204847378444,0.9043365953748205,-0.37641912908953645,-0.4440500402841805,-0.5022217349212151,0.6173839110743373
0.11109169674486907,-0.5433010376884011,-0.7949853567206997,1.2541678462849544,-0.4898665007175422,2.00513351071294,-1.4011501081791233,0.06067612675000581,-2.162688250988079,1.1631953136885216,0.6183468314550364,0.0806250760211032,-1.0452016405159912,-2.1883039097513146,1.405546658370484,-0.16688707272883946,-0.09214244493761378,-1.1038951417494132,0.8003156748149829,-0.7942442386005719,0.5632659311124322,1.1635825505594026,0.19007112230480425,-0.6847285393076763,-0.08335499286278025,-1.111227136625874,-0.43684651990878753,0.855605043135131,-1.2989861116184813,0.30939550658291026,-0.984982653018169,1.3442113595052616,1.0185981878214123,0.984059978837428,-0.582311652777332,-1.7082890650950036,1.5401532682365817,0.3674613782168982,-0.8467633591290696,-1.0161870742300247,-0.5310040206861176,1.016724773774479,1.5042570332832068,0.22311768395107678,0.5978605754433435,-0.4376996206501303,-0.1794868686824092,1.1383789048239388,-0.2855401452702021,0.09700328066877817
0.022572233721188363,1.1017866403829721,0.4200887697332608,0.702859570523939,-0.27585753038327576,0.8680796941357565,0.7658292564325357,-0.5558618939427269,0.7382790424940298,-0.6341712318239383,0.4272866907171095,0.4785745580823563,-0.49287159789933016,0.340389146290781,1.5449035663535389,1.1990767964396523,-0.2079138136354175,-0.5959221914664912,-0.5917735054395746,0.44654825857600394,2.0080681466684345,0.6186353229981377,-0.7296589286875443,-0.3470470259724606,0.7089562513054791,0.2870687861637843,-0.004044797619466312,1.1340829939954418,-0.8081507318305108,-0.3808466333511444,-1.8734000120645196,1.382354462685645,-0.1363689216934672,0.10707766730466155,0.9810715514869826,0.2325056402270076,-0.1682135229892348,0.35922820929146726,-0.5372660176830627,1.1675322617562345,1.9864351881029185,-0.5175108926837234,0.7455181156771493,-0.3319913032662854,-0.5194240364956104,-1.8403398899355432,1.1003008485673844,-0.7506424617955337,-1.0366856893440253,1.1769904201226153
0.7447961559302667,-0.5471896780719926,0.4730232005493399,0.05109306560625349,1.1002347658282514,0.5280501923801031,0.036515775814769925,0.3445649192888208,0.6109291089380836,-1.359420179556054,-0.338433171139218,-0.8152222417681271,0.22531725026369984,-1.2884898064782462,1.0036697327347612,-0.16693753696197988,0.5593430110923852,0.34596371879372173,1.1841955155504411,-0.2786406306724371,-1.018755608954045,0.10376955167855295,-0.9546227872892606,-1.2023874316935275,-0.9217486198951579,-1.475545041764473,-0.5296380293059041,-0.853803368393313,-0.5988937074988787,0.46823234350563536,1.0662057985765758,-0.4411529219800288,1.2286693547087326,-0.21214507914088826,-0.3607691925476492,-0.6934797689414314,0.5950909358782452,-0.1677320607603212,0.6774238457873191,0.4314105494114934,1.220571946768761,0.3655288004727895,0.4410619537249696,0.17308887313537447,-0.35316401642434375,1.9520062562079976,0.9347741293696049,-0.48675248343127114,-0.6374392992547977,0.6520778729815287
0.05803026853847937,0.5867048963027651,0.4880466867052941,-1.1574107751854859,-0.02500031155159873,-0.3511995377674206,-0.9260437708771531,0.6655945172342953,-0.07788556799541962,-0.044862968487772215,-0.25463625398598,0.6366924766152532,-0.3577497179417268,-0.7026959794758042,-1.0758154104516475,0.9344983345768333,0.7786478951987656,0.6161376579849298,1.2274760752987879,1.070475580855343,0.08889507638768332,2.04641913631417,-0.38905741523993637,-0.35993003847543126,-1.7174605068089455,-0.8023900398036038,0.6418011225121724,-0.5214020157141179,0.8891536727065537,-0.2393405081810866,-0.07841913326532891,-0.23049270032048053,-0.5132825584462642,0.20969390591888884,0.48366174252950955,0.21007687490139518,1.4686446384656582,0.42128628818547076,-0.5556871717344032,-0.22584448000898866,-0.44801006236326185,0.4946807200537181,0.3592898627223752,-1.2375388329929473,0.12832631295287086,0.11102645910522876,-1.1666725845736423,-0.16688299671279433,1.2531436714204147,0.29142922706152075
-0.6564822032210809,0.3463911163530332,1.0162178571764762,-1.176888204528158,-1.6058408441470078,0.025857748706233502,-0.05664973597499924,1.5056717278011584,0.9971759485485941,-1.645991577498136,-0.436832831477892,0.11692904895027055,-0.4136311379008857,-1.0548395589836987,-0.5360165551074207,2.1418775379276758,2.0817567185472328,-0.1927596676586095,-1.2672180390644956,1.8295165095028922,1.4050356462713598,1.442938011828409,-1.8440714774361493,-0.8455872727983088,0.8109856396414258,0.9683697990353711,-0.9990163026294591,-0.6053345312591828,-1.6238265594740504,0.8674209230804786,-1.1496060154540362,0.5734038541337827,-0.9248530139356231,-1.1265905518412687,0.3150536527647652,1.2622646876534633,0.6230349853235557,0.8835096898735025,0.8985819150984667,0.7757868136988971,0.8609653040716219,-2.004780811326587,0.2168203736332739,-1.5821758147120961,-1.1552546055007424,-0.06436902466276423,-0.256596742537258,1.566890178359179,-1.405044635378424,0.06336836386386412
-0.9821286591781906,-1.6150037790993765,-0.21525196635186955,-1.8996148900729195,-0.46383993909179305,-0.6432407780633504,0.4347294318036267,-0.6369355464985611,0.30377286961868666,0.24978587413122685,1.3654020564250098,0.561770653308309,-0.7133480162397585,0.32560431548081353,-0.46860879789101706,-1.331368607365242,1.5247414587990598,-1.6994314106541375,-0.4766246208803841,-0.6661264292890117,-0.7625582129458767,-1.7074223324809803,-2.1255744289229144,0.6548452708135695,0.8729119624945548,1.9703577993075103,-1.38116483432932,0.17626829429631835,-1.0349492063958088,-0.6555787426721194,-1.5552375218926486,-1.9011312712875967,0.8997273389857442,-0.9558916420124592,0.5282027435675175,-0.623453835045806,-0.407971361177945,0.6596251696309453,2.5337403244189205,-1.6918400776732296,-0.026969969742208718,-2.5149695683275683,0.7313673760946862,0.6516669972507826,1.3851838177925464,0.836610534170356,-2.711684951122714,-1.103471392630078,0.02536908401454129,0.8445870327582589
-0.32805406328803594,-0.9158021881587453,-0.23663332641472268,1.6800346060958968,0.9242165010136619,0.004785088227990202,1.8903860535406087,1.206121002989677,0.08424482295251194,1.1375898833881832,-0.5559455900400954,-0.9420029189256104,0.5558174890022085,0.37044553950538206,1.1452812585242802,-1.5214022054434786,-0.49453251809382787,-0.1143967819791392,1.7134986764127325,-0.5901868590765311,-0.2755306543450095,-0.1772234384125818,-0.6343436953629827,1.6732520401410136,-0.1761354997821199,-2.056628670680303,-0.6186727636162939,-0.0892031449242015,0.06342711543515694,-0.9338851023395595,-0.23374053071388182,-1.5104913755171827,0.30059049581125763,-0.697448050179479,-0.6111514567686045,-0.022659760266146824,-0.3675315832545333,-0.20972286479201363,0.04319133068187814,0.5285323316256206,-0.34108562909629536,1.0120957947628166,-0.5831174517879875,1.5773744697741432,1.0733034290457755,-0.08317136583318682,0.3638069304336283,0.3367356173470653,1.8545053887002125,1.7044028517169654
0.6634365799460011,-0.2565168428225899,1.5536199921449765,1.3999394792314934,-0.46665732732551424,0.27559810111519867,1.061835088989838,0.13967485880431532,-0.9713267545945723,-0.5928520387227195,-0.9720239360592596,-0.5471581886995283,0.6750702372374585,0.6129543705433245,0.9503792310162996,-0.4617540927130471,1.0968417993149966,0.3408224753184628,0.2476367522061217,-0.0855553186346928,-1.1999704280624413,-0.6019437640141836,0.6354783343097069,0.11334768881488129,-0.5300567030209432,-1.0989183875344362,0.5660576123970023,-1.3536124921717532,0.692361876276163,-0.6026403544447645,0.5933594045864783,-1.238931785494572,-0.6171846356025974,-1.667776280643904,-0.865085496149407,0.8426466249370964,-0.3684406089456395,-1.0029595655713606,0.317009364903452,0.1667219156809806,-0.21872026282677828,0.13707283355983868,-1.2335233078447985,-0.013432296588445268,-0.42340923231627026,0.04355326275714225,-0.27217259430615043,-1.5449988603249012,-0.18448160065386876,0.6992425016506031
1.3097416931520427,1.8287067677622173,-0.4073493376927802,0.43656369196809164,1.1454002068039322,2.0085690704270163,-1.6264400385177555,-0.8705292707807472,-1.392933723286169,1.0384309241808276,0.03325146579682483,-0.7427992901642883,1.0768028347282297,1.6199764774493517,0.7420775703722836,0.6593104725347076,-0.4770177076116352,-0.41808651626386795,-0.6612058499849817,-1.3759513930612546,0.28504782987751587,-1.8668104481346233,0.03305046920397336,-0.9068117395075359,0.8402310282581428,1.2889798283458207,0.5410551114516432,-0.7664097469440443,1.288369192392394,0.2500969357458584,0.7109317407963852,-0.06150531328502717,-1.1206820014671581,0.9981825709799385,-1.1024980847205672,1.488972440054883,-2.4310314874278687,-1.4377566286765433,-1.0674151004012518,1.6409422589842213,0.36764460690233336,0.20004591469194566,-0.4548193009346817,0.06919919729403705,0.2737084805061756,-1.2219172232000703,1.0024855715430443,0.28817519680455805,-0.22455563873375223,0.31939982144128826
0.31180479752776663,-0.2927837695795578,0.716859525924998,-0.8659922932607275,0.4490237632905298,-1.1312636089024108,0.8023177920625973,-0.8777932156648215,0.8780892178178421,-1.1277160502542511,-1.0541145601154633,0.10008414200807468,0.8372147446394679,1.186650782404328,-0.9403688886410081,-0.8900453365305214,0.6871871120493606,1.2702207852831013,-0.8480527316817891,-1.236800930050258,-0.4657732372910875,0.4685359286828057,0.5746274048939966,1.0151936891376545,-0.6514653725307734,0.48900530420890204,1.2737258428122515,-1.0565672381913958,0.07437099978819128,1.7111210638869376,0.9627809197315901,-0.07351191049119479,0.1841734131418582,-0.04793709800667705,-1.548524475920557,-0.04353940624849696,-1.0623400808225314,-1.100441376055022,0.0701918562674231,-1.1696044682632982,-2.573593485122392,0.7631558918785007,-1.1345226523066927,-0.2652189012143347,-0.9004390136365085,0.9878397058708668,-1.73592171014524,1.2202779292919195,0.9534931003278546,1.6291287787737496
0.9675196661393265,-0.023089191354217352,-0.6455153064257774,-1.3041210852487901,-1.1098459453815424,-2.372702423768655,-0.28752883600053747,1.4370156814274249,0.8560604907148702,0.2442433005591279,-0.06716340457109163,-0.8111809460501717,0.016549893912029455,0.7426459391235045,-2.667363199117693,0.7159848753257493,-1.0457597168611124,-0.6768529082282951,-0.02036820309511692,-0.3084601996625696,0.2685418003742502,0.18244704528303582,0.6412718015613323,-0.6457209178230663,-0.261169193886705,0.5546250474467908,0.2551877034644037,-0.3713212055803733,0.6634871194812801,-0.2456517151960241,-1.2654491957225324,0.511936724461154,-0.6202520423652622,0.814390290389344,0.1355562301184327,-0.16482323922040645,-0.5921836641418717,-0.0044941816320574245,0.7303007006831922,0.356695762312293,0.07401691436873006,-0.19653468234260044,-0.6063071355744274,-0.5132257818471917,0.37962334151556726,-0.7516721824483826,0.43822108898172196,-0.6079724549095417,-1.28681097607289,0.6802069106989814
-0.7118138605948711,-0.4261774818920053,-1.820448604881023,1.3083266228728614,0.16033059894409435,0.1009421951498122,1.1664280688341804,0.6056775553891559,-1.0413683591256206,1.7659725929580836,0.19814525151305362,1.0518939411494204,-0.10050522570310827,1.2319967620808148,0.897596854067829,-0.4923981421049167,1.9928136078531746,0.0025010901203939458,0.23557809020482495,0.4808118372086892,0.35250210581567515,-0.7302711646517573,-1.1424532077494034,1.0706109983941516,-0.4277202360587199,-0.8005796641595122,1.611823988092085,0.1535739133537654,1.4715373931303726,0.4154335263782758,-1.2394236499037021,0.64680441402728,-0.9322637396320793,-0.3434145332667698,-0.011782017572454524,0.09691928006408401,-1.450761441646921,0.4589602319747172,0.4447845837471637,0.6948156329097445,0.09215422464595754,-1.2180943043175705,0.18855379438069267,-0.03724499445056422,0.5964179873971731,1.0203502835740927,-0.4765866702972168,-0.31250845789119597,-0.2410600000706866,1.4655068511917253
-0.5061883906770034,0.04382359365092836,0.7813562105468449,1.804489627720477,1.2782497482429547,0.4730405256010489,-0.5311983793602157,0.25063672971606826,-0.03004419312217425,-0.25820444878785537,1.1388586357781039,0.5634862244377997,-1.534967444830102,-1.2839131268147141,2.1892371507319908,0.7890304842306232,1.3046984631756935,0.6260268673519575,0.8395877117507151,0.23435901754332583,0.37605267065960735,1.0023180526094717,-0.9109053297216473,-0.5533846242135549,0.12181579385730316,-1.281685719778656,-0.01854453259391866,1.1585587001780084,-0.17663525298880556,-1.071539508645274,-0.4213374879585428,0.44902725893986867,0.2808996436527041,0.3784562557136891,1.2678373461530457,-0.8453360544499365,1.4334790525842807,1.1214754993045861,-1.5062542337574834,-0.6553136202587706,-0.6986501724893505,0.06880937715278218,1.9051381336381854,-0.2478892579685617,-0.32386329910489886,0.051435430849209145,-1.9605620819670104,-0.9390717861126426,1.6086109996594147,-0.553282746640025
0.42447522668179644,-2.2364963081693126,0.8240912544468125,-0.32303434347774673,-0.729360969534799,-0.7379518899872977,1.61137020264336,1.393126441160764,0.09781000047178548,-0.5532070056583175,-1.0044556000836942,-0.3303814295845451,1.2374723579692073,2.968094526283461,-2.3423635208414764,-1.7962658177541606,-0.106198346799991,0.9750381676833717,-0.9540037451214199,-1.767779202052679,-0.7900549896052862,-1.9819602423505134,-0.45657933512229576,0.8283937952214051,0.33022024947239187,0.8375059081456789,0.09405077909918903,-0.7390301572105114,0.42504900843567894,-0.03687667408708656,0.6780479658195494,-0.5416340184982892,0.20581225185633872,-1.1312717008132191,-1.7255286284761624,0.11153568100351641,-2.2054475291888376,-1.713237907730207,-0.1000838488429291,-1.4624069334787901,-0.6038908571928082,0.19421672330234957,-1.7117035976761446,1.5065670795876502,-0.5128228157965743,0.7756497021860762,0.5958320541305278,1.3084686486314774,-0.13869226067757387,1.2855065115318582
0.7463310308260878,-1.2226081706948104,0.5608435591553707,1.4947052359169897,2.2821365367094306,0.9393703945779563,-0.0630738385263318,1.7369197629429138,-1.314841273890903,0.3927869249178968,-0.6453817384470202,-1.3971702808642732,0.3728291761750119,-0.8369446424889049,1.8595618968270982,0.4157529431951055,1.3033452271209143,1.486530942040313,-0.5605004510224204,-0.2913994934967167,1.6674489805468313,0.5153212473791053,-1.1223208224174903,0.5952266389362586,0.54322919168846,-1.2410581130901328,-0.697716990327457,0.6829263281333444,-1.2491384907738214,0.8932090469868158,-0.12577370086180242,-0.08985949749882507,1.5275554176457466,0.9070580325772003,-0.1999501864838045,-0.0007950507219683142,0.6433376150994716,0.39358220643067354,-2.744927647387241,-0.2666858530604237,0.04927167495325821,-0.23159851826923786,-0.17387577434781892,-0.552307853149244,-0.8470195441528411,-0.04478400920786022,1.7888798816164755,2.7309805676602465,1.4705355989595144,-0.9420889930712651
0.18713063080161713,-0.11920142408884739,0.8809714050317813,-0.21912733799364276,1.5954922185355052,0.3450992634337977,-0.6369918431658956,-0.24716437062827193,-0.7875465576269515,0.2863227351682982,-0.6947584246003436,-0.7878513126924848,0.592155975604589,-0.9148800596420998,0.4928395332087102,0.6825817014183172,-0.5527659776590932,-0.9129064918212179,3.029418303157393,0.839327080839149,0.22601409516491583,-0.13407338106324326,1.5784684399859215,0.4690510508107296,-0.5931217035980231,-1.6992854734851317,-0.9115532386024611,-0.2410924532946208,-0.420308188979778,1.237967851797707,-0.05205577632546071,1.7211740895309522,-0.6775926098919358,-1.186435697397159,0.07365492154359012,0.7476404948631146,-0.24211286280018912,-0.5369961439671965,0.5027139775448589,-0.07860147813415382,2.0716906415239436,2.892349614536315,-1.2330519463343887,-1.1191866627022837,1.183945670487354,0.5018367473334725,0.08895272712735773,-2.2186121742996043,0.6873901173320175,0.516683695679066
0.6039997635647566,2.0067670622393647,0.653687444793751,0.7625941334076528,0.8903421135852959,1.4746701784976246,-1.6336548004655744,-0.8097221802540892,-1.761303174476766,0.5860693459104444,-0.32254786171898403,0.37399362166647765,0.7490723725461677,2.606887658581624,1.521888844644152,1.2172764175091082,0.23602011172505977,0.45152355943980604,-1.1152240346521307,0.17040644260388618,-0.7783139387072869,-2.3563777573377878,-0.058440833911800806,-0.9407527000415392,0.33004082664933365,1.5900922272093283,0.33574310247516875,-2.2528041151554357,0.3172787377058755,0.15790209376858286,1.1479629235735833,-0.7449919701642673,-1.232016825123593,-0.7471457850844181,-1.1038030816142461,1.9385748658561315,-2.5632622287586115,-1.1650451022012696,-1.2937949109505973,1.3391517014310792,-0.3910224410155682,-0.4933674846712709,-0.4936769402229214,-3.077257670271678,-0.28511905873315063,0.2685066639770607,1.3400771201369044,0.6006414327275934,0.58711778901295,2.083130535516646
0.4792767059232983,0.8543859630163702,0.3315631397741374,-0.642670541933314,-0.8501357982523963,0.5649971189445401,-1.6827167294872032,-1.099267189268173,-0.36827319601136443,-0.15217029092726098,0.5799718287183397,-0.5958079984876837,-0.38238982589951165,0.38001037741064964,-1.571246379466372,1.2209264508864375,-1.5780538051378434,-0.5066903801941522,0.3989102939383589,-0.02427285118242099,0.2066153136342452,0.5418094216741296,0.20142773580055182,-1.0107988515870336,-0.4802974606202738,0.547371393873434,-1.1336277782380217,0.3434764932974167,-1.2329000375761054,1.9476642217719258,-0.3332725169583802,0.9001442806843494,0.7046217962464487,-0.010915281571062604,0.7595325846393671,-0.4540381990494682,0.21621270584755162,0.15330235620364185,0.5955576489707263,0.482464750551299,0.12816030139893625,1.221800732403976,1.059341540912485,-1.621801935651485,0.3129393081145929,-0.5139347045605945,0.4568324371010271,0.5728709967052935,0.5903045281579828,0.40861874976437396
0.09885618853140636,-0.010461372332863325,0.2494917721574934,-1.0093649724435,-0.7881787646063562,-0.17156819490741682,1.6665051651147411,2.1018393343562796,-0.7237225206579957,0.5854148533965357,-1.1008287954623242,-1.068256796431442,0.6598930993032127,0.1601877307662205,-1.5593561032213614,-0.36413732398126963,0.22916562759443476,0.18207434092719613,0.5126406952542203,0.06077593757746229,-0.515322100215039,0.48446689483160366,0.26649591707855397,1.3054817571157364,0.42789906385539717,-1.373968565639802,0.9308787396115165,-1.0623879691626767,1.1203873686022674,0.9361171710509852,1.7478551177405823,1.1552201382543026,-1.1793878996259188,-0.8606592919650354,-1.5385413266326375,0.08669749357666247,-0.9730705330900042,-0.8739835296794978,0.4065446671047704,1.7544297202522006,0.5163143027609643,0.4196956166444102,-0.9774774144077168,1.5238977022877762,0.20093993263865528,0.200375843886316,0.43699463753138335,0.10746599292460635,-1.2191753291991492,0.7257340442256001
0.1291410819022939,-0.4805518504197146,1.1488377858056615,-0.21478259104215958,-0.00885439680268589,-1.5335238355481597,-0.12757780634602353,-0.2604787196458374,0.13035115064324249,0.17823305767283615,-0.6848685316769726,-0.3548100608895423,1.0549138813771515,-0.3532856147439997,-0.25954441577777576,0.05406281787073671,-1.0756283700567733,-0.43107680100814133,0.8804252204194033,0.1596651919693708,-2.7965935443487058,-0.8598643863333264,0.7246195389570456,-0.8406025437761243,-0.8747204997549363,-1.1314321656816435,-1.0858377365428662,-1.3768379755406748,-1.3711983790556197,-0.906464550977924,2.1409076129347464,0.605288518579132,-0.06917379622520106,-1.0499416346130614,-1.6138860208463697,-0.3885604588668091,0.16703049358682653,-1.2619307113762865,1.0223221261190862,-0.6292456809556325,0.8474329239148457,0.5098908237575515,-1.3348171071544448,0.11506967459104746,0.1784804830393967,0.37366583438435663,-0.7946325449352388,1.1753087800684459,-0.4515290652680256,0.4716597172833983
-0.7830740264976672,-1.3970343836720662,-0.6816752447783735,-0.5376156488855282,1.898102113774411,-1.5104723263555215,0.012292543076162753,1.056473089899785,0.4148492578737825,-0.2568688617071001,1.1841876626908592,-0.3654536653848368,-1.4188168520202362,-0.5535249631023906,1.581553053620437,0.608289291987554,0.2973581019274207,0.22641437942389228,0.046051734368188074,1.6165204760304963,0.7703843876486207,-0.04815111364390574,-0.25364448431435865,-0.2727227043610497,-2.5614255475647925,-0.2760288978168754,-1.3302876784579074,1.389659185067789,-0.5194595742214769,1.125834819805912,-0.5984568406339505,-0.9425268512870172,1.0704279869908089,0.7619667004686447,1.8627578481845941,-0.7265693607462403,1.360359789874916,1.8112802207858048,-1.071343499789838,-1.5466007158805404,0.1438637406759603,-0.46620602146771734,0.561535925124179,-0.9661443016633269,-0.00047780994989600505,-0.49393063725733594,-1.1804900157205211,0.6109450612017516,0.3865811199325036,-0.9597835628464556
-0.09841236858343098,-0.13523936991994273,-0.7330904643861521,0.8975345503683952,0.03832156708622511,0.8720879013805329,-0.16793695011623513,0.00339842862755089,-0.8398783887123417,0.4857970905185251,1.3839009046142743,0.7599581737085622,-1.2718060243331686,-1.6149097758388957,-1.0208115778498197,0.5323483206600562,0.8042136286442315,-0.4227075040650542,0.6226660009575458,0.5179103477435762,-0.8051907807385289,0.873943130078541,-0.43755586166522703,-0.6739996966515065,-0.8733979194116906,-0.48524583195538973,-1.5070620536907369,1.6147638659678938,-0.8223233622841813,-3.387923281528091,-1.2760192808084185,-1.2617969355616991,0.9094303871736003,0.6832848202513363,1.0971089158691998,-0.8556032378931462,1.86257740439099,2.036483650252294,-0.31996478109961374,-1.0971608110151188,-1.0922015525316346,-0.7277838447662247,1.1659740666006193,0.16005773665541134,1.509298090352135,0.4598412006041107,-0.8609841821651489,1.0339504334938887,-1.0511307223430877,-0.11629489581474468
-0.9201772172235169,0.4700491509417383,-0.28406139008640435,-1.1580320094635217,-0.5796053612305881,-0.7859243111730772,0.7831338829560935,-0.7556398144824914,1.113799437031462,-0.48600183690192156,-0.3552709721112264,1.0768785282050652,-0.12285275777289702,0.734059151232906,-0.43924306337525726,-1.1214606655285584,1.9782545047056945,1.4575231913228872,-1.2121881542284771,-0.11310716036458814,-1.52064737466578,0.8765830213577256,-0.5252267009742518,1.2552846581659458,-0.03412081778621667,1.0944140153710047,1.1827157761342988,0.034043747358956385,0.4919242151025927,0.3889929690493307,1.7692667383909568,0.2610100914472469,-0.40712840874343365,-1.8042391644838265,-0.5193307080784718,-0.24804459659688977,-0.2601006305719157,0.040331105664521104,0.7548504053412249,-0.9755548216655008,-0.29942883888451555,-1.2801606744289702,-0.7428366807252373,0.8136657601002902,-1.02889158498619,1.931094306078866,-0.9618371068601514,-0.3178085027177407,0.8730607577139851,1.49310043463507
0.9162483215733089,0.7655630963249795,-1.390617524228302,-1.7763977457654507,-0.35475762629298196,-1.39302843865782,-0.681629130737107,-1.6016970866148157,2.1514337244053556,-1.046102791835339,1.140509671840513,0.3224264897266295,-0.7509349684163006,0.42249869281936453,-0.0547902405825175,0.11380792112550754,0.2231517903377984,0.17546319682139014,-0.15926831764526556,-1.2776564243354227,-0.6895569493529264,-0.6917636550414267,0.20055213733312716,-0.1967444641655004,-1.0383608305108483,1.4760046593756297,-0.5393804821483,0.9871873584841906,-0.3476767858976912,1.117916144459896,-1.7333860186966565,-0.15574521615181322,1.464786707229217,0.68768008634242,0.06841501868123166,-2.0369387111366044,0.00527407441757634,0.10111665560656448,1.8959112623703964,0.5545192184438795,-0.15104249735316178,0.13040017881550295,-0.2521425184782928,-0.48083901779054417,-0.46262816408819585,0.08718513600708769,0.36989624214530037,-1.444661287335333,1.158781293616216,-0.20424541835846735
-0.18634224223070983,-1.4987139404915746,1.5829705341746612,-0.19538433158598045,0.48902736229501487,0.5881332084455105,1.8339073768932135,1.0571027574543406,-1.4577452895750698,1.4008965828177187,-1.269208607197042,-0.3180451251278765,1.4426582985788003,0.871337740901495,0.4294529246500262,-0.6744801942294564,-0.2834018365940742,0.28651764674058644,0.7083980882577601,0.49267084553386126,-0.46846683754075963,-0.1986700110146352,0.42679997087891647,1.9387710040740833,-1.5097020288017668,0.0760822507954932,1.5521256929822929,-0.9047907668615714,0.6415167497030523,-1.8544015898549717,0.4878063010579192,-1.6488248283662976,0.13427598431198193,-1.4800147169189575,-1.1484284962605174,0.36817663793371863,-0.15861778409505076,-0.9376244106624514,-1.4024705400423219,-1.581538895716264,0.36545689729520925,-0.44878988182908985,-0.9283937509047407,2.136224693607151,1.002678368974357,1.7971496115339327,0.13091256564434786,2.5576726332044326,0.8624156288665684,0.24331846810384877
0.8121387625825047,1.7927858269671173,0.6610857165905267,0.03619602794956118,1.6618390921248354,0.7957014664172395,-0.9272199533862103,-1.0308568952346229,-0.6847088107845637,0.5626194988296493,-0.056058622676094017,-1.6010634255567813,-0.01654157007460146,-0.5225284326953511,0.7968644434335544,1.3152692005213475,0.8198938195903159,0.40669874147343,-0.3515394363073529,-0.2357896492780456,0.07179845457261712,1.066166356986463,-1.4133369146860941,-0.3649004594037379,-0.030593543015893388,0.30819372489503283,-0.1425853970127984,0.3371578903246838,1.2886734159444964,-0.767889610879245,0.6823184260044947,0.07786682597185554,-0.2580312141851327,-0.6304293560426633,0.46761226673158124,1.2176495258277262,0.37256167648554683,0.04030561296880952,-1.029928100145217,1.0890059352472639,-0.04219225204023763,-0.662777322229553,0.635648516716392,-0.9709546281594171,-0.6728495273656849,-0.3948297075424011,-0.3853497217356739,-0.010823380758991039,0.02344974952439618,-1.090071880667206
0.08418031242337876,-0.24148029661314924,0.9519369306329667,-0.342045684476359,-0.06624774808105846,-0.9782149750387735,0.25283721369106155,-0.8493133160282286,0.5311930217031651,-0.7902595882985536,0.9292508604233151,0.24648412751203624,-1.1846199549470888,-0.12982355704680248,-0.2973474993981443,-0.743564640578208,-1.1371543310117564,0.3309319793893053,-1.6831853620143415,-0.6045652180764071,1.6416264611832216,0.30939614481127137,-0.5065903669416999,1.5460867292066942,1.5680832664403146,0.7213397148003883,-0.8249168899196192,1.7879898889921222,-1.2164655347970859,0.3428660171022482,-0.5669442415242919,-0.08450270499208892,1.5595870907869884,-0.6401804430495763,-1.313886542829472,-0.7473348134609673,-0.21038579950712522,-0.307718368830986,0.3769466612088814,0.016183403713977328,-0.7559751087228445,-0.8673897215900659,1.8451993523133778,0.6662446140133447,-0.36996355861526864,-2.5713649433865493,0.04521486799164486,-0.7724370490121386,0.4559945298329496,-0.13093123124189412
0.9158445747585195,-0.5829678764503093,-0.9228503988988199,-0.31408067199691647,-0.6041303570595375,-0.8693265232577332,0.8490602685601817,0.4131221361512642,-0.07969960617904158,0.6907970753413303,-0.31156633686831897,-0.44682287013977146,0.2091301314809957,0.1405712159934056,-0.8919214254906072,-0.675328955990222,1.314580239955964,-0.22573176123691857,0.926550681997224,-1.7955960520460839,0.3292058182009075,1.7487956144613206,0.17472334136882148,0.271725499776023,-0.8220252570867594,-0.4706391312706648,0.26423339226412246,0.7758012236904361,-0.23239982687647237,-0.1565643563081868,-0.04326295417927533,-0.5163347664744169,0.6981702289280652,0.20216825660550208,-0.12891218104176122,-0.8426951823759516,-0.6656100484074271,-0.3793688007266114,-0.4165677127907609,1.3642706754064164,-0.037527499215175966,0.5465199380041176,-0.4694375420199591,0.8231353979623685,0.8760206472859524,0.5559500798631233,0.40517734793648713,0.0880159771345583,-0.15040818175540868,2.0808545865068915
-1.4346230738015084,0.41683571019408644,0.12564859604495407,0.3974812516947619,0.09344840508534105,2.6411516012748235,0.15958031330562925,-0.4203087001162815,-1.5107662954908314,-0.13761121029760723,1.0112117666448166,1.525083427106084,-0.23874518329689645,0.7879241645536378,0.8169891471587043,-0.7199827942144114,0.4601293566954772,1.167389350743715,-1.0687282558536162,0.8832363178362306,-0.3378419730619163,-0.8822965175286686,-1.175010147674138,-0.3472908107232169,-0.5830691081914667,1.0119540282208506,-0.18584387521661186,0.6859345915712183,0.7447197462217341,0.6167544299035637,-0.31223641732932456,-0.9645784336213963,0.3040065132404378,0.3196823971184928,0.1194526205234284,0.5749561213103412,0.41356537898444456,0.599353751513315,-0.6330344733166643,0.3697836090399127,0.0036260702224759195,-0.9199127378727601,1.2008919183827287,0.6109107873123419,-0.9012034155604005,-0.3071962057119429,0.2511269866451514,-0.10168682782922991,0.020748505402109884,-0.27340375018803986
-1.097816990161365,-1.6939896255361357,-1.7833165435937295,1.6012315952361345,1.188187390323072,0.2977626137532942,-0.22267638013933436,-0.6289083055618101,-0.822638849600262,0.8548966641321228,2.2244065500264645,1.1054319702719937,-2.191184546917968,0.48859317471198926,1.2755448205379152,-1.1080635637672156,2.351804744951383,-1.6372668136258475,0.666988834878499,0.013091150471512904,-1.8132439250793941,1.267868993784227,-1.8894367999762094,0.7383660274667025,1.0791832321379236,0.08836721048544216,-0.07726165865522454,0.38698634003165755,-0.3255462871180523,-0.10366666895124603,0.2001388442035718,-0.5751029042810405,1.0289751248935144,0.5645041648114084,0.8944570897846623,-2.561078900893239,0.4898895635025061,1.2046689271819067,1.594667294984521,-2.30036811972835,-0.08057435680044642,-0.7702064463000957,2.391416156259181,0.5323544573346702,1.392978745175496,2.037175422520355,-0.0752858280932929,-0.6405906289986686,-0.34828519875860964,0.2991569422993844
-0.6411506244476843,-0.6900076106328016,0.3099546359826644,0.23262549724433673,-0.39001757313833346,0.8124723586247284,-0.5808304072990254,0.6797002502432354,-0.595404982356754,-1.065700286573326,-1.8111487302482647,0.6557772094401726,1.355877689002166,0.1744131600699908,-0.3817037645335672,-0.7338841397338522,0.0891352553338983,1.4379204865552946,-0.7871064639223996,0.241115832045366,-0.8738446558329079,0.14859718614106296,0.6889964705804452,0.7572740094180015,0.09512808323528982,0.1443778512848749,0.31858857669737106,-1.3116692373011307,0.48276597825621914,0.27963118192091013,1.090346741433383,0.6812503998528149,-0.7668520715033202,-0.5201510281126038,-1.3376220086841364,1.0296699346957536,0.1697918417363345,-0.5953285101373521,-1.374853592043957,-0.32572469333945503,0.11898052212679731,-0.243236433296591,0.22486106993610103,-0.9200729229073507,-1.0577158028995377,1.8486559376450562,0.46595315520933855,2.259484744595597,-0.6466512804538411,0.27009876578179504
-1.651707312786212,-2.699168172446442,0.9225092966085567,0.11897311354770201,-0.061198161247582435,-1.3087064349538937,1.2269374012278027,0.5494028178943227,0.5459882537342582,-0.5794350586079285,0.4187760065280076,1.9435995949307463,-1.153957151526391,-1.3214975061471024,0.5889788441523344,-1.0408007861447581,0.20820815409670718,-1.1765591736448282,1.3260706874458308,0.5676565937146973,0.1917847802475013,2.0345053166143883,-0.5851314382722301,1.2282057894330756,0.28576317863404227,-1.347240298884375,-1.7322585605334846,2.348039844448853,-2.089536585531647,-0.2958799752492157,0.20375341108526424,0.9155440013412097,0.7831390068954834,-0.5672578749064365,1.2952441764526859,-1.447048661756536,1.1669170315756336,1.4497162070527156,1.398672369136806,-1.8247773827004503,-0.46271178013949654,0.33731688429771317,0.5604149727957386,1.2494801335655177,0.5682477785060596,0.020351354470305984,-1.3243141122441588,0.07971244151984451,-1.1193796878478592,-0.18100653793308497
-1.205517819885849,-1.9973982843034916,-0.7018062629563375,-1.0166082764153224,1.3524014582199169,-1.2056263564201066,0.6424304845572832,1.3206755717139247,1.2760808244073845,1.7565370846060164,1.6685966265978969,0.3966795645258352,-1.6231569082655493,-1.812230636055193,-0.30432421326472137,-0.8200381750382202,-1.306263289194815,-1.655673010144598,1.6466210740972744,0.7649613845988597,-1.8871522032684784,-0.021273311348785368,0.998989589460224,0.03173124277177362,-0.8600031213859298,-0.8603655066936716,-1.8948225960340273,1.6781265096492122,-2.190933419476477,-0.2721470965493284,0.8719271533091073,0.9143612547792477,0.9777119200519347,1.0102323993424092,0.8156975139983964,-2.120829703446147,1.0338960629704035,1.5713841944886746,1.0513426292755583,-0.8959165556221637,0.1975735771705104,0.05949023859074503,0.7611625383724132,1.6426855490834236,1.4363448138471762,1.1256861025143055,-0.704377211343389,-0.4880030321826661,0.9623044597275116,-0.7677654497556918
-0.21699061209383838,1.5240440072818158,-0.06335133631364959,0.1637695980890594,-0.28519400241918674,-0.9981534685884565,-0.7423473537234139,-0.5122859321414894,0.11416003730922285,-0.03236328440464231,-0.33829177963449736,0.18994992999723667,0.1904738619262366,-0.5948087326132968,0.6925431705613726,0.5725865312952424,-0.005649388208789999,-0.00933084359571632,0.17997337516846149,0.0788916211712898,-2.3533080248804854,0.6895528723383509,-0.7764682678824502,-0.7673149110061569,-1.3183203762154383,0.26860480175333007,-1.045217406768005,-0.47753714184441615,-1.035149964911995,-1.357020403544398,1.5079901976538221,0.4248462543195002,-1.0610406464876714,-0.22470755842332749,0.07249627149471675,0.5313224057718136,1.0014088689346325,0.8399437543027781,0.7745164607650865,2.2173112329402804,2.4222721262732128,-0.7197590272230513,-0.615357721786352,-1.458835878932075,-0.7367778317340379,0.7860943708361734,0.35306967242566933,0.9190525168883622,-0.045918189983174366,0.4026066736781787
1.5955746419648544,0.788479618613031,-1.5777049482746945,-1.6513828676381166,1.2853129337627343,-0.4133012487956226,0.2187565542451253,-0.5899830192735,1.149052533648771,1.1845317591920117,1.7434579859627435,-2.5151276301089247,-2.1809943515794545,0.626911575480106,0.6820050768943634,0.17225493684166288,0.43501210354812714,-0.283737306201561,-1.0649964788625672,-1.9062263791995646,0.9050429620513468,2.098173956326601,-0.6100817477012423,0.902474654157934,2.0809181985882423,1.7280728634939901,0.34975126248019744,0.677663802080589,-0.18263683227491742,0.8387224304486677,-1.2271268421635595,-0.012577403023775224,1.4519318667158574,0.42452606492039463,0.13372681326514624,-0.776300510421068,0.054298688828923344,0.2337094121069878,0.3816027100867713,2.618112394671819,-1.0013129165767203,-1.326162819287197,1.5826443192057695,-0.46159956874509517,0.5867030671067226,0.2857574244804958,2.178052404438018,0.4864768697286909,-0.04771269599083242,-0.15116977722889385
-0.7672335072899641,-0.3359884270683308,1.3915146000095535,1.6124327279077153,-1.3989628065772268,1.1948386210889275,1.2813455963164737,-0.6058026178976905,-1.706939351177868,-1.4164574704213042,-0.6909232037909301,0.9179592275756377,-0.10118315733992017,-0.13619800501761078,0.6328254712155815,-0.8598140419232612,0.43012959725198635,0.9949319036104505,0.22180215288992722,-0.12753520881651637,-0.16822091123148608,0.28049951095951003,-0.6336315001053016,0.11151539695596088,-0.47744090103565273,-0.6610744899849705,-0.6742946718997518,0.19394472363995366,-0.5899974471072148,-0.021689362743771746,0.5153555598586507,-0.010162220168016768,-0.5213558022910417,-1.2553874254041866,0.18884724317152785,1.3451934462660027,0.6796547323516,0.18757773616233087,-0.4356383980614657,-0.5205704143491942,0.2619808242085713,-0.8694456760572322,0.8659114435793884,0.8282756490634641,-0.8807682181538786,0.359454911579508,0.7787525263459053,-0.9526868492430101,1.088397683354216,-0.31796517775225835
0.5548068862318869,1.8348015555298374,0.4672431835040832,-0.6697312728503655,-0.9963971563107552,2.4454214661533604,-1.2729494078410706,0.31307752809427447,-2.2648283770522153,0.0802541786381382,0.36183737837305896,0.3348679023002975,-0.8316655335906766,-0.10272603161193555,-0.49099153444109805,0.8584002150382934,1.8444085426187569,-0.8328899521356429,0.5003198732692891,-0.19329994923240412,-0.2175638435437078,1.227207886431894,0.22325114052922745,-2.8127645274645032,-0.32623336195154456,0.49826314326945753,0.5844929186492778,-1.148336808820017,0.2766635226492975,-0.3242991620438117,-0.2965815369877498,0.45462227870940125,-0.9227390161585194,0.1386955670927496,0.045137327827771384,-0.3069019927643995,0.7692836257446367,-0.4099169959425685,-0.058867668634525326,0.46343973038912334,1.1982805334944742,-0.4338093851248692,1.1306981181773688,0.2774685200163168,1.282586611512708,2.5293021008238106,1.08792897938421,-0.5295584528244214,0.14527534613856982,-0.7866139214896655
-0.43407406550883637,-0.25063697647944116,0.01922879644716662,-1.1325353156560498,3.1014458172411024,0.08500447547846911,-0.05508167731867456,-0.5585905945552007,0.1994563736791637,-1.049554470261714,0.8659415251916754,0.7396851277367329,-1.0530938966853203,-0.01272495218441932,1.6639772371492139,1.428672476756158,-0.21855567102770945,0.6742458768457319,0.8406441632892885,1.8621082901773163,-1.6088181378461062,1.5264646877903396,0.6864110621833216,-0.40157890276537894,0.4698057803689014,-0.6615506135882538,-1.2793318648458207,0.10375521191574917,-0.7197716048554046,-0.538688993993765,2.325375977279489,-0.031171751335025012,0.21253551214162952,0.17624598231175712,2.1715276241132595,-0.7978347996951769,1.1737660607786542,0.9345118883324678,-0.6556576596123922,-1.1996546002485533,0.4920860379873319,0.11494988315480054,1.1053056434945991,-1.0975767168853647,-0.7561485220112338,1.2912212826767835,-0.8192807305674763,-1.2233292690526971,2.684121015145836,0.19309585072550894
1.2583267446764954,0.06633542595336793,0.9874509590864123,0.46077820674121855,-2.10376026093108,-0.44432956664769063,-1.7556255065874302,1.2730866413405544,-0.17612621499958284,-1.661367416411446,-2.431900691533984,-1.340707879150416,1.5069638249875654,-0.5949824549137804,-0.9534858394129095,0.8592920188604943,-0.4754493624882488,0.7732110717986411,0.4148140794225673,-0.17738330811187802,-0.6855585126891538,1.5376304730817052,2.548332339478828,-0.6151013247353452,1.2644659921479695,-1.6941556282757413,-0.25803799965221635,-1.0690492994445975,0.7677515707036785,1.2297656150644274,0.031583879516943685,1.2441187275879295,0.04466009223492944,0.3901738406739964,-0.21695285449591437,0.9020060176432215,0.14512275229361443,-1.3565503548836506,-0.8289689139747535,0.17113679221509123,0.06566040159327319,2.540310976418803,-1.625555651629516,-1.983240206611084,-1.076110328739936,0.7632512295457455,0.6209403159486727,-0.763179782619758,-2.783713310614357,-0.3396329931251505
-1.2715336988989647,-1.4362414273067332,-1.27202108173765,-0.04129704899686197,-2.1419657238729517,-1.297780540714042,1.4040156408074733,0.47264763122117315,0.663297011292097,0.7956426750992825,-1.2689243601209585,0.3838309673885792,1.4374661242819138,-0.7331548547531102,-0.5666970169713086,-1.164138584012387,-2.2649921401145736,-0.37900958564118026,2.015014172403255,0.7535335935820829,0.3450580926644962,-0.8716322576875056,2.1916288754304407,1.1232353875135819,-1.807258319137395,-2.356091347949402,0.2673929117331126,1.5534868797361696,0.6017299419004355,1.0503599862472857,-0.11517024379581187,1.5240931433109224,-0.2655989899763679,1.4916872257687706,1.2614064148709876,-0.4373076274420739,0.7922988415983448,1.5410530353398737,-0.6352649800694116,-0.08204042070549984,-0.9475880121325835,2.0578742355751087,-1.8155620860484334,1.2809223341700156,0.4930049409080711,-1.3055347539424131,-0.05571299758272622,-1.0073774168460246,0.2988741615615457,0.12613654420030776
-1.271009420895517,0.8435215999620582,0.012050942531150018,0.7546336586175301,-0.2420503811068697,0.4906636541496161,0.794931023868376,-0.3606986795903028,-1.3958017041275035,1.363675205190241,0.20069270244949391,0.3416538483105885,-0.31388556563325865,-1.83865593188879,0.5410240011958375,-0.09787007723069499,-0.6908405555255082,-0.2671865408825174,1.1267125484811231,1.363724754878711,-0.48350107535065967,-0.26294307941694883,-0.03911555330313409,-0.24674872299620898,-1.685263542749712,-0.4518188385232129,0.33996472479025047,-0.7988679734834325,0.09087045908143795,1.920107295452934,-0.35836468952707046,3.0036747443891056,-1.307965896304004,1.0194190294887213,1.5631271434970986,1.2018760316090393,1.1044630641170219,1.1342960583944752,0.04577052194120126,1.5434591499111285,-0.09564028670235435,0.010683177957474796,0.8596135948789315,0.4250583252075949,1.1631127311950225,0.05603318711322382,0.07920574112589276,0.13755655222782312,-0.5071935693460676,-0.2526708772193093
-1.340004209419755,0.20873066315466582,-0.6656986888799902,0.3613636398840556,-0.6896483557481472,0.651212955385172,1.2367826230523553,-0.2974125387995554,-1.4840717265224663,2.883507891193335,1.0631082890054182,0.2804187546795848,-1.109263596386421,-0.33373282847016283,-0.12463003917580964,-1.3658352531932976,0.449304423185144,-1.0859942813399643,1.0536597173282023,0.2745903606844811,0.07281167064341258,1.0666763133534578,-0.4848851165173566,0.9881312638202483,-1.0966237683856,-0.10193958590913184,1.5206384838777882,0.18970730979180042,1.442488322122951,1.6803157342613546,0.26136752577373157,1.182379451279231,-0.18119587620412836,-0.4262540905021498,1.4762699000698765,-0.605610909370974,1.071432436820301,1.2466482516905906,1.4397154982727909,-0.21005396914016894,0.2721025787440338,-1.5780130361066549,1.3878657416667581,0.06148214945277279,1.8980431024722597,1.3076205072652165,1.989638071446359,0.05341255643737813,-1.3101625200952205,1.216318374132962
1.2553969994534488,1.1361695956134295,-0.47910133911460234,2.0433322890163104,0.3289044638026748,-1.0781816285905559,-0.9470649898821898,-0.7830456801123583,-0.5434907585601235,1.0131839522234716,0.7574669818465628,-1.2584210621473455,-0.3381385268994188,0.5566154085260991,0.6429031712619158,1.1071805207209722,-0.6490746356868415,-0.8944148705734989,1.3814572874539781,-0.5110326448743618,-0.6885965509515617,-1.5142812536177677,1.087253896207913,-2.268649075249347,-0.8157197829741071,-0.7706795132246804,-0.027930630588972036,-0.31434866539952755,0.20263333880209125,-1.3993133893165575,1.284790533046899,-1.8440000799011542,0.5539931656908709,0.593975278224669,0.285152345650058,-0.6593018201590742,-0.6367414794918158,-0.3083212192097704,0.07057124969949627,-0.687039978353044,0.43179734946405274,1.177406379134411,0.9049330457155321,-1.6488208778494848,0.880129732552593,0.2406637203309935,-0.07917072842193623,-1.4731316000836974,-0.08596654093156261,-0.2874978706152298
1.263235403914781,2.559269479588741,-0.1583792131190292,0.4247738808874607,-0.7281280454293614,1.3028859235410115,-2.6569281677942294,-0.740765881291025,-0.6921533417136346,0.49862877546051976,0.31602328265924645,-1.0181558571110663,-0.7400309023378832,-0.21407517120377392,-0.22518536757925298,1.973552177868224,0.44683286751405327,0.3651725771858256,1.0077839364198629,0.49382486751154175,0.5900108325643874,0.5244387636365161,0.27076950985876275,-0.9034077080691116,-0.8944604159272888,-0.6322204738261611,-0.2831165784366294,-0.35987901218559565,0.6929793559606788,-0.5611696256859937,0.17459047187389742,-0.8565190682472896,0.2510835772137984,-0.27709975154584965,0.6755274925089769,1.0202989101278936,0.8025102015390733,0.9130337571773647,-0.570553276714002,1.0549616625868499,-0.9311383286034419,0.6732861474857587,1.156502515515991,-1.3398893805700665,0.023663815826432528,1.0616383672898058,-0.13904853199212694,-0.6050197045436797,0.2614680823351888,-0.8884048724347479
-1.0919604416190736,-0.08137120143604532,-1.5886772126703725,-2.4247891517302333,-0.22833013843541833,-0.48839716022080426,0.2629714039945247,-1.1600374458804392,1.0343112034749782,-0.3216240051502698,2.010688331901179,0.9664976264880475,-1.6269458450121481,-0.07525446956441312,-1.2666208331000683,-0.4883224453088716,-0.2950065653503273,-0.05700074515612358,-1.9007071131012863,0.6903165932870953,0.08942320249806114,-0.5340750129683064,-0.8111039317957156,1.1141231279662605,0.8355942004338801,3.239918431259991,-0.7146274526457483,1.6404935941012182,-0.4253671506562871,1.7640727206012796,-1.3360680546393329,1.2152311629953403,0.4633670068016164,1.0338304680483867,1.5101081772509917,-0.7855732238870047,0.27345004649837173,1.8922518264672241,0.4938822514414594,0.5574240506364682,-0.8197537614663805,-1.2726611284139053,0.8840710236324862,0.04708982466272494,-0.285279267537872,-0.6576447770277001,1.1833194321501133,0.7281294177243592,-0.45850051713560636,-1.3122065674793573
0.9113181875972929,0.2532696092327962,1.6521659820920818,1.2580301814672923,-0.2758067613340691,0.4609049472236447,-0.9859448625954316,-0.14725576255938555,-0.713748117482176,0.20979345068805133,-0.9189498174031585,-0.2511008143288299,1.482123971487139,0.03187951559541471,-0.0226321350924767,1.1735121586267236,0.4672466568073683,1.4701260195920542,-1.0987886793637793,-0.14201240626733086,-2.277347700073209,-1.2457162260748869,-0.4256477413221861,-0.6525909519079539,0.25338014278827775,0.27887670074902343,0.32600347157668924,-2.273398816955355,0.8764847559108389,0.8662718857282505,1.1284388465481967,1.1655961376760096,-1.415551607992065,-0.807199372214506,-0.8773579354279579,2.242150790924412,0.03914964246981984,-1.0197987360221497,-0.351357635386752,1.2356570593114453,1.3858175156827082,-0.7663928560830123,-1.0771249395634914,0.22232214848345203,0.0010658329622853112,1.3673603099682783,0.6215193340722873,1.6558415857489497,0.8620195578549569,-0.09557823427662757
0.7935682861614597,0.3667250584510431,-1.5720726310458253,-0.12815887005450863,1.2855167104720149,-0.894395844618381,-0.1520317105959217,-0.4062569074262955,0.8667940818594202,0.7014477256036407,1.5586910778544842,-0.844888101533784,-1.4457556921082266,0.21758739572184135,-0.128537573153922,-0.49483079035016503,-0.5009174506112066,0.19222861141870487,-1.3672389806880585,-1.3802687485486667,0.9349582416173576,-0.33469793799655745,0.2786453017400283,0.5156063491095617,0.31668987070217197,1.2250952869638465,-1.310346982324951,1.0746545432988288,-0.3421797339740856,-0.3527548156710425,-1.23341638564491,-1.5671604698259143,1.3972943877143866,1.4365324378933608,-0.8704494073957807,-1.5782319338482709,-0.037659903397649026,0.15190554088247998,-0.7803278803484249,1.2042216800050984,-0.4894783542561258,-0.47812701422762865,1.219427426301832,-1.0124965605656233,0.24112738552506074,-1.1862078104565645,1.5689770180747793,1.0927996195162133,1.5778686105652955,0.9681004360745389
1.6938917051959326,0.7444834659534141,1.2949090191003867,-0.6154368746414393,-1.3290622611686822,-1.3101567095750717,0.11600424335165052,1.4040039711891312,2.1843362681316303,-0.8176567477078718,-1.8005118878051671,-0.7876314292361898,1.4965773286893218,1.4481579476391078,-1.6001222512197781,0.885251693820254,0.7752915715074937,0.3621875642793692,-0.7946660542152119,-0.2927465493729464,0.20703661305275128,-0.7581563767084158,-0.5843748614799412,-1.3970567490235721,0.2575957146946622,-0.026829642608426976,1.2814354527921148,-2.013312877211995,1.168822976740724,0.12365684543416121,1.3617899144067804,-0.3139215355357016,-1.1118351646024034,-2.0577268264919373,-1.928919614807969,1.2382820201715756,-1.8411198680247134,-2.728768697609057,1.3739243286314957,-0.23150346023828927,-0.09600644867441933,-0.623259305149877,-1.5837369958399203,-1.2662179162373521,-0.5291336347283918,0.49570995729921236,-0.23100946438169578,-0.1459708338600576,-2.2254257210250383,1.4339903346990928
0.22349245110268157,0.7652272624765889,0.48279611083332497,-0.2551410842155848,-1.213924438848206,0.07615737871363397,-0.5492963832213512,0.5525701811082151,0.8828068690664761,-1.3612835683265647,-0.921811926944009,-0.44585820021165595,1.406716305437165,-0.16301646179269527,0.45525909431711276,0.5161616780000327,-1.1908790986442048,0.7959221366487849,-1.5006643704501523,-0.4286015510526221,0.20207116296473057,-1.7646957726101329,1.2144045777703947,-0.6301544541731902,1.3999311706155924,0.35694975507158416,0.9507861581234933,-0.48254767480091687,0.31413119903414266,0.1117489728654689,0.28632031986993295,-0.23307358309574144,-1.0579903066228518,0.741731042914972,-0.8202300270888366,0.448270398933268,-0.6837433255832592,-1.2117661314019927,-0.19943420231607226,0.5025173501569902,-0.4252251617331026,1.121397919668443,-1.427275492207477,-0.041459274585296524,-1.5120956869353979,-0.9552794752073203,-0.3949556101441985,-0.08122270389577903,-1.1311898344856448,-0.4725949626002909
-0.27146748396858106,0.4995651342948953,0.4907243729314573,-0.5723516812679568,-1.4706979909829379,0.7819794705814478,-0.5768845244729772,-0.03833462181233141,-0.8971798757341841,1.1138522087528513,0.4765467637276631,-0.19096111464995216,-0.2290059494569795,0.7180427226142785,-1.0123113839842803,2.328529118530934,-0.21096021448854144,-1.8672613698191687,0.017894842110086014,2.1500145533387083,0.4856062470964823,-1.4734496311224015,0.14103259999095336,-1.5957432651482688,1.8458075076589864,0.6308525217377975,-1.42338894731037,0.06261045136517013,-1.270712975949586,-1.3443401553186558,0.6004297671996371,-1.5689632704477927,0.43252567166912653,0.7098262872471008,1.3886968903798205,0.07610299617047508,0.15631221178901852,0.4212619210540636,1.0782727502578224,-0.6616378405191154,1.8607874274610503,0.6981515096279227,-0.00808448792120428,-2.1138735485677436,1.3829589811636556,-0.5406444402692574,-0.614790129341266,-0.11039156475118266,-0.8756790747666832,-1.4581559204131835
1.039435930873428,0.44739343673870546,-1.026047555718373,-0.44365464120587667,-2.3631908683336182,0.5719708334978012,-2.9120282373645883,0.8722068984640065,0.7540545778920672,0.6428536006837601,0.10286634700723368,-0.8109621133913056,-0.26314212961299904,0.6194784251742027,-1.583391841809854,2.8114891538513134,-1.4451034380354262,-0.6259100381073245,-0.18814287124643894,0.23498344956036335,1.3005968989842884,0.2986655872620508,0.10425857842100705,-1.1572087374674518,1.1690371100543684,0.29487398704257933,0.9589018148894178,0.31809336551807627,0.18031349819392983,-2.2808701227198793,-1.0993166009826645,0.5515172483120331,-0.5775249338622628,1.342056763267333,0.1829937049260261,-0.9430924780265293,-0.7462399048724541,-0.9264942973552903,0.28686070569087085,-0.3412539626737835,0.09068154833414403,-0.344531697831677,0.3149476462333515,-2.401175813729984,1.0011845181217995,-2.0943904150882604,-1.3168659723130616,-0.6047542623390827,1.0108274006602453,-0.04707211567807572
0.34869223366208396,0.28307741422678817,0.6795772130965461,-0.320899994760625,-0.113819033635713,1.2379810309884338,-0.7308924165102351,-0.6740158604949532,-0.744687723540644,0.44346379027283855,-0.25124716768684047,0.3876141107042193,-0.2096640052248735,2.021834968462779,0.1582587627656665,-0.17300101195061893,-0.8887495124631943,-0.040748141880961083,-1.6107185244250566,-0.18862126313038505,0.7029037169372042,0.9954304887166104,0.9256540449198102,-1.3510084401978817,1.1809758299162754,1.0430616658248537,1.7921735384022965,-0.27513813581996255,1.733376511875795,0.02651251262142316,0.28865661231002215,-1.3060435378905062,-0.2882378219119936,0.15401155510833017,-1.2940109092880585,1.5627686179183007,-2.0159153046601705,-1.5122040526037486,-0.6920599974677981,-0.40894855287510323,-0.8688046945818318,0.8780275667952687,0.6783456763320692,0.5510858235041433,0.10434468790821788,-1.50016498228745,-0.29446317995975646,-1.3616521096477379,-1.7572736634219317,-0.1744042955419833
0.5129206882333249,0.24998386206640882,-1.3264704406844843,-0.7807873639906102,-0.019315932465708202,-0.5738144787684933,0.11043414551232544,-0.7402219587087224,0.3912037643917675,1.2242028805373608,1.2671279122990926,-0.8691502524046434,-1.2604998199238913,0.28638992730832263,0.5003242087609703,-0.5272814237905421,1.6218990185725608,-0.17398988020660788,-0.37044893927381567,-0.84112689641737,-2.1251646612650896,0.46667392571851185,-1.0622115077466499,1.039761591248721,0.6250862432457376,0.2785371773923594,1.1596830817873807,-0.47677017667478655,1.2912642004135215,-0.21858118060995757,1.2644788397686093,-0.551772230675805,0.7378822110501354,-0.1633000729479763,0.5961077921671254,0.10218463183900847,-0.7909565423087713,0.5480517060920876,1.8417157872728338,0.3735035960252631,-1.516807044410333,-0.9570898582386341,0.7530758028982497,-0.47037142433783397,1.175381864478472,1.822831322174847,0.6852988550869832,-2.031112355518678,1.5201655916890249,1.3605700622097787
0.3732221443465196,-0.806486008626324,-1.0617155981816424,0.7499609206342797,-0.027735804679457,-0.2562201180254551,1.4773254137719825,0.08274563828585123,0.7117395802443289,0.9282942669570274,0.9265450095691381,-0.7372924813502058,-0.045915437457061406,0.2294053187463997,0.23645119870044132,-0.5683369889229993,0.03738601052848201,-1.111446331903733,-0.508886616646608,-0.58274552372398,-0.3883635605746078,-0.7429994975302292,-0.6068397884091977,0.6250900553502513,0.9933762724211028,0.8694779629927137,0.08654378400353142,0.8711422076995966,0.018940005230137547,1.7232286758044666,-1.196983681382175,1.0679688461485797,0.5460630512333478,2.2896414586245912,-0.30280540322294075,-0.918588882421964,0.18140920342193775,0.11249024045438889,1.0750077745420719,-0.230461073859311,0.8309303454763033,-0.38069614079021424,0.21853512937944894,1.3770713755270574,0.32543883688316994,-0.2766107684632144,-1.3263828426453366,-0.9099711569094534,-0.7364694731828858,-1.8742569051996723
-0.4205294605892919,-0.1175830895901623,2.0379264482330486,-0.25591608168862157,0.7283710265468405,0.18405759479936884,0.0009239441603146265,-1.0536274885107515,0.6628841198380002,-2.1166156221431196,-0.6430235946926263,0.2648900425356012,0.5291943134077925,-0.005149866573819663,0.3657033415617203,-0.10210134345849214,0.933801560631309,0.7530787493354791,-0.9311844270129225,0.041011587624617755,0.5587272530763895,-0.13973633824375967,-1.392308093845966,0.2847653052082953,-0.344506446834646,1.148786218306816,-1.1058940895491811,0.08114112826362219,-1.3877047337408863,-0.17140914603618349,0.3596835612734521,-0.22656440385327783,0.012618357734571902,-2.5246406869892613,-1.0240638428561073,-0.0783370891370755,-0.09340246767180323,-0.42485803449027765,0.2959826803845752,-1.6268946974511114,0.6729003857501927,-1.1293687759270912,-0.5812776865028346,1.0626288301072624,-1.6493853898857633,0.12298806526275134,-0.46957480404883667,0.876661362335788,0.726483248725316,1.147443769316779
0.4265730878933124,-0.7982272464290947,1.715620414150359,-0.7442841037902982,-0.6215453622811197,-0.9220346272705391,1.3739074608935697,0.3665471862219965,0.16059618966421774,-0.9426874481563067,-1.6995056304778982,-0.9328289045645153,1.9729672736917097,-0.2394115535520089,-0.8314733970104775,-1.3881471977592366,-1.3188170199019724,1.342775735518214,-0.7572878612362639,-1.5510738809560793,0.8390726579142229,-0.8555759641763838,0.6390048349698823,1.452811987627589,0.38934907473969244,-0.2542429365967596,-0.019690529973611707,-0.36186148859539863,0.9556047329415434,0.2094869852288823,-0.05421357911382242,-0.4090222550841257,-0.7885892885646848,-0.6842655956260977,-1.2817392549067341,1.5471747132096503,-0.16202521233188402,-1.375152049587303,-0.7666853015776706,1.5543195331134694,-0.37132213104056855,0.003881048946445706,-2.1078770047788353,1.49579555192708,-1.8857211337924977,-0.08482784923374527,-1.0256115684517288,-1.1092343421562751,1.0142915385396412,0.8729564173969253
-1.5380843062918357,-0.48243177626445327,-0.35158745351436294,-1.1733232742781328,-1.6082088786859117,-1.8636594770545758,-0.3666513514452091,1.2551184593032132,2.1627882379349455,-0.008451259147320717,-0.4108665902322108,0.7648880629331372,0.6254925999009666,-0.14930596161611498,-2.235381617139386,-0.4140415166961882,-1.0099589348152194,-0.3145638932769398,-0.8175608650015317,1.6369236019846087,-1.306380679103786,0.0604451714040488,0.04166805016000586,0.25446834998761264,1.2159816955737297,1.3094864590186128,0.4672899579157157,-0.728482619971853,-0.5463984758668036,-0.6675334674100295,1.0064024275194718,0.8804804861703023,-1.2871166549626163,1.4276660374859984,-0.2482761479217973,0.7404109760619803,-0.010296677390446136,0.2847733203111066,1.7150998811938394,1.527283551508377,0.9645808271790959,0.9475016992259576,-1.4399740789493531,0.8661459818267906,0.45749726783807115,0.2639152619840842,0.023803175136158504,0.8244213349300714,-1.374630280307304,-0.08453364633261094
1.069957834779837,-0.12930810356244565,-0.27157970903528456,0.5193549715017187,-0.7269339251031918,0.18339286358313434,0.5722085319383338,-1.48129044835599,-0.8423270659379494,1.3226408348823253,0.08511164179440509,-0.0870267500991692,0.14155482569913327,-0.5442798698576881,-0.036924075154257927,0.29662929079514805,-0.048344373521162116,0.03401135595094845,0.7131064006629932,-1.2726978417195374,-0.6282706657948479,0.06326964522383056,0.48083988752929785,-0.819569646108142,-1.0978053636081653,-0.3659209880792559,-1.8077478035884686,-1.1877609731003587,0.12539403349168862,0.15369210884547294,-0.5473266542098889,-1.1534994356239427,0.9198916103815462,1.8274415200922307,-0.08852106711636441,0.09499664127820602,1.1115354162741076,-0.04050395033620119,-0.9801975152232172,-0.9963293206288114,0.6847262003537593,-0.17162579107635403,-0.03588045976834965,-0.8823271840273686,1.077448784035044,0.6597800444900672,-1.779717650478925,0.5388112941862618,0.586005208780749,-0.26973925355439404
-1.5242681029910947,0.35884373351166327,-0.9138772288120631,1.145317824440931,0.42538757723965404,0.4520244090574711,0.6582849470872272,0.9386993439313892,-1.3998913558522184,1.1562211229251298,0.09020084188239988,1.7343424591161967,-0.2170507346248097,0.05370815481131576,-0.5811461459141233,-0.9650759949993737,0.14651356415926675,-0.4525340314709133,0.9002523768694027,-0.0033078648240237366,1.1455055435941885,0.5375900037076313,-0.9781553023161768,1.1819338230697938,1.5808686486764774,-1.115145114992821,0.9463949256740044,1.1101964681088217,0.7710211271430812,1.639254802252258,-2.331934891697054,0.8924179205723907,-1.9372955827244314,1.2380508108536878,1.003015184078739,1.1958984120537854,-0.5861429806631591,0.9995771629212,-0.2557034213586679,1.4360770420558033,0.6189456861148405,0.13930957955679388,0.6051490434120703,0.761474439191633,1.1615247041149546,-0.7089249506102326,0.540530710525895,-0.6383891884291787,0.2745001114252643,-0.7053310379820847
-0.726987074953506,0.03283366206984035,0.7680460623170104,0.7745215390914036,0.16937057377440892,0.1971754928639879,0.08875325341777693,-0.00041931883811625675,-0.9514166189534463,-0.2700572488580405,-0.5026865536373927,0.09312533264173045,0.011371340141204448,0.6844637569443971,0.40973199257328585,-0.5319907505111685,1.6089001885454217,-0.05000729207542913,-0.38880757085436135,0.09823140905966175,1.4221230878555433,1.268024714380915,-1.567963928666025,0.5609109044465808,2.1049636684773265,-0.4991911414574518,0.2378248727736721,0.6940164825475197,0.40311831242728535,0.6182449212323867,-1.0181523050764123,-0.20988537317541037,-0.41219097895409235,-0.18744160237901186,-0.014923810864083925,0.7254129600909976,-0.38771546250720096,0.7850644992726901,-0.5487579185018365,0.43371502144259527,0.9364789575518672,-0.24298918862897034,-0.2553693400665415,1.0566436517834867,-0.37322003226032663,0.74544125359103,-0.5332790412375129,1.7135734562508902,-0.7152529955572141,0.1846032676438566
0.12369010932621281,1.9056384471709729,-0.678716414140516,0.559531782635049,0.27675357796580025,-1.5162663148184121,-0.937895883764232,-2.943924804331305,1.075274884102444,-0.8205879351464065,1.380933325390333,-0.567903737093687,-1.9706413799610225,-0.5321323724894106,1.073392136028747,1.0728386949796218,0.27071395835547707,1.7054865166579718,-1.5724578595172058,-0.2054776394947572,-0.8439636708632129,1.596005704306216,-0.8944965927486443,-1.5866213256346542,-0.9389504161248441,1.3054785446277382,1.8631457057339247,0.2778352457708482,1.9088015515587933,-0.5491456796455061,-0.03997289693671925,0.8734674246783205,-1.1114203558237312,0.45652763953610626,1.1255971551214143,0.2752202280272573,0.8289772604742334,0.8340935826604903,-0.8243470331259426,0.31367218488850157,0.06391341439895559,-0.06867833358751761,1.3588029899670875,-1.2129424921708185,-1.44252431030885,0.040661174664826986,-1.8450829435395233,0.2307638604789252,0.13723859059524046,-0.11216760276826572
-1.3973129607235404,-0.37406846624942797,-0.7806753734845628,-1.3954989864582226,0.07657874535945737,-1.3231649874381264,0.8930224451381358,-1.2145161551624033,1.1713440311763275,0.6369743280433843,1.853918918221614,0.3269001054829116,-1.7676727753642534,0.579358177410348,-0.538303451316586,-0.8695361849852397,1.4483972448113975,-1.159223518689754,-0.09826833383968459,0.8457419656398842,-1.071789247735687,0.10931271354312064,-1.850733437000468,1.2034429833725648,1.6147757557414042,1.4049589157490854,-0.7007472575268722,1.0396320839431679,-1.1468242672617093,0.5814892777018028,-0.402057123248955,-0.14218365852294257,0.5701486376384373,0.45867774136433676,1.7204548004630233,-0.8901993840206386,0.10278985703314816,1.7729527125236348,1.9320954044105192,0.05855363550130684,0.8815756419112845,-0.8895445350084545,0.9295803534736117,1.5485701357479054,1.3467144083564382,0.9090054722618652,0.23702750014784807,-0.2858881386806612,0.5872953759974605,-0.36553338887982556
0.707343374377388,-0.16178827961945727,0.7219580507361748,0.8803260674059916,0.8015088381625431,0.1997045159095524,0.9949586365920602,-0.9248778387945704,-0.34700955399700717,-0.7901542478511452,-0.5145881011749612,0.6260829559255408,0.7405298617779861,1.1391458838243027,1.2692605389261504,-1.8895851276049784,-0.9311390139805368,0.9193622436555358,-1.158469502611794,-1.1911976593649778,-0.17821575155930763,-0.059609797486475616,0.21538238221859463,1.9257831712790372,0.3199887862756843,-0.0764931103968229,-0.830386962917267,-0.03070073210746975,0.08555875847545125,0.7377412408141939,-0.26422769807925484,-0.7324951545026877,1.150045972233447,-0.7620327457294107,-0.8024247446889622,1.3008266790145537,-0.4286062448242356,-0.6815718300546215,-0.19306241952365172,1.815708523477956,-1.7362168013033343,-0.8258195377745964,-0.38604032528244253,0.5981013369082979,-1.0586463854305723,-1.266016209646601,1.3404454511697608,-0.16867697254695888,0.47556097824186994,0.6949714834750635
-1.7927524239823205,-2.0230383334242195,0.010813479151539707,-0.7815937531019178,-0.5978609455483096,0.6530337303235162,1.0052499507499626,1.026633147988787,0.8028204058811937,-0.02935591425752696,-0.6958932036940585,1.6195191520756722,0.8392751240164991,0.2878377739548306,0.224884925040095,-1.8739446070197256,1.4020558349116576,0.6915458197301393,0.215881348372922,1.1420686759292502,1.1322878201429403,-1.1173036176115339,-0.2585334191637693,1.4918384133946105,0.2679414911041845,0.059696341059362244,-1.3049998845959807,0.36486439273300375,-1.090384873121381,-0.6375909353224357,-1.702979646553097,-0.16731729336256662,-0.3717915456822794,1.2377779777442761,-1.0355703248915111,0.6366394380757675,0.21348022386559798,0.3009293125765808,-0.6439989603273119,-0.004308265034769192,2.632953971811104,0.08412124460540776,-1.3411006462408483,0.8171002675094055,0.030945636980026708,0.3602918167322475,-0.31333415374090345,-0.3813256876644704,0.8541006050532204,-0.6422511853859152
-0.6804914794084482,-0.025750091594550824,0.39766338159988235,-1.4674798046156694,0.5837834499975932,0.13630052168059173,0.47130771138432326,-0.5762391424463242,-0.6330041576745555,0.8658818003252773,1.330641116276308,0.10282787499850198,-1.655019118139458,-1.1213410888201516,0.10761721279918193,0.09706651740776895,1.451227005541332,-1.255899425400816,0.7344669133625854,1.6694983274273476,-0.4311452712322306,-0.21256895701647918,-1.1046126905033948,-0.7841452276064902,-0.4061858021281739,-0.2667692911001604,-0.6002177088945827,1.1051412551727249,-0.5436034424637384,0.9686683939788802,1.6835491648711112,1.7965523409628021,-0.6811476374959702,-2.389758699362913,0.843407318510487,-0.4020489498380032,1.1048439702170962,1.8006634992584007,1.4543073557700201,-0.09903716308693973,2.7809899852666526,-0.5926966300834248,2.044284540062442,0.6305263826588052,0.5871527406076037,-0.5072125110653178,0.7108191953318437,-0.4121957423988964,-0.2968067919287836,0.6300197027942811
-0.814963912132055,-0.1508379513648472,0.643171472556654,-0.6061592740427247,-2.06802624862795,-0.3052956524222547,0.024279644711475316,-0.2768352707305052,0.19157009191836363,-0.44151436895545526,1.6278235980781137,-0.21717755093829386,-1.6914190884658273,-1.0069017556317168,-1.4710644509982154,0.280279622004683,0.4510707368072844,-0.5425062697558568,-0.1906766583229299,1.2257575382525516,1.5324797884125838,-0.5092043042219382,-0.6537874417150604,-1.6597791863169216,-0.9495778584928959,0.16928612374090912,-0.3793068018833236,1.8083672224710368,-0.8822313748553823,0.9825866905318028,0.0633793985613734,1.6462400048034391,0.8629655161556072,0.14367475703033655,0.6929273453382725,-0.8781837262076949,0.9221780121205876,1.6356568667567366,0.7401384726450446,-0.7846342192083461,-1.1294806130752812,-1.6598325733348778,1.1376318958593883,-0.3721810073772629,-0.06396429329601991,-1.0339599266930666,-0.1543479268259288,-0.5113211751759336,-0.5237355973337424,-1.5851014423966576
0.7592352424018409,1.1552358392528561,-0.17704518424022367,0.15624350055712102,-0.10084827817578892,1.5727072162761768,-2.8005886658872243,-0.35534137604172705,-1.4603317966333411,0.022652245745333376,0.5744817717716438,-0.44951769807469105,-0.5009103462137076,0.48839840537455415,1.3479591613379538,2.3149988682422453,-0.48719978641252143,-0.6425930716161771,0.05177877863878616,0.5855445991754079,0.7226631391515633,-0.35444319690312304,0.6329489180026954,-1.5533122801960004,-0.48564658045936315,0.17612395927835575,0.11670761022187011,-0.07604334514133972,0.3949965257752431,0.7484790092230805,0.7534068190486808,-0.9903741863284211,0.3607528575259751,-0.6922419684086414,0.4683294885499655,-0.5571394030788557,-0.40463401384720865,0.7676732460150444,-0.5945236066844496,-1.5534972894178611,0.5685401248279015,0.09714496541619087,0.9983237562639743,-1.4703494163556052,0.43968600406462727,-0.4520497628105697,0.004968439315868384,0.048372536440211035,-0.7972170710200824,1.243529004472524
0.5103007652545712,0.7884294618300621,-0.971384564016682,1.0972801886881367,1.4775572910683221,1.1720029964841912,-1.0510702282863598,-1.666485139707076,-0.9618977350743477,1.1981678179865758,0.6210943941820258,-0.118762578836054,-1.1677493656165838,-0.09018714239134834,1.0515229489306754,-0.01608832976240097,0.9691364340497922,-0.6121050785107661,0.6190831826170244,-0.1914824763884151,-0.629626900972482,1.1061817072432831,0.4910421251986919,-0.6701877586912879,0.3083970625543163,0.07180081436034128,-0.7494673234162301,-0.18939301156780486,-0.045531873187951065,0.6362041532317657,-2.321391155069619,0.05508550736469171,0.5674869261561075,0.12319940572402455,0.9163316091506667,-0.40573665709331375,0.0992473274906311,0.49457435729763916,-0.57582276560948,1.3682863699644894,-1.4981024115477046,0.02898986554301039,1.6730070783487754,0.24940841678598014,0.6975325719215628,0.3499225963690958,1.432099352795231,0.3831287006835603,0.6214872894040643,0.23056014223321114
-1.173262987585708,2.2551444191184977,1.1615224399773685,0.3198464331925746,0.1505148059796017,0.710857023586658,-1.5685683987035963,-1.1201555688277502,-0.3172454299571593,-1.3547001046624436,0.31298671894996416,1.5869921044047615,0.22385235064937525,0.231263805548345,0.4844818123039616,1.573352294954772,0.7080940848376165,0.3781776847107102,-0.7356908960371668,2.3262918274429785,1.366074511533706,-1.3162444092878876,-0.7862690468413069,-1.0999990308726657,-0.4784341807427364,0.15085723820850785,0.25394703482279507,-1.3688757118021584,-0.1776976093355656,1.6311259756224619,-0.829214244040857,1.7032628686113143,-0.8584464108562034,-0.3034064635990075,0.5973119431933129,0.9631486216965882,-0.6414922814299893,-0.24356362495448075,-0.3443527386841537,-0.37059359488664034,1.842177051669434,-0.2500092784642851,0.19234060278069887,1.0088685836497078,0.12352566863350209,0.3665886356655601,0.351714564067224,-0.5987537020316319,-0.7193139679318415,-0.8339239180171453
1.219127816884364,-0.8173027495725631,0.3123777448963574,-0.7101140005338371,0.23641307864280026,-0.12969118631947835,1.532209623325884,0.13242677503222447,0.13696707470979422,-0.11510293092756929,-1.0666963268923815,-1.4787149721226878,1.090214855669809,0.9426692142781998,1.1466194556469431,-1.3020736013343484,-0.13333969431255965,-0.10917696434632763,-0.403367692839337,-2.4395017733317896,-0.5389149820345496,-0.7967648298513528,-0.6680837016813923,1.5380556677779438,0.16393383066851713,0.06477802496696627,0.10156670543471577,-0.09867981479312897,-0.5835927899963911,0.545724324883324,1.5574731180006398,-1.3242501039283985,1.033967127986668,-0.7016994717815077,-0.8342030430614978,0.6675443820004386,-0.29892083783904466,-0.6849558244296882,0.5654675468721337,0.5408877664556435,-0.6448688501372303,0.8819292732280426,-1.0714996088858364,1.0240424153871779,-0.35175173966970724,-1.0182352036844629,-1.0736566872839357,-0.6003856159914147,0.44307331785113896,-0.402933301832936
-0.05293031884627658,1.4353388286862983,0.8841466608497404,1.9205416651604372,-0.030132399004111722,0.25221154358974973,-0.619163132582365,1.3764734752612977,-1.2548453776990216,-0.4640524029994544,-2.026982937538781,-0.7407777076303035,1.5272742706608624,-0.5017545409356604,0.633931522539199,0.29700096069625304,0.042693110267766704,0.890926823182694,0.666637557446218,-0.23210198992344577,0.8951206272495115,2.5720302345410984,0.7098784021258938,-0.6479508015440343,-1.2832132363880213,-2.164761091698821,0.9788488799129158,-0.8908616966958862,0.31386792093993915,-1.1432261478005767,-0.17230690881351488,1.3565761418321172,-1.8505945625132252,-0.7744232737975449,-1.1738868975893257,0.5848942157190595,1.0579715758282617,-1.3545923630208891,-1.7817266204171598,1.5283376610101962,2.466047240890473,0.5215039422684791,-0.8091968319063807,-0.4393534722775523,-1.1360047207826491,-0.06215817205527178,1.7460088790368655,0.48565782090677473,0.44104160032152384,1.090518212552373
-0.06552196430262643,0.9596146573188953,1.0842556001639243,0.403985388118862,-0.32980052820881184,0.1001595038163796,0.09497070135548097,-1.753576575900256,0.6291832650350386,-0.8177811636669429,-0.39816019181500134,0.7178780981663315,0.4105965917890269,-1.2850115610741126,0.6567067177726692,-0.490620258709418,-1.5666372157070478,0.39524565938643996,-0.3060631960395282,0.06543156736257667,0.6132643052395095,-0.28956400676956956,1.1151086920940885,0.23702673714036762,-1.182243827286358,-0.36683492033912735,0.1530649997519412,0.23260960040419154,1.5514812940779965,0.44359236498584687,1.6779440229398144,0.7079212916459537,-1.1125353465927819,-0.24118274843944992,0.44656810411718223,1.3141226773976205,1.6129640531378788,0.9347156476700478,-0.7177096364377276,0.30380629462011344,0.24082169815492166,1.4423515409324925,-0.4019289371467043,0.4179721902271556,-1.2531428709513108,-2.8475820140887382,-0.8423032136545453,0.8729090980867591,-1.2317275219975992,-2.0761630264723814
0.499639178625293,0.08732042150938568,-0.9424053280773502,-0.23293104919020094,-1.8310908897602673,0.15433541733605127,0.2438707475612157,-0.961418716509039,0.6643251118971198,0.5757017564949586,0.07813839688894651,-0.7286753219476523,-0.28331472463207,0.8467426760020255,-0.6493395870666462,-0.5766355249068383,-0.9180298989912618,0.4446939002718749,-0.943730825512859,-0.07255812209610309,-0.6114510669462564,-0.2020049215354608,1.911759993178376,0.4058090794023577,0.5990432053126868,0.8418395314424459,-0.6939436741147984,-0.15033620449155788,0.32451325420015625,0.5342347667083163,0.24352956381038524,1.0184250773121177,-0.09251837210986527,1.5481264643817017,-1.3236260181839092,-0.7215645886945342,-0.7413739964176256,-0.9733328444327453,-0.16958218358889002,0.14834054500254212,1.7031479377136456,1.125065673248482,0.6666642873246068,-1.2120372077402926,0.3244164667991829,-0.6317049299103726,1.4280105619665155,1.6308776308473776,0.2557118426917515,0.0145522583346615
1.463530134563049,-0.20378054376647273,-1.7363215639698626,0.7555364738860321,-0.6142220455455615,0.34897383177221597,0.21226640511400088,0.3212168205278876,-0.5338497506151573,0.5064709686997527,0.08288118964118815,-0.7363739694729957,0.056098443493898885,0.05421223230629664,0.13838237054006045,0.2550751653234207,-1.265969525671173,0.039649633171038534,0.9789359321806954,-2.542556754316495,0.9532097884056644,0.28251470225634506,0.7952428361983925,-0.3058124811692498,0.5292204571922724,-1.6400212803119005,-0.9578701538768153,0.4649551782850367,0.30295710751777377,0.19596352325222935,-1.170762478841868,-1.946816359980319,2.247657936233117,1.1225339291261054,0.5387092803082988,-0.8492562800824889,-0.4009612360966081,0.1819921634513667,-1.706710358415891,0.42992928475491377,-1.4327958731214188,1.8570187263511913,-0.08083404677332727,-0.02122744520764321,0.20286052670758492,0.001884089703487026,-0.12412899938453918,-0.013499532285659433,-1.4259120204767142,1.059577857825004
0.41551689651691304,0.7811666337172646,-0.023069889342249635,1.6553359109624688,1.0481646945634446,1.6994551264880005,0.06331949675965742,-2.84299788239408,-1.3973586947968082,1.0475279815713276,-0.1438886316887918,-1.4508870603616058,-0.33887789734279544,1.5140721426129244,1.5349164573684204,-0.7027592787205044,-1.9541774462092527,-0.24986058413622048,0.6651655220853029,-1.6602613975453155,-1.769729837468037,1.2002349637319216,2.459241082333102,0.3495886509740265,0.7684512794632414,0.05372759760607309,0.03855929464733905,-0.6005531840058945,0.3266889447100619,0.03530195266433843,0.5289207523569336,-1.2188847634183357,-0.2941755382347047,-0.034134148417757845,-0.6827936486997069,0.45260692148090714,-0.015758342240386077,-0.5055815972857128,-0.12041652503510575,1.3478279838558331,0.08344693420574908,1.0547471763340903,0.5546206874172194,0.40204725356037996,-0.02023691705510087,-0.21588913579163033,0.6398895208515392,0.5018672290829805,0.8409007244272624,2.1676778779172525
0.2905595072856862,2.814046196571376,-0.1550166815094275,-0.2306674866050456,-0.8926494360341531,0.20664218899396708,-0.5492468864577038,-1.881552474230745,-0.6082050638062078,-1.2280363990635719,0.2673606460626075,-0.49702226940531585,-0.12136297572018576,-0.5700061499509468,-1.759559058855272,1.1213282938940274,-1.1534113882872326,1.0484128148261365,-1.3385184382131836,0.5455518506587872,0.31678006358852445,-1.2903114112806606,0.2083170990355647,-0.2665221803919622,-1.1098256173416485,0.9515713575757963,1.4450384227149327,-0.8025113533056646,1.6332711275623017,1.9589047497625633,-0.3210519047515708,2.9244059214800697,-2.1631505015501076,-0.19140410921537035,0.17559604194907485,0.6377792864105446,-0.738254407329809,-0.6300197344614187,-0.6312407729870465,1.372392047951751,0.6351367132225095,0.5921117480732134,0.4123097267817096,-1.4954249999056175,-0.3933788659130958,-1.1047612858024478,0.09015652932674695,-0.534601907510306,-0.15752722173323166,-0.5322998674697604
0.1889631333413672,-0.04822904890653398,-2.562209708386133,0.3040976429363691,-0.22110332749809877,0.015188802453032819,1.0357487181679585,-0.41504988825663913,0.616028223479851,1.822864392920611,1.337305494526794,-0.42778395195671337,-1.7026271269491366,1.8771990141015058,-0.17954111788527746,-0.41076533405138693,0.4303371398810284,-0.3048478897922786,-0.09813720360018116,-0.41055354857588117,-0.651241693392421,-0.35289441746077865,0.3779599677957989,0.913493325594306,0.43749314643305987,0.6383746193360843,1.272943430316164,0.6043521184537832,1.0128959935430821,-1.3098568951205534,-0.31768945502924095,-1.266909286748425,-0.5798784754105566,1.4165414654250157,0.8635301318034849,-0.3555416212593113,-1.705612919835257,0.7047756959582454,0.04536967057490488,0.08768999540544617,0.934761142405503,0.45280223963945526,1.987647113009093,0.680414130212396,1.1713115193601988,0.005023340811442553,-0.2863735700811477,-1.3040318928787533,1.4905079791100635,-0.3663548577115258
0.05204675221897731,-0.32747660979066334,0.7376202638422316,0.23357600095231304,-0.027254572673938233,-0.19501142313808437,1.4860748984755785,1.36322164882053,0.11811796854393307,-1.548239281898119,-0.25133677052200665,0.5934823887770242,0.2661693289281916,1.032062112837788,0.6429014062863387,-0.18130995369368155,1.4637193347667619,0.10002787133218013,-0.0786923224351326,-0.7477143037564159,-0.596007663211221,0.36805903934663836,-1.5580441265295175,0.05183615786581925,-0.13546887090541307,-0.5363541051451968,1.5351766956962158,0.03770845549908768,1.045751586502521,0.6877536591697593,-0.18960325858509017,0.5178662561557605,-1.2718049489437309,0.269652415709643,0.9644177774461135,0.5404981924474551,-0.32684804073515666,0.5029899585879877,1.3946890586539284,-0.7109134086579141,-0.746168381321268,0.5181145774293189,-0.5202989414275078,0.5710640995022206,-0.8520976979881875,-0.5043040794973939,-0.7786826822256925,-1.6693505764801122,-0.7067329551397281,-0.9425933810370823
0.6852815630398021,-0.03435377197014653,0.5525319332402701,0.6979377876519847,0.042129814160602456,1.070996791245441,-0.3575059160237399,1.0623163995635416,-1.3278326563883451,-0.2343539279122251,-0.07085758900476771,-0.01880160808204806,0.21671004541578173,1.043969566719909,1.5616810267690622,0.4215769940594947,-1.3950699488676657,-1.15752998004492,0.6731631875347058,1.3676550489813464,1.850130770728652,-0.38786834432547135,1.3933910644416336,-0.40554726434261845,0.2655918595907844,-0.6985334309188895,-0.7144960073450237,0.9279712274282788,-1.6582766359081536,-0.5046258233129675,-1.5324630779772994,-1.2406002586966145,1.1639224995021582,-0.07742919941016375,-0.8980369389832189,-1.1129942570070652,-1.19314733954996,-1.1184176480670582,-0.8131795469582728,-0.5592617865366116,1.1335212843851512,1.0124911947797666,0.2047530980302968,-0.19615848491826063,0.8564702731016908,-2.490962961792041,-0.27656573246313076,0.6866152764808157,-0.5258685089066842,1.2374320013507845
0.37217681216131115,0.17461716760866122,1.063407497057021,-1.5101231512823121,-0.4046207689333114,-1.5839844892586523,0.6914877328874715,-1.1211913651261771,0.7069016781246281,-0.03366012061656309,0.5787017242303538,0.47552027927317464,0.9168005699200299,0.10785046713370769,-1.9706811215175684,-0.7880356664774767,0.9154743543118702,0.052496547212120104,-1.1935306421159084,-1.3685065583932305,0.6193928643759383,-1.2887613965366058,-1.3584272469827388,1.7385532717164296,-0.9300276526155477,2.191104074236773,-0.07417940208234061,-0.6564314807265016,0.6020065046072873,-0.27997278071367515,-0.9898886273251126,0.1716906242367203,-0.5982861530975537,0.24350385202674982,0.28574865343201367,1.2141707066238,-0.4387054005579423,-0.36462397540383645,1.0642280715668315,0.9964912514132596,-0.4179078153347892,-0.662550822378672,-1.5239075435658858,-0.1386251744759255,-0.019163191049987496,0.7577957790410219,2.078857026767203,-1.3439083647478305,-0.4653577071629921,-0.14821877118689666
0.22892956577112103,1.7164166399954812,0.007476598095252604,0.44655022311015236,-1.0443458240933408,1.5707876993387497,-0.7661768183343104,-1.3817511253132237,-0.8536806788694509,0.07563581801264839,1.8067389988561922,-0.7695341881790394,-1.451422301332687,-0.4009087629265938,0.693228413031499,2.1551669719215933,0.07294755281837627,1.024618387724298,-2.2283335159089646,1.119660420246311,0.7929593226593805,-0.2052916040126622,-2.1987615381030943,-1.7560498930632766,-0.780197410278254,1.2101932692166752,0.12717471309202116,0.4736939661281715,0.9493066883058592,-0.867820995282701,-0.39609791384366,-0.18632123007694076,0.09737810653413295,0.392960683003546,1.1596399558810475,-0.6135813372279436,0.05888946098406655,0.6935070527691792,-0.7857113826267504,-0.015822859844793438,0.656318524651082,-2.112875194259304,1.6131094064559794,-1.253728430518213,-0.41598152185499354,-0.14512505650766294,0.8998171435849508,0.4233682899795716,-0.005002767965083448,0.14235028529498753
1.793043949001709,1.180434398004584,-1.1445088177360874,-0.08516745884719604,-0.9869915542214122,1.1739235472194658,-0.9396453798279459,-1.5645229053639556,-0.32090331402682204,-0.5827760115932209,-0.38825003945463105,-0.8018952145916249,0.4397440861003172,0.060284201611750236,-1.311212392574766,0.9095624512377627,-0.004394385951202078,1.9347143368400213,-1.2948530552180084,-0.13161360251219362,-0.09454079759014045,0.6218150604611232,1.2018259105006508,0.013673712649153506,-0.5655231050858305,0.8233126860575795,0.3616455528634165,-0.01956645911655943,1.6716392323687523,-0.7455106218845035,0.5824781045279224,0.4584819598555156,-0.5579423057888785,2.0093370911349506,0.04804076858164287,-0.46772531549148955,0.2766696436551541,-0.5775825777191909,-2.418820286409741,0.4030714479441329,1.3416214686904269,0.20146778869723758,0.26369987796829764,-1.1550841830628056,-1.0863079852989115,0.30472761799519954,-0.4023689546988084,1.1816000999148915,-0.20119710522571185,-0.37303307965848165
-1.1243636542883084,0.977538569586513,0.38877999712155287,-2.641539400659454,1.3823368307125634,-1.0464084545875554,0.6586426566931137,-0.7293018167952999,1.764360031289062,-1.4450030910254994,1.098857139909984,1.50804394992376,-0.8875822030676085,0.8239114180403488,1.7523841490789613,-0.8718737573979201,0.8473337869147118,0.8204660837975645,-2.814269883237537,0.9834089919199545,1.1366347788126023,-0.16955423970790232,-1.6402511404611495,0.4635919185130361,0.5603807163255174,1.6947758159239248,1.9258335006672958,0.38420109747889236,1.6088848649236738,0.005745091904691622,-0.7448278936864429,-0.5906921383969255,-0.8165998624499802,0.09176482614961698,0.41615985000800104,1.095654183427328,-1.1080590778020274,0.33340551168004184,0.06515011141326821,0.21061937743748047,0.0015450429877230055,-0.6203651291587228,0.46206859930708144,0.5551518578383209,-1.4284833933549863,-0.9497943585758949,-0.4408943765960812,-2.002039309371223,0.08810125351870084,-0.7489438082056514
-1.5559948288096324,0.8133281125946898,-0.97464759379213,1.1274605570803975,-0.8757344700734477,-0.01970680048348689,-1.2355464096440572,0.8898461322465465,0.09718644541819745,-0.506428770739268,1.2973420329461824,1.5398853249598088,-1.4247087290346547,-0.2506889513257666,0.06616419691266046,1.5532001653804335,0.7216536804844408,1.1740582768476002,-1.3446108633637563,2.8969613645551395,-0.474273021022028,-0.26698812369926744,-1.6589916795822475,-1.884151185968225,-0.3721290439513826,0.4203073007301845,-0.563274746649349,0.21778623825606813,0.14932834516587104,0.6830756551076728,-1.1533391243478361,1.3971269563352309,-1.1062315241280254,2.2208878466582753,0.7240108338127071,-0.04238071224209785,0.40311750170711785,1.2108210453296144,-0.30783756880985236,0.32082576963027226,1.8252156264747526,-2.915513928148015,1.0870492258450428,-1.464837821324331,-0.6410399628673968,-0.5853353517923527,0.08846081107718533,0.3735855866449614,0.030138305756493435,-0.5734885610362989
0.3613115220385525,-0.16037112405540366,-0.515695935724811,-0.38336604365393573,-1.3760292754194623,-0.6760896539889473,0.46641689603622744,1.8031492032534324,1.4014036494011903,-1.1056169625863344,-0.4437229803862314,-0.16950745573027368,0.030133057284208332,0.8332724422151642,-1.6527855859315135,0.562213455440994,-0.09669598280415269,0.8059842454517054,-0.9457131823223666,0.8287570149248931,1.3517265295922105,0.005754356445646889,1.1368520437593785,-1.0963963564668349,3.2105278484073336,-0.2679537720655948,0.3410053319267251,0.4526551411467247,0.1536267869900577,-1.0008114660389646,-0.6506194866429538,-0.4838971087977689,-0.462664430272632,1.38820598840589,-0.21859860270391474,-0.3621981546038515,-0.04842802623874654,-0.23805082044507175,-0.5976287806756861,-0.40171201902000736,-0.17635641343281303,1.4888954352260069,-0.026236989374835085,-0.06031243741253016,-1.074815161461579,-0.6415311490817559,0.8443321209733946,0.3802663752732191,-0.2911596345903814,-1.1706236467422724
0.9404222533136535,0.16341953676802137,-0.051940632654421656,-1.2542223649182167,1.258201817754637,0.1429593800292098,-0.5300245367279821,-1.92337106787907,0.04242117334492502,-0.6640334613523728,0.9613629609291487,0.2846327409941172,-1.0607650857908475,-1.5753985668118555,-0.28480663656776434,0.11305996730575937,-0.9164888561715887,-0.5314234365115932,-0.04386657825448378,-0.5627132501480071,0.30392843566646355,0.5048876367074522,1.4462898265335693,1.088739703737408,0.496035797603136,0.0996435771840996,-1.9185125387044593,0.23417622235108596,-0.584357007479229,0.11040473403939952,-0.3685904957853371,0.5794749680632577,0.7590485611087806,-1.5705227732210287,0.7262908235493872,-0.8369402338690243,0.8171093920784278,-0.33455822903095633,0.1318583565932222,-0.06392218239108996,-1.4846010925775848,-0.09583458301022689,0.8112229984354997,-0.452488458861849,-0.032341695585101256,0.7100997555833326,0.08760217360197659,-1.4907969220982424,-0.6890531873832368,1.8842288017861313
-0.18674217563293152,-3.438669651154747,0.5006608448878263,1.7841950286022272,-0.5134879228741109,0.6803074482076684,1.557875205749414,1.4422749940348047,0.1737689086967674,-0.83991183956434,0.06146183276379099,0.879145554865386,-0.1837091607871886,-2.5177546402962627,-0.0040291659422165655,-0.9591743847731223,-0.1390726117543812,0.5121308531207067,0.3500427671060686,-0.577892892127013,1.523489966416641,1.067086849302758,-0.04966455490002491,0.2086195553672863,-0.6299575393106379,-1.7941438166425736,-3.2611724777052125,2.7485763857015244,-1.5196204181091877,0.4544905203429633,-1.0634255032296018,-0.046319551954242595,3.2023674288766144,-0.5487008549083533,0.1883712191752498,-1.781480986398654,1.8882044152001833,1.912746169394469,-0.9611775520512534,-2.0405603365541385,-0.4186689767337446,-1.3248061787801484,-0.6620422503777323,1.099208115651774,-1.134762048516827,-1.323178140254992,-0.5152974037618784,2.1293156497103065,0.8582862137654351,-0.11134904278648304
0.45579600889327015,0.42341823208747176,-0.7206491131185653,-0.04965180365915505,0.44998635817722055,-1.6002104294460686,-0.8505911349055582,0.027354564621886804,0.9858988935167169,0.783522615951212,1.5107014635673814,-0.7900756819795769,-1.709454513670415,0.11340733003226533,-0.8137879077537815,1.3035466898418386,-0.10340177491964417,-0.8229172557568379,0.38204445518930064,0.7014432983757669,-0.9751161805374154,-0.8046896533833273,0.1371539010268487,-1.8163420487226025,1.6091356457645891,0.07996263728908216,-1.0063584831733179,-0.14586222745144894,-0.9098759931708421,-0.07940097646955176,-0.646416903157686,0.8480134873842283,-0.084013129379161,1.4882467478876855,1.031994474476589,-0.6786701042735138,0.2716945757521607,1.0972218227644261,0.8287361337167817,1.148445790090348,1.295174244901798,0.5334909566440108,0.6896479163853142,-1.5860332524580947,1.2302288463266244,0.27805624540326795,1.0537070392474206,-0.35125250280495507,0.3637225725518837,-0.22184839040366408
-1.926420082579936,-0.4155570008647685,-0.9050034644030824,0.2585522690847797,-0.9718867487046972,0.815023911955184,0.2984782725282948,0.37065458396146445,-0.5879710673372069,0.2542883159638819,0.2181349156203678,0.4241879175493534,0.06948600605473113,-0.5064839826338182,-1.1146414895604644,0.12460628946018273,0.35416748583640434,-0.5585470875310233,1.1359642573595787,2.018591941117688,0.5029798039367619,-0.005349755751214184,-0.08006164174660325,-0.07031229163396463,-0.6242199941175377,-1.0221380992711784,-0.15530143514412403,1.8444805452787691,-1.9088066657814986,-1.1153872032116483,-1.6416269054457562,-0.47264703028381905,1.1164487987972829,1.3325362998235974,0.9828812898937198,-1.9341198825649322,0.8537240618860086,1.2825755616926862,0.2782587339384351,-0.8846757670515929,0.5015403152373893,-0.4752184986791459,0.3235099792488213,-0.008195083010062554,0.5362764246138493,-0.26379732467652856,0.7183053896795978,-0.2127040957005811,0.3759870225152266,-0.13388270604967156
1.3974687955071148,-1.0557229085204605,1.0653074623071521,-1.7332105612326083,-0.9345902446707371,-2.008857810131081,1.0821347054247497,-1.7415381609139358,0.6879767111943231,-2.019632573506116,-0.7964871343301806,-0.5547090033162352,0.9932841938120374,-0.35646575919943735,-1.3279052846443569,-0.7730772750937747,-2.4602463331392808,0.7240868216032625,-1.6629808752862105,-2.215767889473955,2.187789164488015,-0.6500188489535906,0.8485900019053678,-0.0413896441936491,-0.4391025736616608,1.1746922241372233,-0.5287372958567895,0.28170379685641295,-0.06263503687190476,0.6932757501846172,-0.3482009050359842,-0.8913062452520875,0.9253539871751228,-1.0266027032658323,-2.3018399941553076,0.13256054602679035,-0.6824309655346121,-2.001731437815457,-0.34735359092776175,-0.7975904172907818,-1.923680364525119,0.15337572227636048,-0.8168086718223939,1.842188951920943,-1.168309928406936,-2.0046349902079634,-0.5242472719818116,-0.8503344625257659,-0.6269089039908025,1.059728090511091
-1.3444388868651285,-0.45436477166131817,-1.1462649256191302,-1.0395476629315095,-1.854867709282973,-0.8092178726698761,0.5196488069228009,0.9334487706777083,1.372782729371922,0.04303153935959879,0.5249917311876567,0.03482900989977752,-1.0130730897143294,-0.702150573421397,-1.0509721235563243,-0.3148667726815443,-0.12740173739846075,0.39339192243825427,0.03380008117457416,1.336595242174226,0.06447309163114115,1.4864132162082653,0.7330548911253795,0.8447176568379087,-0.28444092294538964,-0.7106998555507561,-0.1311784305353346,1.7624149941025016,0.3582882576595978,-1.7238552112967895,-0.7699917023142269,-1.4585760570500752,0.8419367233329673,-0.2339791090287813,2.025352651764098,-1.1447736016311576,0.7422952543913228,2.0199097069331327,0.6757172999866629,-0.8656552353255386,-1.0666518241336225,-0.022209055260991227,0.5788238026521895,0.3884068336230953,-0.579747760680037,0.9465255464310242,-0.16075729249718654,-0.07053152148716893,-0.4007608416552123,0.5532851917747126
-0.11609239428371328,1.3776650961536239,-0.30909202117804235,0.6343594886085363,0.6411195558470433,0.22190061554806192,-0.8621417231142572,-1.2249562187507765,0.1378297966604413,1.0008191643400828,-0.2034807137759067,-0.12258070052514017,1.0293287407171454,0.6357644997060585,0.3141666949481636,0.5921751701352614,0.2598104894664935,0.14186070380998567,0.4062554590955314,-0.022966750750473438,-1.469479340813015,-1.6252285120628382,0.7108083372623933,0.1277547147108132,-1.1346851201074661,0.07746247340223725,-0.24726129868620142,-1.1118260504839605,1.2465707302985451,-1.1128279511720303,1.1850017503740256,-1.0347537779345974,-1.0113904118725447,0.5644607180993162,0.07719058743118878,0.7205578680568192,-0.8870714654597812,-0.9234227096805518,0.20238763075102023,0.9847159488491011,0.7895556606188524,1.214145946814983,-0.7737525883618425,-0.34387856078199763,0.6336851925168034,-0.07815639418968892,0.5178572619601182,-0.15531547849156674,0.7011547107229679,0.8924690779358387
0.41840384951844206,-1.0781666145898374,-0.23003909732334482,-0.858536165803016,0.17250011589380207,-0.2879428283046414,-0.5233582619649183,1.1203080633514237,0.6126432974608583,-1.0334057482060222,-0.8351725675268775,0.0034991146689622144,0.6669430262659947,-0.850068036397064,0.17443843842828108,0.4431423435547991,0.3302236019590491,0.8427133442074366,0.11412060933394312,0.43921576017920233,2.2511919819371444,0.2695934718428067,2.329921018080848,-0.27164780677666167,0.4299836706990994,-0.5973139466935041,-1.3153253098352502,0.9300560131246232,-1.2513648178982253,0.299593969717261,-1.3726638013816914,-0.5151359824649202,0.6290357565341886,0.5479649209905038,-0.683975823458192,-0.8879702331279926,0.44243280858788653,-1.1965339497951195,-2.3775335753176945,-0.2822257792711648,-0.2866458364249343,1.0619143000441127,-0.5306279704396352,0.08390692941154188,-0.44772781188224764,0.3321939762633725,-0.8065567782481833,1.1039466741535564,0.40747564476252524,-0.5241666928118075
-0.2862758518339534,-1.9461755688698883,0.6109421565728457,0.2503335015819823,1.366442964745397,-1.7597890604242523,0.6434872554581567,-0.2368602083370102,1.0267684445909389,-2.0691651992315183,-0.38230650884549755,-0.08582230085657769,0.931821034267369,-0.21671198866170224,1.4481111186030635,-1.1272463744589096,0.5006600564771595,0.3983780830020599,-0.4924073694827026,-0.09660874113365085,-0.023870591800707833,-1.559309274637045,-0.7188054231546578,1.0548027499550992,0.8668563738909169,0.011747690686623053,-0.13063793626588124,0.21751804535328823,-1.0654457791218275,0.807748081364149,1.5272792783448994,-0.6374361989962217,0.704421990178295,-0.2596935636807414,-0.9805994262662366,-0.6448243301916446,-0.8045340456463755,-1.0881052833137628,0.3885737694134766,-0.2818270857360801,-1.5987648179930096,-0.41893480853760423,-1.1125946834306635,1.0487066905617517,-1.4995370970223756,0.6506441221631614,-1.1159685698069584,-1.4602564774634663,0.3666166900997496,-0.9277320386687464
0.1983810197489845,0.3175696790355032,0.6393496748037566,-0.17551211575984488,-1.4651459813855816,-1.419595725302528,0.41800109864262985,-1.184808136793753,0.2618447925480374,-1.1433315756124764,-0.6953947203970197,0.7597589197565051,1.074014127294004,0.2986990380917018,-0.8205395046011544,0.12982617400082133,-0.5207515156798868,0.34556061484249573,0.13124191155420747,0.3734755365482421,-0.6641993761829699,-0.2995313739995324,1.5847889674885893,-2.442461446724293,-1.270294012787301,0.3281904302201969,-1.2994378759145713,-0.6581219212057744,-0.17450677908124698,1.3745227740762753,1.2966484595799337,0.4638021801183027,0.3054469384712749,0.3909228562444361,-0.24852490587510281,0.4320737270589518,1.0284192352056416,-0.08509925984680897,0.4075210533226578,-0.31083420584485394,0.24100735467441486,0.14848161477116298,-1.307115855120471,-0.2568336375441867,-0.9671481985981654,0.39380902840856213,-0.38977803936251754,0.4901603345401106,-0.2841289077270617,-0.8805436639480998
1.8686037426142743,2.114817526354133,0.5295194805156846,1.7499211987302024,0.862051116212238,1.4016045603184635,-0.5588763466464766,-2.554082958139878,-1.3826378436572948,1.1082433215256668,-0.8276436749548663,-2.0631728921337578,0.3640754592971103,1.1737736285476863,2.6752463607851165,0.7366928422735798,-0.21416288176427012,-0.49729232093061093,1.2211205594063987,-0.8921923304442737,0.7379739887200125,1.5489600591894088,0.9423384744530793,0.08067246275261908,1.6552320892366508,-0.6006825484756395,0.9677309372182246,-0.6920223490049909,0.41982396190524196,0.23450679419877063,0.3860752253542479,-0.9025097980212478,0.23381919978567162,-1.0103319365657506,-1.2393176603256002,0.5137332085240663,-1.4556272152687002,-1.5553356533880833,-0.22994357662075843,0.0861372123749962,-0.5552423319867993,1.183296289789599,0.15054819016134327,-0.5749935519580155,0.44225642656768727,0.03419706669109642,0.8112697778278638,-0.3594175361919759,0.7867255118775596,2.3628254594190583
0.3243086503355881,-0.33780008693770525,1.145631990869878,-0.41889637576601196,-0.7538691628533574,-1.5239319264978854,1.5513898870360778,-1.58993821863946,2.169180569598415,-1.3886398763653411,-0.8578349426915195,0.1825779582625637,0.5479453960692163,-0.04478916042640509,-0.5563094871078167,-1.2929629026949196,0.9362110925343731,0.21980729413226174,-0.03735563678794314,-0.6966592273427046,-1.0197303370911162,0.5905273316590652,-1.8184367831430066,0.7636366376593113,-0.933249900719262,-0.6174858092139903,-0.17563787872535538,-0.35488237412329715,0.08234343857706962,-0.7175355310144867,0.6728116490978322,-2.075263516058443,0.5598731220270846,-1.6535299699362231,-0.6058519749712166,-0.1643581391591509,0.6267797309527204,-0.1773440520961548,2.711762864906011,-0.26922582070933504,0.49946970992313944,-1.1516689194513674,-0.6243790872188928,0.941315075305449,-1.328197922142568,0.73050822096005,-0.9983328738232347,-0.7056089362374262,-1.9566926715999724,-0.060011938621483345
-0.4176389105615634,0.5924034052317508,-0.7114859671379581,-1.5993973610375631,-0.6501488920656466,0.6918270208737682,-1.4025143032774785,-1.058981069970111,0.1330674482867273,1.1845134613026171,1.1272363048897618,0.5690399967993784,-1.423676636016059,-0.6773022367242585,-0.2501034459636942,0.25006223875015066,0.14145218382833147,-0.9981436420630582,-0.17771832380039032,1.338491900096756,-1.05756067258591,0.3825325497656159,-1.3646240878822595,-0.5335027783915623,-0.5188137450630306,2.049747036484518,0.004900910507495203,0.2356149592599123,-0.1658964723027527,0.09704317896117917,0.9795096528262358,-0.23327049577975312,0.5338941153931386,0.8788191625976307,0.49791659855123205,-0.9431222433162837,1.1109307569524511,1.0418412216816073,1.1130181970748276,-0.59505371280946,0.9668161508756552,-0.6569334331650712,1.3042929574990352,0.5820695064618576,0.7762773575118622,0.12911074712867945,0.9354491924463902,0.927600491518697,-0.032492330478674426,-0.8429064430832367
-0.14930451346083676,0.4622900621182705,1.0551049241501174,-0.8674079935265954,1.4861458687024656,-0.9892030991981637,0.13588766873005556,-0.6402935132390689,1.1337111297904856,-1.2947010904810157,0.4837779103673408,0.1929011492047805,-0.5781568403027181,-0.21653739151267432,-0.025935790205323023,0.9650199560827442,1.4158250319117158,1.5465556321311336,0.41631219763723776,0.8099009941825434,0.15370698045441947,0.47426478332660893,-1.2950239866301616,-1.188516812255656,-1.1352293482748135,-0.2328854545619924,-0.5681271941847091,-0.07880259946538576,-0.9603675520641273,-0.8559198793056445,0.14314530588266433,-0.5914201739720483,0.3343183544257064,-0.7568781834768414,0.533348862276384,-0.2075645426019477,0.7757406659081493,0.39423933326272914,-0.3640312498667556,-1.648168203948352,-1.1441676750503245,-0.07231387176547488,-0.12558449775363195,-1.2470721212125084,-0.6268945379651563,1.5904156634073798,-0.985875239689938,0.7873442058118608,2.811759436936422,0.2850710033475636
0.57845109765129,-0.030676360921948823,1.7470435150246724,0.5374498572555052,0.26560603771524166,-1.9348085788394151,-1.8545644432749342,1.094176183178097,0.6852876852693166,-0.7528029228540175,-1.222267940532959,-0.9669395603444294,1.9052449391055788,-0.08499971784942667,0.6871493095535887,0.7383962956815495,0.5658171658390361,-1.534895548788324,1.8042073712095121,0.6988670746287552,-1.725273001139854,-1.5895156478214156,0.08258100911870696,0.40569936224536174,-0.3169036496175508,-1.7602858655174318,-1.4635125263984397,-1.0275955814307363,-1.1831125251726646,-0.3393988249491216,2.103825348929741,-2.2606074220154087,1.7897550431347544,0.03884245008027622,0.2723664961143607,-0.4301485825840252,0.8536116421427755,-0.19735098340597826,1.7878451509947384,-1.2791178953239852,-0.8638661055073487,-0.18247629090838796,-2.4882667798852105,-0.43538159390227976,-0.054336421397150704,0.8590444455552689,-0.4368420549121042,-0.5756145877665344,-1.470887581712669,-0.47827196922477955
1.5653727489275582,0.9417443111937434,-0.35758995749002087,0.5898780941666987,-1.225984544359225,0.19004988470940834,-0.4173915634736167,0.48171156950357025,-0.41325997622445787,-0.32251238504889507,-0.4117072545200275,-2.1636004384106857,0.8660579855851577,1.1490165521706557,0.10539803449866655,1.661759872258772,-0.5838856383391776,-0.5789919366483564,0.5620022612027156,0.9830623954781043,1.144496347369172,-1.5317685126910956,-0.09925722592008772,-0.7418910148562371,1.0472635276379645,-1.4324744556215512,1.0063623346103596,0.4587947105388331,0.823815290195693,-0.5959989366638816,-1.0383462572317244,-1.6368128160165811,-0.21531717504807085,0.156240681041659,0.20647450095560968,-0.03778091729200809,-1.125920993863998,-0.5802570482111084,0.5902795721497175,0.14310696830733097,-1.0595331491526796,-0.26925081186144006,-0.4029836231188923,-1.3825603994675422,0.11180166173751373,-0.6549457973071694,-0.7381514661692125,-2.0939414602070223,-0.4619062099687302,-0.9684537719418005
-1.8437734995762611,-2.963747987811681,0.1518162009604944,0.7297748662428377,-1.3262882297688887,1.8433374720907931,0.9130662342677903,0.2022450917711484,-1.3827706681039371,0.7589855852297809,0.008708511761649397,2.118525888821298,-0.06942392894549221,-0.1454203156018824,-0.21312644612258252,-2.133937685055651,1.2106926591105667,-0.7896722854584157,-0.22581239603712447,0.996401683674824,0.9377454784738285,-0.2188245190628201,-1.5441016557152065,1.4272767301864175,2.0577610255915673,0.11476144547757898,-1.2723607340965,1.643172815361435,-1.3656329335022965,0.7793874860922024,0.2433671719953669,-0.5890755219182408,1.344027976813199,0.006767951104747543,-0.047653225506676083,-0.9279528390526839,-0.08734683223639242,0.15723641556908194,0.8510029523474953,-1.5327730122735812,-0.9807953128276118,-0.7486197511944067,0.8838022517039494,1.8335473069978878,0.3491860930666561,0.17053722362271637,-0.37499259717462924,-0.3043205640109577,-0.7198880341202863,-1.6489269095619246
-1.1893892900687364,0.6744966869034441,1.1699923797775622,-1.2208333897729053,-0.4420983850102326,-1.5178104596619828,-0.2903341726080054,-0.43141525761842936,1.1207159186354732,-1.7559612585708377,0.5723247354101118,0.04824379036519266,-0.048834274652926814,-0.7084399369866657,-1.3083990506678953,0.945784063177972,0.6132113564111311,1.6567821968193783,-1.528823823690691,1.3656075561861343,1.3702817745512166,0.4680404548147747,-1.3602614824851276,-0.3129968364164044,-0.5988976355065402,0.5097079774534305,-0.2757729068944465,0.5148416099897474,0.3066065149009756,-0.27598011682877194,1.3854485181748744,0.6926759015874498,-0.9044097851560787,-1.4447272823279,0.29709590945393527,0.34471416233007524,0.4549374657399832,0.1115178912714078,-0.5358814173356792,-0.9812603501825797,1.0554418063975253,-0.6108321104492171,-0.24541237497127372,-0.5674520011725177,-0.7975782884922961,-0.2807721506486417,-0.5184810459623769,0.7922048442932836,-1.0786034090731298,0.7583354065726059
-1.2323577002935409,-0.44387537921588105,1.6508490342592421,1.1938929673166414,-0.6859232105185148,0.31988598079647684,0.20820660771978874,1.1267795073141964,-0.5071149172509264,-0.77786699674585,-0.8121085195469672,1.716110184560604,0.7077739946773111,-0.3384331453780956,0.12094209868858641,-0.22117847092002596,-0.6656842667410297,0.04197352158522782,-0.5528688458049548,1.2752279152934647,0.2485731115473913,0.2349892134346667,-0.33029662431272055,0.8720223588585014,-0.7187328840388434,-0.6046111532054204,0.37629038450833674,0.26121601853953863,-0.5434974006700045,-0.13745856014703797,-0.13630762537776736,-0.8644345187082867,-0.5059950320452077,-1.6477980116106383,0.36710237131585244,1.2889676076258503,0.25599565570150545,0.4278290080245644,0.25574137595869334,-0.26656066386452193,-0.8080536109263089,-0.8004797268474156,-0.5631194101301521,-0.12955379627470878,-0.3810423694158493,0.3871409993766363,-1.2055934230195624,0.4276818987155641,-1.5262779404579931,0.9086169615591957
-0.02534735617932651,0.08653205743416098,-0.6897275908904504,-0.5534602868700425,-1.8188092082673317,-0.323103066986952,0.6186120320446006,-0.45601338437079625,0.8489620424743829,-0.3987374815028736,-0.827611838866985,-0.2125937933903066,0.9067364461883181,0.29876809132971477,-1.2429487599795679,-0.5496231632939012,-0.1648101453432873,-0.5702821466405059,-0.2935443148524878,0.16214651331460828,-1.418465762515312,0.7485911894945503,0.23932849572785694,-0.23237272605731485,-1.4401955203599475,1.6153719589740976,1.5248525052406734,-0.7553663481576023,1.1931430993697212,-0.9419318047005985,0.4918895153221503,0.12921935953665878,-0.48718474791078026,-0.3866587340854898,-0.005000094481025807,0.878699066521368,-0.10541862062484984,-0.19068882269650483,2.3041085102630907,0.7272809143534271,-0.6454184788154186,0.20151645853658678,-0.9769749167976621,-0.13863657480317088,0.10193293960181232,1.7230685901702605,0.11211688869632282,-1.4070125175983663,-2.1213270604469185,-0.1235082628547049
0.7518777361451875,-0.8585718452979054,-0.2988378686193521,0.5307007350232199,1.030953517043364,1.8325262639184008,0.11889931040635929,-0.6550870230075444,-0.3800369573410261,0.3509283046188878,1.2656051891428144,-0.9072834265704193,-1.3653588769384437,-0.19566267282875605,0.4967642371528917,-0.8960137661829587,0.37474675157363485,-1.518449570242436,0.45160050770211513,-1.2684947309507955,2.486267357624179,0.24834364933643338,-0.4948576583941581,1.1469697607550455,-0.8501710241692197,-0.23534209448712826,-0.5294238817794537,1.5926018452416737,-1.16212835593183,1.1889683448266577,-0.9431609529962951,-0.25316847210474663,1.4914276405946782,-0.008921826352496623,-0.25304120007630615,-0.4946377857134321,0.1732402639253431,0.13714761589460472,0.10200447277515835,0.25711942808465166,0.40171322770164464,-1.15923075775465,1.8989117290456448,0.8918709069578433,1.5515759386763468,-0.6996209447370113,1.1070106989903836,-0.540142553052462,-1.7750747618275036,1.4262076154886667
1.242045659537975,1.8730967672648726,-0.9395905516481621,1.6514212621850994,0.4653929956915738,1.4924267825535418,-0.41530525900884546,-1.159443929276456,-1.6823783271474244,1.8818689351369475,1.9866088343230706,-1.1555211548446107,-1.1132231601710931,-0.3313997201621494,0.44666153994759844,1.252196577997308,-0.32556129194540234,-1.7295622051827162,0.058096146374145195,-1.479608685675175,0.15053796627396526,-0.5362173607709932,-0.9229448438740212,-1.2660674719638723,2.40532827722228,1.2164751625118166,-1.0626738048749131,0.6303702602752044,-1.2559068145896557,-1.2196765760962986,-0.4396547834452897,-1.4704375637869929,1.417216087398074,0.471521578764271,1.0018254778047324,-1.0123601439304761,-0.5014229754250311,0.8708215139643766,0.6649872895496862,0.5709843342823038,-1.2498998707286013,-0.45127825352925116,1.500473583078421,-1.987452843308268,2.1746310695088664,-0.18178939397452273,-0.45428513305605595,1.732324575271932,-0.8368721808970778,-0.32146793744689917
-0.4432756319041899,0.8918549895303203,0.6963426301850262,0.3825154064179845,0.7574125131039611,2.4828959099591636,-0.7486040244203934,-1.8400346710012512,-2.3710454174312163,-0.10613781980626162,0.6261728184200831,0.2982009691950635,-0.3009380710356121,-1.7134197718227242,1.5956789401576446,-0.06592351097974973,-0.8678879367351785,0.016297476943129788,-0.8213590534763643,0.1951551710601637,-0.8326083829797004,0.993475902022503,2.158630130051175,0.2632037690654072,0.15159606771257522,0.6575991435252445,-1.1179314559005151,0.2033296584985751,-0.1161946157059055,-0.28428359479569265,1.6301609455793358,1.4906974966819662,-0.31559122237835086,-0.7004371161855055,-0.9102425418613483,0.7330419344789235,1.0906151250299756,-0.42206896013583406,-1.7431092390529743,0.2968262431645603,1.2412877508646922,0.4319401377536089,1.0335717485323732,0.2097790218433584,0.8058105709623496,0.26779610314263946,-0.07099780140254394,1.0417627991743967,-0.05907730756360227,-0.6515436703389986
-2.0000169642175725,-1.1804165111564406,-0.39641140641411776,-0.10297435508898706,0.08217042615212142,-0.643794954936989,1.2065606708104097,-1.7174311492980374,-0.5183059435966044,1.5887317580223304,0.8619972675241184,2.323049363673563,-0.4953314900444273,0.8098013064515992,-0.8114199414716261,-2.696326918530825,0.3075760406511912,-0.9572038031430958,-0.12878610858598044,0.10945643253079869,-0.2799613584488164,-0.22232127683258104,-0.3223049597220286,2.6973959897610538,1.0725791872192394,2.088106121900817,-0.22891523295641766,1.198377000717772,0.403231960676995,-2.257970412318222,-0.3615531144246965,-0.7517175068890752,-0.38056377225521276,0.4987397397403278,-0.7217788939717749,-0.4418065451070304,-0.261056137929046,0.6366493147067851,-0.04685248498024029,-1.789039634952302,0.9606707199545735,-0.7965347611593039,0.2031769821129906,2.1258056445506615,0.7327379734071721,0.5838495309579065,-0.13461144141762124,0.5997523711217854,-0.46085216634087345,-1.0132006246044494
1.171465486257028,1.792206687732016,-0.05710983085253456,-0.9335096760595332,1.5840163540630214,0.5846517758322552,-1.6270440102181785,-1.0675575346744184,-0.3816192906977554,0.3969331877341648,1.453316046142251,-0.170655567314011,-1.2169807550622274,0.20889522448970077,0.02962511958345709,1.6553759095116105,1.5397485454642352,-0.36074069222252786,-0.9131503109833952,-0.1324450623826013,-0.177731723797046,-0.8921860235068085,-3.248447328969384,-0.4069063370383681,-0.26806593470770457,1.9831910213246169,0.7241945127865489,-0.7409665934089354,0.570906809380668,0.18048016965890687,-0.39408822140249405,-0.9165207125380871,-0.2565877124748049,0.28095830571722646,1.2133575565643948,0.9225035220803451,-0.7706035705041198,0.8409669522454764,0.803292663267786,1.1748818515145616,-0.36095795719097945,-1.6885633116631207,1.2526679233894042,-1.622591660322487,0.4170286929821033,0.7539985178795242,0.310988410067294,0.3623779774715278,0.37614016321902194,0.034947979320170304
-0.5179149476361501,-1.5785269910354731,1.3327623371275477,1.6376515564419583,-0.7314837694331033,-0.48188855207710185,1.2867261397327867,-0.1315488320564187,-0.4610591894820073,-1.567066887848503,-2.033225352065223,0.8598493047929551,1.428858593972803,0.6048236279251075,0.9158555957160686,-1.2926245342903875,-0.22595888268575226,-0.021077141257484992,0.1974100296908958,-0.21994852211513397,0.7887892961052039,1.1826899369519583,-0.3137743508568799,0.5670286188674973,-0.43947460952662637,-0.5360831850328217,0.09417674136208705,-0.19812281077806573,-0.48862399751277613,-0.3927777690478989,0.24244814198900097,-1.0485720224216797,-0.1009058817264914,-1.1079531798839464,-0.9779404661891895,0.356125912734481,-0.5400900746506472,-0.7689618539251318,0.06916361319926699,-1.3440793249407537,-0.8595765556752079,-0.816466448241909,-1.3653486190083965,1.9497974003148002,-1.3065681494564079,-1.4753718055755631,-2.5203216688419454,-0.6598567560726033,-1.1954181677484517,0.09692061329862392
0.695749799302544,-1.0585764454689692,0.6479476417758395,0.7559214523200313,-0.6676538649649804,0.14506057101543288,0.6274322803376668,1.6041784968330128,-0.4988164507527386,-0.15406313513335862,-1.4734676121775963,-0.07266824784002762,1.2727382514056005,-1.563246592310153,1.0784311330329788,-0.3660969637506427,-0.21262369359981834,-0.3743931003578025,2.0889008595465706,-1.054055022898537,0.3525097465036482,1.078189625226594,1.5713129806875665,-0.5001533824908948,-1.2656672878014357,-1.290039915695808,-0.29857552931923714,0.3532627007332501,-1.1688768231156967,0.7990958862985826,0.09422238683296577,0.010835260939963502,0.7706448121148503,-0.5243792567498431,-1.022229214964924,-0.25109953811626856,1.3752254602800533,-0.7127317619374849,0.09582150180044315,-1.0767944337157602,-1.5875004792478629,1.4357146136498078,-0.92601162415983,0.15818293554340454,0.45102087953254694,-0.47310759022739995,-1.6173590925323877,0.5991320004821996,-0.27328099832849695,-0.5059814360733832
-0.8347118493701386,-1.554830629246108,1.6473214271854435,1.7993190815522655,1.512126536157393,0.7992846501814579,-0.006189572881174673,-0.059676385060931314,-0.7290766909893989,-0.6624235201107807,0.03968780389001837,1.0005570850740002,-0.5423658006463968,-1.4795075657415067,1.8596311972366597,-0.8491222710752769,1.2365181759916026,-0.07077916410125751,0.566943769263495,0.07757736884103178,0.7062830639725832,1.6732500413830065,0.22329000473258506,-0.24314156883546717,0.44261667113264247,-1.009400368992032,0.45587301098331895,-0.9730075451736914,-0.11024024646101385,0.7515276418348733,1.031794161133862,2.017560837715396,-0.38439790139655416,-0.15269424246804764,-0.9617124898941681,0.4656554645231625,0.008328123422913176,-1.173448271282863,-0.29170201860341405,-1.8138723226632008,-0.3803086982528545,-1.231513151097621,0.6445378911473086,-0.020072376062335025,0.2927742437282966,1.7392546737600678,-1.436596722636484,-0.02369522791386998,0.39430090584850896,-0.8668733906029579
-1.9294466866191342,-0.4260982472705402,-1.876976336065155,1.5804308563044156,-0.8833759811069644,0.3885638041243876,1.286273089859104,0.4244141509330797,-0.16780918917849924,0.49500862757165137,0.3941593116745895,1.6419902703475109,-0.8042877088300677,-0.752918966714917,0.7400157705014917,-0.08714391266244179,1.2889341895527122,-1.2379207409801032,1.6843847951678557,0.8602098501840604,-0.33134717999530594,-0.33163345926022203,-0.36390487408997285,-0.6699267158319738,-1.202813387069787,-1.757186014036008,0.0880333457038921,1.0731066550940431,-0.517560152234322,0.06238977536366258,-0.9322542384485029,0.09926309710536665,0.22998073480772221,2.3887681526392908,1.5492208280016535,-0.41269806483230287,1.0826207800801362,1.8306304157940716,0.18043379126035133,0.10125407340452773,-0.9020455203342357,0.43386476354112324,1.144854564799589,0.15871808698215337,1.1922972244082575,1.4482468162720947,0.9042938154542846,0.5201011455013439,-1.5718526579943077,-0.6412301528942197
-0.845289797302391,-0.40323506780246754,-0.4872436027550208,0.18447588913042692,-0.1757679127343333,0.9112762284110711,-0.42517902411187175,0.28913484929774635,-1.9416163232580712,1.3842110043593654,0.8390022884183913,1.6649081397302818,-0.952853764182925,-1.5743987348451867,0.3973386783131173,-0.365008544043521,-0.2488010209656718,-0.4482421695773362,0.11948219917179556,1.2452174124984274,0.8362330330759309,0.9944244108166533,-0.17182568908264673,-0.06817772110958782,0.0315235800082664,0.37710590066083394,0.49500687477878624,1.3122952391851,-0.2927903720853012,1.1529145921419097,0.29772069650579397,1.7998503183758219,-0.5925197535918851,0.6081232235283887,-0.1474859082258549,-1.4257647433887148,0.26154649172246813,-0.049650606220781685,-0.7632434190682895,0.5150640392739007,0.4733028688657736,-1.1689661230558661,0.8040967935803274,0.9022107866986526,1.647203741535378,-0.824067873363171,-0.02547659604436408,1.4435037409523614,0.24698753707282664,-0.40886691508527107
-0.9475407211242886,-0.8213772490285536,0.9257252331835027,-0.0826011506293171,-0.40245658800223094,-2.1221232634757787,0.8388024516905339,0.24285306415403485,1.607704480470147,-1.5432477681092915,-0.430007312682955,0.7298485522664524,0.4009360856251738,-0.38452332587349886,-0.059110981274628036,-1.1694384268902491,-0.06962145308347692,0.3275022601000105,0.0983733253416837,0.39661075535466317,0.4649096040353419,1.4612394112177975,0.7189283443219365,0.6654548245503964,-0.47771135146580856,-0.42212540695119194,-1.1221646661133695,0.9955487126791062,-0.6581890477940974,0.8003917756840541,0.6703473275169235,0.64731565187692,0.1853768652981959,0.11672684098288301,-0.034248216647098116,1.1492323939685742,1.772008550476482,0.779070386460191,0.11046901671082597,-0.11107211624078477,-0.5257720291651484,-0.060480980331187865,-0.9138883214782993,0.5003535411451581,-0.9783515138681922,-0.14384337707386646,-1.0073472103906318,-0.03748086522567021,0.5930634833373338,-0.2747723059077474
-1.8605370110195434,-0.6931298720378133,1.4002783733465807,0.26716622668776335,-0.15359647639202953,0.2426541748104526,0.8570384888914869,-0.5107312036369889,0.2910788902901546,-1.0927688602955157,-0.06905907442075039,0.3368001650372926,0.22435758539385287,-0.3603398568522506,-0.9014629216004728,-1.1823107358430327,-0.23338495229202094,0.27312835383331,-0.12043588257000905,0.5779338498627659,1.128744995141089,0.39836800500691694,-1.6077361874064635,0.6694239054759078,0.32341171238091343,-0.5356951185186437,0.056699789872926835,1.6939862435861301,-0.8294449133521576,0.7679017003819937,1.574016045283986,0.8653885605410341,-0.5552805538194963,-1.0941745167048431,0.46761124861837877,0.2237177971385991,0.208329141401355,0.41974862009827396,0.9407073333488434,-1.50549972377806,0.10196670883222517,-0.725043323101053,-0.012910118438720577,0.6523254609437067,-0.5040450243310793,-1.5963129506132268,-2.132412668568081,-1.0311903854599906,-0.32814186792119765,1.1046197263411237
-2.337666164140932,-2.086356821545913,-0.7378417856496688,-2.235623528446924,0.5583437481212555,-1.151754951635196,1.7677485352196296,0.562955284117656,1.1866156425155,-0.24519253154541015,-0.1685207581864013,2.0607134127089606,0.0054444409918629946,1.1032750656406611,-1.004819326719138,-2.734486261267425,0.29076815901185277,-0.4452939358626686,0.03531131143539796,0.29162757084422025,-1.1217439615268976,0.42502250347967924,0.4566958859841352,1.4417196293221632,1.9453851002970688,0.6578823917654897,-0.7354790812949107,0.27560571490393715,-1.28462027583101,1.0043793638833958,-0.05409459408251013,0.549343946663717,-0.6714636911646089,0.20958984148953913,-1.8107517550483498,-1.2751635449848298,-0.9163681043856226,-1.0256200556715596,0.8965071030410003,-1.3284998159449308,1.2102135111132788,0.5045931762666281,-0.35684765667466684,2.3291222679281165,0.42730156754847604,1.0909830094773256,-0.7096280708822922,-0.06231751812266118,-0.2643096459562777,1.5079755332353568
0.9248221472247333,1.8435614253959591,-1.0551402896256588,-0.10330042962300608,-0.2799381604558931,-0.7593270293583214,-1.5399532116215817,-0.20919177120969593,1.0967844527472133,-0.6916786270297612,0.40737882442898193,-0.1319781112105192,-0.4496425168297934,0.5210295477541077,-0.6051173056901821,0.9252961570154911,-0.6817957705553763,0.5140037098601081,-1.5106281318631578,-0.31567867659683124,0.14285531998071324,0.15431107590972817,0.3270217245805087,-0.7041969484282821,0.8572632115235049,1.412343068830532,1.5897092631670846,-0.28738044294281684,0.6318304770904408,-0.7367815173704275,-0.8569890623127921,1.5465347407113896,-0.7873730171271499,-0.0014772410280178452,-0.5623167383163648,-0.007718616450658889,-0.7003862028885655,-0.9037214838454078,0.07704939825112576,1.3950841032054642,0.786136467804305,-0.5840817318660312,0.4153427648775039,-0.416976070341723,-0.5690809322502325,-0.3538941290802077,0.61011137155565,1.1764657504132765,0.3781668204762536,-0.7422614867672702
0.6294217843403639,-0.20365821792351335,-1.502357010109798,-0.8461402153205767,1.0000337432422763,-1.2250923900071282,1.1360265668376057,-0.5337536852028831,0.8321719767668251,1.185205166663188,0.958757750810073,-1.6739608750982813,-1.1162923350528533,0.4681601753733378,0.960274177519333,-0.5683085175925651,-0.26448685404157574,0.1866483175643162,0.5895270859656544,-1.2376789846446834,0.4170289533368297,0.5339073877775207,1.350830612553064,0.030770653830123115,0.5513393561742508,0.052497850693450365,-0.25462626849202874,1.0747865538041093,-0.8191882775566008,0.5060179816767141,-1.066971120107819,-1.56239197278698,1.6537937278150405,0.7713393778875177,-0.19132494495205885,-1.3276383273243981,-0.18743811133792798,-0.3615437384180716,-1.2157283411105273,-0.352785599591831,0.061548779281193074,0.8545796341157342,0.8186166188658732,0.5556376167917375,0.4228154059612479,0.2611765173265195,-0.03212958603981169,1.1646751530933994,2.147719451509587,-0.3141619333446219
-0.43359178697001627,-1.1743039420379224,1.9980222179325433,-0.26151447877710005,0.2755242177622172,-0.4891369506919908,-0.09793885050433748,1.9640905855537778,0.23268161823084252,-1.2327364019509073,-1.1907525291763577,-0.17389151816824655,1.152794230189913,-1.1134501897315994,0.1272732504218857,-0.11203652913976454,-0.021895863902663838,0.5500897972476803,-0.5785021534420297,0.8557390676181601,-1.0917448130997873,0.5915509795502756,-0.9097129470246026,0.3852265162361412,-0.789664639807736,0.06308990754507678,0.370536944277657,-0.6186964480248912,-0.13122221740018472,0.2730208048852023,0.38577517446984394,0.29055916185612685,0.05806330595865625,-0.9567668288395558,-0.3738866570935701,1.0904462725549495,0.8036641638452896,-0.2362008491750707,0.23156678565370886,-1.2345397379865464,-0.961683960518125,-1.5678210950906222,-0.8989061025320392,-0.31297987422990964,-0.7851233788670812,0.2803659400554912,0.026204876404893475,0.8444768253064153,-0.18134776755859264,-0.08383326133773683
0.1878973761728602,0.6958468863895125,-2.9068968386760115,1.1197511866658005,-0.5753538595560224,-0.162083271858575,-0.9173734237364115,0.9167771150832282,0.4009757353867248,1.602146759902458,1.760671197401335,-0.1604518086277829,-1.6594446791665058,1.1153382059856038,0.2683885038960814,0.7184831101395716,0.700096386050001,-1.2753070561615256,0.16109390296436626,1.118229406901216,0.2660760067448173,-0.12480070169165174,0.44627174623712357,-1.2152223213259081,0.6587838017104923,-0.5714659031746253,0.6693051964120721,0.2839956271604901,0.9114767307688025,1.1933405761656435,-1.5360989611977016,0.04479377679288946,-0.5733924010844391,1.4384247608225134,1.7644015932435757,-0.35596710963880945,-1.4004196738616501,0.926435698833536,1.2237210046773328,1.5434045601731823,0.5279997024997514,0.17311502289466557,0.9041577735825665,-0.48628456316230617,1.4543914260628912,-0.40540089803962,1.0420281732369485,-1.99965301015592,-0.8760869107244785,1.287820485790826
0.6009281537558928,-0.8762954397823013,0.9464923261723748,-0.2960886790838492,0.3167938991900326,-0.5207234666151083,1.0897564747709094,-0.03517206611262526,0.7487771102763108,0.0830838285177295,-1.3934858891101127,0.06727515255994654,0.7947821070784796,0.12892536822744108,1.1498726628552192,-0.9474964896763362,0.5698250155841763,0.327226534313405,0.5854039332209635,-1.6761176052449303,-0.5795747394070493,1.2601640434113501,-0.04708387282917232,-0.41917337369534563,0.3083936723311723,-0.32061538327348416,0.1832350744579343,-1.3289571921445746,0.18674490768523339,0.15269700723407045,0.37332087814639076,-0.05970591758524134,-0.35326314969407707,-0.5797241714219037,-2.113840510053703,0.6372858524308145,-0.5212988104018885,-1.1823743567809566,0.247464144256733,-0.8208410855855459,-1.287701998267973,0.8545294890986128,-1.3020490955991593,0.09452858629696051,-0.42529613467369143,1.791686198370636,-0.6187931919437476,1.5857870073294036,-0.4000424504352232,0.92806294146928
-2.0230231525669526,-1.3055692916615635,0.38375757561497387,-0.5358114005681861,-0.7449032143494574,-0.48598146420115956,1.679929582068044,-1.0211808893217436,0.06838180159174982,-0.3499076662364119,-0.4669619613769657,0.49450247279298337,0.5655647186127051,-0.4731091672325736,-1.50478822267154,-1.8392638043666614,-0.11186558460091109,1.489350361466254,-1.30660436485276,0.012978907544694924,-0.2663178211609878,1.5216913790002304,-0.06935960337344048,2.39494398331737,1.4846314403276684,0.08734767296663143,0.8158199063267589,0.29758952044964876,0.2488537637986236,-0.8103372979898714,-1.1660069662977817,0.28501698994081015,-1.5612895383466328,1.3608022932724113,-1.2149194734548563,0.41625947984777584,0.45052543414558344,0.16367834353919128,-1.3037888744977268,-0.4845030904046945,0.7639320996388352,0.5900587979684535,-0.7675397564944914,0.8380224161907245,-1.0322276954791745,-0.05656602433154476,1.2907072999864848,1.736660584449702,-1.5938392181289653,-0.6602457100398307
0.4409988369733892,2.017090490180607,-1.668741541042023,-0.2117119285227873,-0.0936712837665797,1.3462106058176533,-1.788032516478263,0.9462661944451403,-1.2871305727809819,2.0173128295705096,0.624551671474568,-0.6016161399871016,-0.6265520627744314,1.6070962064475864,-0.6165363824947112,0.9257910508298918,0.025104233369602352,-0.6794321275721015,-0.5820269829672825,0.12547106534330849,-0.26659623940339816,0.8428051704154115,-1.5137654289002975,-0.2037509262767629,0.21557123758882468,0.4378757059925573,2.6008881719211243,-0.609624164545872,3.4204713046197965,0.46409924996922136,-1.840319024399438,1.4426877832373337,-2.7540850821297354,0.7189734600892065,0.8150565178311123,1.4291412395419578,-1.1109666725079488,0.2882994278201007,0.40876785146475436,2.550669811967339,0.1313713137631203,-0.5959539770853839,1.2028918266832278,0.16019651745793828,1.0819358681210707,-0.416417963253407,2.457888076865632,-0.5249246990896737,-0.2900321373803278,-0.15523454948939935
0.7123254798447245,-0.5206654434567998,-0.25155286510334357,0.0928945293401259,-0.38291917313285884,0.499501155999473,0.578516309860531,-0.1369680274105143,0.6408586813676181,-0.6537279637839823,-0.26229380291768534,-1.404542132580995,0.10593705666742756,0.2895427729755962,0.3622680911670938,0.05992357685307105,-1.4377392967113796,0.30069896775161964,-0.416177454985145,-0.5209961951535237,0.6001106554849636,-0.226842981529211,1.1538552219096723,-0.5392194844755347,-0.9506733772604349,-0.30189645179866736,-0.6559829213197842,1.81649537217423,-0.9701037385044856,-1.2262823978301591,0.6045529409997811,-2.3356351625047065,2.1107272241612627,-0.3836342294011055,-0.80803729910164,-1.3683145631183262,0.5194476578738677,-0.1762687382739068,-0.2828609175418113,-1.610452909183392,-2.647003492088502,0.7922498487374362,0.41007647539321757,-0.9137687246950821,-1.1799527615788574,-1.3034762269304012,0.034812705563427006,1.2152931934639981,-0.34123323665503036,-0.8207419992890743
-1.2134567999325183,-0.4397842740340163,-0.09654790461382436,-1.2528107939600075,-1.3027995632856435,0.217525795214082,0.8807951149564557,-2.4203693833086954,-0.19844383994462905,-1.0235517145476363,1.2883530045247265,0.29225815387513043,-1.078451424285727,0.8659633967599967,-2.247984629000373,-0.7310210853025012,1.5628303164155124,-0.2846195882760511,-1.402606699929854,0.9057763269574837,-0.32890476101674976,1.1003521571815762,-1.180535689760375,0.7402347031103781,1.0149986745289499,3.2962727173300572,0.28226410268061275,1.4459280860022115,-1.1423678430128623,0.5825122075084892,0.6305619842136365,-0.35183846153718207,0.1639921390758287,0.003659747184604197,0.9320517399472553,-0.9885869536011761,-1.1041192335743943,1.0122110257989998,1.0178579219682813,-0.9584908511652167,-1.2468327272312405,-0.940579257545942,0.6700434756910385,1.379392361714449,-0.38936372067198743,1.9446637490728065,-0.5010101676784926,-0.4351883571315321,-0.7208068152431268,0.7805910567249027
-0.7408990446366046,0.4481013377047327,0.5405819107698474,-1.6104926927007432,2.596888586560375,-0.05193253869609988,-0.3643288835042866,-0.10317051515697895,1.1601505047865428,-1.8782924312907756,0.4473863210522266,-0.36833960064823695,-0.6756182680505479,1.7306449061894769,0.974160081939764,0.3471634187597221,0.8083816637082933,2.910622385506799,-3.134679346634128,0.6763152754133401,0.4605762385157422,-1.4455392233277384,-1.3921149299068587,-0.49663855034115045,0.526485543007695,2.295386202978655,1.1719134783075646,-0.6121450866154733,1.2227024288852744,1.14006354758127,-0.8276752461002023,-0.23972888339748014,-0.8982320473125441,-0.630159613320435,-1.062718833774408,1.0099563972846277,-1.467737276447274,-0.9130682459580799,-1.7926934456137842,-1.7450395083464607,0.08925051434066875,-1.5023320978175816,0.275215863015379,-0.46615300069850046,-2.2645196965774694,-0.930545546455685,-0.454558744840084,1.561423835140495,2.258370868867839,-0.21410130213258727
0.14232595171315354,0.51790121988542,-0.7533698519934743,-0.769012038372484,-0.14358254877177803,0.9603130057666323,0.7160023875725953,-1.1370329517343527,0.03185998789551061,0.745830097285195,0.849284840340492,-1.23485741635178,-0.2450035093718537,-0.48229991381103554,-0.10392672675572981,-0.4979699507650187,-0.5240830640745897,-0.5271733327883315,-0.619936778894276,-1.3301198573299853,-1.0972727208002764,0.08626113192622135,0.9641232526699905,0.0814255755200773,0.10986490298598972,1.493085944012129,0.791349733049404,-0.00439219433098006,0.4673699864750452,0.5911394551940538,-0.5945452309231751,0.8104379423489746,-0.30793233505840034,1.2906049412080385,-0.5792224890957205,0.18004412680147935,0.00318603887457668,-0.12756147334742868,-0.17852010264641988,-0.36442220707000933,-0.17028456970933864,-0.13572184006091842,0.8701977007896471,0.6473507800229544,0.8743809018635347,0.20053361246745058,-0.34103507437504776,0.9369149368471704,-0.9498810134273213,-0.9011384214578736
-0.10294213412355485,0.2330586364351182,0.8408434212282482,1.512107942036364,0.73841979916537,-0.8206184619098738,-0.6079647208890266,0.6469629266282428,-0.08500135408899584,-1.372621000577742,-0.9951283501615887,-0.3514982725380112,1.0372192784492218,1.7885589152279118,1.9842656728032293,0.7012116001402658,2.506196764940132,-0.5959195846115231,1.3335326501249156,0.3218134845851873,-1.9045438990834473,-1.538907890073229,-1.1796035738220991,0.6020357210113042,0.7233227971689238,-0.19801916005550807,0.5862546002781978,-1.1969471400017033,-1.0058997410859003,1.0260326895669345,1.238225214781795,-0.15538264012869307,-0.1636218150927084,-1.3897872334057173,-0.7466274987617622,-0.4891770229776181,-1.9300648657616304,-1.004254298346794,1.4146627178609381,-0.35698815709881354,0.5974912644243009,0.09793194380397385,-0.7565967001397945,-1.035907800683133,-0.6035668532510352,0.7512793694446207,0.026209592845637942,-0.05239149376511752,0.9995140512752676,0.57633113608074
-0.8008850828532532,-1.4691248460620139,-0.7599552709566955,0.9871727819227659,0.9104415440580476,0.2675424478641719,2.4624061342453776,-1.1674747736399638,-0.9922372950783919,1.303295085525199,1.245372372241889,0.4134158854298761,-1.266222549497046,0.9546450614735269,1.0542102127824238,-2.254476953462871,2.028461246643031,-0.6724492808837098,0.26434074387433665,-0.7269899512257735,-1.880069097864644,0.0543809051290517,-1.3572348597173853,1.1587577754451939,0.05899612845149627,0.3000480482018921,-0.756792709964876,0.5631846052552079,-0.6465659241261981,-0.006707475035024073,1.0048040559021523,-0.6253392454827376,1.1315786505660952,0.645630533921529,-0.7096442388375286,-1.2142152467286083,-0.7607748544886341,0.1299512845267935,0.5073687326661646,-0.8862743036643549,0.5619911550657347,-0.9529470842520107,0.9931736975964631,2.512754937962484,1.1319399444269589,0.7613401975759517,-1.4135013366245308,0.7301259206973164,0.4010730640332298,1.0847288263529393
-0.44036806418010765,-1.1704390662574038,0.061894866305274854,-0.46277758252611234,-0.6305973121506705,0.3369441148774419,0.7967101648361815,0.6254332965704819,-0.6042649131774593,-1.1698005326961927,-1.3082260877747987,1.0354159070377924,0.7634578253636018,0.37560750241897745,-1.464707662526782,-1.5754935795028682,-0.9475535485883647,0.046300055885546886,1.117145430479266,-1.1532911531929089,0.32295748646647016,-0.32714845560336103,-0.11664363267327207,1.1894393977502478,-0.9405184078787995,-0.580743714400561,-0.02552646109864401,1.282926017014467,-1.1517385393651556,-0.9746758031245073,-0.3043949529395564,-2.305565146470669,0.99371902804806,-0.4650979744250654,-0.39087636512784857,-0.7672723477967843,0.26812534168536384,0.14000847260604302,-0.6167794059520664,0.29760178507973006,-0.5891735480630103,0.7772613442486577,-0.3941290105779087,0.9012890364460959,-1.1873990204499394,-0.6504321405868713,-0.07563446543407512,0.6450713699836096,-0.04320685788269831,0.3123340557158424
0.7136816709751133,-0.05411664477234592,0.9826592826859422,-0.11736757576489874,-1.0398742638076228,-1.5660672988657895,-1.1609409252015046,-0.17731729755494652,1.2597281015389148,-0.5190397083204283,-1.0132760066276436,-0.13379858265820507,0.73887466481213,-0.28493505325625523,-1.4964786925540035,0.45023446289543945,-1.4517423668304057,0.5602049816042809,0.9382130048141252,-1.8822289017379157,0.24429577525245347,-0.0018587080060503006,0.6292919772732328,0.04282149705952522,-0.4323177392342873,-1.241709980968065,0.47770709653968857,-0.8696262364110654,0.5281881543641326,0.4987411325280072,1.7266271145088974,-0.2845399102184147,-0.5659504816274835,-0.7647569331438093,-0.17092745747641117,0.8621215412528492,0.8065620515097703,-0.5194028043198066,0.35984807729664253,0.4993659535624904,-0.1550746682448301,0.6469554190765762,-0.9095114163694258,-0.3466817435276328,-0.26121154318912465,-0.9670493551675756,-0.1620068087087693,-0.36932034362431687,-0.3109903821863433,-0.012971860924044678
-0.39067125437687944,0.9888956406097028,0.8117998728824751,0.9610335101200916,0.7735759760059046,1.0370419306638043,-0.919206152064168,0.7132186594751971,-1.7774193073892486,0.5520141214628708,0.34111377376074237,0.1791069502870406,-0.531952588172155,-0.42470020094320005,2.0385229098094153,0.44621530836152873,1.4113961997169657,0.6149731220488359,-0.03580344777131181,0.8573906065838667,1.3351803597260155,1.1180797115621048,-2.301923718182634,0.12024817803419661,-0.3772423462392734,-1.0377181607306305,1.8851253627344453,0.6686829845715412,1.2139204895547966,-0.5197391544616943,-1.3755472197363343,0.09008717828243368,-1.4302024816334633,-0.13780892205451267,0.722666772421871,1.147726848876299,0.998442777508079,0.6615269533964635,-1.2250189562284286,1.1954596315154633,0.04505750002591589,-1.8041129926091473,0.9384957200090308,-0.15774131067951105,0.3829725954190168,0.8473136513245398,1.0624529296831327,-0.17524100901816925,0.3257196327813231,-0.7725455043917564
-0.6674776274130623,-0.6200433920579992,-0.5030229334377508,-1.8122479599980847,0.24846246714415693,-1.3627635616180902,-0.604926130307152,0.7566649279937709,0.8216706120089631,-1.1694106954308237,0.5206402822595121,1.0324126157205846,-0.696070817741008,-1.5853003295748755,-0.5529717764140746,-0.17893190954781418,-0.2540079827966379,0.2803234009568187,0.08559112077630773,0.7622155877945367,-2.921141039566392,1.4088094564104365,-0.14399824063518496,0.3404664144413774,-0.4190586342282264,-0.7479221378794632,-0.02284250637841969,0.4072827368336401,-2.1697814882321733,2.2075655497086486,0.5193104475351856,1.9375640821478082,1.3780826841686835,0.7038608706388502,1.1550101249901008,-1.2654833184002154,2.105147780001353,1.5840876558217527,1.2446458441010475,-0.254991661823334,-1.7657996185196827,0.5132901149760649,-0.0960622580255195,0.05958732608653647,-1.2797970357271151,0.3537675139110999,0.1615857512520688,0.46249030884446307,0.8916349392367953,-1.1106921728943433
-0.4115932319133764,0.4914756735736651,-0.8911181531226272,1.1337403961889545,-1.178732775214404,-0.07808214780386867,-1.3590241680742643,-0.5574393986030666,0.245287287739349,0.8766139954900869,0.8833155577600863,0.6427824810049539,-1.3412979244331023,-2.953560355260796,-0.15321373920999076,1.4660660083208212,0.2579005229206724,-0.8045722535957273,0.9767791794627194,2.086603344357304,-0.14465747120625547,2.3459859263348206,-0.35576255564904946,-0.5922786917052402,1.089173876910324,-0.7203437743884226,-1.4318093859588275,0.8302122859625735,-1.386755532605942,-0.002087217678628589,0.12095382706786917,0.8987801901095871,0.9661663433675759,0.8573643465553313,2.0102693587222547,-0.9759711812461719,1.9483545063773364,2.035188473208473,0.5618776760792991,-0.05476821765666346,-0.5010758320733689,-0.13092574081951333,0.7726198173930041,-1.0425111153525757,0.3660976732411754,0.31855902505110534,-1.0960125042993718,1.3538263146926648,0.42130484182405226,-0.3642462900405642
0.9111799830088064,-1.0304944443796629,-0.9266992499487311,-0.8292280071540298,-1.166340741346017,-1.6928498474392304,0.9703583147171649,-0.6840987382965285,1.9752893268810505,-0.17505072364707652,0.9161223190394937,-1.096267164554006,-0.6392935930838701,0.1868930900472677,-1.3043061130427345,-0.7421186469765475,-0.6143664929420085,-1.2681980365749554,0.6835785961675513,-1.7043828397650507,0.6715474370262271,-0.20651423741583957,0.08270985176977333,0.07180164850086927,-0.13803753728375437,-0.3911125948251764,-2.141822005291562,1.8322779954042787,-0.8238652504889952,-0.1932644612853355,-0.9027753254241968,-1.4596812393375498,2.3103809168828735,0.10148472857442027,0.8733963502250534,-1.1193143676375539,0.8153540561294511,1.0975552089029341,1.7228711179975993,-0.5244438693372161,-0.05728457736588271,-0.16064463186805877,0.23113410380818009,-0.01656550825364097,0.931851303850287,-2.0115476985799874,-0.5487461758406252,-1.1018360537958718,-2.1646879462223656,-0.6485898590986972
-1.9731319012530577,-1.1613698073332124,-1.2210531115779666,-1.1655869893325088,-2.0678188734955762,-0.9987080437565696,0.7131292893298501,1.0095563926051856,1.5269607981824176,0.3521219062766455,-0.9619921012535486,2.6126899096943945,1.1777642060665454,0.0859418098870728,-1.5153792497436693,-1.4245984762746573,-0.6684130981055888,-0.46082801319326194,1.517301653065412,1.6210316175730115,-0.6861149090245449,-0.6194223637496736,0.4349710228567046,0.4837437382658915,-1.7928023190500741,-0.9897861483877775,1.1267198809057637,0.8505668474031148,0.7451087807412187,0.16220574337085267,-0.10462651888619641,0.639727997308995,-0.5418035976604084,1.0417952012386127,0.08112263152251876,0.06425297094652277,0.05027891234526531,0.6636854890406388,1.631291600781837,-0.12007553025540825,0.662085816244896,1.2413306886814925,-1.3888432074910488,2.668990592878723,0.819123580651082,0.5572090118064568,-0.2325025829579723,-0.7057354253503134,-0.7723525116509512,1.2599110006699432
0.07321436972393068,-1.045993343634592,0.40797400247730736,-1.3406813172814414,-1.4073096989133111,0.18815197931848646,-1.2533603324676839,0.17188855563179323,1.2983724462164798,-0.2930304627688363,0.3896023804544714,-0.09052844365959377,-0.05085273753301808,0.023381981272424267,-1.4792264640105368,0.34596217442586935,1.4238397193923031,-0.7045700229534504,-0.15627128452157113,-0.681349758207779,0.0516767582036604,-0.250781485048991,-0.41424604406609283,-0.4195192825467462,-0.7047621681870985,0.30522396162373583,-1.226599295693585,0.31022279441344563,-0.23959414370797835,0.08617086599012756,0.2670396252792396,-0.7394310082294565,0.9924013545997482,-0.5373782955995808,0.7696051499804102,-0.765791704320881,0.6531932923442184,0.7855141602318173,0.7855013606792998,-2.0585107355921917,-0.43389699032910195,-0.03516592736947768,0.029882095043816604,-0.06719098520076289,0.21042570470756056,0.9043372329822317,-1.3597801433697119,-0.0328764556011812,-1.8557008507234567,0.09298331395225085
-0.7973449299361594,-0.10320788869447586,-0.9716800006020033,-0.10353886457145632,-0.23211264302259105,-0.7661105538788208,-1.175988478309899,0.24747302333790783,-0.36773286020488216,0.7526499697661828,0.757215982521349,0.8236783458391849,-1.219615566405447,-2.1048160373971303,-0.561633003271936,1.7674037894807741,-0.033329326421597014,-0.445714010030295,0.9071857346729555,1.7642364266658275,0.6336301781431333,1.3394456183356769,-0.09190481276357201,-0.9488063514101688,-0.38839854263746065,-0.6924330842389852,0.4428892553446872,0.31245714728469015,0.1764064475307131,-0.97786396163492,0.1846677146048528,2.6538011043772998,-0.9478448413933628,2.103786150877185,2.1648220504677056,-0.46219653999002575,2.0135615180181574,1.8517009106885067,-0.9165424092604942,-0.14564180563892265,0.7723992228881035,0.36527592236655027,0.8238721322686515,-0.5284713932695276,0.593096291507805,-0.33935051073786715,0.9213864817432089,0.398740527412412,0.5923103947360921,-1.2896796450609505
-1.5461701262072565,-0.9714110726418037,1.2430500674255414,-0.12662141377523767,0.12242669980177434,0.5235559834932175,0.8226361085644,-0.7735727702693553,0.13637191642755345,-0.5662296448512215,0.9800876944677065,0.46727490144826833,-0.989844996623921,-0.822114630646277,0.639811084071324,-0.49957286144575674,1.636856888352337,-0.31170568133681725,0.04892614586269935,0.4211559982260529,-0.38076424725100666,0.6981177451056206,-1.318091470160193,0.8261421985479803,1.3110071880726968,-0.205951233202169,-1.8046684968285855,0.01323183636462755,-1.0148167962210075,-1.6275528626822158,0.23541212294428782,-1.624096587778569,0.20687508880224828,-0.8247142478838523,1.3646734559041118,0.0992678452475711,1.5185483543844613,1.0804991110782356,0.732565442401609,0.11874948563765944,1.159060874657738,-0.8749753868746524,1.3101113064664145,0.5023364450651361,0.576245989828693,0.20918561472140734,1.2861448763552286,-1.2567697731761434,0.43331378474949933,-0.8332857373730488
-0.5261820090033449,0.031040168351686572,0.3464157251173491,0.3742464964153095,-1.0091288101185376,1.4457925460125787,0.08532560395515053,-1.9330885752703117,-1.0218087665330555,0.12562732848201777,0.6999208017843869,-0.07077567905454986,-0.8835397076661349,0.8388817210097186,-0.5698826022726617,-1.0597336160924287,-0.6218153353071229,-0.41645716084934836,0.23321072094334963,0.3278512124907401,1.2901184947407311,-0.945208531880042,0.24580470442781474,0.1285274409893219,0.6545754242969605,-0.19555451236149382,-0.4688414145775242,1.3903622116091319,-1.016071201833945,-0.916597807287579,-1.8856471805069168,-0.1966708398100561,0.6631413983660145,0.2959934990135083,0.7091992595369241,-1.0407022673184345,-0.29375133495036254,0.30193168734698633,-0.29262013167487555,0.6579484288778225,1.0562452401849027,0.5020598096054171,1.0750300450850052,-0.2929400295593157,-0.18942217555736882,-0.6831874712605499,-0.0603046106843181,-2.008659049204699,-0.058356133857235815,0.03613249842495614
-0.556667716335372,-1.3182285674369663,0.535137789308707,-0.5289698700764414,1.8927336197333324,-0.4622705235103864,1.0982740942060485,1.05248416365519,0.31790490905595337,-1.3796440396087835,-0.9068173205561594,1.228264231155904,0.0028282275917265354,-1.776438001515267,1.015664350138275,-1.574367981978258,-0.62464725769691,1.7291933978107004,-0.6963312283335866,-0.594744004396178,0.8739180742980796,0.6194498880739674,0.5485265777374084,0.5143852895199935,-0.41371569023111165,-0.08848251046685301,0.4741984231645834,0.40341407599325424,1.161204151917188,1.5665496107190997,0.3707440098252349,0.33099506819889607,-0.7750776912311439,-0.731324099285237,-1.1875490824383257,1.8198790867540644,1.0789176292629656,0.030780848383778883,-1.4539052939752009,0.923019152245687,-0.2826841806356601,0.09741743511689595,-0.5794849697252968,-0.8106271871077151,-1.917360785544555,-0.13446978727089204,1.5632249455544789,1.1154023522771537,0.8491265234186933,-0.6052913994143159
-0.9898762080790799,-0.6724253591568264,-0.08147620313751866,0.9567327931764819,-0.9654410698811153,-0.6904321044924077,-0.06978996681599164,0.36468164530291797,0.4105436677297336,-1.4188881192572103,-1.1170643069010773,0.04583983050921561,0.9299126985240347,0.8074365670813572,-0.6590912527976285,0.04253478740110944,-1.6199502322113637,-0.2254326964395328,0.45784813181081874,1.5138766862756876,0.5516268729358229,0.18070695702945397,0.9783949728972418,1.2573029020089082,0.47608071756802517,-0.8021179350052894,0.7912454655310533,0.6444817199349698,-0.7361458541442195,-0.5027216815293236,0.9705779134497474,0.8509256067735685,-1.0927248863548966,1.094881018170686,-0.04581186638992306,-0.4347644097727388,-0.7232147025373724,-0.2922101197749366,0.04254579330597907,-0.4290937384470861,0.4850066573005721,0.9430370954769559,-1.7457592930814816,0.9090030319614043,-1.2299154527345473,-1.0089702424852975,-1.6781152648294637,-0.06005775612609607,-0.07218516164526938,1.2283199299334364
2.7948682168967904,1.0593381881365052,0.7508514280880417,-1.0910694834095263,-0.3094648026692369,-0.8228447222105586,-1.2313178769623394,0.8824838581496739,0.629162718585362,0.42099971922271345,-1.1431837116566623,-1.8834551704695224,1.4051889895273837,1.1430050651190207,-1.4511578109649999,2.174658734808501,-1.5372325145267713,-0.20991190374589258,0.9032274348764323,-1.570527332543231,-0.2629718715139816,-1.6830453504297287,1.0862411900549391,-1.7813295272286815,-0.2578556709549863,-0.09080768688501474,0.9961957132798039,-1.1733435213405168,0.3676501896396565,1.0621327135318426,-0.5752795632593909,-0.7423252317885534,-0.08204007310593783,-0.18028708593154857,0.1357914615595138,0.8013628892181645,-1.6316499297157339,-1.683999638252214,0.9955044485438974,0.22125783819684128,-0.8486261651680885,1.6062066701412951,-1.7444237936158846,-0.47163403075775917,0.36447996624803825,0.18140271853544726,-0.40093743613953664,-0.6560417018586562,0.1614778142995192,1.0092777989938835
0.2170041913890039,0.277975339229662,-3.3424557823207217,-0.33361525609499143,1.7601465879184648,0.6037062139392728,0.22375182829467039,-0.9539923444846542,-0.16660427407870607,2.158486484973685,2.8390736306218853,0.10333982128886601,-1.9611431012846106,1.0427997759049628,1.4244358142982845,-0.49958349860115664,-0.47993373299320274,-1.3517375382195576,0.08239872679045106,-0.6932922026033237,-1.3306225829792275,-1.5428638954275187,0.8742022822396889,0.8147788167217574,0.02335511319536544,0.913374339897987,0.6922508468498463,0.37197642045384005,0.06674173986882048,2.181260705077985,0.9808254738632788,-0.1279468209349864,1.105287033476829,2.6727838023725545,0.165748993054283,-1.039641746098804,-0.8758543263135781,0.6268730984390142,0.5106940427401837,0.9725447743328152,-0.07579492607272306,-0.2970818058740816,2.5607676559677595,0.22154312871975135,3.0079587170893265,0.3644553294609975,1.0746674754142944,-0.14904346725887493,-0.25192915104763824,-0.8452425182038273
-1.0236933289200927,-0.910394575766851,0.6048015513510593,0.13025430530925547,-0.8862197525692499,-0.192220474851295,2.8550762348519165,0.9160269344676276,0.9908392720258913,0.706739312594342,-1.9785257238031198,0.37502729365311216,1.1052849047660633,0.4089178542723249,-0.40497850006756236,-1.3172103334174028,-1.0204074861969603,0.4744551771311459,0.1376331111424985,0.05572508747738587,0.8176558277590331,1.7154194025997398,1.3848764669712872,1.5269631925990825,0.352772124029971,-0.27653487026473156,-0.17912182816184954,-0.15811229169531044,0.6471053090471358,-1.8431252993362286,-1.3061274071691829,-0.19477156195872597,-0.8980787683187823,-1.451497360923303,-2.1342610224453824,1.3322090374936009,0.7869593786199812,-1.2081302113987598,-0.9283751208865609,-0.28454693533202435,-1.1212681200433285,1.4976979111903934,-1.2622565742225504,1.0832329378209156,-0.09472066533541462,-0.12764390594864988,-1.07840466525915,2.8951532647936133,-1.161003168623186,0.3153084847549064
-0.37441713941984506,-1.788370623220167,-0.15945968793128837,0.474928118048128,0.08588582551034821,-0.15536232344129142,-0.22941991018848026,1.1068192677583204,-0.6850763916592747,1.051025850623745,0.6570164208164133,0.24034440350907116,-0.65416092354601,-0.9605039130968589,0.38909546298592224,0.025731697814955223,0.7376095331557382,-1.5439773587264636,0.8314533531589431,0.00273226152357933,0.10004899574429976,-0.13384414462416522,-0.3908749201306565,0.11762978858800574,1.1831305359987234,-1.0246326924367735,-1.5241123172570035,-0.21975353865039873,-2.440291031192265,0.13721062040333704,-0.35617715456757437,-0.4864950865189617,1.5654183849119374,0.09788936401779638,0.13861881034271473,-1.1128985101610016,-0.23288258271399528,-0.60619934706189,0.9884436708343916,-1.426983335456828,-0.3705717262657894,0.45644789120420276,0.658205416948807,0.16848447262003635,1.7655999245125609,-0.5334388647279632,-2.492210640835068,0.12510948006276978,-0.5041087846678389,0.26369288164163945
0.4731763385467037,-1.0127435211498164,-0.6872844536576546,-1.0279735641312204,-1.0273421825252,-0.8005665743947036,-0.27799274164101495,0.30330791301099874,1.1639610672796656,0.34290084421689065,0.1338440651332982,-1.0954152523668381,-0.9134566481502062,-0.911122360264101,-0.9451183604255098,0.2432305652110581,-0.08855711588291346,0.15347811240506842,0.04707234446052592,-0.20823370980857422,0.22776280296835946,0.7848308727490677,-0.14820726430368755,0.48878611918423254,-0.5817454299289164,-0.22504748910850494,-0.9813578782915844,0.6399687120952344,0.028091354154847467,-1.0867408527455626,-0.1564043716676417,-0.35513943803013964,0.657580127833186,1.9568298021497819,-0.3074866236528543,-1.575015108838957,1.3056210862866073,0.495180055125964,-0.963001921890344,-0.9965780903287035,0.670352149450226,-0.39251697048360107,0.2564468460264503,-0.2260013702636956,0.13151396812557925,-0.7959553195206575,-0.22221291962744252,1.0506610490374457,-0.7670223584103997,-0.04581360070543337
1.0350749008823954,1.1760342994086623,0.5773558069392892,1.5597390183353104,-1.3417257135951297,0.8807931961212248,-2.4659841984531043,0.4304571206863884,-0.3277921399117074,0.10115939689311765,-2.0903103533358887,-0.38861673179165823,2.7610460716242633,1.1150279912012309,0.07897979839266608,1.1250356171415574,-0.22105686540763747,-0.10499419702207488,0.24389829350196768,-0.8880950103436113,0.2152424207660783,-0.2864745024026434,-0.2181653438389797,1.4233490925793912,0.34197191745154687,-0.43420280718991017,0.8807312251552902,-1.1315615248177509,0.6364693364839817,0.26333572683131207,-0.29615119757443126,0.1082078600536721,-0.966811325997415,-1.6885114868791595,-1.1818776729305946,0.362780124643806,-0.8964207290544796,-1.4010051837692308,0.3915347658658551,0.48845228637914506,0.4574376111805502,0.25324211251393774,-1.413626100049512,-1.2743519007666564,-0.4955086377170005,-0.8863925190403514,0.6362354674520585,1.2818320691325673,-1.9118462486691203,0.45582015278827126
1.5049978934032806,0.6998383831649879,-0.6226871054221829,0.06761626570203673,-1.1366890096768856,0.6856805648191991,-1.4165923661746282,-1.9238834689844282,-1.279904408656999,0.7330483158889468,1.375021042197206,-1.9978386523166038,-0.6475639713395919,-0.898554273095394,-0.7620256824680174,1.6631921440268846,-0.7842046610834129,-0.7315517099507255,0.4139372599619566,0.4052456634075929,1.9935448116799386,-0.4675743796449303,0.5693606682053218,-1.1542740198314054,0.5408673173904056,-0.14650609192996764,-1.7894415857795198,0.766062732944839,-1.2280972355880138,1.48419878944369,-3.0582032597791917,0.3548417380257154,1.8291004496464625,0.06209310541617595,0.8674281544120999,-1.513242326410841,-0.20381489066839442,0.11929008281255858,0.2768826096904685,-0.6819427985694151,-1.4338492577269288,0.8600538860513568,0.6757348250839557,-0.0897011393922946,0.819796147603117,-1.5114846856946629,-0.016824899081866032,-0.9900713620598203,-0.9867972854244063,0.7614642859994961
2.095522651788251,1.3526086130955548,-0.9828531604429975,1.6234055700658043,0.15867796478827706,-1.5069888078081908,0.44920911029671917,0.6670084676140718,1.0212487967030222,0.573834623310888,-0.3149461017800993,-1.7606426712908974,0.7267235750926864,1.3400373534013552,0.11072366670573718,0.8627666176373647,-2.151324607134585,-0.39809238396107843,0.267367938978879,-1.8285676819887007,0.8781949196105917,-2.7829899374239884,1.9164360884536888,0.23870789423947716,1.242754836583318,-1.160523931657208,0.5139812716921962,-0.9341313120754462,0.7356054872301926,1.339261742896516,-2.0326390358662954,-0.6954689595895934,0.24670701675317094,0.6386424021483819,-0.4633698115663298,0.4429101560965227,-1.4655469074908936,-0.6179524916987088,-0.16617911119540707,2.5804356065935345,-0.3817469189215123,0.9088600199393201,-1.4663082974766697,-1.0010873239611862,0.7530508087500956,-1.1765951541709858,1.2386764843749025,0.20129920040322652,-0.062360041124239506,-0.8997511069926166
0.5040892962022787,0.6619440431012129,0.736786402561509,0.7228738319983862,-1.0147770035271806,0.474715020158496,-1.8754128500863778,-0.30791467640086306,-0.2926375867510966,-0.18197318278344352,-1.6308828372077502,-0.5550764475226067,1.1950727252840616,0.6107971842599289,0.30876021784030705,0.7882708697791542,-0.6432494339107199,0.44793321790077817,-0.9741946391283277,0.45076230405354345,-0.5291238515524983,-0.1725712127699205,0.29269993374578335,-0.5869306146323412,-0.29946633099974324,0.7538159851846046,-1.080688653047126,-1.5101190842473418,0.32090402938389356,1.1387424166251623,-0.3303229855525246,-1.2741075715577341,-0.3133599689531678,-1.279837394902451,-0.8261378811356886,1.8940381983079897,0.03332775149814065,-0.7483160672321527,-0.5371408136300982,0.23999753033571605,0.6217018565682119,-0.18152775155062537,-1.0412267923623635,0.37148050068629523,-0.9093328304013159,-0.37891358443717377,0.8727460820147295,1.3203234591000206,-0.927078066387019,-0.5262499159932761
-0.9346803166282859,0.9580688362177102,1.1699442306975,1.1869982312417044,-1.3155141477174697,-0.4714405495878674,-2.1238701234375896,0.3901861587768151,0.3791799538977264,-0.6410552500498183,-0.37604948651182996,0.5546408679085393,0.2938451808775219,-1.426910943711779,-0.3083146637736226,1.723762732450713,-1.2984867755165501,0.4535498017651294,-0.4887064896592886,2.286403246346878,-0.43181058506236825,0.4898219965960544,-0.9346293706746803,0.6700329074214789,-0.04828048887348338,-0.5276378581081993,0.660082930492252,-0.8258856572724509,-0.6367590420194752,1.3336856009657052,0.0912235068100203,1.5686421018048922,-0.7995862451004245,-2.0896077600352605,0.819206205767424,-0.38355099181040675,0.4525726412988061,0.179900935780591,0.8976377180647085,-0.41407661201567286,0.3656705631705606,-0.5603610869113204,-0.3455572707957052,-0.6070318996825452,0.009639677671412248,-0.8857866657752596,0.6101648508477532,0.9743258466993918,-0.031300391016494684,-0.2774260962871288
-0.7553695884457384,-0.8482368088423158,-0.08120843739361563,0.8810306775783485,-0.11741822710327056,-0.7572707556109497,0.9839561206328317,1.5389609268093645,0.12257283091240759,-0.05045818876764813,-1.0902458917479874,2.042152270739753,1.0869634003101747,0.14689418907155233,0.3952210809553775,-0.0088946151372532,-0.18358783747686636,-0.5707274585031709,1.6369676118967296,0.41478646946879766,0.5583681096696625,0.554734918623269,-0.15178421165453768,0.37083292967250603,-0.5822554331506459,-2.3026710532677765,0.5943096381904824,0.6749969514817232,0.06664451778440732,-0.4150870615550247,-0.2349585564530206,-1.2039104530894431,0.8875827666011082,-0.9243789863080597,1.5181798265726945,0.5004220692591234,0.7817129647296941,1.0205511003418712,1.0469349336973732,-0.530616270021577,-0.9331641286665775,0.2954209521819322,-1.597410281207877,-0.40530746217759334,-0.5448362284851449,-0.24337187530115711,1.2455335700843795,-0.9915821091837392,-0.9130088285693463,-0.11767474816231113
-0.8850610813393356,-0.008577439480569543,1.1394678332437271,-1.2799333057763562,0.5728305599277539,-0.20020045638747336,0.08307997623824198,0.8565291335920941,1.7136856199349986,-1.181367803919885,-0.5652989657803189,0.43072294129193084,0.3311554316277485,-1.2631024754705638,-0.0680119695832801,-0.00043161832156959434,0.03330622252235112,0.6691156696000803,0.36744557588035953,1.3073551543066169,0.5834864903257375,0.9308894784820334,0.2755759602704169,-0.8625103162572234,-1.4939338119830703,-0.9055510823042348,-0.36351183614515087,-0.5968380564576772,-0.016905790548316188,0.20341183089507472,1.6757315344833643,0.3593322423802322,-0.9371781035042591,0.17019231057909034,-0.4326882314667939,0.43420807931037475,1.2042133318621404,0.013189253962785493,0.5156012296159671,-1.2199094182481238,1.1407955802071068,0.4394477732307957,0.17474489530156687,-0.3671830152632088,-1.0653413305654418,0.8146400225129082,0.48125237804305476,0.25813920955752,0.6916501980774724,-0.5298221540827014
2.0753358150102166,0.17804236272978605,-1.698096360697641,-1.848410735687032,0.7580598738625939,-1.9705375579838618,0.26266912684545596,-0.5564790136497928,2.105288030388285,0.3591122346720763,0.7447030743758122,-1.8741435552765293,0.24492454694168864,2.553961388590565,-0.026231152026974586,0.1855072173937591,-0.5148403904256642,-0.010425070454363354,-1.5993267852546365,-1.892099843619535,0.4146211832647508,-2.1676168999064087,-0.23939018380510935,-0.38991245330116225,-0.31284706899411385,2.4474817386409766,0.4956901646109722,-0.5990556853630326,1.122367619678862,0.34780958639140647,0.36887110790613264,-1.2021912568598145,0.24752247499799976,1.7902127564675074,-1.1347267395247131,0.13770475021859233,-2.800118702888378,-1.7941104810257535,0.3251541160987427,1.8698109575635369,1.0551993093244252,-0.4315944695853704,-0.5442038712941951,-1.0235679472369004,0.20309634409782854,-0.9622506419835622,2.5466214294794653,-0.5977645832216516,-1.3948359557991883,0.5945733997589363
0.020033149045815612,0.7797985555170648,-0.4466799687418731,-1.972356642474307,-0.5987703122415501,-1.386027115805918,0.26824201584514423,-0.37661433043910186,0.19484062509453348,0.8046031010566841,0.24363633306814947,-0.11116316674529791,-0.7127250745840129,1.2199775344699046,-2.0703856591004306,0.4589014274417307,-0.2641063439502877,-0.3622421848180259,-0.10004542221012717,-0.16624986250605686,1.3000394043293544,-0.48790464621625007,1.358766725199399,-0.7119554957606613,-0.06718239352827886,1.5660192419173646,-0.39971894284365794,-0.0577403939425548,-0.9314289036419829,0.9485737492012843,-0.31962730010732093,0.2544084788410308,0.086517828340852,-0.09616365257949877,-0.8303789097869965,-0.4531519785496611,-1.6571257570981943,-0.7411183063952644,-0.09289806535698468,0.2607796316378327,-0.27684243248317314,0.2909328432095868,0.502566987059152,-0.009264103322373084,0.6998792599318134,-0.4268474523268088,-0.35125563916947256,-0.03409177897045911,1.3286996325545715,2.0714514427086606
-2.126167580025807,0.6064465979893692,1.0100377496482669,0.03585366478877309,-0.0015099604320497554,0.16706213266537437,-0.0009862940545025019,-0.6094038539074818,0.7774474086062536,0.14895580418917753,1.2435187817926003,2.358000290161774,-2.2577896409006466,-2.2766970387156045,-0.5765188849465621,-0.03741596695614848,-1.036936111796911,0.49072378020549967,-1.135873309952973,2.3075805231970157,0.2824906534899836,3.0960113888363905,-0.9488728470535657,0.20033101355845917,-1.4724716892707068,0.513072581122304,1.1131470223277529,1.118284939578306,0.9870649295173517,1.0135788519460693,0.4147004275395506,2.9947332023307953,-1.183632407475492,-0.233337136407445,0.4180394901283942,0.053167646416255224,1.8541659712441112,1.2855846622956866,0.01638472845052721,-0.3288901327736227,0.018671956634098527,-0.11989514845217233,2.2229850969216636,0.22157912284818573,0.379069625305904,-1.7002821599184874,-0.743077104382263,1.9690150535966395,-0.3139998406656179,-0.6635691434370002
-0.7239730150861655,0.5191722435742012,-1.16829779137474,-1.2853961328274288,-0.8505497554601363,-0.9448456182604571,-0.7569156764459595,-1.1099036043352757,1.0673853673073108,1.1985803227066847,1.3977729556429406,0.33319862999514316,-0.35310665525344503,-0.9103579170671482,-0.6356239749698042,0.9134023109084638,0.9939251689834381,-0.5219955059007574,-1.3903358772943903,2.3648531889931688,0.5095892592137434,-1.8061788369733276,-1.1311941673808166,-1.4352861594113115,0.49313297070887246,2.665596095117041,-0.5031616585893702,0.43456933828684036,-0.6953514073061671,-2.003090867373675,-1.2606866051059042,0.13722775429679743,0.8440585876016057,1.2860701475997014,1.1357870972653128,0.19507466269529777,0.13841821075850652,1.065590167601747,0.06791265483649264,0.060079081483998445,-0.476962580214675,-2.3173332056635947,0.09608998870350964,-0.43127925652963595,0.8697027791413068,-0.14177529059356775,1.262586789499594,1.1101049261336124,-0.1088756106634046,-2.391486964650468
0.8555165638612002,0.423805795036148,0.2812740416216247,1.3438376509485817,0.4471510317430754,-0.0050386326232575935,-0.6790628416405083,0.8766751970060447,0.29058563616062183,-0.2649558334951317,-1.5647626663668548,-1.360075310138531,1.2154005504944172,-1.298147551795758,1.2902761868456494,0.95035220761577,0.19548603603432724,1.302738559350203,0.379262742289169,-0.6567047657167879,-0.08395767945675205,0.35797271589431306,0.6757391416031369,0.3482671970406983,1.7311761461424024,-1.7672043852417323,1.336803387877627,-1.322845031368033,2.549801640835727,0.020929717015424856,1.3401575424130345,0.9865907939310917,-2.432913511919008,0.18648045525605386,-0.11885616172918007,2.122482855852217,0.20965347362462852,-0.6461486909519453,-1.293550383183005,0.8268129536850735,0.6548281790135346,1.6958541661119675,-0.9795925327128044,-1.4418794891021385,-0.8263442830042054,-0.28623482885777257,0.7640727430508155,-1.279285695283103,1.2327782441098805,-0.06740602773764279
-0.5323409233387133,-0.3352588694096189,0.19117712994022357,-1.4084530301951232,-2.3219214412589726,0.09299972586255062,-0.5604907764796556,-0.39934907827012733,-0.9324363302861659,-1.4959546597352325,-0.4102898960375211,-0.35367712489689807,0.6500493586421041,-1.2302710516351838,-2.7720508877744146,0.7062826906240817,0.38630311510456605,-0.26079506317087575,0.28007881809544605,1.0078828197690184,-0.46247369173027786,-0.9128706445465011,0.4531178388862212,-0.9498321497564691,-1.6513942600520175,0.3114670126440127,-0.5004600011136082,-0.9027050125269832,0.5040231799627828,-0.7267428928514896,0.7682251602741291,0.42715454131910907,0.25979037024864116,-0.03830203842231035,0.7108829716096556,-0.275737257019711,1.298878703307217,0.9819102728610856,0.3411384000170615,-1.03538256265436,0.8696451310976725,0.3308472751671074,-1.053258926565563,0.6755863146081527,-0.2960138070037152,1.9889951574204323,-0.9114876309973037,0.6302074532682019,-2.82652224379163,-0.37909837445439515
0.16682844481189318,0.048508231794520754,0.9903497322124802,1.3852222202418276,-1.2678696445626527,0.6531622943301058,-0.7840923839886419,1.0093237975836962,-1.3020071022160207,-1.424888948201806,-1.6116340721198041,-0.8143638204045879,2.079887668549587,1.1065754340095688,-0.4436173625198066,1.7642520865480893,-0.16673449848062408,0.6764684881210311,-0.9239246329581127,0.8841863138140856,0.1047525131319581,-0.5257203310994456,-0.6240192737988903,-0.4757609637754945,1.7457632249551793,-0.4129045898221897,-0.8444141851267892,-0.8207413061409228,-1.4851757054388677,1.6258957674369932,0.6916968938239967,-0.03973299103018685,-0.21022994556469624,-2.1858599179791627,-1.6018799216432031,0.4541557833579744,-1.3844862426798061,-1.1585015705965196,-0.27254964868730785,-1.1923979043411717,0.3292092956626375,0.19308437237037931,-1.7063718026908279,-0.42683895543378,-1.0240443033275728,-1.541518348669385,-0.4069219804690502,3.5939908384949284,-1.0573786032843828,0.911411232153441
-0.6077076345720221,-0.8756644639262524,1.2636770961554433,0.6156952226887731,-0.8124325435951264,-0.2138527738131236,0.04648604957952241,1.1748932567944708,0.4215925594341422,-0.41323703648391424,-0.7970521430897614,-0.38993726146043195,0.7656653603228999,0.2689452448450663,-0.606248019600151,-0.2917223479410649,-0.9407063984920594,-0.3244454023321462,-0.42985555653043556,0.4190158215468367,1.095748605365725,-0.5339974232366461,-0.1240835512508619,-0.1032038279981881,0.9310228981670164,-0.21458587577677637,-0.14354064973112934,-0.41699134935567767,0.19923092037930196,0.33356816277159246,-0.5548825707444461,1.2766240816779157,-0.31249316539579297,-0.3387960778103955,0.3331047317752915,0.804625783050393,-0.8307544482419907,-0.5872690215969336,0.7512962759423949,-0.22899244463048973,-0.7302793433482533,-0.43716195774948374,-1.2313376906217044,1.2034121166076428,-0.23371079117110388,-1.604840212524075,1.1909251356951651,-0.9327951513978945,-1.6412356234971963,0.7975771164950656
-0.5166829715198225,-0.6851479023913472,1.3768778658109286,0.7989690991182373,-0.18535315308104383,-0.6383509159952525,-0.06891073354518966,1.1484116057741782,-0.5603610002907861,0.06437574247889141,-0.44571212170965935,0.5068796340369132,0.4612876812287114,-0.18187587603012914,0.3654478348633941,0.1312941076222791,0.8964224639338414,0.8109525614134119,-0.17671584933421194,1.3152617178504988,-0.2524159959968737,-0.363995766470679,-1.1083473533071484,-0.2961274223402792,-0.18711971632727434,-0.34317735897116636,-0.4895451469222725,-0.6204695015288976,0.16935030792860084,-0.14616521981049252,0.6523995605767857,-1.1438636947850018,0.7701992708359182,-0.9646650441488754,0.5070485217441392,0.35139124864895344,-0.07436687439260405,0.1332332286999245,-0.15409001868905958,-0.33734843985180873,-1.1440341487256924,-0.1880354319894183,-0.46342229856648565,0.7714024844857035,-0.306664424423848,0.01108919579030968,-1.0693301010990572,0.4080513455949116,1.061085077332971,-0.2514500263605227
-1.2838153309783353,-1.3492402673493349,0.3218047192215528,0.3987088997506814,1.6208754602625044,0.8261008431933213,-0.40074445430834943,0.7963382590710119,-0.622070669747329,0.9951809112428123,1.4150350710225637,0.7358464834748719,-1.327194575253902,-0.9421020647918028,1.4346723554030507,-0.9503502430258045,-1.5402207384036315,-0.7086780718269664,0.09440163467328491,0.3723072330256629,1.5512596168806168,0.963011859754376,0.05041681338397746,0.13987741783319804,-0.7117048057920851,-0.7025663611467344,-0.727066245874399,1.175132906071407,-0.9523381877334927,-0.5560007899161996,0.4059327330305985,0.03397716835988219,0.9366377947539022,0.2591149363820689,0.46857165555779007,-0.7347272562889946,1.4550213607605145,0.7857966068110326,-0.7465163429094045,-0.7035343804332737,0.017698498587574312,-0.2291682194381551,1.4173757728812326,-0.12434878010909486,0.8733895503609267,-1.2912286827490926,-0.5288433708841856,0.8464299231104763,0.3889419999930194,-0.9431767779400421
0.8931216738528842,-0.020327472003756286,-0.31447463000684206,-0.5731298242122961,0.1913370341781045,0.021619427437834713,-0.1547631145187935,-0.6311315245670819,0.5238312397125848,-0.6627014652182579,0.30872970287387697,-1.3938282582193924,-0.4638867735245281,0.07894676956125884,-0.9095760421725226,-0.5983458330598047,-0.660544882506165,0.0797071600369074,-0.1748749428373968,-0.4969448888835699,-0.9109510493847658,0.5201647343085374,1.420336616153268,-0.6652738674909094,0.05188637209526925,0.010331105325625594,-0.5522631192985555,-0.3258326150257624,0.4178741871187659,-0.5109340982808508,0.9734088445026515,-0.41920226622550055,0.3341032200170027,-0.8071822310623942,0.502170148102033,-0.6485471458890463,-0.5752311551360345,-0.8588732956111392,0.13338218439758,-0.3005235270651234,-0.21378746558430223,0.6233245113919077,-0.026048681069856396,1.0779814228729938,-0.07048305802533456,-0.07524096693763235,-0.09961982797698327,-0.9342578989277421,-0.24348182437784616,0.5952917675540029
1.8009595554900786,0.8459389580697989,-0.3210103093663995,-0.4497751465475338,-0.5177185377969429,0.30040262002937496,-0.624715923967612,-0.8799826463632198,0.8117434667032377,0.506210104364478,-0.7780787391846697,-1.1655893715538463,0.5384851175528333,-0.7463931134467511,0.651844319662049,0.7830276192497907,-1.6703158682286694,-0.5449000843428122,0.9261940030301823,-1.211215450985637,-0.17555924199871098,0.6707108453789398,0.756495871563431,-1.2508879036379112,2.7300832374604096,-0.6586286663147026,-2.151960955247343,0.34655944264301675,-0.5828522223545066,0.9675106986990522,-0.43545840573892275,0.11796114138693083,0.5874487391714263,-0.9432067905459,0.2435677606636078,0.7297439395637481,0.5228292823064152,-0.22720111367773205,0.5921163467398691,1.4136333911155665,-0.00529428725182676,1.2088712724073247,-0.7125342333972685,0.2937125262237855,0.1372623130961329,-0.28525210648199295,0.6417634809825837,0.7618378788487884,0.3694600938923581,0.8988946862343974
1.79181482266787,1.2603124746356473,-0.9826376775349863,1.6986468940753519,0.9855724142894778,0.43169519976389786,-1.1542848084562791,0.5614211965820272,-0.8253191715722001,0.533788873135738,0.2832219019624249,-2.138258752753452,-0.526878748929692,0.1654156544239963,0.11014530348954772,1.2109225191260058,-1.349584507719774,1.427025502778411,-0.29740361072678617,-0.12513391500208543,-1.895803960695976,0.787493961112764,1.0517734020096907,-2.5835599922208092,0.860575200622284,-1.8087419550562907,0.6391053948248351,-1.3775807265310913,1.31865937800216,-0.49578025281622906,0.0018513130032753492,0.11055384432810367,-0.16584616532357366,-0.15920055879277495,-0.6585931723637257,0.5049956078700886,-0.20594359823362332,-0.4494164954919253,-1.3059332238996288,1.6308348891852769,0.37609007361260893,0.9104093035267472,0.5831989012444212,-0.1291108053972399,-0.8210201331908992,-0.5132899444142027,0.4531754778009362,1.3814033504430316,0.23993806840729337,1.553596074040759
0.20297685623741532,0.03677770332306563,0.5757058847764398,2.3316720606275663,-0.4993747145972976,2.775936050684349,1.8626260803791825,-0.9126608580128128,-2.0968094649861233,0.4850196068885342,-0.39332223172342945,-0.6515931742537895,0.14194635604187417,0.5828220260084026,0.3779285952564419,-0.9564039082638562,-1.1999225154671755,-0.9765298113040065,1.1956815993705863,-0.8009953238981778,1.2178053274578866,0.22724589830644526,0.45870611478287154,0.18318772258062357,-0.014063599683075153,-1.7862234243104167,-0.4319672340038062,0.733869047794253,-0.4192960416383887,-1.009575988396913,-0.9940845955925308,-1.3146107914283756,-0.25260323827757064,0.2919660354727733,0.471174599896383,0.299616946704504,0.5673592939737961,0.37795920574292075,-0.26648943213848736,0.4250318629743684,-0.9970757105377652,0.7541459241558413,0.9574261106840258,-0.07080899143605422,0.35531666929358,-0.8578163252264722,0.34533654179974493,-1.05565465612816,-0.15591747057578398,-0.7675271296782328
0.766482282661693,1.3235065546561098,-1.0597624307572013,1.8267266854845017,0.02129504919073999,1.6582768995548824,-1.442763481416053,0.6323494452434237,-1.8844342148668576,2.6811369143759407,-0.1889250731971015,-0.7673836365642366,-0.4656014981804319,-0.7539542778333529,1.4446635781071726,1.4974452737644333,0.005974682749997367,-1.3078327948953632,1.7500356210671517,1.6585237501949444,-0.6000032593144041,-0.04788279091129218,0.6317052643029625,0.08789089967391629,0.43657363431224255,-1.2079647311164325,0.9807903448404858,-0.8298880951727337,1.05496561763968,-0.5490897941697288,-0.3164982775204476,2.4540894840051797,-1.1030739240719372,-0.15718595003841818,0.2038864439911137,0.01130514378035637,-0.5602558638177049,-0.6921041035268399,0.5650357180389912,-0.18997278599486309,0.8029431303808436,0.05095390283853754,0.9608700213134634,-0.8438089778101001,1.4223454033759875,0.27003737169556186,-0.015072136990679419,-1.5570367402457506,-0.48473965679989495,1.063246183144649
-0.09530142192498844,0.9463750300611892,-0.40784391563739325,-0.27851772073022574,-0.05216650636591857,0.5854998735190651,-2.3055392108537243,-1.0841484694743564,0.09706533999284078,1.265478374683297,1.677580918708244,0.901518592688646,-2.1078690009677383,-0.8943476718141353,-0.17236712426217898,1.8710844054516604,-0.24877837434469818,-1.962931846054642,1.315823903545105,1.7785478731339333,-0.8778603117473384,1.1904555646557542,0.3896926287856088,-2.6243576557821853,-0.8895434956537399,-0.7955955703272974,-0.6916723497409538,0.11615320593924149,-0.7480324729288863,0.6886709984092829,2.4003912413612847,1.4857249045014178,0.19982980166159922,0.5735770074402328,1.9455750692704186,-0.6440270503636873,1.0581294231223237,1.0217637484593745,1.8562946288096425,-0.2670194805937209,0.3012504005425692,0.043548218878145105,1.6602112034764935,-2.0064945328862964,2.079544839557644,-0.4434845109920581,-0.3494150623679808,-1.8394793141569223,-0.1730323063188978,0.3310630691257461
1.4119058138952523,1.0871196067501723,-0.8741308184934006,-1.8784761970591457,0.6468933573004788,-1.159630968461929,-0.038585230899201454,0.46400209274358445,1.847064785978827,0.09292531088258847,-1.2100608470679302,-1.6708394402217195,1.0259682100378735,1.1071992310436052,-0.015531112007416756,0.03813030908130393,-1.8612973920808202,0.11169843216053968,0.5255573822023835,-1.2907292112002717,-0.49967573074589977,0.7836678539200916,2.0927612771678197,1.046668740042625,-0.13149663216008625,-0.3190825330402861,0.36293818538173633,-0.814508475431719,0.37721522613665487,-0.6128726244922461,-0.24885649065095497,-0.019605604923540354,-1.0252868425672297,0.8546373147701606,-1.518464764087105,0.31806705419785514,-0.33090447726221284,-1.3736252743827322,-0.25326008849150167,2.4909103785370093,-0.7032620863549865,2.076303052877328,-1.4285586503105312,1.0791229104797155,0.04923810278089341,-0.18491928391271162,2.139419643852869,-0.23692491012081102,-0.43439624478321776,1.4748080807080621
0.158796553541588,0.07370552409888681,0.1602839515487169,-0.04790014837035956,0.7005063084324896,0.317430511613109,0.33338300856330066,-0.2803104791598411,-0.9429791188873565,-0.6449761352548838,0.7982911381384864,-0.24862908284536991,-1.2333024318312245,-0.8827188757075995,0.1258186693534265,0.13285900604046247,0.7756820502829022,0.07171818633999953,1.0082891269618932,0.09111428485700068,-0.3414635248011974,1.1874963872047066,0.07461020632832549,0.0441850038339194,-1.2728398739090914,-0.714508690323753,-1.4677762082816435,0.04300790312982212,-1.6133592692966678,0.1306237321308754,0.6589803852517117,-1.0519129880388236,1.5917883817859404,0.04081901205634252,1.8437678893880787,-0.1982470906403063,1.2575699330466552,1.6180980321800598,-0.7893323106895536,-0.3399895707367168,-1.272208065540401,0.21623814239014102,0.6951842900438319,0.133331419279532,0.6787048576986774,0.8805734511801415,-0.17595409304331022,-1.2042840079019321,0.7078668559281034,0.1861784994455048
1.3259219580686468,-0.7485371672945493,-0.15360495109415445,-0.26747371028413064,-0.7632249059262685,1.2518417513447992,-0.10758239853480049,0.6436707865590366,1.1369221146504649,-1.0044731061561167,-0.04965530963895963,-0.698615719533589,0.4026554077403655,0.8875359921664328,-0.09011593745564588,-0.6948590003613229,-0.536324944397419,-0.4156389032833535,0.023109746186577615,-1.9077232220998201,-1.4102807569418416,-0.5656881791012119,-0.9518393313433954,-0.9657123767054525,0.9997327577882477,-0.04256561620865639,0.46404276785439796,-0.7010927267603817,-0.17505489982394504,-0.2498102410108191,-0.1025704057968118,-2.01800156693367,0.25377335330619194,0.04442738838532104,-0.26993305120249933,-0.026761143135588625,-0.941655577332767,-0.4527124627203725,1.812316006618437,0.9073977195049856,-0.7057396833571263,-0.37400356788701383,0.2627543685150668,0.03726002600237616,0.033020725460427634,0.49924520878215095,-0.25706254765154873,-1.324580786313558,0.9595739072107504,-0.8035900028908795
-1.2258366543223347,0.52278948946855,0.3186738467997851,-0.7442406486039637,0.34929299895985455,-0.2264340648339928,-0.4189580122489993,-1.741519263215065,0.20130301838833312,0.01801154428337086,-0.008094150576251138,0.519270007350591,0.09811443465776125,-0.17273692667011495,-0.05311416537441874,0.12345497679295786,1.0464469546780035,-0.6840265728254179,-0.20885730718299372,0.600453728385669,0.04359944217313453,-0.05890092795082232,-0.4022376072721027,-0.5314653834621036,-1.1535041487486282,0.7506262458707207,0.6475492677041055,-0.5756996338771374,-0.08133686536171252,1.2926294292461726,0.7735207253465723,1.544244488337325,-1.2461032388993065,-0.8012908084302717,0.1670506136787006,-0.017599275755496257,0.6505871936824907,-0.19382154382148717,1.0685922029003925,-2.0176740239428423,0.41448436717345016,-0.7609164608930413,0.49587600178255986,-1.1462436891678582,-0.615693572254841,0.39503549847824854,-3.2987489838363713,-1.1705605384277833,-1.1697792111289056,-0.6943898270522537
-1.0955920515533413,-2.3344103147994306,0.03510461671778612,-0.6813429194855194,-0.09815343720999581,0.23454361281993272,2.4512433549457593,-0.03004240358461679,-0.3495817591044669,-0.015597841440545684,-0.9087807766231153,0.8864611954961235,1.56151952849166,1.2088210896157479,-0.4316881376583692,-2.9455596744428303,-1.0751219701283636,-0.7564135615344322,0.21480262903263234,-0.7730916951613238,0.9404883051759191,-2.9193447843640974,0.31296044950022445,2.3527848502424575,-0.5696016503146606,0.49508219270472964,-0.2136047410163983,1.228706081934654,-1.8187054099511044,0.754972869748521,-0.9894862191422685,-0.5003140902121681,1.1869626344512767,-0.5740311795713956,-2.058852257495138,-0.9938063360726189,-1.076187338282556,-1.367591562102343,0.3646073187150994,-1.1708717526064545,-0.46639380371898237,0.3550074061661787,-0.7080427833719106,2.7532870484173735,0.34612729230977657,-0.9894563651606255,-0.5903981069807706,0.3528894117879116,-0.549426668027686,0.4663211528048798
1.801390377658817,0.4828585847138762,0.05043174724698367,0.10181173040300884,1.9470511637712098,-1.4182670537653017,-1.017599225645709,-0.32128442000236257,1.0541977952706068,-1.0908368300884261,-0.5419886487304088,-2.235837985026439,-0.22304174808982932,0.2538688813531107,0.8668612883255645,0.6204202006577705,0.06174937633392801,0.3319042666671574,-0.1659075475547412,-0.9811173479032123,0.7302723295583928,1.1610478251578538,0.7518109342792343,0.5010435605023482,-0.9386423999782483,-0.781933208032198,-0.3946905692776918,0.45741907799852793,-0.945249995983037,1.610084722273265,0.9800105314942039,-0.6210344746249659,0.9474240439169198,-0.5914745365599113,-0.3968579275754558,-0.24083035105285486,0.054820382982436584,-0.7533483292772223,-0.07789480574806962,0.7819543007799021,0.7534975508300494,0.8906990572082583,-0.3509269074465287,-1.9560286632091504,-1.5116995469249912,-1.7019507639105065,0.3652299445846088,-1.5751393730665841,1.3887538710567686,1.8383553187790633
0.1619543711038222,-0.051637584503351645,-0.2535105560358562,-1.4247202064064974,-1.7914115290810413,0.2461517785414191,1.252128278198338,-1.3105156600427597,0.537258822013644,-0.28699658197426997,-0.16040663544234002,0.6718191098107531,0.13144820695560888,1.316714846075092,-1.2213447110558404,-0.20029248687837944,-0.7573914863973918,-0.17612532865800057,-1.127232001278746,0.04073870184112064,2.1857655749100173,-0.9333469445813648,-1.0070637505345001,-1.5371456234640162,1.0455961694278295,1.1538114443447856,-0.00569495608162502,0.8772949837269393,0.2538733849253079,0.037316095571178744,0.2941185194004535,-0.3743941353070586,0.15251634065226707,0.5845813884870166,0.29388503567832025,-0.39206471776029567,-1.753096152574906,-0.9044442713836747,0.7485728321643275,-0.7753911749732465,-1.0936832011541773,0.5287793226069741,0.050358870814319806,1.8606737624030187,-0.2693116298560486,-2.5117194735984905,-1.7373238185382034,0.08767209853680394,-0.5988112223679475,1.5975016335155865
0.7358473749241258,0.4057237284414897,1.0546748775189188,0.8076939660152732,-0.7632077175748059,0.6635361066501403,-1.5389850822367785,0.0468545140730404,0.19064069907547518,-0.971075190994819,-0.6250647349550252,0.22154684755022447,1.2260501797917085,1.2316896420365429,1.0182832232358479,0.6107676480803147,1.335115076034797,-0.8073630132635149,0.43218712841007495,-0.7759655346488914,-0.66524378985709,0.3703832820722329,-1.1416583548180073,-1.4073707889515685,-0.3411650562197302,-0.14246803039878284,-1.0438654821750186,-1.6546052924503372,-1.87750983986073,0.5425380078297322,0.8943478884393247,-1.2641016351624181,-0.041014418737074114,-0.5844035641694597,-1.551431745404363,0.7103184542865483,-0.5866932836938527,-1.2357430111332186,1.4804895754835767,0.016476241203927613,0.1965612842869053,-0.11371519304973242,-1.2624716089122678,-1.7433969200860404,0.34859591497888254,1.8528779527218229,0.551531707863295,0.349897516223161,-0.9641604807431581,0.8425634524459271
1.3910852856566036,-0.04418902611128883,-0.6335247497185927,-1.1260800009831342,1.4068029653444707,-0.9953043430081508,-0.15314545465960028,0.7887958616013864,1.7750153210968036,0.29241008259300233,0.6145785105160758,-0.8143464151482721,-0.5527749008238444,-0.8657473475434764,0.3660119131809205,0.7062788425079736,1.2102994373995495,-1.125782791795619,1.3904893803922276,-0.3042303286498854,-0.9355887631543431,0.00783320318209501,-1.3861807792096426,-0.5967137551164985,-1.009314384102718,0.8062716311884881,-0.047694345202440924,0.21559733445775167,-0.5537775992530348,-1.4345835739828336,0.11771844079331971,-1.0747000295857356,1.6772302736556384,1.2387026110329487,1.9557922652505715,-1.1350698204319656,0.7452282955828554,1.5049316964248725,1.0081777169086612,-0.6116791353379619,-1.152647547544867,-0.7721513791389575,0.8250516816609159,-0.7119578667478661,0.042868086603252864,0.530159215910788,-1.3482340805196533,-0.40398301436278644,0.26581404981316814,0.7595636897642993
-0.18363920934398364,1.2289954971529333,-1.3932121716967747,-0.6570447449919533,0.862997165301922,-2.1712986341088967,-0.9811719062914507,0.13912478949471505,0.984532798770341,0.42011457099286403,0.7924434964415312,0.018966051837679167,-0.6953639007273448,0.5955437122340028,1.4912364208870375,1.1155663702252459,0.5084609887996542,0.44113872148265026,-0.049858728948750076,1.3483748699135882,0.3773030952096601,-0.31912387273640835,0.6094112971659822,-0.475500777198875,-0.8832546842032982,-0.33488140356040436,0.7837577140970404,0.22848887679241486,0.748385442703478,-0.5970055003305331,-1.2145930771616917,-0.271093833478287,0.22011571726891246,0.525047349198759,0.9406974762732679,-0.9191333509226747,-0.595818779393572,0.29502512399947073,-0.5025679256758774,-0.8136745915580422,-0.20707347509881754,-0.44056508109125386,-0.2476489585748931,-1.5099473992883126,0.16210725919552565,0.6625097209165524,-1.7454549399743748,-1.0634253252004373,1.190238981569899,1.4979917481223193
-1.7199149115531718,-0.14586313831671555,-0.11132690833850026,-0.6764590233352666,1.360188749160928,-2.06594399239308,0.46666524789707287,-0.02482928733245655,0.7751797296659616,-0.04318531013258811,0.9791800682291419,2.000177627015968,-1.324814563802944,0.34762962300754,0.30856473831432946,-0.74687711702718,-0.6519966964137347,0.0310274608869789,-0.9046228529865418,-0.2163732960069883,1.2703904720454224,0.4591917373874125,0.10520029129582421,0.7776739812531271,1.3882515376857523,1.1506060615563694,0.8270806918267087,0.1467136644637712,-0.10356461796184331,2.215683254604665,-2.2434451847641657,0.9323165317558839,-0.7559387620467971,-1.1513672663159655,0.10198383038817314,0.42956905077409924,-1.2136187664871718,0.004165802365524181,0.4795289882780968,-0.8848016854362853,1.7372543886216951,1.1115335226751175,0.2420126861192293,-0.8651867642261754,0.6314939445482577,-0.3636039171324342,1.804434470608845,0.002062405973826361,0.3480508264325408,0.3784728087748472
0.9910308228260184,0.9177116030505933,0.2657646791713014,2.580427344765299,0.8747675402546411,0.706848986796804,1.1572614372695342,0.6744461820063127,-0.4263695320918335,-0.518344902058344,-1.8069333199973632,-0.5442611918276767,1.572138618382413,0.8839843406204853,2.040734802655612,-0.30905013919667895,-1.0013458554480303,1.2266602778913742,0.525788473138687,-2.452299411307158,-0.6177604529189994,-1.1889352470273604,1.9864271276670977,0.6525100409340457,0.45504313638762484,-1.8477754414116463,0.9259009652086913,-1.2775122659377376,1.4484131713498165,1.7683540187010018,1.3586081161219756,-0.4259838938712083,-1.3066722974004994,-0.20423401301347727,-0.6186416084869324,1.3930573945855318,-1.6760087353674755,-1.0173807792078775,-0.4053575582727339,1.57459895363303,-0.44418247073037653,2.0677759538613363,-1.1995800195727515,-0.512615874232108,-1.3950309282631805,-0.07416476460853766,1.4091266661700108,-0.33861530270668777,1.2032778903792845,0.6048608220744507
1.2448974669348338,0.5773254940634958,-0.44448970131294946,0.5259946365056634,-0.28462028087696356,0.5587262181214933,-0.050228198232942896,0.7067674529208784,-0.4105332170973374,0.28795398518236426,-0.0676692014185513,-1.0593858964173555,0.34467418764425595,-0.10329509658950674,1.1316352906139229,0.7656281519590062,0.04135808880947305,-0.24583719127034348,-0.44507719768803033,-0.23136537123775552,0.07656187848040667,-0.5579480136178765,0.6793403391219327,-0.5166192459628488,-0.7646808367646797,0.6586154036669394,1.1416344371487903,-1.6619018059738664,1.4243374259886443,0.7854056644298881,0.3268410616647425,0.8484979720133595,-0.8398470070845941,0.20764961659760175,0.1643413928852428,0.3839559725436122,-0.24366264083911454,-0.9503472078157431,0.13768617896597224,1.3479357913042798,0.41137032105011023,-0.7466278420783125,-0.06076793580399343,-0.35125210099665527,0.7696368936645002,0.38887725013382346,0.26564088131171554,-0.20101697520006048,-1.2217172805101186,-1.1939699915640376
0.06704151293077977,-1.5423917887715477,-1.4901010350261936,-1.0439594462174981,-0.7245881226007431,0.03774346192662157,2.0536268711513053,1.2262643051130846,0.44157649352274747,1.8074923588887952,0.009859423176713462,-0.693200110821823,0.13618587185048533,1.0475140267618848,-0.669102744638524,-1.7957473991189363,-1.4587558827287668,-0.8924812885732706,0.29916589884178424,-1.592299629616278,1.8590727140659595,-0.8513711803417888,0.9300502252570257,0.845972179375605,0.36477620825536944,-0.3137492101600206,0.20932075859571428,2.0191083283782154,0.41219149760246526,-0.3934776657441989,-2.450587827842209,0.42743233570707573,0.3617879722968413,-0.2986188936086227,-0.0025668665045709047,-0.6163723594467728,-0.9066413101556333,-0.4276575952673086,0.4679505067739902,0.8374135141559912,0.01789856780084868,0.8556388645185198,0.27180558950876704,1.9136384639408957,1.1994969399314512,-1.304530774475369,-0.21352002676628906,-1.2245300160177066,-0.8794975697380103,0.5723369478874764
-0.4968627868670267,0.25799588752876224,-1.7908891800866467,0.5157299152878876,0.1211882021590868,-0.4721848056491352,0.6395627645813841,-0.2216521943589029,0.7296356384361798,-0.7689990808156806,0.49746956506057505,0.9897847108668512,-0.16007364848750813,1.092498148185293,-0.0785332232195357,-0.5695406761272143,1.3886822333736377,0.45231435372601775,-0.20544056012135634,0.5838589280336703,-1.5621958523127215,-0.2575239447745841,0.20741059883453788,-1.5696935081506025,-0.5332383679162233,-0.34914574942234655,1.6172687167608861,-0.14700012188088155,0.43607509016097107,0.24686320329412426,0.3941838302327586,0.8730747061858697,0.020949982805814688,0.9507635124950423,-0.7343893896205766,-1.7868119215505316,-0.9508967939170757,0.24449035384169204,0.3246056404513781,0.8000476927512322,1.2091636285857161,-0.17068208478913321,0.7571583643134403,0.2842745799399074,-1.2260505328658677,1.1974767078055346,-0.44630641796674553,0.6491090126069661,-0.2952246427820791,1.6179725005758034
0.6410654238436071,0.972289334107718,-0.659360257315846,-0.4374117596193202,0.14727312208227636,-0.935139397782627,-0.5880208826299603,-0.6205336473013826,1.2910298298739487,-0.10588900260490593,1.7019856263778124,-1.2560102425624045,-1.8423327706912733,-1.0181935387891543,0.16006780696187617,1.552183985394264,-0.14236119210115755,0.283457267087121,-1.062300024979935,0.35364514055547924,2.362027997330574,0.962435911754509,-0.0162519933281954,-0.5400486735711895,-0.15229952220021908,0.7001850219179918,1.2883108117871127,1.331659082201498,0.6739516749996136,0.9098024484689189,-1.0208441147187934,0.9170681041458827,-0.33130141298385807,-0.3558725406551154,1.5827232874555306,-0.03690040468054385,0.28887804634556674,0.8029468040888454,-0.21232757644902772,0.36608851372669865,0.5245478173266048,-0.8302620559297856,0.9546363670520969,-1.523640107939024,0.43162603138825073,-0.9899309388960466,0.14388232914894095,0.42121736496693435,-0.9657562581198097,-0.31371787885872165
1.276532687244817,0.7902902964745331,0.4763103788869746,0.1734185276841206,0.5088969200711408,-0.3964838838088188,-2.1156328892332077,0.5225328278952068,0.032543573345558324,-0.6857135550757341,0.7033110640281922,-0.26194203485503803,-0.7950752084511028,0.4492129812776967,0.6701637155748342,1.7018557401367165,0.44728540634627095,1.3872563317384348,-1.1788471437972368,-0.33586959143220924,-1.5764363828055212,-0.023383329071907773,-0.3258976353586717,-0.9987269032059523,0.9590496561826327,-0.09613129078549894,-0.21871993251471405,-0.8940775352120455,0.990764142570964,0.5917039087871573,0.2663710138952648,-0.5753244875484622,0.034037756918907466,-0.22340334085277047,1.1925756853230518,-0.007834925453564873,-0.008121828724560411,0.801789061539296,-1.197628882946897,0.40523634225189215,-1.285170200905651,-0.22900927524183934,0.8606273253961809,-0.41178569437679435,-1.510885484974921,0.44670573421031856,0.4836501338156687,0.3587517095500996,0.8871830393187241,-0.633935275650596
-0.14799028955965499,-1.6313721402482053,-0.16842944208652885,0.341559696461515,0.7719299747101859,0.49290422832716607,0.8249010796149211,1.2071499119047007,-0.08888754081323465,-0.20385499009774988,-0.5025834202277174,1.0499841965531322,0.26516740706983793,0.6652216069728385,0.1498768009909843,-0.5653310560939993,1.0881674091051077,-0.8162135365501942,2.0363379194024693,0.3218363936047545,-2.129029819560628,-0.19940812658249896,-0.045674895983547424,-1.5771816433262762,1.0811370231923636,-1.9238804773651144,0.41174133531591506,-0.6123214208908869,-0.6155534265162693,-0.9594505050882605,1.8184762160439236,-0.1642824987989025,-0.1444347086355101,-0.04900632674141153,0.46957821294251423,-0.40688119825209995,-0.5483696293262149,-0.30184591197367067,0.9926666761705817,-1.494785608011339,-0.12428501093756965,0.46497425789908,-0.3941371898834971,-0.18968953920212084,-0.0037737700032698276,0.7089458525702581,-0.5113760402071953,-2.2654268151366206,0.9748062622464921,1.3102064201842165
-0.27712470560956526,0.12924154671859833,0.15454345715739315,0.32564338502332224,-0.6771726303266886,0.09158201175494535,-0.6861051954072865,-0.1181778618634837,-1.1844763139750885,-0.07269336558037906,0.05559817494107039,0.47123340980437683,0.31077845926557174,1.3217852160306187,-0.6665760746809276,0.2831133654111594,-1.0898209397706042,0.3897031502257986,-0.7517414163740161,1.1990498303897668,-0.03703451724019738,-1.1888087601267037,0.09890155586971769,0.1603232204647444,0.6057367056681542,0.8284613630863429,0.629354856578598,-0.5161406040067357,1.3077112805892133,-0.4548207747482461,0.5523251754120094,-0.0559217561472491,-1.2372153889222235,-0.3143803642189886,-0.3723956277396474,0.25931046403606917,-1.212377282212419,-0.08651691164678661,-1.0120432725649855,0.06300001373272598,0.2793672744270683,-0.8230757341328909,-0.18397523127904902,-0.7721312636035235,-0.07127994342736403,0.7149220601727672,0.5499041063495637,0.06702859745595822,-0.40036340167938206,-0.28740052249636444
0.511789279211469,0.1498093695013135,0.707491482840617,0.5269080629149977,1.0314124995560177,-0.08378906716951175,-1.0945942497906667,0.4834060470844675,-0.6704469863256516,0.2153556467286234,-0.3404958146605422,-0.5651038485066949,0.3998228432983919,-0.13347681542525378,0.533895199781017,0.9135770597911684,-0.11630146395425014,-0.04058226163281475,0.6557969099310222,0.37987965128188755,-0.7504478597943214,0.04572873505083929,1.4717510858775578,-2.418768446048514,0.8684777491051837,-0.7227488364965694,-0.023076763524978297,0.1585186915330633,-0.942335832239087,-0.16131078997772358,0.7172504899910753,-1.3005244742077442,-0.2531856548948093,-0.029905345564342323,-0.0695506225879928,0.12043660308094221,0.30419953571198677,-0.15614655404677494,-0.5087973333852397,0.38023458532964327,-0.42829767708420763,1.9539235261259835,-0.680868728979372,-1.1630893082998979,-0.056311761558719524,0.2917615819171732,0.14076236680283272,0.9503200366273301,-0.2502640362349495,-0.0025854622678285043
-0.09485051851055924,0.9107720881437172,0.33165224692356504,-1.3025241569800854,2.036890163415373,0.2145663986091679,0.016941517650664022,-0.03810186788290933,0.02946240426420086,-0.32691742112589156,-0.3649772448374847,-0.1620597288233237,0.7786047451424143,0.673797655964373,-0.5787388975897566,0.5281980380073954,1.335267004827043,-0.16554978344043192,0.2928081077277689,0.00455278773762185,-0.7454389166744775,-0.18031930241102917,-0.3608993394019309,0.7700446951664774,0.5297985607841603,0.7357567814492633,-0.505440137165967,-0.24979235569078267,-0.6978867470043867,-1.1920621194263616,1.329339623155975,-0.17241181601153713,0.49508751013878105,0.17214380183135636,-0.19456295907607857,-0.31292221940957654,-0.4683929884084135,-0.5582117696138245,0.04230995193392531,-1.0898402459830527,1.219495575997547,-1.4556586659378892,-0.7085109351135818,-0.5716747993964018,-0.3077317677132388,-0.0018969167773177184,-0.6147214776689478,-1.3758006822765119,1.5004781532550076,0.3046332487130524
0.23552095140797702,1.335335070562376,0.0855239283638665,0.4475827593987323,-0.43241838062460347,0.757137641461087,-0.0741981028377449,0.0904906120071323,-0.5013235913208922,0.0522374362562372,-0.09042196036850979,0.47990507806957716,-0.16066570889530962,0.5811663097425165,0.08818695409325684,-0.08867578674075462,-0.3540204271883446,1.056411788758765,-1.8672163395035224,0.3808481962370285,1.0465879622369885,-0.1313821592866321,-1.137325597323898,-1.8295971312752057,1.4765391112499155,0.34735083426431373,0.2190922469235146,-1.0336868000520192,1.4515524261778967,0.12245703601623381,-0.3718377186636549,-0.16758005624347042,-1.6184182728988177,1.0235160247558655,-1.035856380608959,2.363958937825825,-0.31855930260649046,-0.3652812567456822,-1.4487420315120794,0.9039768966734304,-0.5913815630114645,-0.43726641323417953,0.21529532784976246,-0.03621463095802372,-0.6787828169949881,-0.8979628195655697,0.885496206888533,0.5538137918761292,0.03289721384863801,-1.440893303062586
0.3639834657688838,-1.1310378653315836,-0.5768535009058433,0.5506448684649901,-0.3837805136020668,0.3834669508913218,-1.011323180836838,-0.25821340679236,-1.984309350845996,1.0506140825622223,1.0771356862280508,-0.07941515378924219,-0.203308035737436,-1.7341693488930414,0.14818767551388803,0.2001376005843656,-0.33334375647061576,-0.8864311122313304,0.6440377876051863,-0.17592010982153997,0.9440206960910682,-2.544067796620884,-0.18807642798405996,0.6521750753386065,-1.3019102806067406,-0.16355400784776436,-2.0950430218407368,2.238541578832429,-0.7086334084493963,0.22380197413614222,-1.7434374344945172,0.7362529027559922,1.2160064875463454,1.1083125674752647,0.06887100870243362,-1.9395587998880848,1.1072523921960953,1.0011496177477355,-0.3619318422783031,-0.6224662558077442,0.3216235907327563,-0.43860509562467825,0.17705272759738044,0.5311114698816922,1.448019633583232,-0.7752903435151264,-0.6583492918940272,-0.0895490073650553,-0.29995895895772323,-0.28621466334542367
0.7005873544284724,0.8324495178193116,-0.7160389243669764,1.412357753940407,-1.7350737127855735,1.4904459599948283,-0.6303883078798876,0.2410503575952324,-0.6663909866516958,1.6370065089450647,-0.5485946039884818,0.8342776366553687,0.07126605456791729,-0.6083086113590588,-0.784357232314853,-0.017893884749570158,-0.2752177212511635,-1.455346144634054,1.7029071265089535,-0.8387100009595678,0.05111404812399875,0.5744709751719781,1.7260110334899759,-0.3817639015016695,0.4439390470939368,-1.2503655898712502,0.6481297005282026,-1.0054605925190994,1.5277656438377154,0.5189897935824942,-0.38842472354747437,1.5067517493040044,-0.7768249441049658,1.267823860392884,-0.42915324145883843,0.5131949651618222,0.1624479464925731,-1.0915635430070425,0.7843535084706137,1.054451061599196,-1.3722332397982036,2.697803729870231,0.6308462434758836,-0.1509872622485151,1.6968224498574684,1.386365622785381,1.4001871714939504,-1.3853229034367058,-1.6992390289787533,-2.3176091466334854
-0.9523701896606597,-0.6844722814790897,-1.1352564262883322,-1.304616279909595,-1.835835149852528,0.6615872321193091,1.3395181060700299,-0.6644462652406646,0.21840787421750807,0.5889030197181896,0.13605957445990416,0.8501773155396264,0.30705886688773487,-0.1729023854016195,-2.4310156442469344,-1.3851129751805578,0.6341807724512052,0.17426004951572605,-1.017652962886715,0.07507539331518082,-1.4707472301724303,-1.4767359282019412,-1.0142184222299722,-0.0738900217264092,0.10415366702634321,1.674291509798651,-0.48675598309305096,0.21903410548386598,0.18147606572644445,-0.8312764131001544,-0.01660709606725367,0.8739174873881006,-0.912959896511498,1.3223087367788025,-0.7355896615173365,0.10505094388481112,0.020493695816554313,0.692715936792798,1.1696004947025116,0.6478314611606573,0.7633548266546818,-1.1161466311813777,-0.19544373162851267,1.4256203550000508,0.15230045379257856,0.1105521535881383,-0.6031313761794965,0.5048586894954299,-0.5362585915915334,-1.8809607493853189
-0.5750216771216489,-0.5401426310303321,1.0911451379189336,-0.4349633860245215,1.6766342044269729,-0.2202437610652788,0.8759547070714587,-0.7303653838222054,0.014663800860233252,-1.5400615147530503,0.025779482496817364,-0.899934389427039,-0.5142628158561756,-1.555465344945333,-0.17058703677001832,-1.5133124762947212,0.5890498322230375,0.9463019904294692,0.38309404290881494,-1.3292413448147453,0.09176383855931855,0.4381444922515446,-1.3307206706028332,0.9343966959590982,-0.6438908323447335,-0.9319493609948337,0.5939771669178365,0.6918744407133919,-0.9898703329555564,-1.022475706255116,0.45938640701453015,-0.9199378794081048,1.0418701466416642,-0.35243157469061437,0.3659605410882363,0.03927798690445008,1.5576955737869052,1.189696508378464,-0.8385725272561347,0.3304982925510297,-0.846475495430424,-0.3627503414638091,0.3999085287185908,1.3932975730933106,-0.8147093861866378,0.3017366211515023,-0.3687183528910757,0.20840496451162913,2.275849524538564,-1.1246089299040751
-0.8648503548243858,0.3682126098647648,-0.02997845931435514,-1.1734456786674836,2.4461861992397282,1.1285985155708467,0.36032559026862376,0.269331749020908,-0.9920363844630784,0.41130683676316687,1.7687832196534106,-0.4336274428962507,-1.8175535190356829,-0.6200913411269081,1.115524046764689,-0.2633686017736544,0.14852662943128453,-0.3019322417475373,-0.6925850013544269,0.1911518777322564,-0.4487992019840554,-0.44992269121794,-1.326573747638424,0.8443899637342721,-0.656958717696437,0.87636329460786,-0.9511100608604008,0.6552331059993036,-0.8549141391157241,0.6379381608805267,0.6684124704701973,-0.4177505229617662,-0.0798367822602556,1.3283618839861142,1.8649919136080868,0.5804227652909113,0.5398645452949739,2.135969268579513,-0.025421028163709922,1.8627514920775532,1.5089003334831796,-0.9486711953846533,1.842852078099228,0.20892210982505668,0.12833126420761964,-1.1867321137708187,1.3776652285888114,-0.1813702780803279,1.1673493353524067,-0.05767339176310814
1.3251627891218274,0.8209004524216234,-0.013532576557438914,-1.2424431335883586,0.6788047058477203,-2.1684430990604393,0.009808909806783088,-0.6849336166253628,1.6755503021909979,-0.662594484517751,-0.47920878663042,-0.8854138245894205,0.46098747396984424,-0.515108458863632,0.4756627535611869,0.2275695240591519,0.42341477405225514,0.9744367329905597,-0.12014898168343724,-1.2430613338505951,-1.1081370669564927,-1.1940975001469543,0.2360012401171105,1.057462350569598,-1.0624878347932702,0.3763450789622743,-1.0174721212329156,0.2811995170888359,-0.5182393303819307,0.22472020116974073,0.057941362930656444,-1.2554866167583514,1.43704728648769,-0.9325910985869621,-0.66461801948519,-0.49491284114270573,0.5737980712093127,0.28013285640672064,-0.12375567973364414,-0.5741414283582243,-0.4034106675904824,-0.21984483618847692,-0.5208442953273732,0.11823696102410726,-0.8018349468156107,0.9290715766797168,0.1645695252795553,1.5709119197411894,2.2240912213773156,0.5809562350048095
-0.5449754033874595,0.6579218574403561,-0.06607196262356237,-0.46031017195941343,-0.6646232511133034,1.8035246547504087,-0.1725710590865642,-0.8067594951906414,-0.19657453889793874,0.10746866408353713,0.12878301415128213,1.0713659852607382,0.36961411367172126,-1.4315983777274508,-0.667163861477694,0.8830878863562659,0.9072510059975656,-0.02942575549174148,0.0812078507976592,0.991803089405458,-1.7264825197529883,0.8201773227188799,0.8515743355830858,-0.39723499915605576,0.5276878116324974,0.3626423678579316,0.7397442058923686,-1.1852607324302737,-0.26761073053637635,-0.6378899075341367,0.13812548981694192,-0.14585287162123792,-0.12208125413155542,1.128672642547693,0.022238992030317484,0.18501215673263363,0.9784002340071768,0.8238595764472921,-1.0488045752871094,-0.2790809087735881,-0.1264706409772822,0.27659276212243245,-0.2868866132927066,-0.1562842613214085,0.12434749398055507,1.5389730989362438,-0.09293121871230632,0.8404644009687596,-0.7732267332467225,-1.4581811623998302
0.44955577826776233,0.9879385983073781,-1.0589343396669217,0.16275224307347194,0.5692932242016678,0.2750989939702632,-0.9436101011582605,1.270841082232642,0.028746444554192185,0.45034316786072626,0.6906065500342229,-0.5176905670837458,-0.6862240520497958,-0.3937877774344761,-0.46655471408613114,1.017144169977415,-0.3530815204145757,-0.9425122868829684,0.969743746073013,0.2740638434317405,0.7819729514256885,1.4682847034871647,-1.0171114034185276,-0.5597031416904308,-0.5612287715182234,-0.5647470782587264,0.8718127741106335,0.4042203148121289,0.19906342989843132,-1.8729786082989284,1.0470209682403555,-0.44113732974150177,-0.18504464189102454,0.5195319215767062,2.0874982744132162,0.28874633621034307,0.39894724537007276,1.0199903843540823,0.4662382076477939,1.3574778739067632,-1.0830445346381665,-0.8087015275845897,0.4550228279470599,-1.0204157536658494,0.6740256193261922,0.032681097428655666,2.05683324127889,-0.38591234889472525,-2.035141287180253,0.7199663663275011
-1.1721751875550672,0.23976784401583243,1.1782371878848483,-0.03616098774579906,-0.28195107088176363,-0.620695126598134,-0.08807976154515153,-1.1712359088453752,0.07090392799970832,-2.1448359785466966,-0.814383808243491,2.4221928272763353,0.8307759236396719,1.5760369824235634,-0.09350672802963486,-0.5391820875340791,0.15426379697293743,1.5941737795167934,-1.0941011931635536,1.326583014925281,1.2581879700055725,0.24936169416616782,-0.027392378600494816,-0.04636971411199924,-0.19339926570023572,0.8337332454707518,-0.09722489856527966,-0.4263131544213915,-0.25447403030533045,0.8123698351019214,-0.46035786161810877,0.9181746331828907,-0.4978771163397746,-1.1930206245876755,-1.6423991001217972,-0.25941774759214037,-0.7076327890858545,-1.5067677815186353,-0.9650025083720306,-0.8509432313203436,0.12058491162747671,-0.13915506176358106,-1.2986900489789341,1.2986184395616602,-1.6628712321849048,-0.22416273672184373,-1.0410262140595452,-0.20904119702455873,0.8968991023643893,-0.31999309615386917
-0.4574733406056724,-2.097040043073664,0.36226695469323505,0.3431092124211953,0.1515377336206713,0.4809645195027682,0.9969730146648023,1.0523727783151635,1.4618101363625753,-0.5651232738825892,0.09111537348463951,0.47170559852014954,0.03786300328667516,-1.3188895496442596,0.6388625066760641,-0.9950421633073165,-0.7930948221643168,-0.5975298022615633,1.407704746652567,-0.6271869561575178,0.982706430280308,1.2744239032698272,0.5137669713849115,1.376177154323037,0.33183599626516086,-1.5696690862879,-0.7725220991122002,1.4191933246241346,-1.2056086138581188,-0.27644859745784156,1.1931255160101735,-0.2812417108583907,1.5364536738050207,-0.7567788087911241,-0.0715827028646415,-1.859685685039823,1.0058586839234935,0.2605946042620993,0.534857780779167,-1.7635750112495379,-0.5027910571798303,1.9729440391764652,-0.1704888860673045,0.5956223161229897,0.8283049116877736,-0.48126949077771713,-0.32640307932905177,-0.04878215895483415,0.3930690552670127,-0.46934946133870925
-0.40123589939847887,-0.6677531562255918,0.19567224139326192,2.0192685431869455,-0.44125766744571093,0.8555746578201964,0.895970040525665,-0.3079615468988402,-1.873669647941469,1.3711051581609852,-1.3982872775500728,0.2446298784451351,0.9169393807827849,-0.9449779834632754,1.1126050894036734,-1.34228296236105,-0.015029347070023638,1.0853727098678279,-0.07771388611148591,-0.26757627267191614,0.6736948988370358,0.47787056327124616,0.498858374595402,1.2439368846401966,-1.0382162223773037,-0.22871208534089416,1.6371216676295024,-0.7727629077920932,0.7345858962193565,-0.17387453626934674,0.19058046549164478,1.3265858004518352,-0.766561311979005,-0.7544333632740347,-2.66649026516275,0.610065262595558,-0.021760744028343004,-0.6038855131535767,-2.141922287448339,-0.4291437226301204,-0.6808744386186749,-1.290253887919387,-0.6573193363087086,0.9222426385092765,0.12723428249265212,0.35994610087285045,-0.3564598841211824,1.9661053464113634,-0.17845393162853646,0.830841955248337
-0.18669834613678138,0.1186573042928399,0.147738458563947,-0.8050469222498493,0.7577638423700357,-1.426913839134932,0.4904705876520156,1.0317250369967352,0.6245599450010836,-0.490088323412273,-1.378702078474437,0.3267146387771111,0.8668563769558837,0.3188403713177181,-0.5542673014953657,-0.5593336812955184,-0.820421508211715,1.349576797565307,-0.30458490715528286,-0.4113412169197349,-0.18145782607168384,0.7116225072609091,1.7579679229640712,-0.5499529807047248,0.05240513916005345,-0.5587424380446079,-0.21616722704734725,-0.24902880160035737,1.0371724169764953,0.01492888216763067,-0.4132470169600278,0.22993931267874193,0.012746744119849126,-1.0226592612565053,-0.8497741555549323,1.1270470671395387,0.15942548067020484,-0.4741461655591779,-1.6758149841063839,1.0804158888600046,0.15836259460301036,1.2679437921370296,-1.428131906053557,-0.17030479442619023,-1.4978584436389923,1.1228484121510733,0.39100277910565423,1.011520161345181,0.5505728791902798,0.253695908976022
1.324452913799824,1.1632478830432695,-1.2953593630427416,-0.9127486145034,2.7989357444573426,-1.0305605474570287,0.4482565397366077,-0.36771160190152996,-0.1681170461864913,0.8788069169474222,1.7599249797554701,-0.3570634470758123,-1.5834328075793302,0.7844782348176819,1.7951681671967852,0.742539938272573,-0.6758733050319212,0.2644144686470998,-1.0023722883066815,-0.7498828359042703,0.11906387138064073,-0.12545156636309512,0.47421476623023534,0.4704372612398899,1.1047213882221212,0.932464225885561,0.13328776956728947,0.16231285907014717,0.7852668079479275,0.37001350309577685,-0.9607118195071545,-0.9357201570123957,0.7763010254866111,0.8888138224768071,-0.09055046280434124,-0.3874621912310541,-0.34736453649718385,-0.20729780557724503,-1.0175774358818568,1.5315532333047543,-0.07023911561383274,-0.11967254025677018,0.7230079729943781,-0.946779458170125,0.9741122583552321,-0.9218885898690155,1.3608140212984292,-0.8462981438377815,2.6521053772265426,-0.2978872266790981
1.2776659278963325,1.7693466183233884,0.8922950801290119,0.27094493576720247,-0.01882318856830197,-0.6255581148656042,-1.2060633818418525,-0.35924491552208887,0.11615418741439154,-1.4925094573399378,-0.4510913760777668,-1.0077052488265072,0.8053158298921324,-1.271135988717338,-0.1462913710143276,1.303212360290315,-0.3652437811388582,0.49458564056955107,-0.3823914985928966,-0.3685004430981142,1.23403998600773,0.3957880857691111,0.37075455563064347,0.8058054948876613,0.4695901013535906,-0.3174668055690352,-0.715616782930744,0.15481018463241142,-0.2702505437047169,-0.1452997805462588,-0.42768937950097363,-0.2644502209352759,-0.033605358475277035,-0.5319231313897583,0.3494865106641508,0.08705170504094266,1.499244333236628,0.4322569967788904,-1.1874908026614068,1.279123239952602,-0.2905727531731317,0.5991536886223947,-1.2292234136285551,-0.5704412777360107,-1.3326838775640122,-0.984590250451352,0.57527203559476,0.4481339100216425,-0.8878449286326604,-0.604367643971641
-1.3500802969435919,-1.0571875198819445,0.031473186513102734,2.3102212569671825,-0.3132564164840342,-0.02002185962200763,0.631598492208265,1.7289348664086923,-1.059054120025717,0.9114814613444255,-0.9220751076281419,1.326825329289288,0.6619619137354978,-0.8120507151178319,1.5799401985212456,-0.12100567893698741,-0.44028548333971085,1.1626366672391943,-0.19178478902101412,1.8310496791184234,-0.42561520315018964,0.9206373871039191,0.5512737357989256,0.4592111493063662,0.6377048640017775,-1.4237960992708008,1.8497253674982117,-0.23885144084137894,0.7104374889048907,1.6992407972191432,-0.21979474643197647,2.527513181339088,-1.0703938257147882,-0.09540106046222768,-0.4586525036999925,0.4507519023200047,0.7906865844360708,0.09708651094740844,-0.6057290921125061,-0.12423433229127742,0.846599638992653,0.13360274182611576,-1.372268497383143,1.117529887946084,-0.6076375530451017,-0.3264291955736954,-0.014431768232709702,0.22335480397030974,1.1040769206748053,-2.113859721574468
0.2760715938190943,-0.767979292376034,0.07540985931521825,1.4994592812878331,0.006216939750874055,-1.186919935874568,-1.311325882445454,1.413700299233222,0.596610284724026,-0.2990670489181689,0.6108218378655282,-0.33688389645149924,0.2233101337710982,0.21437857360728316,1.6013349863071638,0.4506894213109271,2.1789688619833134,0.6180322891407956,-0.5332225137241077,0.23424380735444084,0.22424629146248554,-2.1169642530616515,-2.5910094393080496,-0.19935697195910984,0.8155695542696408,-0.44452245535851176,-0.3784316215674626,-0.04839048152914182,-0.9593974388750148,0.040982844444268446,-0.06629011127915639,-1.4619863636331252,2.034911194489366,0.2574122461057828,-0.027603187437422187,-0.11954867285517787,-1.1068470937855028,0.17868837747424388,0.7019842628761591,-1.0709837044191,-1.6081722365828512,-2.1686860753594934,-0.8434260970140601,-0.18105811047759968,-0.41286640899918864,-0.06254852173612346,-0.8578267616884989,0.25741765875756895,1.7956513048006302,0.4102090429980896
1.0134944185584165,0.6652668747743062,-0.6807799898550618,0.16680366382401232,-1.354979971959586,-0.6174665539931522,-0.04896590575549674,-0.0814562021343066,0.6000255161347198,0.9545232504345399,-0.5088500532910791,-0.6317976298923077,0.9311548792538448,-0.47420698839990055,-1.102502213720915,-0.2651794463500613,-1.3785826806002106,-1.0452871632846694,1.4254155670727755,-0.7991751838042194,1.6463102998858234,-0.7063212625826393,2.4115281791894883,0.6372343115152266,0.2610662675059136,-1.3239064793165611,-0.06176010898529419,0.7012640862875528,0.04770278027711091,-1.086159991628574,-1.5781983259309607,0.07311719298837518,1.57313931754115,1.5833479381746987,-0.21229411637086104,-1.0913789186877956,0.9432975228696039,-0.5914373985399878,-1.079136083805713,-0.6936430690970715,-0.8554546026450681,2.1881377243560354,-0.5216609648195897,0.9204729481299486,1.0662791291209575,-0.689703177271286,0.6215517486135639,-0.26220296344823046,-1.2124443644087033,-2.6366352363863674
0.5223817929018422,0.0262371123213491,-0.4360594238303709,0.07876609612945566,-0.7877309227256991,1.1852474518728064,-0.950329914535805,0.6960116568365254,-1.2720371859928887,1.6352229664691795,-0.551992202537416,-0.6841889540121872,0.3698298252625698,1.2529435519815915,-0.510962086028165,1.3965680130225298,-0.7256265421542339,-0.1025889641700577,-0.03240111452012962,0.4708384863640291,-0.3323233769136236,-0.7275219048137457,0.617414527332853,-0.3182151072279831,-0.5842780835936549,-0.10438586697087893,1.130033746230506,-0.6943375346174747,0.9159143704629968,-0.8750973681994347,0.2430479422361109,-0.21201288190243422,-0.6614209646620789,-0.34003782526080484,-1.363150555861754,0.04563324338459451,-1.2311157277959615,-1.1384743595287075,-1.2829241907390283,-0.527045844260763,0.19950658911663838,0.7308300705714388,0.2957686750235519,-0.03889721117911754,1.1473899119033544,-0.33011873336113207,-1.3173244311360282,2.168465880710142,-1.7856920958885878,0.854472902535228
0.4889949312866299,0.038898035229195195,0.9931445517778353,0.7200478705976721,0.37063844803009544,1.3863253379432416,-0.5340585610795321,-0.08390677292157715,-2.248547750236478,0.43506905794138345,-0.7330881064225131,-0.31520688831826177,0.5329639675009098,-1.3047738690339927,1.328279824657014,0.5611867076113376,-0.49633264014629047,0.7194037707483817,0.9065578804321722,0.062471911083709024,0.37976958599882027,0.0663705145269544,-0.05342019148134359,0.018735923974375377,-1.4579176548461539,-0.5258130574768783,-2.4284401275041594,-0.36234796844356726,-0.5947194659488507,0.4045697414073316,0.2603933461564958,0.5855869674144804,0.9096914529628933,-0.5551733260403695,1.0768482600417948,0.5809990714146669,1.5899883981434277,0.6421239418676447,-1.63977390180226,-0.49173553899431904,-0.03846963450727724,1.2285255073107075,0.32333829463091024,0.17810962808135936,-0.4684228258652174,-1.2550621227605234,0.40784552344986,1.0228529501559116,1.6207284201033128,0.3394118496920923
0.8441143835224009,-1.4846590124513777,0.3305110350324484,1.1728772095008015,1.3442261915512341,-0.27650530864743594,0.34860133689967343,1.1782431494873655,-0.10861746367333555,-0.42174317408806944,-1.8109530749838891,-1.0232831535783888,1.5845019693860276,0.32583372740945077,0.9228497867909369,-1.144415792496097,-0.08291997718981363,0.6260596755952886,1.5105300438394569,-2.033125959847984,-1.095150620462539,-0.5336734323525973,1.5512193928747968,1.983768572206906,0.029631204578125295,-2.2307759552322297,-1.2741669577280603,-0.9866688908749479,-1.0921035119880218,-0.3331400503896347,1.930147720922108,-0.6152959343291841,0.4214195288112162,-1.1611033432585203,-0.3708618044261637,0.6091642896389907,-0.5090846135111465,-1.330284452271839,-0.7384862674371873,1.5647667593358918,0.1379299534683299,2.608016983320117,-1.8826315490029528,1.4073729644643125,-0.6476008598706615,-0.2571930767346816,0.3414284216657833,-0.46220410621830216,1.2578818721162346,1.090053918802828
-1.4841622883492689,0.5514839339268769,0.49922159583402803,-0.598507787187966,0.29878043603985954,-0.007552391890784337,-0.6683082802106018,0.9865164522361708,0.15517379737657236,0.40945065511890966,-1.0984048846470134,1.6993632798352452,1.0243545560822658,0.38568906024212213,-0.2687901457016942,0.7316932308179139,-1.3551892238706695,-0.8454216303312646,1.5318774443246734,2.2629542442101105,-0.3766580610650111,1.4569773258293228,1.245672778613836,0.5325465098278362,-0.2116942933305515,-1.5387559335308274,0.5928183904185715,-0.3633700402731671,0.7767142505101706,-0.9437454643289701,0.20057958468596035,0.5542491425338808,-1.1719342029923665,-1.7295847323015634,1.2699917804979302,0.8096518010834209,0.7739674114265539,0.6651149803432901,0.5974004275488944,-0.6653746105716167,0.5878935199445642,0.22430174029422453,-1.2337867754398077,-1.5777127064609233,-0.04431184873454402,0.3908701258243102,-0.9404820454227205,-0.7335055369466343,-0.3636811976144836,1.0775821039245215
-1.9599084699498668,0.05724108399054936,0.9412765090744657,-0.5111844640295815,-0.17913138185882987,-0.9574194205663084,1.202191178361517,0.7435662663819758,1.2543614176505475,-1.5445319351605455,-1.3714285065232508,2.094062142376909,1.5381527139627735,0.0675617204080229,-0.6648301630228309,-0.7967835987982212,-0.07326400459891305,1.3100102957909479,0.11901054429308912,1.4472490906097615,-0.8202859147024795,0.30459897795173935,0.19852251719775255,0.5049492322424126,0.5646125196625796,-0.6868564108936094,1.3202067713214696,-1.2346928069870187,0.7045253533958467,0.5777981709361716,-0.466000628227114,1.457440132826787,-2.002398578486897,0.7871113719525781,0.612496628840913,0.9782012415592928,0.2191631355534335,-0.027861979534510986,-0.15141676085039155,0.7575843575943313,0.5206739639445089,0.6720624193264865,-1.1580716939840774,1.0689402452923067,-1.9057165366125337,0.27605701936750326,0.5449753148619776,-1.1062452535966403,0.2734156651705171,-1.062860496155803
-0.22474938759669078,1.458554875293518,-1.8826815728843447,-0.5672312603902212,-0.8681868002274011,-0.15719775175371536,0.6255224383516875,-1.0409797980416229,0.23776008978985788,1.0756282370272743,2.07358455470023,0.4786993627095815,-2.2561156897424417,0.42910150941776914,-0.22878632629120546,-0.41814134755138355,0.9437601398051672,1.4343367073063307,-1.120856627131367,1.1176843970456343,-0.8792810230359553,1.9419922227275013,-2.129587440201278,0.10749099755387699,-0.22871061920111727,0.5364077222895786,0.1434282597208821,0.8051871116766898,0.33689895468372993,0.5402360671615356,-0.7838726455516755,0.6381966946017299,0.1018348129744547,1.0334972681171166,1.0552606633124277,-1.0556107601285725,0.3086039920611997,1.532789085472477,-0.03558881127796635,0.578593694402468,0.6005569284598641,-1.4483012159671087,1.4337266984762067,0.9399106258008716,-0.01825782267914567,-0.07002271806626918,0.8615183836313276,1.0538708537798562,0.9086955190213997,0.44552032051541474
0.10881520901999875,-1.1711239745007178,0.8653563222294379,-0.401390120942191,1.496407221018539,-0.28752663592331934,0.6780011834873155,0.616667365321852,-0.18243453693271336,-0.3934697240820906,-0.39394142079738503,-0.06314659162959632,0.42018941367008517,0.6001580735696157,-0.21591794044245285,-0.9043766320864016,-0.3101028277168762,-0.5549389278232835,0.21539465626293236,-0.11114106433602078,0.13447873786048925,-0.7447457328124437,0.06302430194155854,0.9315611969601713,-0.8537929686813321,-0.46892864924861233,-0.3616772383024317,0.1945422690801502,-0.20719039258793892,-0.902687291320385,0.36299409931480164,0.0872163763014556,-0.0667486698751192,-1.1909222934879604,-0.7161872241186314,-0.3712504013515412,0.0013408881427652026,-0.5634384066556346,0.08971473561210912,-0.7493270208161108,2.050137720720948,-0.7454549702177662,-0.8358237230920346,1.557145267914092,-0.6110892804315001,-1.2644995703057162,0.20823771225127025,-0.7401253784131954,-0.21165934918070953,-1.6459205524136342
0.8645877410266133,-0.4555478210757534,-0.4753302325879477,0.9479350918103812,-0.015767749691667596,2.1241922004485385,0.42311557663311533,-1.2448498169891125,-2.2827064942789193,0.19996986330760658,0.6111991203907673,-1.5264166738582974,-0.5716744425354308,1.3763149450302974,-0.1413415672153679,-0.35762789664752265,-0.6870075982011616,-0.4677119169859175,-0.21348625196191687,-0.3668495350739431,0.5999994588095453,-0.24604474178677888,0.8872925933538491,-0.9929472638828155,1.0817001637295416,0.2927183272935094,-0.23897932736259242,-0.2964243512000755,-0.2384274659009082,-0.09191375386145709,1.0942410933567432,-0.5274044835338186,0.3302714926209151,1.4812542748374689,-1.000823250439234,-0.5471516637063663,-1.6374401528041682,-1.2583615766634273,-1.1389203168814337,-0.3615912374142681,1.4057853040340715,2.1233128280494653,0.9099146444059077,-0.2875188392568006,0.01927420439754218,-1.8310509196857339,0.6018484829631704,-1.2179228072102766,-0.5472243784594242,-0.3810036600814766
-1.1946157569172142,-0.19083981213705797,0.3408486526386802,0.6402817315621685,-0.895884069315558,-0.6790116751472075,0.47005727164124184,0.8104834322825596,0.6919726930377927,0.2878895444192163,-0.6314165287925699,0.6957374016916814,-0.044036799584553844,-0.5294712411458868,0.03327682068403575,-1.028850808787874,-0.7606672362995773,-0.5420339174168077,0.6541590431120694,0.7204554957352964,0.48152412421777496,0.5501628103775027,-0.40052890191270324,1.1600436703572174,0.12423451619039075,-1.524720762838133,-0.45742228168850885,0.5882472750750986,-0.0528596714934863,0.13125592021050386,0.19436732965106662,-0.23419231033188645,-0.5564275745714745,-2.3147596902883887,1.1584303879874391,1.1593727062238288,0.6726177514298453,1.0241721885154995,1.3795315633148597,1.0254532696260004,0.3528523620186891,-1.1043506525708382,-0.31474202810785323,0.9581399537054005,0.04112575865645968,-0.5197329318152087,1.565078816219718,-0.3398014366037854,-1.2160937720748772,0.8703238628261482
-1.420408503749881,-1.111918661563968,2.0282540938323637,2.089071661507944,0.6581176614734671,-0.12776328670674886,1.7523483008144098,-0.22903181298102707,-0.3914813721184524,-0.714561138300088,-2.7793842025079423,0.873108574846629,2.803792667477886,-1.1285792330194508,1.1325204415381709,-1.6866517059747108,0.23395092568074485,1.068618425275986,1.6370530736762208,-0.016673835003040937,-0.13225199325975873,0.7396245709753185,1.7363129686572736,2.1234366581742274,-1.3818076866476292,-2.0669371423461103,2.129756777479697,-0.4074702692168574,2.6738371953779962,-0.360199771606073,0.02542222627753924,0.7421952278380617,-1.9283981558761727,-1.0380756222365644,-0.5374707817260848,2.553680055431611,0.41789025154647125,-0.28811893867256916,-1.0364213923099885,0.18999649721187029,-0.8870556221143158,1.3673797985102651,-2.4644596056498558,0.8157412461658948,-0.8684127955679793,0.7103404159297568,0.28682946557076194,-0.3336938205424022,-0.11759224223383284,-0.9971824179333983
0.06715775010806257,1.0218967188045824,0.17893328335913336,0.14447364901593154,-0.15189868616798155,-0.7184100616228244,-1.7309032399155209,-0.8531889759690224,-1.0442041874247958,0.37456609578172584,0.8663134073197885,-0.056193156588098245,-0.9044413723634642,-1.291463382564322,-0.14243025326827444,2.586297349238496,0.4583503159939266,-0.78427853800976,1.3389714835261233,1.5040751911737311,0.08065675996905995,1.059580757088077,-0.9333908133958726,-0.9650669807852258,-0.4166329620704521,-1.1951929458105366,0.17415070919492764,-0.12326242821159313,0.4446823507146019,2.266327024158566,1.0917092891566251,1.382799013392956,0.1490656884392925,1.0701445077042633,1.88292993051565,-0.2445779410131431,1.7320753570829592,0.991593075111538,1.1283588313565676,-0.7255486184003169,0.8793384413607366,-0.6512184046112776,1.0391225647846452,-2.7536097689268897,0.632505797624853,-0.351352976437425,0.7812323691428714,-1.2050648140649152,-1.0526705800309084,-0.10921138484289336
-0.255907271593182,-0.4382684927167366,-0.8046943669485636,-0.2880022914188961,0.1493595510019865,-0.7687796305095348,0.14661681572059362,-1.604902341868503,0.2345103850108756,1.1034711041311,1.4884323340799817,0.2916851606002181,-1.1849258000674479,-0.8231606293050021,0.5186513742078536,-0.14954232718140087,-0.32212206046528946,-0.4352024962452511,-0.20272629896041353,0.19384900418677134,-0.3424177490788802,0.8062464883757995,1.5991008399251123,-0.7932941128728187,-0.2636588291392612,0.3053196761696568,0.021878823172669835,1.1094232517184774,-0.26768833733432096,0.8074565736853708,-0.6516095592369744,-0.21235119720602552,0.77060328809358,0.5368047582743842,0.5272539691420673,-1.0204168024060245,0.6419390488683415,0.003818270038567699,-0.5179300487398364,-1.1348950648718308,0.24496850205181855,-0.33303801598790667,0.9862907490800651,1.2894074807069098,1.3470556266907203,0.6048551601044743,-0.9589609699706049,0.1910180115104083,0.949944467285276,0.7048070169240179
3.581750587700249,1.6414103099657644,1.0503751897654068,0.26703397039109134,2.0564929469780733,-0.4328418534462227,-2.6970327714468585,0.16704213450457053,-0.14224517750760265,-1.036779438468283,-1.34662735126283,-2.110084688895543,2.12871988882236,1.930385861026053,0.4103519896206167,0.5488623247237736,1.3067069354047192,1.3096935267911112,-0.6046191527849863,-2.9431688552014044,-0.7057046231213752,-2.768302998326441,-1.2152450931681076,-0.4923562238059886,0.4863197284360226,-0.2405117542485198,0.16608816234832394,-2.6223067484737026,1.4058534293698324,-0.7218962424830062,1.4420041006002056,-2.7179761741628203,0.667646635103246,-1.993525259424792,-1.5478140198761263,1.069604923362865,-2.8654902856295292,-2.455233765809195,-0.435602224037813,0.9753684755838585,-1.6740085019265203,0.1372652737744444,-1.5662335400355394,-0.3849159129234939,-1.6412305913445526,1.1668348041181966,0.4589997950081993,-1.4125187436600444,0.8851541684670305,2.3538485504615965
0.5445806595893712,1.8477817769659164,0.680067870413429,2.6186816930214976,1.5994982596966467,-0.024649813426488813,-1.3559909689922844,-1.5879044733444363,0.10541149752181848,0.09708545337725667,1.4935609989311895,0.16853066963338034,-1.7190131453258333,-1.4715739132392038,2.2068030265115515,1.19399952173426,0.937118215092572,-0.09810312304277814,-0.44077931378900537,0.2649078279726095,0.20639446204317063,0.11797937979094623,-0.510948756688687,-1.1252409637547856,0.3033316930071198,-0.5572237579060507,0.7316543149559172,0.7787156984936284,1.0500341792813668,0.0006884950301190429,0.21769380370674107,1.8116110441707007,-0.04611213616766882,-0.2942702482129446,1.1511387238955781,-0.014264780296825106,1.1457422956312835,0.8591502740130983,0.14716449425480677,-0.6917034926522444,-0.14536776510984253,-0.8418997710413395,1.1429249334472238,-0.7327769629638461,0.21135082376126096,-0.9329890665111669,0.44209912846732957,-0.6088562196080534,0.6417359924666344,-1.0385405371276821
2.0450844245497257,1.2595658280856115,0.4542817414180465,-0.6541133370124823,-0.5369449350469451,0.30108392978276355,-1.7061722616017663,-0.27131964544946824,1.0368113471523805,-0.9640377824880768,-1.2456571258339486,-2.3345383871102117,1.6674765016628625,-0.2618652145510359,-0.20885489109880417,1.313425053628171,-0.701154959517379,0.32377407520208823,0.02435077679086078,-0.9236321681597861,0.19718147979365103,-0.4913828401402658,0.9253583661698221,-0.8486207988007567,-0.062113314914999676,0.29220842883723364,1.1822895880167124,-1.658105025681465,1.3835248950874894,-1.8583172639563716,-0.23606524740311313,-0.7843200893308148,-0.8778761873222015,0.20062970775446212,0.20511537790836426,1.164409194613031,-0.22853582152083116,-0.8423628457322786,-0.08207390320466393,0.8023894398916761,-0.6852159679298571,0.9653013020555177,-1.7649692481339936,-1.339766287842137,-0.7861867855426112,1.2065576850187363,0.2551570367047341,-1.2526295487245505,-1.3321194182936165,0.04218918523672585
0.611093470579386,-0.3741450298580466,2.3081025125286465,-0.8431474349853708,1.1081175724450487,-0.9120891606749445,-0.14212548032736452,0.2267986487688055,1.3166048919796296,-1.6309480676971109,-0.06471375431890651,-1.0358393771545242,-0.3017161711691966,-0.12067889344829824,0.2510721116551079,0.8005962952103797,1.4766086543610641,-0.515102552527558,0.09407523032379234,0.32246367853667185,-0.7943094143027448,0.7117489989748802,-0.9682517419582131,-0.7952019110622399,-1.620670255757609,0.6803319867887156,-1.6815361804586548,-0.6918714492805587,-3.2069483520915885,-0.8355098978356142,2.641850470486332,-0.714902088002682,1.2877886071773537,-2.4823769588535645,-0.5055103530354526,-0.19044853977949297,0.4815148361438872,-0.07611968230650273,1.409340634909319,-0.6947196302862811,-1.551363594158109,-0.9108932947634182,-0.3593633233585255,-0.48433168937565807,-1.0202775235073636,-0.18263134032379216,0.1594375446114599,1.0910250385454277,0.14326415836281706,1.1342993922493012
-2.8206616035579346,-1.6649298402929011,1.136443700967545,1.068396205066295,-0.16648550444352422,-0.08724242940417694,1.8334323867118993,0.3508910269070937,-0.8432202131918907,-0.28491133024239795,-0.6432424602431835,1.5626180500048026,-0.21486211310686512,-2.5233130015252745,-0.8346070702173735,-2.2689680431200427,-0.8471422927538078,1.0946255113343355,-0.36026669390130234,0.494460006266776,0.9391832148412811,0.7848093288535206,-0.40567114389296854,1.5717867201261695,-1.5600260622207287,-0.18393669042983468,-0.962518520938507,1.1219179475367396,0.018274930065902577,1.7508382083201104,0.43866600848771276,3.107379670814688,-0.8486463776860704,-0.5086433974014695,0.23139042995479966,1.1414649858477213,2.1927385558703256,1.0493942138860157,-0.7817309737591704,-0.677112608921681,1.0907119887335162,-1.2639738122880706,-0.17534558356734894,2.3362339586229233,-0.7663662937420327,-1.9584379311740654,-1.0026470862444543,0.3153981542809682,1.5701629608335939,-1.8446587929258915
0.9682267796660472,0.5348577011334634,0.8884225612805194,-1.335651299315074,-0.8570488721312481,0.5389417606636262,-0.3624168943156031,-0.47309711227234597,-0.029024696530771325,-1.0830805154408432,-0.9370776005015787,-0.6370630475342518,0.47357946249828553,-0.040636389494702226,-1.2668025686718694,0.3606771775376332,0.009357785740536256,0.2123571235844221,1.1050432044157232,-0.028715623161612122,1.0882777023445938,-0.18587670688214628,0.14984417884189305,-1.0431371929292836,-1.154285317099725,-0.2574441590098447,-0.3448692266902467,0.2909727641727265,-1.7083669347507717,-0.696163853044561,0.1466860115877841,-0.8072786504064186,0.40453223754832085,-0.38456581466305034,0.42012217541944596,-0.1353732977286433,-0.20442003923871824,-0.28825429030786204,-0.42824416386772834,-0.17382481405694128,-0.13247129368852856,1.032939712042722,-0.24115801343405038,-0.2293400783523324,-0.7343797454358297,-0.8095152149003555,-1.0076959459628005,-0.5646867820174623,0.7124974900641405,0.46589854698272226
1.2335890259600053,0.10512842991919312,0.7401654426713393,0.40622547778890344,0.28609226911296604,1.3728271569795154,0.39332995245285796,0.5852576925131586,-1.4340293883880313,-0.056312732209353,0.33293552756693684,-0.6796953597258492,-0.2091843352796387,-0.6932658641335017,1.259156112725757,0.12862313244701032,-0.9045502877200239,-0.02214935482519777,-0.6263417439669727,-0.5706242232316636,0.5797619337659002,-0.07059742058677569,-0.9605670089469852,1.1223905947677042,0.7443790931469316,-0.2693441593936694,0.03459858199652499,-0.32066392056680804,-0.06147007082356222,0.4864726438467736,-0.9299935305465946,-0.01973410114490452,0.25529480332287635,0.4880363165286875,0.04329949004063344,0.15507409739035383,0.42087974363213104,-0.16569511058718725,-0.077761437428461,-0.04893990524256389,-1.7181908304643392,-1.9124783443397961,0.6074588598114211,0.1411284526312458,-0.13512505230400165,-0.8568768890074142,0.0656801625158463,-1.5478533077994616,1.1974996138807306,-1.5538387598785357
0.5057419136893845,0.5548721101010818,1.3330594769454605,1.3001970944579615,0.7268495125669344,1.0816012420469545,-1.5748107022178743,0.05800434470201002,-1.1134894074563688,-0.8890964676097656,-1.8454900476666996,0.547883228988879,1.9545496699054081,1.2210992623524977,2.251811313086076,-0.057244028307683194,1.1296654897222769,1.770408925864865,-1.02482821271032,-0.24149186017965396,0.014810135615523735,-1.1748493498492645,-0.6361363322683485,0.7771746550059382,0.70983758597958,0.03191069064127436,1.2937232979182967,-1.8327619407774063,1.1504464926404896,0.3705572705755493,-0.4718483134217401,0.1961733430998165,-2.035504584008339,-1.054956108391267,-1.0405626353184623,2.0816300923008946,-1.211478838128452,-1.71049052004581,-1.388043637488012,0.08281669103286614,0.02729331796413073,-0.12513141780554066,-1.546796711598807,1.5625020045754427,-1.7648354956129702,0.26318403273826557,-0.8584880249645457,-0.3297918276493887,0.5616700444720201,-0.14678325154733066
-0.2381274479242956,0.7171494800039953,-0.4568553354233341,0.1528321953357049,2.1107593771825126,0.838049972081771,-0.24135689946460573,-1.166056815224223,-0.593250471930865,-1.1098174755182852,0.9225785236746898,-0.13975572957447696,-0.6436726830127152,-0.5158249728693544,1.2736454160937005,0.8553808542868547,-0.9700387841932909,0.4708122960444676,-0.0650241572736471,0.8549858512711106,-0.2801823026451792,0.29799815675156754,0.8190848477649779,-0.29590472831009246,-0.7101886081526897,-0.12248942282774254,-0.6883622844036256,0.12418379649217158,-1.7777475167743495,-0.12145906343662981,-0.2934807418210548,0.7527980840212463,-0.29948474344827025,0.7569273725883486,0.4586219083509239,-0.4789495049901132,0.7041449745276323,0.7150610770986836,-1.7376926596169435,0.008076038955503063,0.2438337375950137,0.5972497279854072,1.2061823037019381,-0.07661155187410856,-0.7691101744321852,-0.7748881456348664,-0.814864745887486,0.8391510364774051,1.4756008111878551,0.2579281507015834
1.7134694591939768,2.318034860188068,0.29567204904954547,-0.5344363813244116,1.5207664677196637,-1.789709054888113,-1.5740660908619843,0.3227741454600977,1.1746425855520428,-0.285842749073887,0.2722500080055082,-1.0789626865103221,-0.5683935433032588,-0.5321628104252462,-0.3291173097153777,1.3765275214911152,1.1021181878544841,1.0826413043500398,-0.5133887785688609,-0.6909403200853362,0.06223145718531113,0.08515790761213107,0.11803047872342495,-1.403670544279641,-1.5610044904471045,0.29508342614688615,0.5371928205186596,-1.1866170067250714,1.0253779216124166,0.6208985625115584,-0.8609552704550977,0.3628604299071314,-0.48624162077069993,-0.053139250698987284,-0.09151199362401169,1.2395898547472965,0.09225409641158067,-0.39235019971967633,-0.24723735067394484,2.03597955120253,-1.2233399512380143,-1.3850774874501353,0.7090862016850994,-1.3143899811909543,-0.218733552112849,1.787463660188849,2.289910709557733,-0.07944067591339245,1.8095144522961004,-0.1694069210691487
-0.6351655448485135,0.35757798000086044,-0.20723994536620396,2.4828564755221807,0.036458886946270544,0.5904919917024622,-1.9061320358200728,-0.1664526716161761,-1.37189280620052,0.2990313784547538,-0.7642319227391853,1.6029376803363,0.7045172922110284,-0.5370011512502625,1.5300844147687054,1.5877401402328257,-1.8892220466695633,0.08977396273277229,0.7333909774454185,1.5830784810507,1.5520876357934577,-0.6435059714431616,0.507092746758877,-0.3986365690679963,-1.0861329696334512,-1.0149956984262607,1.8598213430031556,0.2796932826960235,0.11670680168928876,0.7353288794723548,-2.688393910268953,0.2962273102869126,-1.4366043595254072,-0.3617361271367275,0.8166812645340208,0.619182178401627,-0.29296495603078215,-0.680437342805608,-1.2816518015219054,-0.6446393291208545,0.6192069739589948,0.8962530270693421,-0.20845160377937977,-1.2365104822984565,-0.2178222588408024,-1.325019265639408,0.3191926241413748,-0.14898639869683625,0.09981941100147673,-0.9327958404931664
-0.7675738548271644,-1.3691296824188626,-0.6960360392421663,-1.08212626487175,-0.09085133583064087,0.12483472135444575,-0.502077839288677,-1.3234575439213208,0.4431704745028292,0.4876205486533443,1.0662264251632299,0.14537573923090014,-0.5863508143481455,0.1542897807593396,-0.8025173173088356,-1.1869928581391382,0.018533633417516224,0.40443230802947405,-0.9782483527533694,-0.29426860175057235,1.489844917137387,-0.164924693572146,-1.0946342843996413,-0.8431636367016855,-0.03666251417944132,2.0469102357450226,-0.6389120646617029,1.6179538359822268,-0.37361699501430107,0.20203202076795593,0.08986141191895028,-0.9812292148328365,1.403823317000036,-0.256673918617775,-0.055253891506847216,-1.1750590365595102,-0.6871866206271057,0.23440076199350668,-0.5005591937794954,-0.8213644808911046,0.09305457529017123,-0.9233484762058117,1.154931831243266,-0.052365177811847796,0.11152870376007777,-0.8930637794878257,-1.1411335263762825,1.3703474931348212,0.8968573314360927,1.7495525016825477
1.4929902654510163,0.38277198612619606,-1.5289351010520338,-0.43555877294645845,0.2384510746080901,-0.6902477012047243,0.4634686600946073,-1.2237005693761733,0.8459446171088276,-0.45092926434935243,1.7197025299545294,-1.098810851286142,-1.4251110138183107,2.0284827254659823,-0.25197297880577074,0.6823109436093053,-0.08588368089615711,0.7614508959709247,-2.2493443715591415,-1.1414746838244898,0.04591861740357611,-0.7542031216717072,-0.7032573063314607,-0.37690346388772417,2.37558957796492,1.5049313913081181,0.5263622494156672,-0.4031292739206356,0.7047195307932228,-0.2870059834535108,-1.844753829501918,-1.7053428373776394,-0.04176484332761486,0.0021699049919026757,-0.39879973341038927,-0.37073158456576993,-1.679319903266643,-0.5213666951240221,0.2000150417548274,0.061753260405096294,0.06013312286000527,-0.22638840095717705,0.4988302621504719,0.2633048453074802,-0.17644937447216597,-0.5886169667593077,0.4540964778099619,-1.4163317059306584,0.6402912825392013,0.5517275241446671
0.9542769721686414,0.9745722996391343,0.8698988189700084,1.0542437115506078,-0.4340977349308095,0.2712701514900787,-0.2722131023835329,-0.6279440748974757,-0.7906051180859501,0.8487647518897871,-0.011953059080839556,-1.2836780948337707,0.5325414642900709,1.4351441283360225,1.3053215010426706,0.1053334702590244,-0.01614047861806439,0.5387283345825792,-2.1543793454380995,-0.8755708987758449,1.0822357442143513,-1.3894750869636014,-0.7702689523901408,0.31646886449044626,0.299800194965602,2.250096662900196,1.2477745013373944,-0.6705512546132332,1.4528127781495086,-0.20846089155839095,1.185664224589181,0.6403784199356879,-1.0632882258573504,-0.7088407454200911,-2.664540198280667,-0.2861348708166806,-2.86580862111896,-2.257961162432932,-1.180790227431643,-0.7257418586998992,2.302728187951824,-0.2459949075884274,-0.2583154573790721,0.27500758589097624,-0.11516518492081386,-0.10232254273922516,-0.03988844382066781,0.6866704843578175,-0.4441482929459976,0.8150662637810205
-0.09021585203180386,-0.412176910809232,-0.32883040383597933,1.8501826597360596,-0.3951264982869882,0.9748600796973224,0.4573246958941091,-1.0054348111885334,-1.458405218782707,1.4242145754783233,-0.3933475084271058,-1.1551934298863167,0.8460930570645879,-0.8505317934966728,0.5691187438354909,-0.5754484880810705,2.236065053696772,-0.8486992726499275,0.9929131499110672,-0.565541722812094,-1.4239225166571428,0.10110942023324339,0.25995513403595943,0.14230624513545984,0.11199158354295805,-0.47593118561819336,0.8494077864282741,-1.3818956258988555,0.2095647478664644,-1.0330354768389032,1.397538598708071,0.7650960863724798,0.050022472436962166,-0.39207124375231517,-0.09691725890316714,0.39982474799040035,-0.05827365737926398,-0.26329394158980757,-0.003452908104043555,-0.3897105144275056,-0.9188477249539412,-0.37566290524596735,-0.47350278642989596,0.3706011747905405,1.3050756340147258,1.8400615479531917,-1.1578033311143885,0.5583131208669246,0.03405675078826865,0.9910010247001527
-0.9171477435952636,0.5198578553120012,0.7664349960033727,0.18303897062868593,0.3431513151586508,-0.5777115292778885,1.0093004532022405,-0.7720192156475307,0.4321014337682364,-0.5353841942187605,0.14175946883809665,0.9649873219882504,-0.1404114936478657,-0.8975030131552568,0.7773320092867471,-0.9601212248247581,0.6393592899902265,1.4992371456588223,-1.4733482013360104,1.4378122617268647,1.3122199702638317,0.7816142653455393,-0.7798632549630037,1.3478097392366948,0.9118902019159981,0.6187849792890672,1.9054767226410976,1.2493002481950826,1.1388586915940047,-0.41330199300254034,0.16003542566632092,0.16411260921199852,-0.6158529540659048,-0.4416025909056142,-1.1805092250211953,0.778123082887369,-0.5439662852189195,0.20458267521661325,-1.3523621533660846,-0.2085664225037802,-0.04191596167870206,-0.8433808724735475,-0.16534962396025846,0.2322209691811268,-0.6636063372010335,-0.016065187930134523,0.8841986306992999,0.5619663172503085,0.6038250514767454,-0.7506466133108518
-0.05956146834855707,0.48050196349399166,-0.6136053521235578,-0.5830711441206319,-0.7131087689863141,-0.06850334428349548,-0.8786073672639151,0.4666266034822694,-0.25987601499822977,0.7935311833094155,1.2749424466789234,0.20395154528561585,-1.0513829965667412,0.5794892993033036,-0.6043342806451014,0.9902133295702505,1.1741530266834053,-1.0389264639397877,0.5163380644146455,-0.04964322846900364,0.9817229242659101,-0.9082361803644318,-1.4475703959112334,-1.2153244447277047,-0.5864925204099029,0.9696955443982603,0.09083422389806566,1.0539151330885372,-0.38437696037303,-0.07351858987052351,1.0867020101395597,-0.9938406288153198,0.7560975789999734,0.6345823596262367,0.976551315734414,-1.7051720390920173,-0.874854340491808,0.6468193785806174,1.0668147517703817,-1.5420930939859738,-0.45771986317283986,-1.6622552005887627,0.6494204647272518,-0.987368646733187,0.6637237068695219,0.48107209189422906,-2.1386843104666458,-1.0965600742409736,1.2530127558206923,1.0011980007902008
-0.45921054651657967,1.3034633067101302,0.2061919973300308,0.03018866010437458,0.5937951631365828,-1.1486410231246635,-1.508628246906026,0.06297945927088545,0.018849813878737163,0.03230579962042818,0.9357199636537022,1.0168308921333515,-0.9079539938991359,0.1329586973724307,-0.09645492046353482,-0.008261061309450316,2.148743200415376,1.7024562407804387,-1.5607350646479934,-0.4601274642504923,0.37243030624324985,0.85357854119954,-1.9942908720423966,0.016756526234582306,1.7577469516457238,0.3953671184498236,0.17406886494429713,0.2287804185180997,0.7962919697080997,0.9879334342604048,0.43051496859162497,0.9943832145620607,-0.6107274426866753,0.13990480269826694,0.6084427153031305,0.42085448783233215,0.21305003019149238,1.0242537449931084,-1.5026327253410683,0.46853189739392476,0.2602210179100516,-1.9118435215372702,0.21732307927833588,-1.7428319972995323,-0.5478358832430165,0.7775752999724783,0.4922778227153235,2.0856559505481593,0.5822081757172097,0.39048259478741565
1.0504076326354956,0.26165630671046136,0.17114425370286404,-3.3452392807444054,-1.4172958269896971,-1.64079893290143,-1.1426258540624605,0.1151732475792026,1.4620380173397436,-0.7216022552036992,-0.8682154132315859,-0.5858334065057762,1.4960428889813628,0.038955963860197146,-2.768589704020326,0.6039906371784701,-0.24625679626241623,-0.43448432499009565,0.4584540129130459,-0.19082188782683115,-0.8493979195366101,-0.956488791633961,1.8446319341982405,-0.8226149367428994,0.2746871105215902,0.5697072380964519,0.825191035626463,-0.4846294872937849,-0.016404911108560617,-1.1749187385174205,-0.4380804378027545,0.7382382569783708,-0.023327916912772917,0.5326140749282863,-1.199352806945267,-0.160206877485619,-0.15899227666713525,-0.8557376351122007,0.24430942154706478,0.6349999657162644,-0.2910726903544972,1.4066917681010778,-1.9180521594795297,0.06819025938045564,-0.5680350596238849,0.9031252950564134,0.9439565070988629,-0.06585728513865788,-0.3090048337267318,-1.0519851580951936
-0.8449757084204165,-1.1535955213261975,0.209662117695146,-0.14096626603541262,-0.1903826397303935,-0.9283244924871172,0.38149528982174435,-0.4767968643030901,-0.5024401481060812,0.5489671237000684,0.19600237610553636,0.6435045251255196,-0.09162831837716466,-0.42058121117873914,-0.23312408603436144,-0.5041324392178876,0.8817863107732712,-1.020038610026934,0.6170609371155188,0.44913592138506625,-0.2653108392439136,-0.8146081355472299,0.11278067033853108,-0.05114320295181137,0.5378840110514057,-0.019363505000968614,-0.5689125476492527,0.1922664020549806,0.061642203930318995,-1.3454777773373994,0.8296659666748992,0.8944142253127134,-0.47467757458290594,-0.4625186393868126,-0.33209147625712293,-0.5629574146388964,0.5083594115848072,-0.27185834660353325,0.7108617588782165,-1.9648827115838516,0.6690160432026336,1.6522287613104596,-0.11080451088182787,0.4946639216505321,0.5648900907083092,0.5211905399212995,-2.251978711527941,-0.6926410726404085,-0.43772090114239437,-0.4846376382951238
0.6319086723887803,0.11653234882825916,-0.3127900273823017,0.6703162222935137,1.5353338927455675,1.0445659176744504,-0.7453662032916026,0.10278072857683672,-0.15331221552922522,0.9966686186262275,0.8926327868005169,-0.31879679421307916,-0.5442565176235341,0.6980395047981907,1.7312584116936303,0.37926774411880276,-0.7388683077289674,-0.26915597248524514,0.2883447216818808,-0.88466692124391,-0.09352083266836067,-0.5394476488525959,-0.5682936257688364,-0.5571728687071219,-0.10231218353318414,0.07976463024424794,-1.2487989731621443,-0.033749423849194236,0.4360486900189906,-0.8553738840376656,-0.2305079281133824,-1.5926447805477462,-0.14464923129440607,0.3432074068651595,0.10917772557509202,0.6051307886491206,-0.6706810043540808,-0.07990151738655595,0.04010455660463423,0.5409713563223991,-0.001075347494268081,-0.7259310444204234,0.6984051735868934,-1.069830000214613,1.0436814691335747,-0.14260614184546544,0.15337083205556604,-1.6721401031498508,0.7870938923567391,-0.06922205060994086
0.9891607239386071,0.6212923573114673,-1.012780631407703,1.1066937301174256,-0.9406432229936282,0.8038102042499702,-0.9801294791180234,1.110305026190847,-1.4815009616965777,0.15004042103896112,-0.9780218136901438,-0.47514775644888196,1.0246710630441123,0.1526928875032769,0.822365235829391,1.0062817575392655,1.4199967423126951,0.04987404145271384,1.547457128662571,-0.3213688730134736,-0.40294040113311413,0.8095180716563057,-0.9370431265023526,-0.5660496139255796,-0.4841483032070038,-1.5227246743274425,0.4588386182220124,0.11888819019925878,-0.27691289124083623,-1.9196101452518524,-1.5071987632999837,-0.7524647812804185,0.5704196857734586,0.07861737763854935,1.5222960424240966,-1.2921085946534947,-0.2188449170124783,0.5097017415023889,-0.3689847483893461,0.34925455354197776,-0.16974590561448097,-0.26430730542206654,-0.22660922122055513,-1.1299292465368962,-0.5144267248249004,1.586569156394703,-1.3001716681486675,-0.11256233685756288,0.9396314254339894,1.509957954310803
-0.4798992130769353,0.23316273681550395,0.7437637237408492,-1.7552227402339062,-0.00781430294756136,-0.7529895414162527,0.288287756037693,-1.5582901825766504,0.1881397144687215,-0.5443829834846969,-0.7668308788415701,0.4120944665787565,0.8058933021159016,1.5743112682184748,-0.9476829794366005,-0.990516998647757,0.3872922122260912,0.17241808525085295,-1.6035943725282478,-0.1905169130419569,-2.8389296830310546,-0.4451217444355452,-0.42230495081391106,1.6952041133905145,1.7436423818642366,2.9936488047625134,2.460248438928257,-2.1468922506092634,1.9674496653729576,-0.46488095599625145,1.3268402041651808,1.0646520665181334,-2.498616446473803,-0.4326629661424978,-2.0058295326338977,1.5231015493928064,-2.011577107653097,-2.450860069756206,1.1334182990432906,0.22002340684231908,0.6876620176021813,-0.8058318979013052,-1.4635707848431563,1.1107102730890637,-0.3678136080855868,1.3334763341212932,-0.053821918064634586,-1.0769903952316797,-0.07314114005610964,-0.7702624097947484
-0.8324515609597319,-2.3444540478519347,-0.1544467682059174,0.2789469369140065,1.0708638250953146,1.1100931258305964,-0.8746993069236257,2.6399705130177202,-0.37139769655276134,0.5462469874465237,-0.05549792385466023,0.8565783610735519,0.024695918972456904,-1.0434685400088823,0.7858112359112303,-0.20536458160615803,-0.4846536499797518,0.1303058425383454,1.4482306272427492,0.9310510789792679,-1.7587269212388574,-0.28917102756209556,1.2770179507768074,-0.7274980236828379,-2.0539368173163406,-1.4880178207140762,-0.5879691940473298,0.603121219988666,-0.3258365858720027,0.08171156066606602,0.9475905019242084,0.2584308626308134,1.1495064584557475,0.577852297299635,0.20422438307594343,-0.8613104526079739,1.0654640463236114,0.5415520530008402,-1.0187355926499002,-2.3693741107741806,-1.1031365222512999,0.546286627081592,0.603995170922695,-0.3604681180684755,0.23381702868914242,0.2881923653171288,-0.2856368238719466,0.9640959288109049,1.2665543232164576,-0.25805547514741484
0.3716488050999205,0.07341442203057087,-0.9751856033032766,0.3563170423506623,1.1027004425697269,-0.43076537205789917,1.2903109908195516,-0.6891380097113792,0.1855314526221453,-0.45890906594106395,0.19294200026745487,1.7150444337444697,0.3068684833282447,1.3094472026929742,0.892349014541861,-1.0214191487464197,0.17880514394930017,-0.09508106252527576,-0.33768170559370286,-0.6671015250078041,0.09176898442208452,0.5898539220962136,1.376467388575688,0.21523463160813902,2.5131609002488005,0.322410660160045,0.6835222255041867,-0.954970369077959,1.0184858879870187,-0.5152446748762801,-0.8437520216108719,0.20611277841402312,-0.6816292419574945,1.1326087192232301,-1.5950138187285865,0.3557407318459334,-1.8630072433341163,-1.6018087831085752,-0.4761982256974863,-0.3636753476267711,-0.902417822474732,0.6795695333333928,-0.19449996391759716,-0.4179454239819725,0.06469325592962404,0.2516118411259788,-1.1154632561779279,-1.7469266599089486,-1.1548088468775657,0.8336183794686026
-0.23159315508347467,-0.13954302830541748,-0.11325707525584823,1.1495631183403914,-0.3373560956416069,2.556301157050044,-1.3115602684179681,-0.3665023159125174,-1.6697388514369296,2.3174299699299983,-0.5323581566866344,0.5726706955043219,0.7492203695551631,2.3246321912650623,0.352199986659384,0.572180138322233,-0.10406368109601262,-1.0182825762223533,0.6483833565102127,0.41517824384890195,-1.0747491407355445,0.21112692651287612,0.4937975743223494,-1.7215362665233416,-0.07194050695812557,0.16494524513777303,1.0914814787985538,-0.8321776129497408,1.6499207193915233,0.1963997014628726,1.9738290026774077,1.3885087576862851,-1.688859834019086,-0.6469039350872354,-0.3636352053115073,-0.2626844113192708,-1.0780922068484535,-0.9466830328286818,0.37862603124550653,-0.6818174925558347,1.4557127665905865,1.298934914479565,0.36697949816518005,0.302604971451892,0.7872422087162043,-0.623473062948173,-0.656607568001731,0.6477360960122639,-0.9114676382182121,-0.012355632712145669
-0.7376348045846426,0.6834281793339119,-0.084031508548181,0.46702796100553934,-1.7704277077096389,-0.08337557775443326,0.149993861714578,-0.4096126955071007,-0.19191887805176286,-0.5413182159224127,-0.2777560420424,-0.21415183172627958,-0.28318982274567644,-2.2991497684285553,-0.41952203838371627,0.17092064449887243,1.2512722123110727,-0.6013857362311398,0.9173648507665814,-0.015037827840158507,-0.10235943844286553,0.12007236954901933,-0.7953590973292998,0.6591523038082447,0.14347930483388868,-0.7795595120700672,-0.06460800810092023,-0.13764580126227086,-0.019127135242045075,0.6436474904772373,0.06484484568387919,1.650498653614853,-0.3451136780160822,-0.995935070177494,1.2323053719614079,0.2229844801326864,1.006671542700786,1.433622482184756,1.8882458783384963,0.0903751540676378,0.024847363713447392,-1.3087010132829282,-0.1435433645611443,0.8136996037148961,-0.00412482290463706,1.2477757116357229,-0.20395465025584303,0.34147634632132345,-1.0075603970358213,1.2279541557022065
0.5818068253290396,0.5498838761441126,0.8996645834129289,0.6530313121253433,-0.10753502284773571,1.108429212726905,-0.9775919883173397,-0.5558009586929106,-0.7650417936997973,-0.020784454728340222,-1.8495836934594745,-0.11760597375689376,2.3065581122955985,-1.4709429056628132,-0.03657169404525274,0.8305971058708438,0.09775511420733808,-0.009199276531976167,1.9375470489971918,0.12051356668480466,-0.2819851131045116,0.5445501853247453,1.150500715974881,1.7275452489617653,0.3373222574849745,-1.6776106242426203,-1.296213245704968,-0.9497834866604778,-0.27764796882622156,1.010529842895904,0.373061436534971,0.17907771915380866,0.6961875838492676,-0.3495440960872978,0.4515319684606511,0.775085286301564,1.587143332355151,-0.07596019073702635,-0.1337078342409761,1.1040608293595608,0.22224235469753248,1.3802794552231523,-1.8133824479861582,-2.5434318172375714,-0.7942553823042994,0.5717044007236842,1.1815714326329876,-0.7779978841772567,1.9313726795686816,0.4547379333462138
0.6475502649120781,-2.084890758908796,1.1652265447347852,0.05081788305823986,-0.828757110005895,0.17126396840577826,1.4367746693694932,1.1156848066491765,-0.5194940078156787,-0.37169080324198506,-2.239791738803367,-0.22950441870067997,1.8787911824366552,0.03939310957886653,-0.05630569796368624,-1.0629107017072508,-1.0174386784541465,1.8511152707738203,-1.1629901241504108,-2.0150488475933668,0.5173023108831257,0.38402622623151667,0.706536619208137,1.890573587410714,1.348437457995658,-0.49908657513929827,-0.32234392938064726,-0.3150968196347283,0.906354477706078,-1.2625573291487013,-0.6148581179521574,-0.816367977906982,-0.10404740547781643,-0.9460574841896195,-1.2724589417999237,0.6640033094741343,-0.6935019993079344,-1.3343689301464745,-1.1556398172540123,-0.45372883381661216,0.44621215692822297,0.3920219297925008,-1.7474122434511554,1.10016602392274,-2.1126841016161735,-0.6151524213042019,-0.6744549210366533,-0.2815213874306338,0.4286311662437613,1.4213968298708075
0.8850537378018927,-0.3446356492853288,1.2380526155164029,0.4099207073280648,-0.16875318222650995,0.8449065659818251,-0.04298179097817282,1.6242144019435774,-0.558563739622245,-0.6048480182727036,-1.9888060055498404,-1.0565100511766772,1.502540356434243,1.870851033023935,0.5655469621492759,0.17265087752911074,-0.2853021097009889,0.7320959592809537,-0.2549676932411799,-0.7819414859012591,1.088849300966915,0.26056719821936275,0.34849953006462003,-0.015910075957985957,0.19857367844455925,-0.9121477088016349,1.6521880170828374,-1.5294573658067516,2.2603505879870944,-0.7200233091176865,0.38133045572194807,-0.6120516764186196,-1.9797929461057684,-1.669167217392847,-1.7111412630669478,2.1196923426807643,-1.4769435863612859,-2.1505548107158563,-0.23472432343360092,0.6772643230674085,1.254456225014477,0.017094624837162592,-0.9110089099298871,-1.2331147201847052,-1.0052234850849042,-0.16367809448810597,-0.6199058139176764,-1.4891177481063207,-1.114005632272153,1.8379374972004263
-0.8919471015095145,-0.31868830721993713,-1.1036875809923372,-1.4728542846593935,1.0159533988977907,-1.6737847842676616,1.0498508864927567,0.7159382753771907,1.1951846756563895,0.5222637823531526,-0.36223948926292054,1.2714557362630892,0.21045597121764617,0.25564971193738256,-0.48217648204137814,-1.2354838392771055,1.2096399867510574,-0.7489888280679792,1.1944100375117128,-0.40393363172297136,0.7176911604219458,1.0399011316015823,0.39820995969454687,-0.23848977348435768,0.8781400706757323,-0.5860730063375126,0.7956449492024485,0.007434028742206015,0.26190311389616133,1.1336788670786082,-2.300150720782516,2.3763346251336417,-1.3078274808418333,0.23955608812387058,-0.02493292315072006,-0.8585461289885493,-0.8707570837502698,-0.4293778423904284,0.8449404934637255,-0.4120200523818317,1.0634261237908345,0.414018582079638,-0.8025520749032081,0.7344621712083919,0.0276058906999548,1.9891924465482116,-0.5425007339207016,-0.516369316874911,0.40696976439394456,1.3700605395001264
0.26457095147044385,0.6984696275708551,-0.6709283959742357,-1.088543063268952,0.014980887424579627,0.37569536391005764,0.7388842653014746,-0.8626036870909616,2.040675906563419,-1.0464382331828161,-1.1240868007993239,0.35083764432183895,1.648910657459403,0.3184771069660189,0.2286789714715759,-0.7669442184706368,-0.4865560050606723,2.4525060425760055,-2.1491063966019484,-1.3937051310184454,-0.030495208378523722,-2.2855533747466303,-0.3291904319346143,1.566844057568706,-0.3833943189458467,1.9292699045777733,1.8817516255276294,-0.5763496970902505,2.3238518565912396,0.3608572372995152,0.0826917212621263,0.00123218921242794,-1.1193827594410684,1.7351483761709838,-1.1926291418223491,1.2369278676462114,-1.0377941632959433,-1.3437734670096821,-1.174453320952654,1.3423130266095002,0.10613335707579721,0.08995422363837778,-1.4497814018686417,0.4713021119101875,-2.3748333294404835,-1.9342175815573797,1.552209085457957,-0.6435767614955836,1.0854388816538914,-0.9766000394911399
-1.1572311633510015,-0.3901667436869771,-1.5377018768001318,-0.0020752689966636218,0.965362722252977,0.8963171147453602,0.34035613442857,0.32936957732346506,-1.3237586078598564,1.391582947861389,2.1199289674425095,0.1457456610583518,-2.0703705365370486,-1.2902728082887625,1.3455325832044769,-0.9254495938923598,0.5484149885923059,-2.6534022652873617,1.9911351669756632,1.2495618459989795,-0.5168525992759919,1.083146188164392,-1.8714514661721477,0.2918786383676325,-0.9424998640614165,-0.843362660708575,-0.976728723363181,1.0409826692546011,-1.1998505408089877,-0.12764377205722072,-0.39336483331738387,-1.3156394316069036,0.35538185192089905,3.0530750862994434,1.5644305925775892,-0.620654236502612,1.086854885881298,2.4321347735755983,0.9570576376495217,0.647404247294968,1.0419849920016184,-2.320205251222221,1.804838409169584,1.7705819376651288,1.8779181917976222,0.5904072332666169,-0.8196068296508152,-1.291217245401806,-1.0120718235499777,-1.594964035036912
-1.4746008793125287,0.6402419633501035,0.814320295611022,-1.5178487801723226,0.28877246690843095,-2.0542295690045593,1.036301791836755,-1.6082942528921957,2.0805423536464334,-1.3247895603344113,-1.2260954975407785,1.417458120453462,1.0860461897972684,-0.3360169283465601,-1.0254170401799774,-0.8536544597332262,-0.062210686046060816,1.208433224464195,0.028596715685898517,0.7136026930693008,-1.4503230978757315,-0.18373481672620684,0.8981369867539674,-0.203295063305891,-1.073389655362002,0.7712455840447983,-0.12287327941475192,-1.625604619590629,0.15937953152827555,0.3456562148809294,0.37330792033379595,0.29085988209248986,-1.7817820538135414,-1.6776155823464713,-0.14266857103915181,2.894463018718657,-0.4802329687551257,-0.4171507513677373,0.9585151178617258,1.2341074313470795,0.059950119108576755,1.7621809890035993,-1.8541146292496398,-0.4787309584213969,-0.7240253572242767,0.7157397073916817,0.473012060829257,-0.6964795191784368,0.2750848710991899,0.6865282031153817
-0.6055888050054004,-1.2242569296472714,-0.10456760677694878,-2.350940669453497,-0.4081338396852629,-0.915822526685257,0.43957115805575553,0.4185144927907279,0.7716583274364038,0.2502459801919265,0.15769535381025632,1.2228522243601367,0.4923988077315724,0.0067095007950793,-1.9172596193002363,-0.8723596479782606,1.5228598885557132,-0.9215255655112273,0.5295661074083418,-0.18997663850727306,-1.046285209424305,-1.2462454667872949,-0.5881959022140735,0.05188196476597989,-1.167853808828861,1.6501556456684736,0.5652910231711007,-0.07271706411408244,-0.0311876771894378,0.4930096983348092,0.4926806035500052,0.6003664430150473,0.306778544436555,-0.6233051849485096,0.13016957270308452,-0.01867951821846864,-0.3854654849618252,0.4428351120858839,1.8972111424926918,0.1721497590359437,-1.0987585269320856,-0.6377886863877764,-0.36762853584503913,0.8519808062227168,0.47496289416483856,1.8411566856542279,1.6123237710459095,-0.4420868646834016,0.03745039300669354,0.15954783049886
-2.456595777980561,-0.5277351048802679,-1.4501634963643133,-0.25035541527539246,0.6247972565343096,0.349710626747935,0.8133618195312812,-0.3405969070549219,-0.3032546915661238,0.7909963077707319,1.55231984615405,2.259219191098215,-1.2035397456486339,1.374546866659071,0.009685623793157756,-0.7354890502669839,0.4270732286110875,-1.0065685153579718,-0.13758421109359947,1.7209791609629475,0.09554865729591529,0.267462782581074,-0.8431211545671179,-0.2611555846432176,-0.014339242439547883,0.8595170447433202,1.030094084874848,0.41935144975395927,0.10648275913982948,-2.6563640420299564,-0.49012565231421723,1.0875158911174485,-1.531759304783838,1.2401636402910643,1.4477216453007158,-0.7491307632252806,-1.1052114938315099,0.8262644347528797,0.08860487135214443,-0.6666639931361283,0.683980744072979,-0.8475244404983696,1.6182779335360653,-0.9519090044522481,1.2531347582553793,0.06748942803252879,0.2704863525552383,-0.5245812438904669,-1.270775695597048,0.5702300381777909
0.5646190310257927,0.07132608899746232,-0.8683709891535201,-0.41339375400002243,0.3319120961507243,0.5559161291087025,-0.4362491241180284,-0.2553108343297678,-1.1858584490295419,0.6652495350247434,0.5255685487206292,-0.8183503882971284,-0.3897479660467201,0.7762680618742038,0.4788652303746967,0.6599199026133081,-1.4013571864413943,-0.3369156101732687,-0.26214469346717645,-0.37391873693205213,-0.07261201433381811,-0.4520848228572629,0.2767112865956028,0.1823348734405585,-0.5213656497924579,-0.3186103426624365,0.19016859950916382,0.4028351274575424,-0.11056235666298386,0.02497344191035146,-1.3839887348383781,-1.3971830440919355,0.6232402916422566,0.41481253746125313,0.28390321173300975,-1.1949324883000012,0.6368693587967778,0.38965677298333906,-0.6317283142943841,-0.7528304724866973,0.5527539327752533,1.185312070823873,1.0142251971823448,0.6550998905313701,0.32772750690056773,-1.352820025871478,-1.3418245826471111,0.8742095160360921,-0.669475156563114,-0.5877303908700442
0.5116400791157103,1.3290486811951716,-0.25005299356793925,-1.1254723062711498,-0.2848448359315776,-0.33012920171496635,-2.633065251338646,-1.5548336712912627,1.2485942347839154,-0.7028711516710071,1.137002115026723,-0.60867659307811,-0.7707716261199049,1.187342133907489,-0.33977206143170285,1.4286498801852265,1.3379474083054823,0.5130037995187728,-1.4382223045634603,0.7818319663606356,-1.3713616636659467,-0.39188070817393783,-1.8416662225406053,-0.8657111047396014,1.2379192707189182,1.8055961443831827,0.8243361692245461,-1.5754052218808063,0.10391353503786177,-0.7228624349553182,-0.2115801554827241,-1.0726456120257688,0.632344330547975,-0.9060646691195756,0.47956459862731116,-1.1488814558450997,-0.5015766030460029,-0.09092400459459705,2.1013249050001086,-0.43879419008287135,0.08585024819555687,-0.9309379893718106,0.28971943768986563,-1.0443988017162757,-0.5914763934317983,0.8436390731470284,-0.16674964712112875,-0.6125670194638881,1.0644894565920462,1.3388339498009094
-1.4290436429901308,-1.0137705225860978,-0.12348501027626159,1.2706857191239627,0.4434597636724587,0.6709525044493869,2.5145918969227297,-0.5578006942843199,0.18581324848276437,0.2596836248925356,-0.4017190428495601,1.7074578474160813,0.3982193352862026,-0.26075686955007926,0.5117092875495757,-1.851582748041709,0.337067041218186,-1.268598203355178,1.2867500850716727,0.2399311083253652,0.6951622549164413,0.22986371079169773,-0.204376490547994,1.3198896843239651,-1.2885306670315428,-0.7680277751653775,-1.7764769494255388,0.7298672714551998,-1.1748252825993681,-0.8942765904690927,-0.08554765331139848,-1.5318210741852105,-0.016227642468698046,-1.7605194194892795,-0.9526166213238155,0.22229942755653506,0.7416584833922947,0.3685544662792353,1.4965115297652176,0.41727805309118676,1.7711365241955996,0.1660505171935629,0.3423394173066911,1.4173608345999682,0.5773047100871308,-0.3570260137087932,1.1267112092444296,0.8816801070676773,-0.17483204240724526,2.5517940273918245
-0.1173504955201605,0.8735073662475769,0.750515413454731,-1.1130338967756515,1.3498294203356183,-0.601083269796891,-0.19721569378973003,-1.632646472728017,-0.3820481325027109,-0.03280337941062699,0.8219517039495449,-0.00040855777646568264,-0.5871018202208582,-0.20292584724184504,-0.09830127199210227,0.2133090640008608,-0.23629295691178664,0.1161435457058563,-0.8159454213739403,1.27690426772483,-0.7725361444665441,-0.21287086173708644,-0.6090022483974263,0.2640996185656966,0.7515659371789218,1.337111853115406,-0.08940925815028429,-0.8799121175391426,0.20831154906401556,0.2973432549692201,1.5600685859385497,0.2462988840626131,-0.8439419120489646,-0.5931418752760889,0.38707126658869717,0.7961826814198849,-0.10310673119610153,0.42071268502123443,-0.2800167195670423,0.1331783349142647,1.7088902192027067,-0.0022371490815636633,0.3084800907554505,-0.5080340818249244,0.6762953023226699,0.2834560242938872,0.9404520250452891,0.033530708695369615,0.3266171178422068,-0.7021167967676417
-1.9204726779125256,-2.0860159373329377,0.42741740159697933,-0.233512472604977,1.1402945032476652,0.6006671203171507,0.7608521618990682,1.53826946497534,-0.6392876743845401,1.0087081207253183,1.2571776568472341,1.6254111797029398,-0.8834734244592258,-1.4887906894400054,0.42501963975600104,-1.6256775486587842,-0.9460867410621472,-1.7520350548376555,0.42346856130730237,0.8274618574894057,1.2331329242778029,-0.568427274579162,-0.40591598285122654,0.4164971213029066,-0.42756596446995976,-0.21359474568719095,-1.8461262446939117,2.1088444866318325,-3.040581561249904,0.143078502164109,-2.0046549122048662,0.41091586935719626,0.4680091859566759,-0.3380051529986768,0.28886103719671324,-0.776357651685478,1.3321758287931982,0.9198193873030404,0.7475498100994388,-0.7152002248128843,2.13212303074687,-0.8291384030532459,1.0746505910531015,0.337366305891899,1.7266545131649496,-0.39977144428030775,-0.746490234976515,0.20350858522596957,-0.10315427615348954,-0.18981427491587732
0.3767464892121404,-0.1342508849558022,-0.5902457815434755,-0.2564773035401774,0.5622141460715039,-0.8253015782584058,0.03985693800914603,-1.719705685820309,1.640765083473466,0.9986240614781289,2.401451589878487,0.45107907679230297,-2.070961404265672,0.652588894511681,-0.03233578251982224,0.3273383570141778,2.499035783651445,-0.664952097121836,-0.7461968676063195,-0.1911764708178593,-0.23749568578796976,-0.7334683046054843,-2.445150220137074,0.7707873997406857,0.8769250175823061,2.4051340589756727,-1.4418940941165899,0.2163885891249074,-1.1138012978450837,2.2733533399369423,-0.05429127544322991,0.6043838700827746,1.0797838523832222,0.9620278558174932,0.1897580165907375,-1.067883989025936,-0.42794205880302144,0.9325103516803185,1.7215842280612492,-0.3395531967531923,0.4295392340075048,-1.9589331635817115,0.9447232248078119,0.03045640911589062,1.4869499223772307,1.2000061252674015,-0.07748970858004343,0.09718462113922738,1.4937360680738772,-0.932283522567354
0.40596813395626447,-0.82082694788434,-0.14056932152936027,1.3422208768439623,0.06346347617525588,-0.02793853118137543,-0.788572007960363,0.5915204108395219,-0.4937542461750674,-0.030709060055291167,0.7393213163183335,-0.09040567047432983,-1.1203463393632478,-1.7160573126436038,2.0032121204758524,0.21372308913878965,0.4542401808093028,-0.3508061033577346,0.4027144246624929,0.0046185984788238744,-0.2610442944056698,0.26612220969749073,0.4696650619922787,-0.8128834382520084,0.3847144698311431,-0.21245604855922284,-1.5495406583315618,0.3106567601277314,-0.46482460887757987,-1.4093406659964598,0.5326300190125448,-0.0890556929492908,0.6068160640905,1.5135322551697132,0.8752376792856768,0.13795007529572054,1.7122286361071934,0.5507544381691367,-0.20764787956606304,0.2949899626083298,0.3000271603489361,0.1420777304984799,-0.11629645309914641,0.034142732366797844,0.8678462375495019,0.1795699771207752,-0.7271560230631846,0.12235209848976215,-0.359362832158583,-2.6732112283113896
0.08666681547518629,0.5942948497446903,1.867146926493688,-0.38647616124053014,-0.007939956488240632,0.23344231243382507,-0.39858483023929947,-1.0714567233032488,-0.11946421627678698,-1.0856838110013458,-0.10239144269240255,-0.7757034477423187,-0.39230023945386333,-0.14120206395406593,-0.40595213739923064,0.07123806875017903,-2.3495406763220017,0.31595674948565383,-1.4518376108810573,-0.15010737786645362,1.6901922844682744,2.383115155204822,-0.30775639036192715,0.9634119945077629,0.4349456180868799,0.46123458938474576,0.2614807450478384,0.21667712506999642,-0.8916128183760099,-0.8048094267268402,-0.7840409271711488,-1.125014889369159,-0.03661548603108989,-2.3441476266174806,-0.03517769512131938,1.33353779914803,0.42177171830207266,-0.11245828201814873,-0.43058452931685576,-0.09534871966638007,-0.20114948550231876,0.09126020407225922,0.051068735333872385,0.034323584909065764,0.273609475636429,-2.8432818141803957,-0.6800592298346224,0.6464407812476656,-0.3867204926929263,0.5760104870056334
0.7676526209535399,0.7223008925019934,0.5276230923476026,-0.018065425543069332,-0.19678327563879955,1.6574875898494617,-0.07648446101185603,-1.4045087732509125,-1.0207583406357372,-0.11392667412293694,-0.3516311399379109,-0.4754832310661241,0.2216490531124615,1.2372064959742748,-0.23582558230393866,-0.14518690024089945,-0.6733511084082024,-0.0770045076492533,-0.6350970542975082,-0.9838520887990025,-0.974180460243427,1.002180801216786,1.5611405310572253,-0.6379849113103473,1.843385379539759,0.9572477357969845,0.4920003944222184,-1.8086523165060764,-0.08453646969013597,-0.13745906860223106,-0.14720979994250188,0.3271018651656402,-0.7192540038380167,-1.8263311353585798,-3.1311339941805802,-0.4323767834178574,-1.8596875317990755,-3.1694049778876043,-0.09974294707666195,-0.7023225575851855,1.4821930263070757,-0.7718679887995561,0.6270029522669941,-0.12519509026137526,0.5016673098556872,0.617240294439932,-0.38462530880073736,1.092064693164229,-0.26476210592131155,2.6871033303798066
0.6138482692823103,-1.6483247308159956,0.9214150380113374,1.2806118888969558,0.43098244238084416,0.3959872708489796,0.7356583670977995,1.901062556551354,-0.7490571313077127,-0.6472620985759188,0.2842826874651481,0.135161686382141,-0.4970683139703234,-0.6402838000569963,-1.149883260650172,-0.5328542294927383,-1.696133587848449,0.8324040375212285,0.11975416656304086,-2.6713531032131295,0.6120316748151798,1.6061700585747205,0.5514983627506125,0.40542018588338324,-0.011319010804162609,-1.7360877630722709,-0.3786494216324351,1.3171942116082118,0.807282884399441,0.5667921384619669,-0.9605457877564727,-0.32685148977066936,0.3920143584838311,0.20102084472880033,0.35650057647491556,0.6934855518733638,1.5799031453645205,0.5612475664893027,-1.1907991916811997,-0.6441275143236758,0.8595413767426178,-0.07938274888398023,0.5954936012993718,1.1396252049065412,-0.5596734067985805,-1.870716944108007,-1.7696804399992347,-0.825128682286782,0.9842315776884534,-1.3706388457856404
0.24375986267447639,-0.5625781291336367,-0.48181043241212723,-0.030517890901290645,0.4895088990491319,-0.36873714454214523,-1.7874750271700723,0.8346601536365577,-0.5637614183278048,0.6309733711682964,0.38082812995987,0.11247014636178156,-0.9575937769301904,-0.9339787331683929,-0.38045981206227586,0.7259909447714052,-0.8007386523019334,0.16037807637402957,0.38993850152216414,-0.3508270542430754,-0.27851502203331824,1.6326434592296664,0.684822776309315,0.38566176041685557,-0.04629987411788513,-1.4851359641105129,-1.7035698350422712,0.4962922622527185,0.6824818314145293,0.8635653795039556,0.02420830663700769,0.05224309658140682,1.0678909720611651,0.20776344247014683,0.5210306851510653,-0.4814190842537829,1.2054240195682608,0.5101277329051448,-0.870669837916369,-1.3550481547553201,-0.5240863459964945,0.2831787364825767,0.8748690182993516,-0.2942307109531455,0.31768888904620424,-0.36463778851491757,-0.42548090365873464,0.5353886560510407,0.6111903967899631,0.03175921385988811
0.5153251464966764,0.3382074169265327,-0.4134958580321458,-0.8841394447937945,-1.8195593286865412,-0.32752434261614044,0.06999196521800977,-0.7844086496750984,-0.5841439571726549,0.36587506778353807,-0.4018186092809582,0.6753142864156818,-0.24829748466417134,-1.0097264892289497,-1.3281934463565226,-0.33537469826493366,0.8392637709743299,-0.731668374859775,0.7269052886561987,-0.5017922764554476,0.36240222001868677,2.329416259910694,-0.08277360444498175,-0.3829932502764751,1.551723213235585,0.2567499432400345,-0.1527388055307251,-0.287779440657581,0.30307272925403406,-0.3662821370322559,0.13231546276603726,0.16922094405840074,0.5718567185271791,-0.19549490008155293,-0.44080714968509,-0.09589914324023646,-0.0005024516694007222,-0.36386718946217195,0.985451465463397,0.9230242597084298,-0.09315219078451273,1.087563425154412,0.05061941651162504,-1.157192188896325,0.4941330031532354,1.0069132590071017,-0.5862447553920048,0.08957017529336574,-0.5338059784280146,1.3175566706160415
-0.42786074718888906,0.5693611720626723,-0.3841124049788135,1.1011318620832393,0.953820716348109,0.9527172213097884,-1.0798639808031032,-1.595823382207623,-0.3975531577335241,-0.2339379385001688,-0.62550058612566,0.6124419459343309,0.9358961739532782,1.3423319706107173,0.5941208657476528,-1.0812865684507884,-0.7347870477290437,-0.009343653362911559,1.4214393755685042,0.3786503354877377,-0.3266178004838491,-0.6096559131701005,0.70246078758191,1.8399646358105128,-1.430095485416003,-0.6978556282133962,1.1054890236027064,-0.7763177722908334,1.012806247180558,-0.42696702541618947,-0.192904746487236,0.4000252789502959,-1.117985293574957,0.32845970885979897,-0.0788226319742891,0.3944046131995988,-0.46427892536944054,-0.3942937758365825,0.10723128737729731,0.8307143265717477,1.1433859473483488,1.5845964031328652,-0.649923260473798,0.9263339309301108,0.12668243067400034,1.3649487400330749,0.4345617058298127,-0.3215524213430426,-0.3884882082125956,0.5062482324731338
-0.2542267477318462,-1.2081297142574925,0.4107908573237151,-0.08410920565449219,0.9106703276967864,1.3366798675329838,0.7732361066502383,-0.7517389293948401,-0.03683118764635108,-0.1513018841746808,-0.7706395637006656,-0.05596666304966078,0.214776883686178,0.9930063877601236,0.2324593334468314,-0.9248705872718321,1.3810495330126094,1.7673560245968425,-1.4428762408078852,-0.5805587692419993,-0.912135836885325,0.21897635460705026,-0.5466112567429279,0.19108398659079281,1.22388568208679,0.8837997086315027,-0.549741671240473,-0.5410373241558323,0.9683308991378168,0.16717518184552002,1.0326848312386823,-0.2639252584554524,-0.33538882483295107,1.4524281951240066,-0.6098548420534646,1.2934873484442324,-0.9346774434401753,-0.8005831799115057,-1.685921346510106,-0.9105305734264929,-0.18905949582452378,0.5352238431995826,0.5328292221722232,-0.8942650795837761,-1.6165719643222327,0.32130281673846584,0.3047446954084955,0.6769435399880569,0.16474870397793462,-0.09156690685621525
-2.229991217770819,-0.88769492990138,0.17661457139073306,0.09786633771666592,0.8972571799538525,0.30942964633048153,1.0196713781325324,0.41535206478574527,0.3219267738407592,-1.1157711114548727,0.5904940832205036,1.792863719787424,-1.1179721447886477,-1.055890028670463,0.30650776074139874,-1.297333271097511,1.1411234652238211,1.2688167471312581,-0.13408445765543509,1.3108663040980122,-0.09235917605847395,1.3066579451849432,-0.5438884002154982,0.6951488460766624,-2.4785154739161688,-1.3177909384628574,-0.3354326411802133,1.4446350722883365,0.5232484283873475,0.9911752113645048,-0.07668617524267445,1.1760703988665282,-0.5463729817375135,-0.632514238779414,1.1103329798112356,0.2726698172908683,2.686376627326874,2.050445963914663,-0.6190766051060754,0.16444076434735508,0.4014755515622554,-1.790403192692023,1.4599705789121087,-0.42139262230890245,-1.1087226870940987,0.663363281425384,-0.9120423207610423,-0.1248477006423108,1.070778124748306,0.07359530562837244
-0.07671816028808644,0.2792049273284234,1.3266927225924943,0.8102121666623153,2.1222437714655786,0.6532686464478533,-0.534415722803178,-0.38137561052326874,-1.3287601160767912,-0.7785968771033603,0.034081214103180345,-0.2472295137734807,0.3166799005490501,0.4742279597372218,1.4741355435105097,1.1036381921093394,1.1213716597012762,1.8552641135054777,-0.27676983948405093,0.05701142472327178,-0.1701786047836215,-1.7468534955687594,0.08244997854167238,-2.3920721021604137,-0.5754156982417624,0.011204236978366325,0.3769870070210376,-1.8275608183240162,1.1932846888160618,-0.2922599024324454,-0.9179354260498758,0.12134664218474725,-0.8658585828782218,-0.07318846041445716,-0.592003373011279,0.8841777456198007,-0.2893604302598278,-0.8741395598186028,-2.2775668069485926,-1.906432474474181,-0.16591254972384403,0.32643786961320403,-0.3058271936504233,0.8279961703167246,-0.9875610572743767,0.05248638253752392,-1.3806866986480821,0.5112697991863057,0.8769793931584143,-1.0222949910734278
