X1,X2,X3,X4,X5,X6,X7,X8,X9,X10,X11,X12,X13,X14,X15,X16,X17,X18,X19,X20,X21,X22,X23,X24,X25,X26,X27,X28,X29,X30,X31,X32,X33,X34,X35,X36,X37,X38,X39,X40,X41,X42,X43,X44,X45,X46,X47,X48,X49,X50
-0.2208529263638311,1.0664982862343457,-0.023403703206676667,-1.4802613158367102,0.5195288128915639,0.18926720231996422,0.27510867251889043,0.5993841915263242,0.0016423876194059338,0.042979489880056364,-0.17646735509261147,0.6723809094203207,0.059557091960827466,-1.1781832734021085,-0.42981507589987683,0.4381908140852797,-0.13022463075956503,0.32155284566360925,-0.08021829711205945,0.7418370789275537,2.8370457049627746,0.8020442287292234,-2.002707063001,-0.2670964259967486,0.9958928300565049,0.5351137776779288,-1.4049125579493096,-1.137018673721493,0.7694629325062593,0.8064361513244311,-0.8270578567444996,0.7387149611748323,-1.6619026455156432,-1.2712273901559046,1.3175110432590136,0.5022027822195727,0.2674454899006583,1.7339303555208982,-0.5255721301380312,-0.14575638134691576,-1.229947766961039,0.33841961732082343,0.9244005433926372,-0.26177690914389184,-0.2516970171962799,0.7233387281838755,0.1940534059173607,0.3927250566678197,-0.9775025030987519,1.0680688782076295
0.05585389488491985,1.3593543450415977,0.5567356598497657,-0.9156645113387275,-0.7247055587414518,-1.0064708272393872,1.4566534999386047,0.7135056649466831,-1.3826791240698852,0.9986549862799309,-0.9430577722189257,-2.0528481503861076,-0.5392701059520771,1.5260121025670919,-0.46380601652419395,0.2667331875329616,1.2939913269862897,-0.9210289439495309,0.14407692499412625,-0.1641803470297916,-0.35960371367493316,0.08876604832312593,0.8671815270205674,-0.5010327828216387,-2.4385360832420226,-0.8788922137239814,0.7184571739052171,0.5997337853318008,0.6053673596150012,-1.087881602982452,0.44775917194433973,1.1709741200386188,-0.8432930624963666,1.3931677699851552,0.1323092715428045,0.5600090632747059,-0.14970925235643667,0.15418793915058565,-0.6704381852102352,0.1313611378996195,0.7578359674100871,-0.020089832237607623,-0.07481524022836192,0.9313453596714597,-0.5048887500526943,0.34276140723900134,-0.8466608795374235,0.5980389938654451,-0.022181186102942972,-0.23193713055028142
-1.3868634999747664,-0.3628178274477744,-1.1482717496491994,-0.1956816969061412,-0.4795095669425868,-0.36431809531976117,1.5209638526656803,-2.2969760492648907,1.4787435942715792,-0.21005354358833303,2.4672167047271207,-2.154276189468627,-0.44426146220621593,0.9474145451815322,1.0592428338800441,-2.0489505412583537,1.0392413201005357,-1.1377974045820403,1.1845137529143788,-0.4491848096600037,1.4660369235498945,1.0202276344573236,2.2050080989245284,-0.5497975184835657,-0.5089731580272503,1.3092687844444972,-0.3113982995894759,0.523011016148693,1.8007350734939784,-0.5297920672994296,-0.3251146781055056,-0.627870143584922,-1.8878642288854353,1.8182473200723577,1.1210684086143037,1.2293709262691814,-1.7539952346953125,-1.0250238926308435,0.7032131290770596,2.3453212833879813,0.34723319482936915,0.0066930560778068245,-0.841385371755234,-1.692015854871501,-1.2838163541145664,-0.533609430156637,0.8786452448830703,-1.9527147251667338,-0.332862865348597,-0.4583556069813739
2.0304042170787135,2.687363818719413,0.9786776456208389,0.6856511705941553,0.013756256385345103,0.02480464272816205,0.9546795248697011,1.6041896429015472,-0.18451779705955548,0.9909382806055235,-1.1248143013073515,0.3876619771626953,-1.3890651717461815,0.05897008422319236,-1.7431647731056727,1.993336471583886,0.011048129584840754,0.18389809523390113,-0.9525779918820535,0.6108899253950956,1.50460175630518,0.9458012483816856,-1.0368959294226907,0.6952409880252024,0.69123391984407,-0.20855695377723982,0.23088311326187774,1.296684627744727,1.275566594726674,-1.3521690874620609,0.5906885910818649,0.343406657923894,-0.4092953699906981,-1.6688877446011523,0.6083947515469594,-1.4914332917513837,0.18955503912492877,1.4353901176029544,0.03995893509354093,-0.7798113430525673,-0.0763299075792806,0.9142260881383202,1.2345430446511587,1.7840221504788938,-0.011761553133006957,1.1943271693360156,-0.8438308798994453,1.7414112289231778,-0.3178166021457487,-1.309635760261932
0.17334655529854498,-0.300437611303664,0.3126468269685998,1.1944333257627062,-0.5550501127533427,0.6410309210309835,0.5666152483986168,-1.177109272832933,1.3092149260144332,-0.2950594227387779,0.271050813802278,-0.06829541423614806,-0.09362503946147704,0.16363568276804746,0.6696545076724303,-1.6306935465695636,-0.263060845166471,-1.169115950139601,0.6045776687635501,0.41155578762919226,0.5349660454062103,2.0384382693631586,-0.09177968332918318,-0.5833298030893984,0.1021621695486337,1.400263790175487,0.3053058699082072,1.6419550439832111,-1.488749574372654,-0.03621876442367989,0.7122232906460685,-0.8523123699211758,-1.0327081804406182,-0.4990733482900911,-0.6312983924193112,-0.5816021653826527,-0.622398649940599,0.06433149133193303,-1.0951821807780993,1.1785329450158841,-0.7818265317238569,0.39419586174782495,0.22971594978862192,0.07163550040744752,-0.1696944204482941,-0.1458963932276969,0.3984996379750482,-0.44992328435806533,1.795336747652871,-0.9247936745134892
0.3353439596127606,1.079090456813806,0.38539915990156504,-1.1796208595105506,0.9420914646698921,-0.24917695949809898,1.1420436867673647,-1.0110644682643246,1.4315461630558521,1.4571308494036779,0.987107430162422,-0.9053668174539248,-1.6284176969486843,0.672624545045314,1.1772228387682522,-0.3773639234128066,1.8588541860452155,1.0833660199135438,-0.04017356128494799,-2.558181949664053,-0.45960166084742105,-0.811867155916038,0.1267299785243062,-1.4521481173380306,-1.212406726025587,-1.1719608725379231,-0.28052092506575044,1.382750449985657,0.46946329749542515,1.649496448756849,-0.7216281578751611,1.0158849510145833,0.13463881988057852,-2.0270941486004332,0.9840461083868481,0.2227524792288584,0.49653176872103416,-1.4561681938466087,1.1106029516927143,-0.6799033469193302,0.5719504109866171,1.1013995583235194,-1.8232754619659415,-0.15464597096154276,-0.7799885532303494,-0.7379476391046643,0.650677900333065,-0.9433588875217278,-0.005353479610390501,0.19860098345230423
-0.6252799193049439,-0.008712739072543161,0.025064833146311267,-0.8231196956033403,1.2915314753078313,-1.4020531189451166,0.8829950768129414,0.3054016994325905,-1.5103712280564725,-0.6243122994968284,-1.3283133555466564,0.2817062010195736,-1.8942894804571644,0.454816882814061,1.0956243824576548,-0.663724774127909,0.1134777163099882,1.7411029503608921,-0.4878420909749059,1.5477012487502644,1.3920191707791834,-0.7058689744033411,0.2085798110639486,0.10374026638933237,-0.2525979323580472,-1.8567382082812682,-1.4249787572311383,-0.32171438971443306,0.6143320318479817,0.03553189778234355,0.9174060125951453,-0.6877461291910547,-0.5618800184403744,-1.047589626082294,0.13880373367097756,-0.3897695066704827,-0.14955074548356648,0.900841346824987,0.2763497288047637,-0.6177121034398831,-1.583289362782501,0.8096651974324965,0.9157587284059672,1.203715096634878,0.1128159621850547,1.2211453002585693,-1.065049112400786,-0.17012512044419684,0.4447294995576507,-0.12829883224081073
-0.7267417277064889,1.421948039060385,0.27538175577630625,-0.25298291918242044,-0.1941293680817879,0.14060876994613253,0.40693788658010943,0.8125017356917775,-0.33589533395466803,-2.7432289651660873,0.16349295993808535,-1.728160486748112,-0.5783792416531119,1.622579165496445,0.3490553051179031,-0.800758897281045,1.8497790297877696,-0.6762156411086154,-1.1202635231093503,1.0076192185996613,0.9740493221130385,0.44599758405714185,1.1263198700901291,-0.4482101012218827,0.23999774607165678,-0.16986246024366833,-1.3058294234508794,0.640348800949224,0.34484419605254907,0.9294180296327115,0.12261911285217206,-1.9958672710988543,0.02705988399779583,-1.1080673832137982,-0.8207568708568169,1.1352177084663002,0.19529959243980868,1.6090069704171024,1.0473058723265605,0.6464726090546845,-1.5154969252134605,0.9058756397401695,0.6883389826269969,-1.177145410611101,0.07096065834226067,-0.570552445572958,-0.595883296294373,-0.7662399706499007,0.6115842462872343,-1.916012616928698
-0.4710939358769102,-0.032947352711633585,0.6803832891682481,-1.41595469845741,-0.9451947407910879,0.4723671460855186,-0.9033638825824495,0.2878611702540844,-1.0666978878854385,3.5036224613615388,-0.05008530231188052,-0.07843944619614782,-1.4151092411160817,-0.38691229634029545,-0.49881244485510734,0.881182634267397,0.7922705603690499,0.2786429369524406,-0.34897401538407524,-0.5506494320233236,-0.4744800724230861,-0.2209099852176226,0.3238916711116481,0.35071346323029995,1.2952485274544054,-0.344357792560234,2.805991870512333,-0.36301088630769074,0.7300555850142855,-1.5473106210860168,-0.22660598049190125,3.0760582420683966,1.2980667638643164,1.1759654949517226,3.1306703201935786,0.20846943005152524,1.3373660313697786,0.3494860845753851,-1.7017566530671913,0.47878159731698244,2.7515528819898516,-1.3890313039740887,-0.5027576131474741,-0.28274985397317387,0.3440468493598271,2.335826128028621,-0.16346505515203674,0.2836350791937037,0.5195761688481344,0.9328443948124047
-1.206909491056492,0.8127352317895572,-1.0945491795060551,-0.013724202032764898,-0.10261632337672195,0.2929951371568437,0.7801568670426174,1.7111538294535085,-1.4232769077703844,0.4541152294609277,-1.9800571321865528,-0.1671084126309166,-1.388123273351407,-2.045511491258945,-1.890136757385485,2.5190011038696505,-0.6841955586618551,-1.1561184602059646,-0.2164070398091428,-0.053821540241103936,-1.0142237839817068,-1.5657203050536364,0.11146478021422228,0.8799989295440944,0.9871322525493821,-0.8284956559601877,-0.8886615121708819,-1.201156180793678,0.2753793881180693,-1.7784906295872565,-2.1525083104159677,-0.5721152451142595,2.4303503233327772,1.0565322968773163,-0.5311736620521018,0.02620839538406393,2.0465093720339795,0.4129049738813262,-0.5456440112684374,-0.01816673581182893,0.4190325111504479,-1.6768239144771053,-0.06227604686729302,1.0890607434162396,0.5014085491207869,0.8406424457993892,-0.5458429291180179,1.480451556554605,-0.2778622295283518,-0.267247970743347
-0.8352748223308976,-0.8303068845401487,-0.7365025452711492,0.3555147186997632,0.40617372152934356,1.7349529341179968,-0.9920720888297314,-1.7945678709478576,1.5229935915139454,-0.7989137423551489,1.355456912177403,0.6543010999970845,0.5240082174850893,-1.0911674746231876,1.8098079032615964,-0.6725703699839267,-0.113256146731048,-0.07445219099046908,0.4063437002688681,1.5104224277756821,0.932684023823192,1.0644269807642965,0.3780986072031585,-1.5807619440947436,-0.09208195275492584,0.6319183668565954,-0.13493827398425046,0.47083456686316694,0.40762273910126623,-0.4509007480410905,-1.5331786152810836,-0.6047151583488704,-2.633419677403859,0.6572620303246952,0.538224474776379,0.14476798071248106,-1.6392111989722742,-1.012079758980305,-0.8667305304947397,0.45447939127993714,-0.1347998724706759,0.673889223896259,-0.7488703356814395,-1.4873647760378057,0.2589707287810421,0.639457750897704,2.3679874053698993,-1.427868941183742,-1.2332552460652708,1.5192534557465889
-0.9152510825724319,-0.7813495295532762,0.4611306061226238,-1.003743473777156,1.993836301379493,-0.2741924874684822,0.19735228261376164,0.7720181662624415,-0.6075888458233193,1.5995068831654085,-1.3972447361547735,0.15023257025381184,0.42853289431761843,-0.87934574268356,-1.5143790264439578,0.022606095694645244,-0.08736289918570576,-0.7154453944653629,0.28303579590966715,1.235028701685457,-1.0321422522411832,-0.32214405963315285,-0.5660272669366735,1.7057816314914878,-0.16723848384244877,-2.3174666184172246,0.35331199723123385,-0.42418495963039465,-0.46303386164460525,-1.1261278313953402,0.07670847808681208,-0.40515882927218483,1.1985588217224816,0.34044367427726796,1.2812811660324932,-0.45238578189170137,0.43224287107773585,-0.17170498944823606,-0.3104627062017725,0.293680458776862,2.0599940512953334,2.050545144765817,1.643218362638818,0.7942479388230005,2.832044278358486,0.2563390109082937,-1.1640374884154892,1.0400815149011302,0.6238540420570301,0.21448711578776394
-0.12480368235436033,-0.5474527126662164,-0.22585397226208345,-1.8496609848396794,1.0664121358986616,-0.9003303007831674,-0.8986314144393396,-0.842707296923151,-0.12622981017523863,-0.17884929558365778,0.8351918926165639,1.6053429346013486,1.648520824507349,-3.048945868213511,1.2199658820207289,0.6431719091675719,-0.11407649481982764,0.7042343952732063,0.5525846702567121,0.7132185816524325,-0.47180835603614746,0.4826709235020888,-0.09267823654333661,-0.6172563802952876,0.4789200970410608,-1.1491912082624938,-1.2711847598244026,-0.8899320003859466,0.5141487214794616,0.9979153559503653,0.178185161882635,0.40114205749909515,-0.5793479000136894,-0.048976502540233426,0.11866041024491415,-0.2594200847738723,-0.5300832031902417,-0.8913539489208885,-0.5906398557053162,0.055202783025942385,-0.16351236349163484,1.4659872150158761,0.08104108843579456,-1.182125081351857,-1.5654485898232635,-0.5215361198141665,0.8478528816959976,-0.8773649812113826,-0.515585222303791,0.9484888379733413
-0.4159414916945248,0.7585357834797669,1.8381728690431365,0.838685845710395,-1.7483784095946207,0.8215884789257737,0.35922109602469093,0.4561370754348273,-0.5134219652085736,-0.5182169158123733,-0.9440681635528685,0.10474764847175355,-0.7678398244917755,0.005777507013862244,-0.21908947178307536,0.5331322982476294,0.1075860338656644,0.66028004095095,-1.2133120132907922,-0.07187954927967566,0.6545452880486418,-0.5759695148822919,-0.3955281673049217,-1.4729510390217657,-0.11232250524047314,0.9138397314981292,-0.6781265828380032,0.21340635605411484,0.6740807825295292,0.37947975296158043,-0.48952102136647097,-1.0409786855223297,0.6296591953532571,0.650038720919306,0.44320081795688937,0.6097601368175907,0.6932517007145401,1.6371057161374987,-0.0689011193931231,-1.2707029456192684,-0.8865826305320799,-1.0860721191617855,0.32684276548770946,-0.30841688668357514,1.2490440605366886,0.07950951754167074,0.1703973022719038,0.05034427040584149,-0.8933037420450272,0.5820208772721689
1.4172183390347228,0.34160359437790777,0.2121269970716555,-0.2754532255489007,-1.5525205096379826,-1.608354713156387,-0.33132393538247484,0.1976665775987803,-0.7307758755974679,-1.6202601008747406,-0.4705874366839876,0.7065419165878817,-0.7391305003380377,-1.239621620499777,-0.6817858721672593,0.6860738375005188,-0.6359068558196035,1.4652467525617086,-0.0700842941383098,0.48022097975932115,1.5750676407128223,0.7634800963101999,-2.476879258882565,0.6717555138389562,-1.0862687930297845,-0.12325927364815752,-0.04365721431219168,-0.49097195441907576,-0.27505377660816227,1.4928729136788963,1.0783558349018778,-1.1340977401968668,-0.2175615610609775,1.7080476674286251,-0.11559940886007115,-0.41665458359043894,-0.5750740028998452,0.9195527628937724,-0.7722777609822586,-0.48412709451017716,-0.8795419734193772,-0.6400401719328243,0.715445888894552,0.47659242953816033,1.203439586860403,-0.5651364680350348,-0.510985111515389,0.7437089165363645,-0.19401170298897166,2.4445723406146107
-1.4512293648876444,0.3963221479411038,0.3858736527682183,0.5870922546600833,-1.1241680977962714,-1.1898787255833903,-0.23883556356219304,-1.5798613449663759,2.009237635449415,-0.4414042627657346,1.5134741402916796,0.11272019424337068,-0.6371769673922726,1.2847089596510008,0.24660870234812607,-0.08634702926359675,-0.2869826499360369,0.39079223231715565,-0.7906029049661495,-0.9097808966473342,0.4020775002954345,-1.4370634916529683,-0.10446908503727617,-0.9824894935647908,0.09340546833177323,1.3208153111586125,-0.259484192626649,-0.5328158969973745,-0.1219865773786474,-0.07206333250889058,0.7770660265413543,-0.7971175308266004,-0.22811785963234768,-0.4997231802318516,-0.05847455553242267,-0.5643201491702929,0.051671757038924356,-1.9790903521829255,0.9668855764301846,-1.5956031824185797,0.1458549380130781,-0.7930105189333545,-1.7329535339127693,-0.7232474670378877,-0.4716539258841864,0.2712866577899424,-0.6828781924197024,-0.4684988967459414,1.7329952026449058,-0.9532174948809223
1.1408460609119333,-0.485362136487995,-1.1813651934513911,-0.3479415936238173,0.9894218979639444,0.5793192568817197,-0.5037348643291754,-0.41151245959232274,0.31679434205726614,0.727314216586996,-0.1664345800304837,1.1424222353492284,0.3382280447807325,-0.1290141171485249,-0.4499081822045505,0.06596147130454404,-0.5456210005441339,0.4313338891220296,0.38712338699240517,1.3669657573974971,-0.11349869261769957,0.5163866307726958,0.08566084442288471,0.12923471497189987,-0.5893881446336806,-0.41579025824808563,1.1483211210390292,0.4475900758073483,-0.5027389916915932,-0.3610355059040044,0.6247298422421796,0.40268045664811825,-0.6040531067574373,-0.41228000335701886,0.976524990364317,-0.830506545815511,-0.43898855659240144,-1.110506846499772,1.4034726572648084,-0.2781850994056559,1.1185779901217798,0.17642804533250608,-0.6726753222241849,-0.04846007695257993,0.1199617633114942,-0.7541403719277154,0.7116852158805685,-0.06230714038042029,-1.540696189915878,-0.8503542135203839
1.4793871438493746,-1.3992584434425202,-0.4852789622758047,1.177904330785644,-0.23946237647582602,-0.1440706864181835,-1.342448765151023,-0.21906884294187748,0.1439091824897166,0.7094219606091686,0.38858444392994185,1.6384640987448227,0.9158759168180268,0.334017061165876,-2.2373597315457148,1.772700328183367,-2.3620707118393036,1.0268676175554667,0.6874934293226773,0.07617426204310622,0.38304852038417936,1.1229185280492933,-1.6296575403177713,0.17307424712387756,-1.7916425752797567,0.44684203524266225,0.39050089851523423,1.0615802019452056,-0.15723994551297713,0.3135628828226909,-0.5615671717621659,0.5379893916882711,-1.3076782721647215,-0.4353121572651901,-1.0111966752101842,-1.8354227914886472,-1.373501936446825,0.45382069424250737,0.5177118059968151,-2.0031750456768638,-0.10662974909569176,1.1945778833507028,1.3013677789430367,1.5736581768801303,1.4191990930136327,-0.3635587325249511,0.07270597310054018,1.7805711868796326,0.4616257022242284,0.02836607146960446
1.1900452214621384,1.40092418920604,-1.4506228690817176,0.712866207544329,1.7595426309301905,-0.20001646536053883,1.247447395783735,-1.3094551188396588,0.9360806828044577,2.0577770586315607,0.393373055665329,0.7500283563621796,-0.9690903249713013,-0.11477334610837267,-0.1691741137970943,-0.09656206507664093,-2.007360639999001,-0.15769402483043984,1.655795249124798,0.34779305644602465,-2.21770476233651,-0.6306179883093219,0.9911871422302921,0.29364124987038465,-0.13503737008298988,0.556914560942941,1.8513791602762184,1.2571874109074477,-0.31269699821685953,-1.308010329095666,0.8396429770578943,1.9656001571747979,0.9573078685198246,0.5376764441762898,0.8761778328362967,-1.7918362650175383,-0.7175249106849159,-2.242033746108306,-0.11922434707343403,-0.28029710248486894,1.9823760638454109,1.8434920284339926,0.16268497874166568,-0.03984509330155963,-1.463308356143093,-0.1622575048821483,0.7838737246340732,0.4600445013352583,-0.16585490152747187,0.042205654803807516
1.718113482819237,0.06262119545700844,-0.03650555608998742,1.4321825663680017,0.4249675985318224,-0.36830052502323174,0.3741522153516664,-0.4041618635625311,0.33574167653529086,-0.5810798023404089,0.49590627005569904,2.2762132815599574,1.0993363977843074,-2.180487131231513,-0.07154020034273749,-0.029940156787980978,-0.6479803549805667,2.16901716917173,0.9519364296173858,1.509251766154375,1.2478637817889178,0.4307452805850694,-1.1890782394580865,-1.3985020668229107,0.9611507762613387,0.6255920695559168,0.059618037197861205,1.810082805863308,-1.2242459615432502,0.9078113368006803,0.053456888127419486,-1.8091920168472326,-1.3079443513703441,-0.9490464467466575,0.8365710927624389,-1.4936269230527237,-1.7253935667778864,-0.5792087040182043,-0.28237782823801005,-2.0089464004340223,-0.9826328697819765,0.44759884074397366,-1.1214067249596087,0.05239600224465919,1.2687319274695648,-1.4116006418038995,0.4333653853726486,-0.09544003316866782,0.7771550077973787,-0.0197166820587378
1.7993452706414699,-2.0519580691373513,-0.8969591041454059,1.7733453043746141,0.4559495663582277,0.26304153202884395,-0.6364651117023368,-2.2269763275396457,2.5144992857284896,-0.36041632633130577,2.293452310774261,0.8304939100288442,0.9152049877779614,0.11080423336376655,-0.43518679191882464,0.357649983088141,-1.8274736738611448,-0.5941827031333384,1.5975126449252188,0.8040911312265812,0.014367958326261343,0.8980283602653228,1.915005190728012,0.03158402907513703,0.6383092382012767,1.9568265648501943,0.601114118989561,-0.41822353381493504,0.5644010306277185,-1.8330748512025699,-0.47063864027060087,0.2241264506481842,-1.6448606819801477,0.3384308185941724,0.025411828752468512,-1.2174433807877092,-2.321574941026487,-1.7371638974497374,-1.3307179873701604,-0.9589244225845884,0.06769693022992151,-0.10790057025801282,-0.07258077974419523,-0.3962038618926422,-0.5698268094668903,0.5092609387437578,1.468815187448684,-0.11625804071660072,0.7955529097650962,-0.8395115913183935
-0.5247943779666744,-1.5039201096896846,-0.025182859507474578,0.9411172722859782,-1.19606593368686,-0.0009939719414037388,-0.4593125829870308,0.16191718599666466,0.05392980686196436,1.0845534281556477,0.3158236134531043,0.2731211165835267,-0.4155102317511842,-1.0704813093645413,-0.246182783679792,-0.6965188633904109,-0.2926316360635579,0.39298707379072495,0.489602781774182,-0.4117675852380686,-0.17344054473335918,-0.48943430302376884,0.7930893009598624,-1.0196239137712915,-0.986842107996651,0.3922945383410221,0.6345604679418634,0.33227034402137595,-0.7657633003162249,0.4826674319305108,-0.7201191155046994,0.6495776256815511,-0.6838874553642023,0.16228181876121783,0.8846397290440504,0.4461827406414836,0.27403649176638695,-0.37268245573424225,0.17548330880450688,-1.5733659560582993,1.3423754713656482,-1.6643792162323745,-1.0019379009311797,0.3412683208613221,0.8263868972027489,0.31723355138773507,0.8707468192971054,0.11589339662450572,-0.7845178098506227,-1.610845963132417
-0.6961692976094379,1.1127171401917568,0.8400306851247423,0.5502420363904581,0.9640710065955196,1.6872505984634316,-1.599923826665706,1.0344981687078332,0.2694162598185854,0.28351147800115933,-1.0081942604623155,0.33533955446027663,1.7218459580460455,1.5380858141910176,-1.059251680119029,0.568696422527561,0.23807481078413065,1.3077724321371549,-1.6608846211218171,-0.6330464760112448,0.8614923840112182,0.6749775385278938,-1.8839472255501655,1.137283352881061,-0.6473363672019733,-0.45298723774318134,-2.5301983918185145,0.0731062054101772,-0.04044867208122068,-0.49846048752956135,0.29840480882697745,-0.8377029955499373,-0.04219330246588842,-0.8174056463114563,0.39852341397919805,-1.4996442643538177,1.008842766455062,1.1332207160506815,0.5758807056415933,0.8796246734661083,-0.599976032701218,0.4749326187880941,1.3773202473602928,0.4463602164300255,0.7937735258780895,1.33332631655114,-0.8021622483922374,0.9195015122388779,-0.13230932070292778,0.6503542289483558
2.2323216070482936,-0.8432369109478063,-0.5741515913955406,1.4355823656877864,0.8650573167504962,-0.6631717472039276,0.16278361425988358,-0.9845531362909468,1.7718551169940515,-1.4091263820347453,1.5369596490156363,0.12474031745592055,0.03353017642870441,0.9050880229424914,0.1580452577809705,-1.1716122020759412,-0.4754394010692337,0.5816390772586695,0.7583902656787103,0.20428502706321394,-0.14937103641161167,0.5991531339528723,0.27572424076020285,-0.7998841558810833,0.5884752810349091,1.4528394334175432,-1.2612234058689649,0.22249063397306473,1.0815497345294265,1.339793870742262,-0.28612758099851093,-1.5921690199212173,-1.3061031851714997,-1.7531487247835162,-0.7470017430160764,0.8411245556461174,-1.8999463852806675,-0.054151287944108735,0.2774459489197422,-0.24947274566662933,-0.6089651196363269,0.17364339869730377,-0.6602123542237968,-1.4781843130391423,-0.34227224467843087,-1.5066423098700146,1.3689576331611333,-1.0522808774407408,-0.9599690251171382,1.219548115071238
-0.5887787933265495,-0.9379070700574741,-1.7301249050780783,-0.7811479555253984,0.6463124983383624,0.9331013884043011,0.3868197457546588,-1.6806435560243593,0.04016152673684786,0.17468068963945105,0.08438193867783032,-0.4561672796731103,2.120898178854479,0.2923150792703908,0.4224746860098051,-0.9353046110229337,-0.7398022659170104,0.38060599112861626,0.9616189097570077,0.4961899778131079,1.2076805790175973,-1.159867104962301,0.31559806369377635,-0.6198489329497977,0.4048264128284174,0.22393254154407746,-0.01717163136085264,-0.6974157168887488,-0.2335552310270318,-0.5356232423692225,-0.16398363191205925,0.3135248259310931,0.22385163133459457,2.3463260112311035,-0.671469556056254,-0.4425236961393492,-0.09130266719951392,-0.9548690594091468,-0.16201779617058332,-0.7168447519836438,-0.013549093054219792,-0.33473860847645226,-0.8658224934187468,-1.1706234870394605,-0.2727952203311271,-0.22535707546937775,2.0859262381768957,-0.5952214215670929,-1.0164832936713648,-0.34308728182769477
0.4169686145986406,-0.2527721812104843,-0.852215900247791,1.0707970192492307,0.7726905848411018,-1.3271301181073625,0.43047537994652085,1.5769830613832534,-0.5281940630272561,-1.08202450812959,-1.3375992632034301,0.515326621502925,-0.6624887483610874,-0.21227720282635631,-1.2864622375689487,0.267052523875682,-1.1220805761619073,-0.07600847390906434,0.5379502831470044,0.20761951251782937,0.09789988642451354,-1.2633356963530404,-0.2193065744541063,-0.5029006739205728,1.4255761870264638,-0.3870805050771507,0.6238851697172814,-0.7419032071967796,0.2388313196578382,-0.15645333352726043,0.05211986911529497,-1.942364483961684,-0.04178742203586151,-0.03677177363496872,-1.6699409520426183,-0.9771071296123319,0.4304018633190197,0.9911931439642329,-0.5824983658185547,-1.444897285796299,-0.039572750969705854,0.5509872073751694,0.06698787342498715,1.335656967708779,1.7716339594586443,-0.08162203622872206,-0.07915389868216292,1.549815423712041,-0.5952903451831594,-1.0062258825150845
0.7248843389715248,0.6163070213117761,-1.984103216304251,-0.4064064519687561,-0.6549757494427533,0.43668134031155975,1.2145696311113892,-0.6791102167283808,-0.032085633923482224,0.7279538008728008,0.1266526161429264,-1.3066821112445803,1.0501926032322262,-0.776363174803654,1.1654443751781203,-1.422387155557995,0.8125534356457136,-2.2557657697682196,1.2296525250063512,0.8276056814554505,0.9790788916278046,0.5547841782360977,2.348400912087784,-0.8822422429880902,-0.02561915974991669,0.02152309467645285,-1.2433411617752361,-2.4004283421525296,0.5357532767655621,-0.47919914930684543,0.058942207281157406,-0.07841959903437641,0.17600040319397478,0.885372461068334,1.6796478440593576,2.068530000801248,-0.5903746866323767,-0.050404617382797175,-0.15251853965172768,1.1964099351274489,0.42206334167318593,-0.20940671824158474,-0.16573986757095732,-1.2268263490061853,-0.37136847256573546,0.3905708452445238,1.7732432838131702,-1.6622767691702345,-1.1691271052376024,-1.9365041737116424
-0.34748896778163835,0.24174157465365548,1.2357966110042478,1.4343043454308035,-1.6100869400900806,0.503166171543939,0.7323910932531866,-0.822838297105207,0.4065598533357719,-1.2252369699817687,-0.12759990360320755,-1.172874768443752,0.21458983771093793,0.4076262506322975,1.595176045522308,-1.4311331601213468,1.183834873215111,0.4458958078049459,0.27865743976162316,0.20531409129497108,0.011299569289254642,1.2133866601384358,0.3712898264397849,-0.6142171993916556,1.9540345352212196,1.0340305499043125,-0.6746506956446475,-0.3113672752095759,-0.0005776408261133808,1.0810112085365304,0.8745016585532401,-1.5148598699906168,0.5512033167671402,-0.04539038076104889,0.4009116480557938,0.778638174871378,0.4879035109451459,-0.4796496148640124,-1.9723662292500923,0.6318429116755495,-0.17597310602226277,-0.50048694863525,0.08488967853265382,-0.7952202279207712,0.29893424875386765,-0.16639009903116705,-0.7123128188813083,-0.8759798953586748,1.4355022525827568,1.1103118887775465
-0.08826265428629469,0.4632403155389215,0.8370317234354906,-1.130163004027597,0.2755300524023836,-1.71444498951385,-0.1537201954926037,-0.1633871038640132,0.21694710734177206,0.2537056560614593,0.05580894048955576,0.47063400898987306,-0.5691980636426348,-0.5502277575870188,0.4753166808467707,0.5811139827323741,0.02834072523176967,-0.014003734772961062,-0.35091514446700883,0.18629150528536245,-0.7081892623584348,0.5100741942539238,0.7978664755593337,0.28656006926481464,0.558472232511325,-1.3672619907136139,0.63958667217153,-0.5647888571617935,-0.46576640414680154,0.47277573822735075,1.370834387460161,0.0018176629828097843,0.8496027674967936,-0.5231798145696125,-1.0067472010584069,-0.2587305978113841,-0.19064525546558028,-1.1789221564333334,-0.4537613010738764,1.3790493286266894,0.12563932840625186,0.9571818156419899,0.1475468166936734,-0.05084616480226375,0.24341611466617147,0.4189684754952198,-0.7954022450614572,0.08619801112340678,0.8641577493172777,-0.04712689064079776
-0.04681008023169627,-0.24885002823880387,-1.8551606570898997,0.6412533972129633,0.6791870625887912,-1.2250960318802802,0.6771941020547693,1.2909851485888382,0.6755733386137773,-1.186628702299122,-0.6831465566701453,0.6560922112150632,-0.0913889605753194,0.5353487462801323,-0.7312320070432565,1.282284306557166,-1.569881956961447,0.30397462381561513,-0.04534100689337433,1.0182549624398076,-1.075679811114003,-0.7616914402198451,-1.210309251815318,1.3690243192603064,0.4436495136718428,0.8006566412370225,-0.797721316213348,-1.1476969329655182,-0.9184287552629784,-0.22794602736737019,0.28805406617441387,-1.0565642689004915,0.8782462502294879,0.13704408899406217,-0.8840902406578106,-1.2866527335743452,0.6687933155469675,-0.5581202359386302,-0.31818938678216113,-1.1433164474228028,-0.9217411742928714,-1.6315637836471293,-0.22889998029058373,0.3344593600356379,1.6309346547453125,0.2840988356386802,-0.6952973526940951,1.6294967186799136,0.6146465422561573,0.294012189728874
1.1274721749235914,-0.27809389510452487,-1.2587321903851534,-0.09412212166319817,-0.38198850407424334,0.21938149416380912,0.6258991976785245,0.422796947129209,-0.7017733959848262,-1.039412060259747,2.004092357363568,-3.308865299929818,-0.5308849609159926,1.316214480784253,0.3395492019352057,0.7893390436428752,2.2931918847609216,-3.2774773791161924,1.363995723176127,0.23403828099331686,1.3523467137184173,1.6589239678563754,-0.428171039142589,0.34275131411254733,0.8079888327750534,-1.1624988588138818,-1.459604872058985,0.1366136902224959,0.5245424448816771,0.24512827365198464,-0.07746051214196835,-1.5650581143266935,-0.9675384251783959,0.6031486600092285,1.5194806882133336,1.6030397116115505,-1.4183212829331815,2.0593830023730275,0.5288308584077752,1.089134615628342,-0.17418351199292081,-0.1949980089652464,0.9701623783430099,-0.06673480070641843,-0.13195955257381647,-1.1928512980725254,0.03538911840277451,-0.4172472601835703,0.1551655637931657,-0.9123888686710565
-0.238972000255858,1.0873017726108622,-0.8343935976628344,0.007238830757771492,-1.2436857100340601,-0.4281215287106472,0.5563136418902793,1.744093586425263,-1.623372373083211,-1.4933728680240415,-0.6695023400080926,-0.8452180811368818,-0.5301612566002042,0.5060576109959464,-0.9417913699014473,0.8983097044309533,0.07334548537441997,0.015403975983954214,-1.242989773040575,-0.46633365525551146,1.211258814253556,0.5240111301115961,-1.4950887119497194,0.4171230790363965,0.695482985731127,-0.05552059977632353,-2.3395493734176824,-0.29040246452721497,-0.1796571483583279,0.5108453101747648,0.5544733172793708,-0.8400022454634847,-0.5575586289480374,-0.4934893698574627,-1.3087413211067753,0.2531598151859235,0.8419940349360265,1.5397142930746734,-0.8108947322301017,-0.03257195885407068,-1.7825572258115558,-0.720196132559782,0.10981976945911293,0.7764070201094612,0.7251911870145527,0.42209374205977007,-0.3936830956541149,0.8501208844395992,-0.8269340387631507,0.6424709877601772
0.30742035932089784,0.5326043911466896,-0.05769734484912519,-0.7705082173777131,1.8702965389616142,-1.3019150746591308,1.9369978073753864,-0.4175351526666762,-0.10071259016535881,1.1025823380379294,0.23064740918400534,0.082771444074219,-0.9967361182460023,-0.4154755746218403,-0.39597134906579856,-0.026839867931171577,-0.2421134913551948,0.07175918268154044,0.9339137579936551,0.09688743558770174,2.0343918849286746,1.3384512018290002,-0.8581205981678165,1.3896267314480724,0.6754804610461665,-0.41398975368570257,-0.5546427391157732,0.29445340304476675,0.1511696797075093,-0.8586611773376643,1.8658879183358894,0.7771032743751939,-1.09464548527927,0.2079732984967129,0.40575408294792,-1.1799312668022586,-0.27926877602284006,0.31336917790986,-0.7390345615235653,1.2836054940342283,0.03058633622238136,1.31150303333744,0.8530892015178163,-0.1699162628238999,0.08641191219081697,0.22865475868824517,-1.0717091530856637,0.046367877973486044,1.5120710301824836,0.6959390862806935
1.4971297536708426,-1.1259084288704901,-1.2384524557734784,-1.4906341125715612,1.2021730681684761,0.6293389977146379,-1.3978456800466033,1.3201580602038323,-0.9781854704653876,-0.49848517024427574,-0.8597840886055127,0.7400871821975451,0.8781775409861065,0.05832894410475565,-1.0128636015210841,0.5162323386897595,-1.1941547184538597,1.0988410538794162,-0.1841245246886748,0.5944558780141244,0.16547274654879263,-0.339941006991837,-0.6839558058083743,-0.17249748554358593,-0.01804296947075732,-1.8010679233709883,-0.73370290259574,0.4623095402840596,0.5067372413332126,1.3317882109810217,-1.7958029537955624,-0.024464084330275505,-0.5561900865442887,-0.1322470584487184,-2.2535787060954067,0.2263821674687158,0.30345235893346345,0.439520155361685,1.120249247953918,-1.320613314900849,-0.9196898880221261,-0.1406716898233146,0.06555956412283401,0.8445455477104392,-1.527411377733657,-1.0866788468810964,0.8417795002970395,1.033469026418702,-1.5050360308498505,0.357570480065378
1.2797969445532487,-1.223121882596683,-0.1476957562485701,-1.6711694815726594,0.902870451838463,0.12741653966741442,-1.6626939725418655,-2.047858907630183,0.2990304440284905,-0.17443259684989332,0.4277270305622673,-0.5801641750660405,0.3776077680048465,0.27046376319154825,0.837901810838821,0.642609644343479,-0.08351800210022436,1.1431128228158245,0.22899381761874668,0.05132197670270654,1.3355852681414293,0.6254697715681998,-2.412493595651847,-0.894398563544612,-0.9206400910792365,-1.3364717666739812,0.3970615812936269,-0.45421155839520105,0.17322600652653586,1.9022203193582088,-0.09704913747505985,0.35177789906491547,-0.35125765812440146,0.8429043465733779,2.184737438770402,-0.001121122683742068,-1.5955916511880677,-0.6137727961223172,-0.4100532180685685,-0.9450714945605412,0.6280946747266253,-0.7422890058177771,-0.8735638853218459,-1.0323918411421866,-1.6143678123777805,-1.7806649518855842,0.9794963192105762,-0.2655556957314745,-0.26768519550131176,2.0605334019745585
-0.569248063470697,-1.3700200917435785,-1.1173269359018396,-0.44474750523217277,-0.8491973659387234,1.3644603991182014,0.11450142218180934,0.010488623465089622,0.16295967964972485,-0.4313796435333387,1.0941361398650231,-2.483438852474683,0.43911236436561357,0.14906531972224302,1.9639458447961124,-2.3946082538948055,1.977918383729335,-0.2717445052710589,0.40656411687593297,-1.6271503345348826,-1.520517249011968,0.18843798079970375,1.0251956691419493,-0.9075226942812913,-0.25930041739434934,0.8116664287010957,-0.23044355094035632,0.036245706051324614,0.44480311822382285,0.4906728751007937,-2.030479920227237,-0.3912944090222675,1.2382582324327016,0.8633455717816938,-0.25941377335109733,1.884453002189595,0.8191481287485182,-0.720017453151643,0.7478886836149091,1.1182178254093609,0.6810381936184385,-2.0631743698149765,-1.1250948962989744,-1.693722815714141,-0.6713889027942096,-0.7935212661062938,1.4849290315159926,-1.7527967936191649,-2.0858364048789033,1.156890128654654
0.3616589071316891,3.7984840646631532,1.3388986780703827,1.7873067459732805,1.1220774223620897,-1.9660827437136315,2.5207763431589814,0.8622309624131843,-0.5772309727703118,-1.9459791433679121,-0.5630414243474735,-0.26061287890938295,-0.2033786574660266,0.3729302105715583,-1.0461913814626294,1.505890869428334,0.32765058674674696,-1.1471504724444777,-2.339039011251011,-1.1534156540753182,0.1220499480237845,-0.47845815275341463,1.2003089557014321,1.547787799307078,0.2297101661243423,0.056830211396616405,-0.21891620690529248,0.5109986250326466,0.6950393612694097,-1.0511091206150198,2.2387887340161408,-1.2812372204592573,0.8955541873902517,-0.06567650387498827,-0.3382680838672364,-0.9626779237192827,1.4569497333787806,1.5022055712431734,-0.3651390952745598,0.5645502049641155,-0.03890740013613608,0.549559468409431,1.5459381778680599,1.3553692271602644,-1.0325845792019865,3.1081968625187417,-2.1326238680811107,1.3379505759711345,1.9553884427698445,-2.265839989853211
0.29409581087973463,-0.31054640030535663,-0.4363516731767561,-0.6258544693291769,0.7859418559683626,-0.17259453710253927,1.2449254415788749,0.9266103333735978,-0.09884663523669056,-0.6270486121267922,-0.7806653781991677,-2.6529174887678413,1.1650179872049136,1.258981102260678,0.5009701655668002,-1.1552684868857448,2.5880285820015274,-1.9238836117096894,0.18166711136427546,-1.0942006073095887,2.330511563833754,0.6158366052073534,-0.8684156771419053,0.7543461449095993,0.06280880233377126,-0.6614697543027702,-0.6281573599921322,0.13583866779526424,0.19398854139717628,-0.32641247203959745,-1.309005925347893,0.13835576208137507,0.09130645724151273,1.5761608348445801,1.7048730016568086,1.2458972159722215,0.8396538951909499,2.029105507650008,0.489392742917072,2.0437229739391016,-0.2748474958194536,0.5602457133257017,1.3315981939622226,0.05642195633738526,-0.6490882504658105,-0.7622827195336832,-0.739772914988298,-0.1459138761204509,0.7024420805990498,-0.7151561869254244
0.1793897400476935,0.7013504848632752,-0.8022229535926372,1.7049782885016986,-2.351697968614336,-0.5979486853436168,0.37931400583168623,0.7769234118845048,-0.11024673390366621,0.05213511505623016,0.03153700024669783,-1.7883576581841056,1.4900848110858111,-0.18849633620182857,0.6736166739904406,-0.29661779495273766,1.299121318841074,-1.0365371007768676,0.6446781425103026,-0.09244362444727496,0.2003144179648329,0.858865765060774,1.4815642887817824,-1.6231175575504408,-0.416283025187925,1.7645514465947374,1.0261825608930266,-0.4497023445317246,-0.6546219497869259,0.6843518758525334,-0.5684861599327986,-0.3145874804476864,0.10337275735649365,1.5133079007207288,-1.3212150698159202,1.2494561707492262,0.19856918879649635,0.5960568828345771,-0.5749729403942692,1.1359379001883405,-0.029079349111587247,-1.5726357416926762,-1.1092723151300308,0.06814729073231925,0.3927691929049599,0.4406585769110871,1.0217070709763643,-0.5910163514165785,-0.00041173960449235504,-2.1258808011782806
0.5187360922875695,-2.760063281105663,-0.9244268754070459,-0.9735058944896249,0.6538088676892908,1.0384100999140815,-0.8766771036883991,-0.5750396792860185,1.2881173286061294,0.9817673334188051,0.555379771924177,-1.1160428415294728,-2.4968472744421857,0.022593437805552626,-0.006370339838078007,-0.49167907094270585,-0.04942187160145941,-0.8399210719822159,1.3334296096820506,0.9046792134493592,0.004953705027048472,0.4903161241503711,-0.07034047388685431,-0.025100063643591925,0.6989400890128503,-0.11852668043327799,1.367548957280751,-0.07120161491518291,-2.076972443073486,-0.281593964767165,-1.3639606753942866,0.8295099430756915,-0.5889319601245635,-2.0908464294039373,-0.6382600698920352,0.004489325026640834,-0.8857634321508294,-0.4923449939301642,0.8192529568431498,0.41314069818577737,-0.06843904261981956,-0.1521518387429221,-0.4147724438551985,-0.7186838465751005,1.255080639490393,-0.3016998988435081,0.5082200345328053,-0.5554006411334615,-0.1453453662479731,0.6208801356203147
0.40074749700215734,0.8580892968686749,-0.6285066921430558,0.3959434478198248,0.7574656464735089,-1.1013455266519832,1.9232973354909726,-0.12080578018248866,0.40804567348020543,1.1460283813353593,0.37108494516273394,0.11996400261365604,-1.5534818449923877,-0.6836999461871989,-0.09613228112771839,0.859261610453434,-0.78040287164222,0.3043257594922965,0.9541045932950845,-1.3266155877071126,1.7298515393078993,0.6906296530105062,-1.6057599962352413,1.2937219882640183,-1.6622810607764469,-0.7741876546685637,-0.029854520535102954,0.5456722106884385,0.685736013613614,0.4020318394587004,0.0838599149598461,-0.9112012164988564,-0.6315404653789977,0.20673500568572523,-0.4353659502611092,0.04716390914644258,0.4788562265310346,0.6170494217055426,-0.03690447451606712,-0.038343852973078345,0.6119704073406093,0.7394240572470925,1.0557965536165241,0.3923865714096005,1.3032236359256926,-0.9623480888271053,-0.6533009955535403,0.45471262855325717,0.6742037514741541,0.05662113485285201
0.7047513494275736,-1.2376097122716527,-1.7761978479377936,-0.5918094612411143,-0.18462905589202847,-0.15873270379362017,-0.31076282157366936,-3.089900942464865,0.8906756192450915,0.5196886403010493,2.5627811728671612,-0.4221644975026652,0.6465284620417717,0.6430710590703895,2.152026888720514,-2.393684393853788,-0.2552734022833135,0.01508710231308344,1.0119312372660676,-0.30120276782255756,-1.0267054208417823,0.018040248703437057,2.2091233314435046,-1.9748816893226624,-1.6955837987107043,-0.3300572795186428,1.7760387266246858,-1.015548505891732,-1.2848760877610759,0.5026659355707186,-0.43530451225413797,0.02368168303592149,0.4524953954916475,1.0971569594044748,-0.3715545438761846,0.6496342542628261,-1.300315857898328,-3.4531258081456566,0.6176405380678766,0.768873902282189,0.9252396936646254,-0.5244838422559502,-3.052895614351203,-2.5613465553151262,-0.5593778526285945,-1.8780386935984794,2.0438792981033345,-2.5127927235639347,-0.697061386878311,0.32912768936272596
-0.5331551064051333,2.4938926898489724,0.5416652132087214,1.364526475791636,0.3893617680300852,-1.1948274137706527,1.662169915852071,0.19908685061362694,0.7869005586980756,-0.4919792985444312,-0.4964845959099389,1.4226780423335355,0.1744580590542725,-0.6460569870761723,-1.9224829904170337,0.9920055234191659,-1.050773563487301,-0.06795998082248825,-1.440659034319372,-1.8743496820457166,-0.484988535840874,-0.6961003897625506,-0.3782217292355468,0.9946910736303917,0.7112250680355316,0.05553303411931769,0.9397002086333809,0.4266522495758631,-0.24943727047202935,-1.660816637958439,1.8705084873411952,-0.25911847253580134,0.7617136770231322,-0.9986861577969381,-0.1504998626358528,-2.315907823795635,1.8071534363538795,-0.31605885003876544,0.15826514508512232,-1.0781705537302344,0.30809636425897885,-0.389016730205417,-0.10492276880841063,1.1185808583387626,1.1784351330810126,2.119011246069893,-1.4862562558856862,1.5046612112973898,1.2903561092644371,-1.2919924971499679
-1.0338933527452248,1.7054559106527105,-0.03945049621515487,0.35249594704059073,-0.18777927581232476,-0.6250632843833701,0.9043848041594914,-0.553602355010922,-0.08015417072335658,1.9826945928320954,-1.4135214422429707,0.43171656314699075,0.5753699420401347,-0.46240341452422845,-0.4559237226281688,1.3284666147861517,-0.7896151629171406,0.37907954090919344,0.2571405103266278,-0.6979802962381413,-2.588122755465207,-0.9897026372912058,0.7289896259073037,-0.579533897999799,-0.11929254091279093,-0.7141290498581264,0.7778898827736745,-1.7771623569035488,1.0536462839937377,-0.9322832155060479,-0.21449397593466543,1.3242945531135508,1.6934904967591127,0.6754309506761557,1.2696212736153596,-0.6075307828844909,0.374789754082863,-1.492426888614606,-1.1516317685790967,-0.8568205360069469,1.78787881453123,-0.185475504508241,-0.9045987124077773,1.1390485237750692,-0.5950695748955211,0.8784951318884737,-0.08413683762522474,0.5170200664837622,1.0151809582288658,-0.3124246771400456
-0.778748787285307,-0.7119219172789467,1.0987903471599294,1.3848824333686918,-2.40184230166063,-0.37988731185757435,0.19626121890150952,1.1661698475395665,-1.0129264227604866,-1.0543096228348994,-0.4126067283412793,-0.1334316675582452,-2.413897121272384,-0.2068801423769708,0.6014567154341002,0.4748414992500182,1.9467024193986902,1.250838490095361,0.588196100075294,-1.0386552254084653,-0.06500629795566949,-1.3920430950486933,0.35814978169235034,-0.9171255500498582,-1.5701571377978298,0.9680972539128037,0.19153102715262474,-0.38075001757489946,-2.6467702072146655,1.8616121259801537,-0.39924119675747816,-1.8414029562393006,0.5022862467289217,-0.03186973436578782,0.5854702638933131,0.7145875075101153,0.5112817736148587,0.7191033432815818,0.21282824988616406,-0.8288467875999825,-1.4286491068515823,-0.8220328888924227,-0.6808955128530227,0.09849520615650595,1.1314735320628964,-0.8631508037080228,-0.30625408240001245,-0.39581767463382306,-0.5367080492359472,-0.017355317438400058
0.2257375137634327,0.5080550325485204,-0.06783614982519608,2.523178200999109,0.5427164546955828,0.17645839088061166,-0.5841466075372213,-0.39258722595298945,1.809035239454698,-0.9798989780500459,-0.8317020201636162,0.2797865244007371,-0.8817894528318624,-0.9595703285918921,0.605605538654053,0.6497936649778965,-0.45820221147439455,0.29466569959888217,-0.6595930842161144,0.15030961955219146,-0.5233272852593603,-1.3485127389593357,0.7356674438894965,-0.6550269128903037,-0.9295804355232762,1.5329835708458137,0.19167552119786574,0.32949235564022167,-0.47411370817779563,0.9177510918869708,0.11961718399368845,-1.6856621708014428,0.5996724890462054,-0.5338256944713002,-0.5136908114468227,0.13387897748595906,0.07461737824268015,-0.03989691862140149,0.48159414265029504,-0.0953931929302629,-0.3635673025808778,0.2002516751430177,-0.4412240807345827,-0.6231454000995743,0.9244712157492093,-0.29974688983632136,0.26284642448592344,-0.2895093586402457,-0.30897268223792573,-0.28982800535542175
0.2610146118808335,0.5422776803643812,-0.9359679928680036,-0.8382900895625203,0.059355847900941665,-1.2826811617685323,1.269287232408439,-0.10070982612085712,0.19630878569212631,0.22463765929948204,0.5028805512463618,-0.1019277137812469,-0.6054151133075489,-0.6607210761256548,-0.15760594277381268,-0.5575289827768214,-0.2479587644589041,-0.6468061315250462,0.9158858303135515,0.8429239404021611,-0.07843319540508423,0.34455954539012573,-0.08360126796332552,0.13525253243756918,-1.953624011757344,-0.4731921754014433,0.3326602461407435,0.31523339593231703,0.9312463158769633,-0.2136490676468454,-0.11993136191708642,1.7021709621306451,0.22539453424365177,0.32248190388229964,0.7239159552032831,-0.3437673270755374,-0.7095776262322514,0.375995118068219,1.0505591473696831,1.016578116594749,0.14973622837340198,-0.2496117741405476,-0.6429277316155446,-0.25522481648014306,-1.9330708486783763,-0.3624455262196254,0.190849602937749,-0.5765754530059447,-0.7396936930638068,0.6100073877049389
-0.5055443135068448,-0.2725781965151748,-0.3101027186386878,-1.0693030073132788,1.0936382686189041,-0.8040407864836625,0.5568996551826627,1.145856069773152,-0.6467636724082997,1.0456758835262008,-0.7959582339156244,0.279017461450335,-1.1643654043850433,-1.8188458467217086,-1.988772503202096,2.0439087385282937,-0.782446359584693,-0.6976724918930075,0.20541281165616082,0.024570396514785268,-0.7391333820718344,-0.49098290780768705,-1.4611170535049252,1.536667234501215,0.7342895425254601,-2.2628833255454306,0.3524928302586346,0.047577886634525106,0.17957372967624746,-2.312450654837266,-0.12176244963553552,0.21773811740036242,0.6578588291693199,-0.3323773165734884,1.0881039545549211,-0.8155506116874346,0.7892542551640725,0.6144318195677827,-0.5305557955842649,0.19149802020738135,0.7551416933269653,0.5946481781745688,1.774417018645845,0.690387748427142,-0.3216834958980269,0.9115469652676764,-1.4434091296579368,1.9685382076743836,0.6243520648407591,-0.7565840406558232
-0.5698403420741559,-1.0369267856304285,-0.6472968015885529,0.3317028866458485,0.4658823721358278,-1.5536360102402953,-0.2908742498880244,-0.5337674031316241,-0.29222178026705986,0.2963464647361425,0.17152003765245574,1.14166520552793,1.595497106317693,-0.48483307355896693,0.7676200678911016,-1.022335793931753,-0.912080248378938,0.9645565307747248,1.3061794714879766,1.9776104660512992,-0.9662055701389648,-0.09730634145115012,-0.008773695431590286,-0.3943033813069622,-1.4078653127020786,0.20086301664671796,0.2912479827513877,0.0004859346810932511,1.2149016956782979,-1.5271992144095412,0.6368271705156334,-0.060739563735034335,-0.7144764794516899,0.13732135154811745,1.193795814071417,0.31679972184000466,-1.591153922684469,-1.1188593912457232,-1.2668402300682657,-1.219134079972708,1.154690693599103,0.5208184884287924,-0.5642685842660164,-0.2187197888312465,-1.0311727926812289,1.2979959534817522,0.25563837025176817,-0.2376498343770731,0.06755678448573928,1.819839340510588
-0.8453946760832499,0.16424037360364208,0.08109407526081432,0.33019625488317933,0.880925971123867,0.5461838032638935,0.7524124760551236,0.7219251990366905,0.4855623186438044,-0.9954915289000053,-0.7635525288912091,0.39030432825317074,-0.6742391421203734,-1.3864635710516275,-0.0971776953936198,0.5256878226660527,-0.1539723802434884,-0.04674945070461563,0.05599315704089178,-0.1429537477388236,0.4165448909594745,-0.7062434943896034,0.4041737653286817,1.432020717284887,-0.08083648536068003,-0.383822892506414,0.2711486088734262,1.0932452424544048,-1.0022995960341037,0.2873107934400509,-1.1109982540262202,-1.203414285209293,0.8713426749378527,-1.5083886898690995,-0.5717306423357742,0.03394745611544968,0.7248907198812269,0.1466186467432902,1.4316120782259196,0.14881176979912483,-0.7885329053506529,-0.14214285875926377,0.6780736313082415,0.4545438302848422,1.4450243984299755,-1.0191495032301208,-0.2893749601082326,0.6588025715404268,0.24447575053851903,-1.6390413619501836
-0.3465992453517663,0.49432929933604103,-0.32016366134481256,0.12653857582831898,0.41477851598245813,-0.653153298761344,-0.06326514906874578,-0.8931498606354757,1.5827352429729336,-0.9014217981341424,0.6303717732556635,1.5215887574520226,1.0298675376698996,-0.10350022289111437,-0.10348857546213018,-0.2668136164483722,-1.3289229255699493,-0.30099392382040535,0.14136609314565746,0.39825860140755776,0.24344393793771224,0.07184697823287484,0.5007771780538567,0.6856034369086805,0.7129856871850307,0.3011129842822575,-1.9266952528722745,0.9099286286274709,0.30619089042056097,-1.01820995925049,1.0507870772703969,-0.9775510702289107,-1.4595219419450565,1.718021796272356,-0.31231492215244266,-1.6437017805069312,-1.7263988610794876,-0.24134081038768437,0.17136314807749595,0.33485731359844706,-1.2570449190164292,0.19442001179105883,0.46721658946100103,-0.5784464307932221,0.8159287302164485,0.8550783591297939,0.0998991394644731,0.06938542614055249,0.728091174571633,0.1906131803019862
-0.8444941908174945,0.49080045526494814,0.8776073970490708,-0.6569096076857013,-0.22537316216101894,-0.8436333885951529,-1.2407232273994002,-0.7797753851349762,1.0217672448320967,-2.2234236634463747,-0.08166823605394816,1.0314906459380992,1.3200060957066084,-1.892772960317042,1.1247903928297218,-2.5153581310260527,0.4138679081498873,1.220355725529235,-1.8091801220898447,-0.7309445581333208,1.6009900239282784,-0.6330564047192295,0.5877039244689372,-1.1830365103343556,-2.225000549303576,1.4951407700849937,-2.059996678618668,-0.7122725623507223,-0.543570583853741,2.057330190299238,-0.29499658509846394,-0.6245279640335508,0.294331939479268,1.6442682317331982,0.4028722678751358,0.3302237119140682,1.0914916050473622,0.8085034251234452,-0.368195333459655,-0.5941086240521122,-2.4338324197304466,-0.6619281927341969,-0.3276619860331769,-1.6193101663960991,-0.4674993989875436,-0.13020895667710408,0.11764849715946851,-1.0777908879040727,0.14280448733387388,-0.3625912296399867
0.37983350675776356,1.494365089806831,-0.7226434490800009,-0.08919924338908745,-1.4987435774836126,0.6324326093090958,1.0256686815670943,0.22177360045120717,-1.60661334694499,-0.25930556717329434,-0.728963780469736,-0.1554283168378729,-0.1292022049638119,0.36249082834187285,-0.7618984115491373,-0.03723480032205797,0.041044400564921486,0.48587795727320787,-0.2904991243657674,-1.822614908907723,0.3900842082737136,0.096573848726845,-0.30468994569517216,-0.2084981498319695,-0.5119046756128635,-0.03968769700232368,-0.19913904823587844,-0.30542796937185007,-1.417924761351621,1.736448223687471,0.4304783212791194,-0.41587450845866,1.4285817234083131,1.099710937892222,0.020916091112168852,0.6105793437553572,1.1201251994069887,0.07321807343424012,-0.16519661292239632,-0.006366987428134487,-0.7998222201601999,-1.6322370905809744,-1.1396364672655217,1.1116239053813217,1.452780811051633,-1.7068027946730886,0.7848013616771929,-0.2297256923481184,-1.2784553413534658,1.138341586632771
-1.3530037330340114,-0.1700403445426928,-0.28637477303784126,-0.5744352690903392,-0.28812834023398054,0.43559990186267256,-0.26899705755181863,-0.11605633748425459,0.1562961468723262,0.10421308777852532,-0.785927467734303,-0.2854075039543888,0.7852698617726418,-0.2871681385868051,0.9432128572711072,-2.00741750294667,0.2972715903601092,0.0507092407939693,0.06873065593224299,-0.32414673560691865,0.5178846574312426,0.7442275022348139,1.380790521384955,0.34335257642803674,1.3768058121607911,-0.762820841206744,0.5139450671758243,0.44080415628225555,-1.802212054185133,0.4890539470630707,0.3419708968335651,-0.014399468916476267,-0.2889252483711899,-0.19036515119367045,-0.20490824656337037,1.4023254385497368,1.072969016345852,0.7673842804534466,0.6496649249260665,1.8662736800564934,0.051498268813235874,-0.3210146180654269,0.2055804147241125,-0.7921643821898927,-0.2781469723163699,-0.8817389609327968,0.6952086823984959,-0.6122405496381005,-0.07114039425922633,-0.44165433862171444
-0.5992994226251401,-0.9844979452477958,1.5757703749334309,-1.7812674283090404,-0.12914161620853187,0.23502182347761208,-0.7308753919796352,0.36085549976997583,-1.9099556373242328,-1.1344633126640244,-0.5559408132173977,0.576466656022497,0.964035238746024,-0.35070985042137526,0.7965828946488279,0.8357700791571929,0.6603928307182356,1.4803422702259075,-1.299517214277041,-0.047001434101353524,-0.7839440992075419,-0.5742207838071575,-0.18247562912260573,-0.50853074754095,-0.6663345161538109,-1.9394389916012742,0.8140865426576261,0.060762377978421406,-0.519075065698974,1.5305528459119024,0.9518227794131915,-0.02512793413569263,-0.12232506402833662,0.9263357257863112,-0.01567919339597113,-0.5780089436844208,-0.09211643462828199,-0.398357222988329,-0.3119792124510752,-1.2037905280287007,-0.8700835478598895,0.9787985119983702,0.15644924190098988,0.620258101285872,-1.6128828373867632,-0.11552216527892965,-0.9240181684875844,-0.24401082454781017,0.6877811687268826,0.28560926164127254
0.3275663526207544,-1.2077100629907673,-2.6478045115794773,0.7026624536196153,-0.16755939119395655,0.3328187520533637,1.154251123460655,0.24188060448121274,0.8266135734615706,-0.257146628663592,0.5703750466971824,-0.10541481243105517,-0.24599896006391112,1.9414653303849243,-0.3571198353483055,0.8198037249514831,-0.8949901374017746,-0.5873588179212171,2.4941655345368043,0.2890496904715359,1.1014535768303597,-0.44678881139902155,0.31721466615811555,-0.009239521117408203,0.22240052782302946,1.5498163976210582,0.34715085594801426,-2.437329661319742,-2.2293603910895854,-0.01609579515417678,-2.777039514732909,-0.33361645229980785,1.2222062368239923,-1.2047641147535968,-0.01688455155898351,0.33397628113492484,-0.2313344597734474,1.1100227735714483,-0.4598321705554749,-0.8174389019522031,-0.6297567433543265,-1.4667174594130472,-0.03087696098824922,-0.39896850620853935,1.230470836868043,-1.6000830999300395,1.0244366756702208,-0.07357947807544142,-0.6261069221066662,-1.4662844500732921
-0.9011787729970111,0.3183187889400675,-0.7044668472260333,-1.8123429175890402,-0.16272278874779275,0.3622326517230822,0.9079789085477505,-2.1794859695225646,-0.36912706820296476,-1.0091089749073061,1.191460174947067,0.47568098003476506,-0.5918405833032198,1.6764100019030228,2.3403058264917402,-1.4605636465309793,-0.28117172056633005,1.3251938481307213,-0.10442521408811312,0.9162576158652733,-0.0800149249719744,0.12291017014358521,1.122174498518748,-1.6339028829489588,0.14400846681110904,-0.06473423297131065,-0.5607459124594018,2.9566191463270717,1.6412458382689,0.34211887952772185,0.5345175559762392,-1.0439015554842213,-1.9963084239894116,0.9251917735930614,-0.2277879126544074,0.007389163345231876,-0.8689816371124056,-0.9416481665899193,0.5986142763740622,-1.3050304177544538,0.11053219619961499,-0.782559582956342,-1.4066856288750769,-1.460160661167132,-1.0998444797138287,-0.3475621413250943,1.7546656332515624,-1.3480927145802022,-1.326265708339038,-0.03439806889636864
0.013232211834131424,1.0809236802694064,0.21062825071359417,0.7996711216672522,-1.0982045027343321,1.5636846816884278,-0.5142251319369322,0.47945786658872247,0.4033890574743736,-1.4336436349799802,-0.29426999059311215,-0.4826749957975574,-0.32516638288698746,0.39123439667557686,0.6730136465625534,-1.3177131040511703,1.4319387754872301,0.7280931807903858,-1.5913298115232617,-1.524268704453122,0.5291553497358551,0.03999664349940738,1.1708236300487769,-0.6845763426920285,0.6592341402749416,1.3321969621142262,-0.11584909301391205,0.27218918204218095,-0.22461830379104836,3.1067937235242287,-0.8858876839375865,-1.282805098946441,0.300893317506283,0.12924047203656952,-0.2537039102323753,2.1669038625382107,1.5803123258885918,0.7842450824596389,1.278172189338135,0.4011867741483019,-0.7591105678196189,-2.0300106736986314,-1.3721297790945637,-0.8767365651169989,1.130157871734871,-1.211038807823494,0.41458302296554334,-1.3416076815347333,-1.4549683677251133,0.12569331366610173
-1.777543003256482,-0.6913149891101743,0.6822156427137412,-0.6021407488354967,1.809957277062158,1.674716242130685,-1.1675110327751608,-1.3725079852137647,1.4260056731634332,-1.6407018544363792,0.25866918546661244,-1.311372098136914,1.3856403406555637,0.9944685277940367,0.5664566683402957,-1.2087369165339714,0.2627000923540744,-1.296655003838718,-1.0599493153259334,-0.41230002682259587,-0.5390843741769695,-0.6686311255332474,1.4472425822815755,-0.9902931513745123,0.06734186921474494,-0.3199028743647433,-0.728645559111047,0.17244711444913055,-1.1446269485945937,-1.2570077218856937,-0.7704028014862144,-1.3584200906986474,0.5661765579712926,0.6980980041947071,-0.8733093614961636,-0.1298150055821592,0.574957550589769,-0.8850034570224538,0.8251035132303064,-0.5803618712569039,-1.7232233615838528,0.33298337437924097,-1.0982718298318774,-0.8121222383261374,0.9045336048096065,0.8996382254084891,1.3000166398574007,-0.6665893262045073,0.040303724757174024,-1.3185814751243978
-0.7778684570856791,0.9257472073252677,0.13699512747290998,0.8318063044473196,0.672710593353579,-1.7603809307251255,1.8049896530227312,1.2331502906567988,-1.1909946870772097,0.06667829781978024,0.23514234230562542,0.1448509328380769,-0.4017093255279638,0.8492101863849972,-1.9965595963841352,2.4295165900387907,-0.8248634663807807,0.08701296631394694,0.2764775035111305,-0.1008583095107334,-0.39614402731355824,0.30577542482559367,-0.9870811184997857,1.5995909078715131,-0.9987732075314134,-1.3044989108916911,0.620835421375914,1.6034042420910275,0.5475685726280312,-1.1960881947399782,0.9220743854457866,-1.0391420150967545,0.02309022114370434,0.47600190600173453,0.0708469842724014,-0.9687797737622164,0.38483942352399025,0.6269465183979772,1.2364232070132577,-0.27538869180423475,1.0189663889380611,1.070294730795076,1.5096501015305788,1.4593741711335544,1.1063332957858028,-0.15811272592504635,-2.050190083550713,2.2818293505764182,0.31117446459962206,-0.031208355690630026
0.7846453537683711,-0.8561523402170558,-1.4624144488901674,-1.033069749211984,0.7617953584977262,-0.9013790164307414,-0.5318708763231541,1.234130417195684,-0.7384940060357946,-0.060615181822063234,0.931478256026721,-1.2983234096530667,-0.18824222968758125,1.0005452111019764,-0.2745830619950463,0.041717622320649475,0.31618228127102077,0.0117036531590807,1.4101418273053175,-0.18261342182383514,-1.2271588924766066,0.7714543048787673,0.30099707669035697,1.11077317341858,0.18524190243336733,-0.9286479421269128,1.1135216169940536,0.5771232273010944,-2.369464134694246,0.44772726669225504,-0.7790531685534275,0.22711993041077985,0.6226604738861191,-1.0860034243252679,-1.1062980923295727,1.3611380451997752,0.0749838883026725,0.5652125214388417,-0.29811621956214707,1.685914469982602,-0.0495561686500432,-0.2142729031760733,0.9172038986033818,0.33583542183195125,0.5048714144378549,-0.9028285410674699,0.0891232252150651,-0.017784169717363654,-0.46357513718059973,-0.21260012847888413
0.5095682976038308,-0.022513860547782965,-0.6513991137300664,-2.0860146909389408,2.378587806323673,0.10900095669863531,1.5017711407961356,0.19872449733583877,-0.49854207294164876,0.8328982346951649,0.9746354142049023,-0.5783274681007616,-0.06525942495669575,-0.6453096015018628,0.13275807764848557,-0.005764658912451283,-0.08453950288978541,-1.003208757342074,1.4690979293005981,-0.2787144771670873,-0.33741767548946244,0.8221889631071899,0.5097726729164986,1.1546671959652124,0.13218505977143663,-2.4049852348693026,1.0186292028817578,-1.6837261634852563,0.23696275777267495,-0.1640097269253944,-1.0716423260187393,0.7024105323138315,0.6114327746986232,0.9068478401782917,-0.048894252210172684,0.5723545872891354,0.017872949468895793,-0.46017480845611264,0.2780899314066734,1.4226145084864272,0.6239285233359285,0.4842646504270611,0.5385289390844277,-0.8919924958852875,0.0916151863161207,-0.9946869430625158,-0.16713465676755423,-0.24526363440803348,-0.37875415431029674,-0.8403048914496196
0.5763084743064053,-0.7589040563072299,-0.7963501711734318,0.5741400789406933,-0.02148891431668679,1.3971359231407687,-0.49104335707945457,-0.7862040756688892,0.25114102089616647,-0.9204728886474104,0.0732475881984986,0.728225573126569,0.43156243416559387,0.3858351483583554,-0.4889928373970806,0.656119263331855,-1.0332220598498902,1.322548948823613,0.4864583297660375,0.2903208537494021,0.3672092565949414,-1.2034955310835245,-1.2523585076595765,-0.2683853465435629,1.8147910774905933,0.8897225784198672,0.2930075757768148,-0.21584186443001377,0.7795520771896529,-0.7448776436073125,-0.537116935571576,-0.06863395894677098,1.087646333988432,-0.069316088099454,1.2630050206223429,-1.323495114174961,-0.4282622366866888,-0.14773383685413072,0.241727273780388,-2.1994456833044658,-0.3917314113115899,0.6650970089217028,-0.19400366882525918,-0.09114645263562876,-0.5681731502968236,0.17762778217878356,1.468678735643311,0.6786532257734404,-0.9524034305995637,1.317408773449081
0.6546195068446011,-0.30729740004019446,0.7275356788519078,-0.35462579201067196,-0.33402691849027205,0.5242650060010624,-1.7897081441742453,-0.1608431986060696,1.1086942831539426,0.5066222319232268,1.7808618041699944,-1.0806535378052562,-0.44954324210560553,-0.8221316047492908,1.926092832184466,-0.04521788389361413,1.9425269504745877,-1.577063203848467,-0.9688597546796728,-0.5959817153503085,1.270777473068814,1.5089644645876992,0.16240115696447385,-0.9929054987398053,0.36858961069499907,0.5167787294505825,0.0702569596608735,0.5359699494431382,-0.22707663966040878,0.06486093375033188,-0.3887180455833212,-0.8101437346867154,-1.105603567860597,-1.1936506060344645,2.7087457016922256,1.7874997140491549,0.28933904694128076,0.09036109315516352,0.5764943948987554,0.620354780906962,0.024726459267495945,-0.12774336887080903,-0.344052347994554,-1.6811745354501246,0.9275154484738338,0.9118873106193843,0.41776626403447187,-1.295573841496411,-0.06884142012138282,-0.663175143979481
0.34284827868758716,-0.35185547512357923,0.8979413354111694,0.929405146423795,0.17388772048138706,0.5954513312410077,-0.8867182179371683,1.3513767347339287,-0.6624694371148201,-1.4210299928035512,-0.8318377658647613,-0.4258615080177321,-1.3962426861002224,1.0883414830830433,-0.770525456310242,1.1414457644855218,-0.7177448050506802,-1.3373692807673023,-1.5870967794944644,-1.2615394158387225,0.8840012619653769,0.44154396932113266,-0.05081169133712311,0.6764597106984267,-1.421034598248536,-0.015052470968037523,-1.5278965692815016,-1.3570037685071157,0.4160327769939912,0.31228606451320456,-0.10402724479420053,-1.4528329857074411,0.529600331944153,-1.4610251134925576,-1.9656825446010566,-0.4566872954645173,0.9480301400975641,0.7756190605508815,-0.9296800803338207,0.013875237590951658,-1.5554206949405724,-1.0246073079867046,1.1730665841490449,1.5982785108268345,0.2008410654336923,1.7527882548155744,-1.0774228706989926,1.4307420047384136,1.116631309245985,-1.5582885869067489
-2.260146429621417,0.08460890547305673,0.39484295091337146,-0.12987970755493977,-0.34215376789764596,0.5634157326262836,-0.10341051142030602,1.3641172869287213,-2.3258509823452997,0.434032494281199,-1.942690686702085,-0.6349146339454603,-0.39555934142217664,0.9808896715480601,-0.6394112708241291,-0.2141042338843309,0.9342027875524033,-0.4724677835462233,-0.14987229953969464,1.6359963482274766,0.572346813142878,-1.5463976936045376,-0.412251610828198,0.29877694588107734,-2.4207105302454974,-1.5843528990972167,0.928999489029832,-0.5370573269387084,-1.8512870275546496,-1.675326885341286,-0.8605850610093764,0.17761186865475706,1.1420991385943238,0.9974284112052593,0.4170143545381932,-0.36860797114702243,1.2715771752477938,2.53953119825488,-0.561780532763264,-0.7564778195473378,0.3036199383009365,-0.2417743480457872,1.395018239397399,2.460029062881748,0.4342971456910159,1.328314677956834,-0.5748798249855793,1.1190411631589958,0.04267154998938804,-1.6935536510956115
0.20850441061507602,-1.5755371638316158,-1.4820613813548689,0.5038729031500732,1.3290904503294996,-0.43210238007982815,-0.06366076026791855,-1.0281180102372462,1.9662493393359313,1.6889519339275327,0.8195744336019775,1.7613718669672398,1.0588011358011007,0.21851289943799024,-0.6075239001603884,1.3212919168487254,-2.576607528247454,-0.7069781452560073,1.5558486958456832,0.2542413508357837,-2.5425557679576984,0.1409529874118317,0.4322200052866569,0.8479638740631188,-0.3970347399846637,0.22337889347330386,2.234216034060285,0.4759842460584075,-1.2137697299454082,-2.913133955714427,0.40536168795997346,1.302481653608803,0.23087197676734666,0.24277815163048408,-0.07151859589947454,-3.25396414458445,-0.27421471745840553,-1.6137399023910908,0.9252289537422546,-1.5148018142803856,1.3169063354737145,-0.4392887822089279,-1.0420492505342795,0.03507650745002482,0.147350292907385,-0.12952714878979973,0.20666530626048119,1.368201548525174,0.7339104154187731,0.5215042376526585
0.1922573038686255,0.33135612028068995,-0.5425176290468806,2.6213077673769227,0.28696035012650095,0.9305283126299619,0.4128497294178821,1.6959074469142734,-1.282528403199197,-0.2886541323472875,-1.977373032746141,0.024168091130431234,1.163392980553057,0.6712263578885699,-0.7331483916745294,1.2386983856488034,-0.1541273280755836,0.5426047819924421,0.3520457889882061,0.9216014218627278,1.2568926061973709,-0.07893596166295243,-2.8146248354524808,0.2530959719566727,1.2592234780057145,-0.3840812708639151,0.37722430897203524,-0.4402989730280898,-0.34188708361882325,0.4866087816953826,-0.9915795890083143,-1.2678245388789007,0.5727543625003484,0.5758781376696727,0.17848089766928887,0.26131802026850287,1.1503389563808053,2.1004262105976963,-0.8134632285722996,-0.293872794832021,0.4554201980193872,0.0034646404742926366,0.8264657287693241,2.333783391947219,1.6906368710350488,-0.1432036158635868,-0.06125905508621943,1.2197983832944252,-1.1728265330648362,1.911058948418597
0.1611076640907921,-0.3342146749511207,0.6370585651105081,-1.0539574366143025,-1.0985825644285854,0.8893571042311554,-0.4700885063246642,-0.765185514187638,-0.02353528313750922,-1.9134550765019,1.2135668782137998,-2.4107316704549513,0.08258348793139694,0.41716605724161643,2.424794557240373,-1.8106577280083866,2.6639794302531112,-0.48674494991009737,-0.42051385031462357,-0.7909770069471918,1.8598589884664722,-0.04817724848696781,-0.543179459482802,-1.5205584068322788,-2.560318909452476,0.7354871871097062,-2.3156402690855318,-1.0946390586612784,0.8666125183762895,2.5385454779965775,-0.9104418580338367,-1.137389450664183,-0.21035706919119393,-0.44294839474154996,-0.6729050621966544,2.5588035558503353,-0.9290622871992991,0.2636073272159634,0.19473136400167196,1.2054475561089615,-1.4995568981259328,-1.188415604826727,-1.3750229859628267,-1.3418850574987975,-0.39464685722863685,-0.9329010127173456,1.5326724922213173,-2.466399303160294,-1.2623339981269326,0.6113794052345328
0.4283402801786528,-1.9941784438441257,-1.1029042146508876,-0.3475361270430931,0.07727107870236816,1.0724060418557206,-0.9480203262802034,-2.5042615938333275,1.100126638386977,-0.31424710325008,1.1714283254768092,0.6879278595177912,-1.537738955264276,0.9109486653683786,0.8166784199144755,0.4022238614565505,-0.9033534012544243,1.0229539931104876,1.1649441109673622,2.8872389298266996,0.9508591330639297,1.001353203298061,0.1439400916080738,-1.661114252860057,-1.3586888020598709,-0.119329084265597,-0.16353587982486958,1.0570767611150995,-0.5811853824863944,-1.2965135273209036,-0.4475548456950381,-0.9584808626098169,-2.1889079270250593,2.016963600050146,-1.3838329559862068,0.27626881477527193,-2.0356428674185265,-0.741874635377853,0.8381927915165385,-0.9942048512034806,-0.07333810496636346,1.013311203586721,-1.1608834920525257,-2.1468538587388313,-0.3031974216941547,-0.2736644089150276,2.553691858741446,-1.5290987608712103,-1.810376671199576,0.6301982767624745
-0.6574320701042671,0.05765014818758289,1.4082009830121818,-2.2888416563650282,-1.4622540529756833,-0.6583923046257504,-0.0070187428796443406,-1.8794394937995018,-0.3865149818169661,0.16219889595380327,0.3690982430233626,0.664120186172299,0.18182764484556369,-0.9349303377245581,1.865647828089461,-0.48132199622708666,0.5240762076932645,-0.5477507932324547,-0.09636321220099464,0.5344605927952166,0.8815188329181048,0.11699806584068961,0.2351200976951662,-2.2422733303226194,-0.24008274855950434,0.5963722727534977,-2.0977555999457906,0.7878911721495516,0.629645465885629,1.3202599450650994,-0.8529986668439814,1.8404188536513453,-1.8005189998805928,1.8037530093846006,-1.6186657326444034,0.9749654361540825,-0.33158437472029245,-0.04718837193470256,-1.2815978338443383,-0.5321731247004088,-1.1726101741721857,0.014553389157448094,-0.9578967763162304,-0.9428755634084056,-1.679838781309311,-0.4060338860313029,0.5796650368640455,-1.5769708935420022,0.8847248213354482,-0.12807401126610332
-1.2184400521543215,-0.365815412366339,0.1212567961780889,1.2694628378806456,-2.528535623819601,1.2231335797519227,-0.4817090809151094,1.9536337189040531,-1.1657149874059785,-0.058023050012343536,-1.6639270124746457,-1.1112572541181602,-0.17297834277108529,0.19631651345520404,-0.5258185848663376,0.17858456106087323,1.7317093878478433,-0.41805500531587886,-1.0648218861601328,-0.18029227349328406,-0.45701196710860537,-1.6633722406866047,0.29546413285013146,-0.5310111042940848,-0.37180120245412146,1.4734233715927125,-0.10926381795670041,0.10843731065032877,-0.9410983630966498,0.2482083419785924,-1.186014562733082,-0.722587827985865,1.3058494209711586,-1.5478150966685207,1.3953036338519185,1.581884830954244,1.8662947360188176,1.4198744385457087,-0.08586995240662777,-0.303210547057059,-0.00742687387471402,-2.279180125546604,-0.5898107440074079,0.6347002797551474,0.707584157258248,-0.398068842851915,0.12684920496874622,0.13342100667212217,-1.3597965216555783,0.41941241804560625
1.5757369794727059,-0.18623981675494058,-0.1380251571765615,-0.8177385738566868,-1.1356698799395022,1.0375124688650983,-1.845645033197524,1.0154541669782595,-0.7771858114473963,-0.5668018291340571,0.07834957665018187,-0.9650068993900478,1.3754507658470463,-1.16952047725825,0.3288329339569676,-0.9455716746269641,0.6141309954314412,-0.7758017230350217,-0.5430771243051562,0.17892708974300126,0.281346733675074,0.47054731589132526,0.9316337188725644,0.22669596268237557,2.7805140110906033,-0.3501564306304337,0.19751023947180257,-0.7387855108731191,-0.469374089330315,1.0765244805918204,-1.0240309418631692,0.5222712220142001,0.4293688885041932,-1.0186311850467042,-0.026825391211478127,1.5173218866731388,-0.6281372612905882,0.5108416160235815,-1.6883351604807295,1.047732189193619,-0.7402185929913853,-0.5103936182549856,0.7628775442704318,-0.1086879652466845,-0.7763089938216192,0.7694158373522508,0.09048718976226867,-0.26304320878364534,0.30529891511610474,-0.44336204766700094
-1.2166242458849703,1.0886242448718444,0.6037983572099371,-1.1226986956410316,0.17104048216983228,2.18264668216434,-0.15935800670762987,-0.39203384462416624,1.2010028635483259,0.7310508640270778,1.4714698345623243,-2.1274794739128824,-1.5145683961900205,-0.7565234461638116,1.5403346009629135,-1.5987610373520926,2.400953432619492,-2.302755485087439,-0.8099327512048967,-1.2742395842519376,-0.6078525018277015,-0.753711574679706,2.7074763721108495,-1.1675861893566464,-0.9567440905208022,0.06032298274367127,1.6447057380578827,-1.5363722972151892,-1.6765930072259339,-0.03002900740196772,-0.9736088650592296,0.7425301989440518,1.6723351298956175,-1.1191247292569282,0.07992348041514272,2.186156644231858,1.4324194577034193,-0.3576739546140203,-3.011539745039848,1.300227192003411,0.4094761630558108,-0.4325383219397253,-0.3518501124055567,-2.171946048864171,0.8795774813697409,2.6664778684234585,1.0980984032517251,-2.2470041035557946,1.4283572393903863,-1.7378511427612102
0.418801668743919,-0.5435108803734094,-0.4925451029375037,-0.05106913997257017,-0.2560821915543826,-0.12388410570578427,0.4255013568323191,1.1538761451660706,-0.8625900219568928,0.5676336059621312,0.5755866472300428,-0.13521794952251,0.7831589426569525,1.1981526870148205,1.105341347579608,-0.2275535840501242,0.17888211623722597,1.9554995807457998,0.00690800149100579,-0.3648594759445677,0.9801707998376732,0.68266599374798,-1.0289391126517504,-0.6615088718095938,0.049291488436091865,-0.4939020465949324,0.573598308135992,-0.27904138118300326,0.4719751954915364,1.1849930089554488,0.06667942525660212,-0.3635542110722272,0.3078803573023431,0.48726987062063026,0.9209128916215411,0.27643975259851783,0.24866996378327325,1.6093000882551187,-0.5644197954199225,-0.4791090719521917,0.8761959566775086,-0.46305474660112717,-0.4635229516989387,0.22706687597804312,0.17226375261360594,-0.6072939631783918,0.04280923289866509,-0.07392035378663209,-1.123405869048959,0.46157121742058477
0.48859492246125324,0.9062187806938796,1.367738482181178,1.5335000790545594,-0.14366692624300156,-0.17581094183253201,-0.13378944697885956,0.8596671788890468,0.3866255628690001,-0.34013566871344425,-1.3243505263683528,0.12173866326220356,-0.958699959597453,1.6029953312345209,0.41996997258300317,0.6498779315887458,-0.14787165914863895,0.4287313511335466,-1.260462305738442,-0.674949952417155,-0.29137868783907456,-0.9875446929544882,-1.2237642909452442,0.3609293274255065,-1.8524675424462316,0.7075171219643311,0.4619210265573679,-1.6210509755188283,-0.6449231079570732,-0.31367490114619306,-0.0005298176126179596,-1.2673210192326263,1.0623626339786676,-1.907407384803876,-1.1666655430329522,-0.40302691192655515,0.9932679884942313,0.7670733000736023,-1.6725704818655678,-0.8736041991508712,-0.8217549234581272,0.5458877662815068,1.158403062255427,0.6994002910749983,0.8057904054755897,1.6724341075885587,-0.3973345840803446,0.745059256449929,0.485692683753051,1.2041883943016727
1.2479029260843686,-0.1776158353960492,0.6649001214297475,0.22139546401318339,-0.5293538507494858,0.40266890570648617,-0.05225532334363331,0.2628820854861275,0.8997972474316931,-0.4869906877713816,0.8452227173126929,-0.5560361246504558,0.8979615996366129,-0.6657363694435796,1.2366839466462904,-0.8833895158256222,0.6906959644084512,0.19532136361371052,-0.9176319653268336,-1.2041883919768512,-0.2207407223293694,1.0458124283739318,0.0784526928846238,0.37785067760483043,0.8968303736723185,0.45989415030375863,-0.7285418346905314,0.8075597669948703,0.8133637367177322,1.3117379318715545,-0.842745856920167,-0.32764767938680406,0.025979298772183305,-1.9772469918915188,-1.652630106885627,0.6942303070895804,0.2716501691029421,0.6486574464253966,-1.1963187065902061,1.0535704867568296,-1.0408831481204608,-0.8463221362385985,0.31887130752016957,-0.692927044745866,0.6439418833188776,0.8938125177509902,-0.6664207584079158,-0.5260567157030166,0.5154570452565859,1.2059669285002335
2.296428424557049,1.5170231869555335,0.0718928385204669,-0.5640688755376917,1.2244696107317226,-1.8986766712751872,1.454752099885649,0.8124101533007252,-0.9662009635352024,-0.5637393504272905,0.8581814555308682,0.9122180441116569,0.18757130847479725,0.4095866895902652,-1.1554242116397628,0.8440321845070404,-1.0215796079822799,-0.22078838907139586,0.37384294666143314,-0.3093078232256635,-0.8725876687597245,1.8800620009298166,-0.9516651998822134,2.0012065992543877,-0.21113053283961594,-0.5539499690820207,-0.13895052953947423,-1.2057665946628047,-0.8357352704033765,0.6530454181677566,1.1187402501058759,-0.7830090563716574,-0.054871208163604655,0.13901316546027348,-0.3986365628386719,-0.8134161579233463,-0.8131640775492232,0.018042603826191564,0.4184934786630724,1.299378456378602,-0.8927041611198775,1.5108293520624971,1.062170217865355,0.3037793067724366,0.8194932529429408,-0.05086889303224625,-2.1176821271097612,1.2352874867033385,1.3019701252099138,0.5096759981135505
0.7914696534818286,1.7802313981775042,0.5095083883248211,-0.21614616760990982,-1.4446237175666021,-0.7948990531288401,0.7952390379212224,0.04880719742058363,1.3529708032577525,0.779593362468402,1.0277130378308872,-0.9276778075054223,-2.307836018125699,-0.0820319238454348,1.4744183038669356,0.05009868443414133,1.1437494909292616,-0.05929651559749484,0.460619630344102,-1.0376153699682025,1.4509874947948955,1.7626670516771377,-0.07720084305318689,-1.0566607898441975,1.7632734488476902,2.0471742190145417,0.03466887305957285,0.7707522577364897,0.9431622258505619,0.40024693630484365,0.15188199021961551,1.2575920921361254,-1.3429957194374464,-0.8519215965636701,0.8237841887473983,1.3113633481672853,-0.6979750460548128,1.0759818836004924,0.6005151279124832,0.9201945060771487,0.466999559353867,-0.8946833432936908,-0.1956968697767502,-1.2255905552814559,-0.309067509834043,-0.2330093864957244,-0.13088336794952624,-0.9605533746221725,0.3024892217878163,-0.3806358049867504
-0.35841643459054556,1.5714094555134008,-0.8814135764277325,-1.6370458358101831,0.5801650346844852,-2.352631034747529,2.7858061667789684,-1.548649954691726,0.8721081456414553,0.38073047708221935,1.5065973130676633,0.844637659592283,-1.7087992632367022,0.12545924317301568,1.6739591594021852,-0.8251498118157666,-0.14669444192868683,-0.0035972078898063027,-0.00802131650242814,0.24819658230794642,0.8424843280572062,-1.0977960945779606,0.937947523962993,-0.7179425893970794,1.1864716588811761,0.5049359027554623,-1.4927806214767814,-0.28574560778400143,0.9674283929217888,-1.301451905903745,1.8069855723263901,0.5802306918138724,0.5638972652042852,0.6470412875330869,-0.7660472297918562,0.22241403991225472,-0.6896786652830259,0.22206432954122615,-0.6064887779830609,-0.174566931922711,-0.11998058663969335,0.7906051366100795,0.21295667971847881,-1.96436122014088,-0.9523029878473573,0.32438360299111535,0.2960511681146984,-1.7577298024228973,0.9585598909214424,-0.3591769101114723
-0.49964391300882044,-0.1156728452590151,-0.5903367585613573,0.886524724667254,-0.5880497182754191,-0.6523896301710355,0.8871189582547572,-0.9689514086517836,0.008434567504072139,-1.6829699619067358,0.2747604925875137,0.6661500327550399,1.044859396067928,-0.19996696649181675,0.008286274487284806,-0.13270203983661885,-0.7911493118085944,1.4821202412360133,0.793416927443469,0.18847357424248798,2.0159620372295524,0.28629555981687205,0.3306494591698469,-0.6172416090837151,1.6913638946439367,1.0742970209414522,0.9956238470509353,0.4487646065099408,-1.4422277928403893,-0.018469182150637056,1.405619882339476,-2.058283342828472,-2.257656860667965,-0.6210385312440975,0.2142598603432696,-1.147871627616604,-0.7244959155149364,0.05649804040423343,0.7160629269143024,-1.0103425717931327,-1.5399815006224296,0.1357567583328168,-0.31684155347247456,0.010306192507240505,0.40949270446284874,-0.9346952545527855,0.26251134006654775,-0.20039601527129905,-1.1627284562622118,0.4486565450481579
-1.3388039796331814,-0.5255589635260561,0.3459267175612661,0.3071581958474632,-0.20250901767631554,-0.08563314240570477,0.7093948514201744,-0.907152620529211,0.4150744048989333,-1.1364682582458605,-1.192135797471153,0.5449842677917192,-0.02485473565565076,-1.5406304469677583,-0.8809227556574047,0.12722693882364547,-0.5035819304185369,0.48655079257517553,0.3928035532062092,1.2208845496068803,-0.9444214946039867,-1.6061947546753308,0.6061246748829633,-0.6813270260171987,-0.7424462730710908,0.9803761216253448,-0.7964548619516083,-0.7644336872544981,-0.7304919418738394,-0.6289673794872237,0.502384348916676,-0.051897228478650546,1.0376214806215378,-0.6849559270828985,-0.7658747373456974,-0.7102254457920084,-0.14828154445701022,-0.9312968362340498,-0.043473692104565906,-0.2875831192240843,-1.210782735697048,0.5328626989952394,-1.4246249513661955,-0.5127088860724796,-0.3274105714092738,-0.2910659468265118,0.3845037330569971,0.0902568247420142,-0.04046898629363833,0.030128989747867138
1.0237506862665793,0.4095714828398911,0.44554506595673726,0.8247579467545074,0.5156263892341769,-2.2799022018325417,1.0597486787971766,-0.06506353359067107,0.6861057800998454,-0.853019762885114,-0.07215704989729912,1.3023124307810647,-2.5101201474096206,0.7998615858989621,0.1812003536478977,0.15507709096217476,-0.946203567185377,1.0489091943382423,-0.17711022215735941,0.3584947111970399,-0.5797596306515699,0.2046924692537413,-0.7583402601970072,1.480991983289918,0.8536584026635424,0.6200292605865474,0.2977378995382817,0.30337325993243397,0.996494039738656,-0.10047809918365055,2.3129910798746534,0.22297924989737072,-0.053850447972180276,-0.33846533330917034,-2.204699401865157,-0.9988934990359194,-0.4718427365944573,-0.40961055896179327,0.23191648454220012,0.25269715579529006,-0.3055148304259188,1.04981584480086,1.3648819728570103,0.7233414187954254,-1.3549683346556867,0.4384108276883442,-1.89482903893103,0.5114380002317567,1.2279396062732133,1.7371861664488812
-0.8875401882180329,1.217493005363341,1.1830995522101202,0.3070249363398191,0.7713293315054072,-1.7190886239927061,0.35205449782148635,-0.2877769330323968,-0.14524937034338706,0.134418553985012,-0.08339925046770931,0.6615450328611108,0.0599541338649832,0.0848081563054137,-0.4128322794501843,0.6086076577642516,-0.9627704495092335,0.29563762413097355,-0.9393842055743774,-1.2606786245863588,-0.21241575409584204,-0.7413601020953964,-0.02995676880741203,-0.28356603748018244,-0.5324888620656143,-0.8001093866082932,-0.9218433659286525,0.9800245117891174,0.6921762179414008,-0.7441311251936632,1.0422290240670917,0.13453119273406833,0.09173945951836102,0.6673145688004457,-0.3383758940945988,-2.2263488135863327,-0.24298503593618956,0.29196864931936606,-0.02079227330217319,-0.9852125927194824,-0.22647359927530877,0.3504862945889867,0.4429845179300936,1.0559952949511278,-0.20709055740159704,0.6219339419753339,-0.8878926363005936,1.0472910182257409,1.1423703854764375,-0.6914060251036173
0.3879702718112034,0.6752990237447907,-0.8478892521589046,0.9755049235992489,-0.39368474314678453,0.10211706431450897,1.3285675304752464,-0.8375858734612761,1.5791553394986582,-0.19606627239004093,0.6186026108983987,-0.16995183983628304,1.565262373297101,0.0074710331293182984,1.2399486356307905,-1.6340469068088281,-0.37220447644663235,0.8025180739019432,0.9393388169790552,-0.3203639950951833,-1.0488651078373972,-1.0320974526327849,0.09464142293676359,-1.4024492546704213,0.952331162780342,2.163436311263941,-1.1369198550119681,0.9379897318230445,0.3963679451238134,0.6636079232795333,-0.5115340750353649,0.6778268052104364,-0.11245105069394402,-0.808111144618631,-1.2128341482317166,-0.5625116714600826,-0.2843080943289634,-1.758618044957396,1.2123766192166636,-1.337366937585251,-0.37992308665981755,-0.704723280627582,-2.026224538660758,-0.7453469824571812,-1.179852800932087,-1.9535529120627448,1.887503011048936,-0.8919720374629574,-2.120234194789058,1.282785985642553
-0.3206995914119775,0.9502817308487209,-0.8119975828892696,-1.225537601694302,2.648792077160898,-1.2625583167323515,2.1718916206817958,-0.6057592207734829,0.5373966118566433,1.1679292400649346,-0.005493870137455897,0.4619714290761131,-0.6298689723467905,-0.5459438694810509,0.5618458115954995,0.6072441517913935,-0.6529669058262029,0.15308249574244176,0.7867546819505585,-0.47934935576706567,-1.3829099676859746,-1.489782835799401,-0.631120970755695,1.2108251912396897,0.30430862600164116,-1.3838115959823483,0.35615158690209636,-0.3654551773449559,0.8144621267009186,-0.10405809385889035,-0.46747200419212964,1.0492865556866,1.7499209094792716,-1.581889142017353,-0.1431667177878407,-0.9144158360674868,1.1220663444552077,-0.8135896886212611,-0.33539829481962224,-0.005335903364415014,0.3569096619794439,1.4032223719229882,0.5666260988009993,-0.3303998394074595,0.19334161278694803,0.7268387419518393,-0.8608756573280631,0.049075202888434664,1.4117062334281933,0.09813314611611977
-1.5168985857785515,-0.6429879912116626,-1.48478260742797,0.1511876365604649,-3.077082565431468,0.7163477223253034,-0.2872190670136052,0.9887209092574717,-1.670263516405174,0.40281868356363654,-0.531228279221436,-0.3281242238161997,-1.9276816632956997,-0.43097742206651074,-0.18122349308059327,-0.7793263534034173,0.8010278506317631,-0.04440765374647696,1.458440024667627,-0.565224649802054,-0.5985296672177199,0.5768275279088897,1.7695692623298052,-0.9210944266808976,0.9611330150005001,0.057917590777725965,0.11582597510411809,0.7300141788963536,-0.7312188498558392,0.3469701981547195,-0.44069245252818573,-0.5436909355643853,0.2710214007753453,-0.09856438632169001,-0.4539415835644462,1.4932641239315625,0.5625931282209448,0.429212371157164,-0.10104975675804151,0.4047777005347545,0.26527186197943414,-2.3619500851929995,-1.1610136955382415,0.26807176802774274,0.4829589651899142,-0.9850286612516419,1.1763062219019684,-0.5813169775710096,-2.038143175048534,-0.19320454499939516
-0.9995194338118927,-0.1166379188568888,-0.07876402726576529,-0.8705610759759644,0.9356075872998982,1.3400680952045374,0.5827870702711296,1.3995157759758472,-1.1403347715203165,0.2940763697470201,-0.6938951385151348,-0.3649553246801047,-0.34728131936114176,0.013022321242685543,-1.3344433942224894,0.8061265104095454,-0.1949650222529542,-0.12058639247246572,0.5417641782953599,-0.15745969441036162,1.1429388462972145,0.2823433263258057,-0.09128698141696882,1.6545337894464587,0.036946475969847216,-1.9274141886430796,0.9686249336341887,1.3804593932801776,-0.729491204418838,-0.18661054752415512,-1.0720756470809814,0.26164078668620977,-0.5710225070508549,-0.03611293249237699,-0.5265816733608492,-0.07015494443016738,0.7097583505037869,2.0263144500730994,0.8152391998975552,0.8755141629765879,0.12351381405780307,-0.13444759184565194,1.400202029004758,1.0537382978031238,1.1745750960149437,-0.6281729790430511,-0.9830891620161881,1.0826465741665712,-0.20055734381450377,-0.8929902255442251
-0.9489547399129449,0.19791974475443555,1.0897591143745142,-0.17167160595276396,-0.02203230722164807,0.3782229931157505,-0.9433878022100981,-0.504497112690485,0.13613957452615247,-0.007090812117965558,0.2868572115844203,1.6331857854094163,-0.3878412726777402,-0.08648379752064864,0.021853912130266457,0.08213913354605544,-0.8140196795049047,1.2623936552554231,-1.2287553417542758,-0.3733684179440793,-0.010966141383271375,-1.484155567380936,-1.1616784092633765,-0.510002309959501,-1.2289235743101914,-0.6782850724812098,-0.19182997615050396,1.0672679753127607,0.4322019396326227,0.6707450842824375,0.3954619353185508,-0.409407568245885,0.5158678935810593,-0.8059395545934672,0.8814675949530756,-0.33281327295725505,0.6910665354316191,-0.19556169432717047,1.1406522218302766,-1.5642284789390004,-0.2144294892646815,0.762550610018479,-0.44790746604177667,-0.050549763450170704,-0.0745757816856151,0.1872090385178463,0.3927832507196076,0.1404288076325374,-1.2356995103679007,2.373093126346874
-0.022957356289108735,0.4690205865110817,0.1724284486038671,0.7266160338191259,-0.5896589008853322,0.35783237003131296,-1.3430672370555552,0.830405735035445,0.6404344684166068,-1.183665386320461,-0.8989008302943057,1.7199060123027303,0.047586027524796834,-2.3023812444415075,-1.2506160355836518,0.5493495673800384,-1.1707035832471209,-0.03182264645203597,-1.391174150414722,-0.5225497194392859,1.055357684482865,-0.15674694790111038,-1.9828692016387033,0.36496730212062445,0.2260785966386623,-0.44553598043671977,-0.6840876457500116,1.919845296488233,-0.07138210549551569,0.668228884420464,-0.27687215553772443,-0.9188065860170062,-1.2986723113730159,-0.959635944071137,-0.8081424106745237,-1.2937364058858625,0.7244810125308434,1.3062750191334245,0.4864677534516549,-1.661357892518406,-1.3212398855062106,-0.5063307318377825,0.9007007237963741,1.3925402265594564,0.9102839718983117,-1.1521451924242156,0.36402891378372476,1.4131322926820873,-1.012813531552764,1.2090880709844307
0.41036997174685624,-1.1408313264563985,-1.258457851144916,-0.39335563262915807,2.108661527016955,-0.3055473530839628,-0.6897793683346147,1.897828426418081,-1.2990073303562955,-0.10787781520773719,-2.260635275923238,0.7911072104117469,-0.49436586630906615,-0.0746905239233106,-1.183942780468206,2.0487089927456585,-0.7287499916158561,-0.20496835492213947,0.12707669223694137,0.5539319934192178,-1.3189689727984317,-1.1856426425948312,-0.343130500156334,1.9867086095132107,0.006581863505137967,-2.3033119958185813,0.045777469870095754,-0.7369015059201246,0.20679881039389889,-0.4597350638507749,-0.9004485341050835,-0.17937475565393216,1.3392788510719649,-0.2015852347750492,0.400551152397837,-1.0203576551707783,1.2939152149638358,1.1358698600977568,0.6170378553283266,-0.8532096491180662,0.7845866611528087,0.8629936730556249,1.5424809232570609,2.3124753351899545,0.10791340533535772,0.11384424981694828,-1.2251213347689587,1.571713439213746,-0.4719844254109012,0.9615258831359044
1.1705552925185858,0.4943716688885694,0.07057745102490434,0.32773228430199014,-0.7289984354925512,-0.07242480460808616,2.745633606720499,0.305300870891975,0.6375378936151497,-0.9755751806585924,0.551047404496185,-1.917251648421102,0.6995898880872645,0.9307330783908356,-0.09965716994833278,0.3849517436038601,1.703322285199601,-1.027218967609474,1.2410334476711617,-0.4061838206733506,1.6817680063239515,1.4429241476243846,-1.7372116296327476,-0.3788820050992393,-0.466460347880677,1.0730888435939239,-1.9947923961828171,0.42449912705481957,-0.4824594861944624,0.671301408741342,0.6063405976455895,-0.7464747109530759,-1.0047674773760744,0.2545987580185708,-0.6922278728678911,0.38219973254046746,-0.34306077052630524,0.5437102277595065,0.12705005325256816,1.7460685810907453,-1.292856316229302,-0.25083252893106023,-0.09052428054351747,-1.1693873471133918,0.45871084429068304,-1.0242077644244394,-0.3166417284649029,-0.07606436807737584,-0.13015085583809405,0.3290725799723545
0.21871537191374926,-2.0136611009923957,-2.175422610236334,1.4437721099321557,-0.3146546659162595,1.6724094394632507,-1.1387506494986526,-0.37909982709924844,1.5883134496083249,0.31178700099148343,0.7901573471771808,-1.2846496823094613,1.8083790412508958,0.40069255717215146,0.30984740030668534,-1.6152713552135505,0.2540489808835852,-0.29092090233050083,1.6378292411769781,0.8696870118532563,-1.267038231254519,0.39630733434624354,1.3759098622027612,-2.516096119591645,1.2768884976567134,0.4500729129363878,0.6074060172872561,-0.9601386621483518,-0.45091167365645135,0.09608859053468662,-1.8078327983917313,-0.9655315205171089,-0.2947076187715051,-0.5339151428304699,-0.052413247441657415,1.865560191350188,-1.2044187767804901,-1.312309353461478,-0.41390617212565395,0.45784632165724687,0.37238873139605316,-0.8994381270770642,-2.1371786728644806,0.030133380534202874,0.700672178632915,-0.5401443163345802,2.901038542974624,-1.111281812939079,-1.2178566847789631,-0.5281398529024566
1.5422394572446887,1.6275667812061012,0.10326811623985754,-0.3199660973532047,0.07074102235650903,1.0010172082409152,0.8917328670275937,0.5891721047265439,-1.2306429051554353,-0.00958254073134023,-0.022737005672305622,-0.048304362034805676,0.7471765870286798,-1.4408004267207037,0.5283202517776986,-0.16417948942978272,-0.06108351818699586,-0.6093570221756001,-1.0189630229386237,0.24627109688177948,0.28438261433504763,1.117135699793005,-0.6376379955641649,1.101519531187093,-0.8150463020433544,-0.30972884921673544,-1.3255144738219289,-0.9880600960138327,0.9100302174167718,0.2197723712803302,0.8966768194116644,-0.4756410302015082,0.28767518815656146,2.7672300975863533,-2.6648663913866755,0.33146908528492786,-0.41957808176059797,0.5652943412153509,-2.3998797280195423,1.8434969766022102,-1.896641590826621,0.40251585576280485,1.7784597871083614,0.37078285199987154,0.12279972360341848,1.0213912891443377,-0.7211887398494863,-0.2912974228486921,1.3858804335464021,-0.45234101580998576
1.219781829757161,0.9029257092731418,1.6584666066873512,0.002930414625739559,-0.6173913766846887,-0.9891577791998885,-1.0880582643332608,0.893934758588822,-1.4639304282618615,0.2761811010811036,-0.5391520949838486,0.01964833960931078,0.7884001829275897,-1.0965496661384428,0.4526972918343639,0.29970315783976037,0.752880894900001,-0.82540890362753,-1.856367850712857,-2.560523011812762,0.6324662514929817,1.3066637596132469,0.055883128262802666,0.8010993719687218,0.6645949949579143,-1.038829845589645,-0.6570007481618925,0.39622701028169466,0.5161800099299478,2.236729600881791,1.1900118958189907,-0.12119121201801583,-0.7118527313697447,1.0557009053297293,-0.8012261432728327,1.3706560158940913,1.323101711327073,0.966915078430353,-1.4449184098957688,0.856488802183162,-0.13004483754025406,0.7397958742221978,1.4049600006938316,0.7560438188190852,-0.6040535448796146,1.7526947269753324,-1.521117033452993,0.009001425806090408,1.2131130697813677,0.3060240300411967
-0.22751139293133935,1.8374249640819353,0.9308183663479285,-1.7472598858276385,-0.9517148437862973,1.4178253298347823,-0.5436985708795825,1.2734603905733044,-1.5844004181912974,-0.3636903931700218,-0.9202004031113175,1.2615269051995162,0.664929262283751,-0.5034317436929668,-0.4027612182251933,0.66539418610431,0.2865004733193842,1.2661019342230717,-2.0017431834473096,-1.6417560449710298,-0.9968971867193218,-2.4937125514067358,0.21466725239894133,0.12070030083325922,1.004422624460117,-0.31908816666782364,0.07519261396830831,-1.17696074899816,1.1170297991935925,1.0928116673491501,-1.0089148645362738,0.2072405752833061,3.19326301491273,0.9035777271169124,0.0224322740805646,0.21515982902769257,1.7921811864649864,0.446225132085224,-0.9166543916124501,-0.7441820809049197,-0.37839584487949113,-1.545423483509493,-0.15883922716156545,0.17937191911794986,-1.0668398134791535,1.0656100801058477,-0.3298445028971776,0.561083750549022,-1.11321806061545,1.1962471934018428
-0.018262515854337833,0.9310786208166004,-0.22897867177269127,-0.5306728092534871,0.3027598439284558,-0.2481011151292795,-1.4777327856354432,0.8900271987011557,-1.2543134428227916,-0.8176446752648521,-0.14303206975984423,-1.6882814726714284,0.27392685003953476,0.15193983051796559,0.051763027225459765,-0.05362893670251992,0.8703007252633144,-0.43610765456460127,-1.8476027303040692,-1.5835939740003406,0.7570221971950549,-0.30566185292397496,-1.061336193921777,1.047487417186241,-0.3129896888593365,-1.957270745510631,-1.8744128835449154,-1.6456415591279585,0.7956875057182882,1.022302687048567,-1.0557005965167132,-0.8354069816029642,0.7716637337008988,0.660594153465333,-0.2684423506494004,0.5325428549600001,0.7275902703484338,0.870190542573028,-2.3315354759297193,0.4298670844991201,-1.2553501126784077,-0.29898987166335667,1.3674716503433026,0.9175217588664355,-0.2386149344889219,1.6536834648605385,-1.0734956003197007,0.5154500389973228,2.0007812331537145,0.6320996318344855
0.47711335086147744,-0.6104445928166955,-0.9785841136322038,-0.9930911856561092,0.29065391851440275,-1.002274975028797,-0.09732358111519145,-1.2411320676268949,0.3248371247358934,1.322555283602922,1.2857161844954348,-0.33857022091973876,0.3190984606354231,-1.5820193486923266,1.5849863951772798,-1.5363144152979675,0.8764898201317314,-1.4926430446933352,0.7290289397787867,-1.9878622504276666,0.24409394471416002,1.1230244325931458,1.245919960803462,-0.6619935662345007,1.2657953557695385,-0.6965443875470918,2.1583555523372686,0.2324654578282877,-1.3231884605248332,-0.6027852176372166,-0.19998868361668476,1.0010031920905842,-0.40513209250831567,0.589471226699448,1.6053423827603037,0.6082242508100697,0.6837429732529791,-0.9507667621443122,1.2443790606068843,1.1291026212486939,1.5435135477761905,1.170784476689898,-0.5207422064438773,-1.3254387357825017,-1.89065158531716,-0.7599861758876045,0.5716829124858578,-1.853887791192881,-0.22410290304374267,-0.22052209261643227
0.14188915051965348,0.10908774779782604,-1.3452460265670012,-1.1211286553783917,-0.016506645053973375,-1.8151640112912524,0.36207768201413587,-1.372474308651085,-0.14920556131916482,1.1229991278330866,1.238952829400782,1.4174898477270657,0.36729005433326767,-1.797825351125241,0.7532952779129173,-0.4148593367980677,-1.2875554809800374,0.7167864980259315,1.0190080873074985,1.1288530496266618,-1.1446169942075386,0.6780230483906339,1.5279339995472319,-0.8736481058539556,1.595975999602257,-0.08391599775392297,-0.7382561486679922,2.0052579838120534,1.5166404760383934,-0.31492610756911615,1.3237879480061432,2.3499252739588723,-1.4355325088316166,1.923136914590701,-0.20961351931886302,-0.28719783521993647,-1.4268244027320154,-1.5237386860169426,0.28330662582119404,0.3108132627253402,0.20838913813165277,-0.48424923362378147,-1.1221610843184404,-0.13766290054013847,-2.110642834168321,-0.3660502706479833,1.0684533080001353,-1.170157950589485,-0.18097635435077442,-0.7491874115914392
-0.3065746881297592,-0.18513223777092505,-0.5775479927495036,1.5705536651623453,0.14454306477257758,-0.5147029658745631,1.3734157473655437,-1.0599339502351943,1.2867413269829429,0.4095622506608325,1.1237590975419538,0.8454107992202381,-1.9761456147850793,0.7454438581173698,1.0135826183718994,1.3866927202154788,-1.0211159450319467,-0.11454365490814669,1.4153798890074336,0.059615644778070374,0.8681444998623784,0.18977333618431738,-0.22638000710511305,-0.012103212425635087,-0.02677191946005402,2.2015541549944104,-0.5571997247290723,0.1111577316466178,-0.6863623435793994,0.14632798589146873,-0.7417183608884983,0.6251372036096192,-0.9226315412218994,-1.2195333586189396,-0.9767378743961521,-0.0174083211293862,-0.30341494038507305,0.42427266120484713,-0.8257127788882743,-0.10365722007060144,-0.4429285951659829,-0.5899243619520279,0.23429817837750908,-0.2365366126508567,-0.1820205617019213,-0.4892834863028333,0.3141528102258026,-0.35677991992790803,0.5060689696468063,1.8604829164359291
0.5905294538775894,0.2322335515881929,-0.5723589207756395,1.3189798177008842,-0.4949338848648602,0.981982847462394,0.31872303061699586,1.400283408624149,-0.3785119984103542,-2.540663265872582,0.17914742793953176,0.11479465171976475,-0.7054605241106202,-0.9383856546477161,-1.1616194046482147,0.8422893967567591,-1.1320605924654124,-0.9626285219743416,0.056304787760853715,0.9975430642400159,0.08917611673323066,1.4558519877555112,-0.7342465423913116,1.2594675741618924,-0.740001581096864,0.08889880018976487,-1.314198647665748,1.422678431345513,1.6105943397932747,0.2501434570240303,-0.7585958711913656,-2.6448360637509536,-1.1030677046954696,-1.6967943290022498,-2.827368009191446,0.4715706894779003,-0.7784991196391368,0.48147648783155117,0.7390712387832377,0.8566037996919968,-1.6975673616622264,-1.5891780975006593,0.20669500722999468,1.0188664292012968,1.6172919729593678,-0.7719289165594608,-0.7159588338662628,1.297069415184026,-0.014984100779317942,-0.9728000601519436
0.2981520953521778,-0.42017781782837377,-0.9196494647141856,0.38130630601291343,0.6505770156810549,-1.824081137981727,2.3361607181684523,-0.09702977728864665,-0.11966770908769156,0.5676202130736452,0.18330778928039898,0.18822171524260953,1.4441301934604724,-0.6445931474359579,-0.507469840567159,-0.11880066790222679,-0.29029015747723197,-0.08878854114671682,1.5008958524633818,0.017453276838001214,0.024581072992056516,0.6476663728348381,-0.23284809549087146,0.8221370746689539,1.1980653594244763,-0.3841368555861406,1.1246503686372946,0.569048906079887,0.03728658586032412,-0.15120623309802672,0.3183529575647318,1.5470152682274927,-0.5737164441736885,0.9865331882272189,0.93864367264021,0.23869331482415662,-0.9364808547985211,0.21633289880339493,0.3240273173803251,1.129209001852869,1.1733232577096206,0.6918877374697089,1.1337517185709145,0.3484092167602151,-0.4866824863583207,-1.4451825579532467,-0.2987661075452189,-0.0626646940312436,1.032124415873673,-0.544429922388309
0.447004433649366,-0.7044481492121233,0.024812371711441152,1.5017253196293927,-0.3828004214343102,0.6656590933166194,-1.3588236394204702,-0.0169813368757058,1.132081461744418,0.4033196581474892,-0.04751683913623766,-0.02783728949673615,1.8834666093619712,-1.0553099067860348,-0.10857268036966082,0.37829131960723883,-0.06269213180476492,-0.17986232954187664,-0.059401495104359055,-0.3416990343753665,0.02471195458125831,-0.2867418970994916,-0.4071070015090252,0.0499269616861932,0.64882166570724,0.6251625773426661,0.9446779412313845,0.2553674741964055,-1.0261038341085889,-0.7243422910480015,0.4579466598089107,-0.7433487945139655,0.4385616395923036,-0.6230714033063333,-0.2033245220664883,-0.3030174782486918,0.20252640318137,-0.6138840230365729,-0.21626291373076673,-0.9456171295059314,-0.08832018032381392,-0.8366098985012963,-0.49053566417964845,0.6562827273648072,0.13511463266661558,-0.04425531908507347,0.6023764053510574,0.13312420450189633,-0.2244635048961061,0.05526868521101696
1.1037060533161986,-1.5787479665281936,-2.026178349267923,-1.2335201843024433,0.6436151377901445,1.8566166924760967,-0.5671526034545864,1.3558647556574774,-0.616658413474575,0.13340676625948114,-0.2254709578331587,-0.0706892554694644,1.5859515511509021,0.44983110746413574,-0.5314041521415225,0.6493844946934774,-0.7065414220632869,-0.022569395913813368,0.9476837954370307,-0.462847325679258,0.8144260574522435,-0.3475478513160566,-0.13383630124652365,0.672533651454803,1.618214151849233,-0.7708877049166947,0.526821769947825,-0.16174916988907836,-1.3266427692823255,-0.18008301932005916,-1.0647081604987607,0.20963379339403806,-0.0379922398874533,-0.1919678823335192,-0.7148245709836551,-1.2033448311446637,-0.4191937852351348,2.2389967048157398,0.5833164140011452,-0.03460734814773798,0.2727383560473161,-0.9160811933818492,1.120699567931123,0.267323878344062,0.3438509118222573,-1.2862234204024494,1.082653457866061,0.9360561951821917,-1.67864518771022,0.08899602478876355
0.3509974583274565,1.362433900197458,-0.8384285125910081,-1.0091667488227447,1.4784065918226015,0.04362574206777945,1.0257032224136526,-1.1968381782898383,0.7873681393820009,-0.6811982581604467,1.3378145691985923,-0.8577623435628677,0.9644713914943737,1.6250565702894058,1.0304197537376725,-0.2258838625982035,-0.15507928865226128,0.5124516949211121,0.2754662473836564,-1.748379169295571,0.5973322412857429,-0.33368173995289657,-0.3568131961288344,-0.3653241761552442,-0.008660163812487567,0.22340462322427748,-0.04046176028600499,-0.21482672700940428,0.912594550662094,0.3599516330808442,-1.763443623466621,-0.42486312347522076,0.5258500139421677,-0.33787478170336316,-0.19391462131848178,0.15055111841448193,0.5550231407015295,-0.6335816807980216,-1.1429536322391922,-0.18003265842751165,-0.69745876215944,0.7464447963625983,0.11112227125768259,-1.9291486766886918,-0.25922943765175954,0.12831890056025835,0.6863016820462724,-0.7089479576872283,0.16855857103243707,1.588660251000111
0.15111572758208672,-1.3899144108864339,-0.8213926571974104,-0.6269592712127342,-1.5684182667504116,0.9995812633093001,-0.40836790156068037,-0.2996289581484757,-0.7025497959929727,-1.6382607748582447,0.9270213232516304,1.0942347584199508,0.721940471619189,0.48790234959483875,-0.004676141112759828,-0.5900359791626681,-0.5159430272111681,1.211728583666212,1.2926173136370818,-1.1151137594892324,-0.17510446697333945,0.04504172832553296,-0.5350548970817277,-2.17347568470163,-0.7723395307236646,0.3883269436728028,1.3104052833750064,0.7869924505351281,-1.487693924289576,1.916564591278042,-1.1678968216087338,-0.5454935024446674,-0.4587658039293517,-0.023370819986078123,-2.064461387848095,0.8474079554247163,-0.8414654481927537,-0.1844566545984832,-1.2478952738868965,-0.8245197517683323,-1.005397823878643,-1.7572290116885656,-1.8511329478549685,-0.88549424171862,-0.22543784191766136,-1.8419448223678467,1.5109957364283548,-1.0087405992334129,-1.0500779695239253,0.25600215551353817
0.8362323830141988,-1.315517716141473,0.9775830605647297,0.18235631998013302,1.089378126396031,1.7176169470387934,-0.38587709021713784,1.511277646974598,-1.3009293858527433,0.9179188357982879,-1.9097626396690983,2.906108170097815,-0.4593441734012891,-1.8811065050429472,-2.5460842401685375,2.403621391073462,-2.1982320168611165,1.9353471982785582,-0.7135028840274713,-0.6652203554536457,-1.0667128363749183,-2.483368487167804,-2.0374760274608916,1.6249811461213457,-0.47352760872791905,-1.8332896725774117,0.09150572619695663,0.06387033732642013,0.38147484085013567,-0.4385463665255741,0.11559039466950594,1.5094752176622896,0.9519824801006814,0.43944996033172484,0.5845729107809099,-2.6391087243684694,0.787204479134644,0.4434937847204807,0.6313349974623325,-3.3717970378618007,0.8578161159891574,0.4505796618078606,1.2826534970661483,2.4568857093821213,-1.5355195284530887,0.2915503414042783,-0.8991089918382307,2.749084170938107,-0.913447376793454,1.3853626326849082
0.7156590490408202,-0.9512367354061998,0.6319170142133346,1.1448866310132424,0.10281375685196469,0.8618694731955862,-1.5344382317260328,-0.23797147753815395,0.8737986986966252,0.14129520885950686,1.403288936043674,0.34784648341045454,-0.9614801251170808,-1.733096300327751,0.9574343555141983,-0.8650147723314127,1.343273933366237,-0.27594917842785266,-0.3423901004277564,-1.0235406379330345,1.0792152987597132,1.7065619832954826,-0.19884310879474942,-0.6388070246202482,0.7714943010056029,1.7664171717452521,0.18065280955955898,0.9140868479749706,-0.06892742608425047,1.077271164432602,0.3654441452065149,-1.004261798507973,-0.5554460791010298,0.3109231406358978,0.3127885441150014,1.262365515453656,0.27699846588711186,0.2644385386864004,0.5185548779372545,1.1220185926719695,-0.032955178821297074,-0.37478508355004503,-1.049235857680759,-1.1701665627345765,1.3859240949914562,-0.753597146475756,0.47008145557600967,-0.9411979888169475,-0.861657270478252,1.2227451084294823
1.4928130900445689,1.298333479267551,0.4626680009958674,-0.723295784701577,0.0379348236635747,1.0329726282100387,0.7061000687363337,-0.3348369970153015,-0.5836667725209583,0.21918699499102384,-0.09460665296520702,-0.505448055590651,-1.0587863452054056,0.632628306733477,0.11980908796708162,-0.8127503619684777,0.5739588754859023,-0.14518813349081044,0.5210565110593327,-0.017207833259042012,-0.6073029399350918,0.5607061859015391,0.7283219353418389,-0.9499127875928254,2.5105398992816874,-0.5079499077644275,0.37770126018483813,-1.2901842591672799,-0.009370462009768588,1.0595774885147808,0.08922206475798646,1.129937241304449,-0.3981978272341636,0.7447229947248173,-0.3957541016081172,0.4701020371706414,-1.2223979424649807,-0.9069236506585558,-0.4179853708182021,-0.60295798638109,0.3878477648236771,-0.05100838630189319,-0.8181992865553195,0.7095499691164115,-1.8002207659347897,-0.46957207977567317,0.5519191815575257,-0.4841306206718233,0.16406499757351772,-1.2693893160180754
-1.8574669096268417,0.33980539946891225,-0.18580670450678344,-0.2559477656924558,2.50719482170685,0.1715837711564566,0.7554824704968961,1.1125154127732235,0.644425488676199,-0.1650471095460564,-1.2589148254068894,2.1984022690638865,1.7048959783730178,-0.7287737912139297,-1.327843013987042,1.8287252287929212,-2.1369035210146907,0.43116647355297677,-0.17043333367878996,-1.377041110784795,-0.20589702082699687,-1.5313936142057525,-1.3576329906738447,2.414058056153955,0.07895839681037031,-1.1562506513711088,-0.39226106759006285,-1.7318767174638536,-0.7821306531917824,-0.3515007441174848,0.88371901025803,-0.050502077171407284,1.4059825338152196,0.10647294144768785,-0.7441200859058652,-1.8839990515786713,1.768267610616298,1.096208933029638,-1.108863135658487,-0.36228556691875285,-0.18432748389227885,1.2655558471115638,2.4584318170926864,0.307311777443519,0.48171573756958974,1.054651103777215,-1.309598049442012,1.5201033049548598,1.1622632829186725,0.4368795208574444
-0.14663364834982695,0.6541745566623778,-0.15883333440214498,0.9950838096680786,1.4559186392422865,-1.31813692289122,1.1869597522822766,-1.0523468365568973,0.5141693638251891,1.3774702393504272,0.46136274196625554,1.2511546783018552,-1.439440069062399,-0.7516461775638944,-1.283053208231738,1.1247314045357732,-2.1949732397404507,-0.08878908217065168,0.7455488235522519,-2.052989611585502,-2.102552230388305,-1.4672126016561928,-1.0767884272765473,0.4600103926458009,0.9036399609704566,1.0083374210338607,1.3406970670590614,0.2893495249086556,-1.118827314246495,-1.1876113831575923,0.5468818324687439,1.6378514520815155,0.5565479370089335,-1.1322632277834932,0.3170431990458947,-2.3125965622950795,-0.3137993262161532,-1.8798396843859315,1.0292662060938784,-1.6819035047055586,0.9474261932241469,1.447786522513884,0.13422440391767318,0.7243024164766901,-0.6327241707419033,0.42958425577976705,-0.10220970315239938,1.2959911122915644,0.44644342574928597,-0.06157222853457211
-0.024698898468854723,-0.3994398329865808,0.9618011661717851,-1.4241544090431277,0.6870377486889196,-0.5556050533750733,-0.47425854270727863,-0.13896330871529358,-0.6077657111913114,1.6055511003804184,-0.12296236110599934,-0.05408680993319152,-0.4378098696514203,0.1262571770103655,0.47514139857023213,0.5368480608584627,0.27074071975275316,-0.8732336548109637,-0.20602377170994499,2.0261777942583428,-0.1684008570592719,0.6196058688192353,0.9246365248505165,0.0805228841576322,-0.6363497430731881,-1.062688512277754,1.1983014924303819,-0.10936750491513,0.03015537939500711,-1.8040307552517332,1.4337921497099833,0.6920008335936405,-1.0120524810629228,-0.24794769333386085,1.2020648260420363,-0.8090964034905347,-0.6510873654627014,0.9503643257717324,0.38538957525287576,0.4865612908221706,0.7729992757294725,1.8033042679133728,0.4519213817693064,-0.5447868825429294,0.61738699551806,0.18415868172901512,-0.49252149589591454,-0.2525116619861358,0.7027657589222612,-1.7556597824660614
-0.0010118213415767857,1.0761412358540399,0.45702674844377356,-0.8049136249027381,-0.3791544496189969,0.14301065574376445,0.2298661151630903,0.4619744135506146,-1.3075470479206812,1.203524055489206,0.1543858253450606,0.8839415434969996,0.7041709864896506,0.09757412082371054,1.4405971247803668,-0.9487658627505422,0.32507895389304353,0.7087997927156136,-0.10139533124027578,-1.5731151248273523,-0.27163221468565496,-1.1019395608859666,0.5118857758246931,-0.6321031440230126,-2.2198806853458852,-0.08956526679044202,-0.9080554313969698,0.1622145877895266,1.069947141654054,1.0353163524444071,-0.9853429276157034,1.496782826112806,1.0493359836682992,1.6010791451206583,1.721958831420029,0.4586469973835688,1.3622510371346173,-0.020179921794147078,-0.23019129876722041,0.2825797944341135,0.32008591455927327,0.524415696831685,0.5350191278518268,-0.1067795385481418,-0.9285793855878799,0.18576939426088623,-0.20281341944001027,-0.713357090637902,-0.18968118725223973,0.08740983504073008
0.6716734036282082,-0.7952425453430292,-0.21071244768872807,0.8267952109237979,-0.23167005479141073,0.573552316604568,-1.4745471366256118,1.9064910026714939,-0.8932892966648472,-1.0544847351166562,-0.9216662128165302,-0.2508419511834582,0.21131713918292536,0.3631095582247448,-2.409620035578671,1.709621678445131,-0.3235625428798406,0.14140483260091408,-1.2882078625419362,1.8022063123563248,0.21274884231052837,0.510832300448491,-1.6450600482222417,1.7017119101983986,0.2884337846854968,0.21971729065575263,-0.15864993102311853,-1.123064751167651,0.7155759064267975,-0.8173299064831678,0.20088106273252856,-1.5316428276870437,0.304555113194397,-0.4692658706035725,0.006748419004152503,-0.16980559610308188,-0.23792141034983383,2.110580719458578,-0.33115020913103016,0.017661072512088392,-0.33166806169827734,-1.1311823476729228,1.5091855009342932,1.2571840959843095,2.336069874341058,1.9992630904301805,-1.1648128002159506,2.28512519687705,-0.6814899575409852,0.4151342216901934
-0.061329847544327874,-1.625245920600658,-2.6419793288327478,0.34046378660500165,0.3011074848706506,1.6495280176726483,-1.0171086311912165,-1.0336313666567805,-0.04485599465912053,1.1572660690399077,0.07594182173365442,-1.76415474396556,-0.5987971944617178,-0.8533505567696981,0.3031164921839036,0.5625899745454002,-0.5119878293826333,-0.36833335177523263,1.6566361807353953,1.4023913334770506,0.1954947096084206,1.3605329273528468,-0.18918666564128317,0.6830646584950648,2.024956170942621,-0.48680084724012873,1.3597230869343395,-0.1658595836573752,-1.092600524490091,0.05064362625422157,-0.5475976358382145,0.45650285613607333,-1.6067710071142323,0.5132882472968981,-0.20432301007164122,0.7518379497991823,-1.411281490852746,-0.1592359967130216,-1.350840564649701,1.1053657797246128,0.5371456490596958,-1.5421443414405198,0.054842165121359636,0.8734141391290287,-0.04837807239127268,-0.24989489561431336,1.7777222860339457,-0.2730653608423292,-1.1375635429974607,-0.9085871488871372
0.6942842000027954,0.6529995786106939,-0.9412326866170577,-1.7803984490886569,0.46265780038070403,-1.1603878325991444,0.457163277202978,0.31321115239503494,-0.996481393204132,2.507102414963278,-0.24067993047167038,1.341985369577814,0.9363317454612775,-0.8235506740566915,-0.6981864436016638,0.3756057650820277,-1.1942621320442497,-0.1164340249095362,0.33816954686195627,-0.6549648262133504,-0.9875124515774213,-0.16188589971651993,-0.8345933835855788,0.9323183442626736,0.884491557507413,-2.0309665163415103,2.289037763963682,-0.3229735999273861,-0.553967706629321,-1.177207452602335,1.3003524566269322,2.83118292377929,0.7535672523088478,0.7001040643315326,1.8099091120081983,-1.2301909704516607,-0.41586402870055095,0.2031458651244717,-0.7924992336581516,0.40782380283702385,2.6381493226344865,0.7297593471535186,0.836278983782334,0.6968776254858178,-0.2047359587629873,0.8842295031129876,-0.30747040544002124,1.012661584555833,0.3502657187592287,0.1484484190073262
-0.5793018264563339,-2.4454498647707985,-0.30271947751171563,0.265353836283446,0.6447178489891754,1.7356126405159529,-2.0207797637984073,-1.4460157835048864,0.32795614788612315,-0.6599924561020869,0.7915124632524907,0.05657896227977593,0.6095050821524877,0.43566016738777863,0.26276787329353724,-0.14212136448900378,-0.29303295961909365,0.014638535388149661,0.10894668020350569,-1.7076419528111968,-0.8647681772896654,0.5761449123405163,1.5061408380244325,0.16219210663706235,-0.350018239904275,-0.5018069971007062,-1.5399577407099094,1.0917093452267674,1.611519748857758,0.014260455195667507,-1.1090267045174156,0.06620922848156266,-1.0333235177342215,0.4731184260377237,-0.6682256410047573,0.6258196957954871,-1.1448397264019514,-1.6788923557986288,0.5782420634380013,0.6688189876099112,-0.36190978251570094,0.7277157094775045,-0.537646608447868,0.23025604320822796,-1.330121899345772,-0.32179172440558107,1.5287986003924015,-0.7105728507538777,-0.17248394468314657,-0.6192277620287165
0.7140823189052444,-0.7419906594491308,-1.2740612503968303,0.49259536180298613,-0.27850676886877107,-0.6898868517759885,-0.039967727208755015,-0.0621978305510311,1.380239765472114,0.7718661244103966,0.03693814007525402,2.3223862032725404,0.07026340291100061,-0.31211563421798993,-1.1069224060435086,1.2139295593062092,-2.6933474355617433,0.5134063389621547,0.7746214594289799,0.4782037992982188,-0.41949253431720335,-0.612969956944689,-0.17009687880944735,0.24415371376944242,-0.7910338862275368,1.4442633385980943,-0.2154025055513055,-0.13122446757056488,0.02458100694663546,-0.6067079227125953,-0.22994207865712002,1.1042998652383524,-0.3366372800526983,0.2546279926968533,0.11378989632849397,-2.1475021202976645,-0.9049513178644106,-0.3490464143128309,-0.434192379817116,-2.440207945690419,0.19387003578676926,-0.3022818053310228,0.2481422618112947,0.681185452070532,-0.5509166129683999,0.2305729083554056,0.5537344325953683,1.6406220839419532,0.2837568450993402,0.4857355994308776
-1.292526563991406,-0.32478550490227437,-0.2078883501755326,-0.7249890515225255,0.8635836917882105,-0.9515042812669257,-0.25602346072307636,-0.7584868763404603,-0.26240573523623717,0.15251558181534908,0.07929645993346653,1.8758934540539023,-1.5343105558371277,-0.20938173584769185,0.7831498487296894,-0.7980894125290195,-0.28812202141559584,1.1199477223677123,-0.464418648167951,-1.4428894392449216,0.5314752460851679,-2.1480077188990454,-0.2719742558708667,-1.4242433045192333,-0.3595446553856179,-1.3941991014823,0.11342021350459157,-1.0941247901977516,-0.15150567440914084,-0.07005044364654815,-0.9425843999693042,0.26679562010035696,0.9349033173591935,1.2540284949536578,1.4932278532753902,-0.08801189268890579,1.5758219055442624,-0.20813427400165038,0.7142556510244737,-1.970947656706233,0.5412787416180399,0.13770409599658448,-0.7676171962878477,-0.43948538377953056,-0.41468842139921513,-0.39745648419429436,1.5516999397364049,-1.0547276087213702,-2.305371302414145,1.9036962310438148
0.6651265514505496,-1.5643604573248824,-1.249901085836308,-1.8856726519377591,0.18328144062580912,-0.34561463475884313,-0.36833654522874043,-0.04438063082831138,-0.6250179249202484,0.33790674583325075,0.33450718043004113,-0.45855510098239566,-0.10323965325673354,0.5813923181971166,1.036947270974362,-0.8678284634167268,0.3889357598078706,-0.8444085747779821,2.2202925211649034,2.1409694242729085,1.1018938936173281,1.9420791495073098,-0.042789873158328814,0.26282157453427035,0.5626814610397364,-0.915044271508105,0.6860467766791976,-0.6142126481663115,-1.02074914979428,0.16867956472103973,-1.6396470469138595,0.24773027668397157,-1.2887621654546118,-0.737516979186194,1.8786006826236747,1.212880485978341,-1.2279969851436257,0.7048460836588204,-0.8903088163926649,0.84542388889683,1.144408655580503,1.6254864934170397,1.262299246713552,-0.2322760749861446,0.8570710461613401,0.06856094598447225,0.5592518187359824,-0.6687633876051142,-0.5140786051150551,0.15068125242699634
-0.6007844189100578,0.10852049696383595,-0.5677918908149223,0.5055235246591906,-0.9039943487342839,0.8517930668710847,0.44173617260733355,0.761086449952861,-0.5551654859634518,0.550526164308515,0.3904981444853998,0.11148408225181428,0.950434403084309,0.44499449795456014,-0.3773146033242025,0.2583938777850605,-0.058523424947695975,0.5258099520491504,-0.0579504877201609,-0.13745717852891376,-0.8016419248416107,0.2430279406183181,0.2628908969702538,-0.1977004749897007,0.04066984150299699,0.3863715688329951,0.8290040665342113,2.4307676363197857,-0.20425550576209364,-0.11611247073707481,-0.05670133958865799,0.18855084556167737,-1.118122305931247,-0.9806076150705114,0.9141701851022964,-0.3821301755733002,0.19790105657515644,0.14028244904869044,1.2839974541822992,-0.5315074495058724,1.0443247830718192,-0.472497197812773,-0.6171763525710282,0.12926123241481458,-0.1462700267998743,-0.27149869913344665,0.7807351820114913,0.34202792358523704,-1.7452763127706077,-0.1550134497682679
0.17805363289927678,0.995999645870012,0.5792191879053314,1.6568631214571268,0.6436027319779849,0.699886938235062,1.3375315477346181,0.6414377068890021,-0.11839000420612023,0.7742012614237876,-0.9611179904040904,1.8056324043735823,1.0178472987384681,1.5497973292535645,-1.5995686115562169,2.5158149555779556,-1.2202944737269423,0.9031355740494403,-0.25387797634997794,0.11944971874295086,-0.3757704909963442,-0.28501176469798906,-1.133508270866568,1.2569412402765199,-0.21879947421887064,0.2737775645405407,0.24842535508210106,0.4933580489167179,-0.24098547619334879,-0.18796620409967568,0.9881761127508355,0.43171168688239675,0.31877893042371297,-1.1008292064735588,1.885645504892136,-1.6033433013441631,0.039307413134043095,-0.03130521927177727,-1.3327710287834438,-0.8909665138326612,0.27941888803670306,0.2962934275930077,0.9731523683591896,1.7491344294424598,0.9739077155133681,1.3447356488442102,-1.5884281390519537,1.9030276990685708,2.1514009649773143,-0.6311296690036847
-1.8243083871766688,1.6633683307438296,2.42533043434139,0.8862350525701663,0.23705647687142234,-1.023403808213417,0.24212261745439095,0.7162556891197382,-1.2458425194424376,-0.8945048678586852,-1.9491678069308136,0.40118835875207043,-1.0001742737098633,-0.27932999578086143,-1.8602790622507546,1.3273025761949837,0.30913809472178405,-0.19959658025464136,-1.8956954440799745,-1.0819212004278262,-0.0026663043518455774,-1.8003083785678402,0.023136338617926196,1.827048959827429,-0.16716462525594655,-1.1319996577483722,-1.1038069351962845,-1.7747787996108606,1.4996286069226172,-0.3620643502716921,0.22036047857298416,-0.19985687289468634,1.3122539524746974,-1.5883325885288375,-0.6079013460634087,-0.29683317281010935,2.168055948704742,1.3770752060809066,-0.9329558196935198,0.8249278352008038,-0.004924608449600855,0.15104320934860546,1.529465419617578,1.8194769718598547,-0.7420594664178566,1.6059270156313403,-2.9396305815882737,1.1971915279537608,2.689970151228896,-0.5957244159740934
-0.22984175459641104,-1.9986411591185826,-1.296344250722349,0.4938318364191671,0.19546891708993838,0.3776261745246625,-1.5549129275100906,0.16167800688766895,-0.03346197508875772,1.6962053970476125,0.5466584765662635,0.504029738952528,-0.5429330762583778,-1.7700762211945602,-0.8471836483493083,0.29245562907813505,-0.9826142772581054,-0.45996246626191434,1.402750332930117,-1.4428729637266422,-2.337361613074833,-0.05516137459960993,1.8158382123296843,0.33394285772762183,2.8027095382686733,0.7990628115877922,2.5043775355783535,-2.106718280503461,-1.1965498111248645,-0.5990630377918182,-0.10036656454999475,0.9564934653562813,1.747217669683254,1.2470926021744966,0.3374690203035405,0.601718108904314,0.45360314893945197,-1.5371916635163072,-0.000563644698465572,1.0419522160828503,2.2744194547008036,0.6418718959645037,-0.25117085914882714,0.15530180445430047,0.7046482225727292,-0.33728375887435585,0.6819009958190797,0.4623109172046144,-0.35460092528505455,-1.2355696327957852
-0.17412200627304858,0.43258569394886986,-0.2843080067982496,0.30246468273735116,-0.0324231592257166,-0.8818570690407695,-0.08202424002129492,0.27699180926261513,-0.44443102913229526,-0.6513987903472952,0.13259743305586533,1.5233706162516958,-0.5459595663106575,-1.4380933162439138,-1.617143460818302,0.12091345856433534,-2.4088910780688444,-0.02574056670954625,-0.6425772067396289,-0.7918624791476698,1.4710384790402298,0.09771890946783311,-1.9014556231984512,2.0822900475351322,0.20345168382456436,-0.872767560081273,-1.8966060505254587,-0.8743622897240009,-0.2677967321096659,1.2822098301358646,0.4715622288569386,-1.4158893424932024,-0.6399814140402786,2.033394982473836,0.7538608745999399,-0.7408814230089826,0.5872553723025735,0.404304517420685,-0.9915567624870852,0.33242313088373365,-1.5647929441290036,-0.0214724072443471,1.3623656746423887,0.21286288037949075,1.1484713526441583,0.8051183239827429,-1.6552390798048977,1.5409635240727773,1.5683600001515843,1.253349271933117
0.5645484694835231,0.5182221669060475,-0.7191076992170267,-0.8153463139644134,1.4736975176060096,-0.8814921664874242,1.2902477621144466,-1.0978923763941526,1.480598240562753,0.7981513005848404,1.2960733365648474,1.5864940245071715,0.9079164560223285,0.12049495203207444,0.0016561860323878956,-1.350729977242545,-1.0348323887837143,1.9168203201889211,0.6070891484602341,-0.9399755176416665,-0.07051748078941836,0.4347344884403296,1.7229531186667275,-0.49361837111291373,0.3836899949011759,-0.04880997870199834,0.655765810928033,-0.6521616957869124,0.1224047673912107,0.9013004949477708,-0.06048466376681459,0.42946509681740913,-0.22167727299851872,0.06326197824665764,0.9593996705753278,-0.6273909478543648,-0.18164142367475852,-0.1542400526462038,-0.5888644819091167,0.004033785927364024,0.3026742370585141,0.9854358004955691,-0.08914313855480896,-1.5475878600344761,-0.8709242647351751,-0.34389294498073575,0.8693083134734284,-0.3583756920282015,-0.1685349228689694,0.20372212523859068
0.9522499417437504,-1.2460591122194808,-1.3851176393266778,-0.4389334856539941,0.3116171093928348,-1.8447448677416836,0.8986208228719058,-0.3726777964238716,0.4656240084288319,-0.3721354396397775,0.8638304861667777,-0.6638352644640211,1.4466468238376637,0.36067188624331464,-0.4078352594315533,1.30270251307039,-2.053987610920729,-1.9381483358134932,1.4151680434620493,4.123187022708127,-1.051367925519805,1.293669146056249,-0.6315891317273641,0.032135496841571826,-0.14073886053078352,0.24030398276896792,-0.9903087511075306,-1.050296315274233,0.41285151639556655,-2.9815045205946578,1.5042569232587024,0.42299251814916355,-0.894959049724624,0.0649296910772864,-1.0463563707669312,-1.1925661993186172,-2.5252373486796262,-0.3113213227601719,-0.727819047728296,-0.2198949439842258,0.10841543076037606,0.4701063934453874,0.019631416278220983,0.6209960075049566,-0.5726872048441397,0.48383743605061846,0.4347875554295849,1.0635490885418224,0.454759872438875,0.09951257800878588
0.5319609358520424,-0.28624926468507433,-0.24035574427899944,1.0919945845573893,-1.2402744316389807,0.21745121499182946,-0.701492597434607,-0.17984947271162235,0.2079970592231821,1.2764982706725596,0.42891201736331136,0.18660681340285332,1.2985625838226105,1.5035780100267027,-1.5391861324599707,1.7811857781903147,-0.8936463764244047,0.6671804975646929,-0.33345142804836014,0.7699022466313183,0.9114476643675857,0.9049395717051792,-1.2842049723517137,0.9923718249773581,2.068960213004401,1.6583667385210052,-1.2893146361303236,2.0527043462607315,1.0089101927282977,-0.03731601483970756,1.077880136615105,1.2812281217614778,-1.9664228638848107,0.24038674832847684,0.9086114198240964,-1.733274804214223,-1.338897448700701,0.5175541357595653,2.385438659931517,-1.7817360258661405,0.5042139762245333,-0.385829475937985,-0.1441504829442664,0.5344747764180536,-1.0815051318395807,-0.6218047962346034,-0.10580705495175267,1.5917755346099904,-0.9083002115091185,0.3332162750205475
-1.2647317253204509,-0.12106478612450362,-0.5131062189541332,0.7996191860558737,1.3028819422663358,0.10298203820475413,-0.9635637847226363,0.3789230579581455,1.241988721869226,0.9811338383538116,-0.4325541921864187,0.6809514065875081,1.8499240634491685,-0.26726959112356186,-1.1249383638709507,0.08905652716437626,0.13973957587321523,-0.45897317808512433,0.2369184565941272,2.2977732669725737,-2.1369060237550106,-0.15581184033717385,0.9380018394482657,0.8035478848931041,-0.08486416196864903,-0.452918845017189,0.8727837802447642,0.5023819199851113,-1.1808087328460126,-2.147133967554854,-0.7521119361344255,-0.4929587685663229,1.4650685249460758,-0.5238978174523081,0.2020215097003237,-0.4906903511286431,0.4502245433638176,-1.168299125823351,1.2771059096061685,0.5816754505249667,1.1814522050609346,0.7187465475365545,0.33103165843361126,-0.2860231321797256,1.701749248191129,0.24821280764660644,-0.13777141845000704,0.3903656291300294,-0.022282043952383323,-1.508478898509869
-1.5397439599489247,0.5013413948458171,0.8668067976044262,-0.18069763493073276,1.6766481433954017,0.5097640601455325,-1.243524672806805,0.07678289432105684,-0.38526714230892667,-0.9859035321135644,-1.103751400276472,-1.7672103447165044,-1.538593202315054,1.4107596804727187,0.30481867853705835,-0.2752265559516626,1.358073598173229,-2.3301930241519493,-0.8642079562985704,-0.3739207026616163,-0.062464984706307014,-0.14658106003520208,-0.45911028677362237,1.45708400425038,1.8259429202355673,-0.8753030308588151,-0.16494909076104747,-0.9290683272388536,0.6107043034157051,-1.1928895045058967,0.1793856246567268,-0.1560406970650209,0.5472601016268147,1.6298706515269872,-0.4833983798236436,0.017993781088299392,0.6368488848503425,0.6775502100455455,-2.0723029429688866,1.3343735543958628,-0.008492620892616308,1.882444429578262,2.242088676071346,0.4640744145398764,-0.33204525998204704,1.9964795691549932,-0.2564493914772707,0.28019022187547526,1.156917015465959,-0.4850102960783152
-0.752272167875349,0.16915886798192548,0.26104570082288153,1.0082552835509393,-1.8777532158224188,0.6127640796953786,-0.7046101378487766,-0.7455586132063927,-0.27858072718362903,-1.775608993482012,-0.9627458280960909,-1.5689673541480897,-0.3441454418335638,1.3668473619266017,0.6015328475738292,0.2846029975527285,0.7928001792736125,-0.2650486460869166,-0.5846044848887639,0.31500906278912655,0.618985714176487,-0.6314651144835203,0.3869636191318082,-1.4018371000494065,-0.732757691570824,1.9794119330671254,-0.1885391267172311,-0.7204143082406488,-0.5363450498832409,0.2765541914136075,-0.7489883336449148,-0.5083012035802228,0.7894735972190177,1.0452900370313403,-0.014167519974123832,1.232691360182481,0.2092107132378232,-0.14340670764395308,-1.1953512965877604,0.5047153933011458,-0.29180856866625315,-1.4168959041082883,-1.123100470095773,-0.03746915784529942,-0.26186062522263615,0.6202411919090802,1.3460024613110397,-0.7265772309027302,-0.3192456066612069,-0.1331035007116012
-0.7628786222584372,-0.3379697571306937,0.7428375382257014,-1.425582717305335,-0.5232111239725195,0.1280058334401997,-0.7249877925346572,0.9121968607410408,-1.3929812828148165,0.9744262241981709,-1.5644981587019822,-0.04269180904337112,0.5680880854999946,-0.9006288009489469,-0.3555426221602574,0.7577997013198754,-0.062381364459050966,-0.3305397037604993,-0.239842262056597,0.17874653677750826,0.9195813634992113,0.06634451371555196,-0.5599846954868513,0.7724273542857417,-0.771053871823775,-1.813195279100852,0.9265318359600072,-1.2797443337578482,-1.9930407185038883,-0.3591945884962221,0.1476424831848683,-0.33118493412989036,0.059923661202438694,0.19424866807751565,1.2485758113090561,0.5286422925108096,0.47348923036424556,2.0324920387603194,-0.0412155554361639,0.5409215738099356,0.2250870000720763,-0.42555887981118434,0.7784937635939434,0.5826090493313887,0.8972747596363966,1.3809170913949702,-0.3775471083099071,0.8919661584092408,-0.09098975065293599,0.6942948193212883
0.4867433364831655,-1.2031416419188512,1.0944930565815953,-1.3919041285874445,0.13842215234532695,0.47702841363847986,-2.1781686890286447,1.04799352241,-1.0535403529419363,0.607747949321443,-0.5021437297360727,-0.19923778450265692,1.8579388583386705,-0.8612749179968368,-0.04056051425856946,-0.4624092233387395,0.5376247578998505,1.221573598911109,-1.5016257032678304,0.9877461787443984,0.9245945730420697,0.21786960285168344,-0.6215137163492354,-0.8282518956107757,0.4330543591749154,-1.0592921542644724,-0.41816999732307986,0.8109908023115726,-1.119900728907848,0.8346439744990344,0.7019568685070046,-0.12657944679764113,-0.717891573759084,-0.14505763139180392,-0.1486075636391664,0.48925834750381086,-0.1064992835628977,1.2495693413824118,0.8176074942326161,-0.4231586952800118,-0.9731297595074264,0.005150121555523364,-0.6038854967427393,0.46576728091338726,0.12373514561298306,0.9358688673729414,-0.2841901821440604,0.03507933952886885,-1.469010095285304,1.9280154887601557
-0.3059788501309942,2.5353564129862844,1.2453771253501953,0.6018051027249195,-1.428996594655734,-2.5555465202511574,3.012051055220453,-0.7804196918679996,1.3857262283820928,0.48154026420528206,-0.4854907719767785,0.5039191216919343,-1.4854877353773628,-0.07681590815878177,0.6181511381244736,-1.4617991622015032,0.9449931116240097,0.4663705115552064,-0.8779295670085171,0.01973234073878375,1.5533062135602906,0.225353042050998,-0.28424970901108254,-0.04388325924438462,-0.24589204499022996,2.6457688346592114,-0.24272766384746292,-0.7696199973277176,0.5033614769130338,-0.5763265162666396,1.813460668349067,-0.04298856300790114,-0.6679088594412106,-1.590300039122331,2.0356478495644903,-0.4310352824155386,0.9426933007479293,-1.07928712937526,-0.8844293810533805,0.2277279803641801,-0.2240810869641017,0.3259811447249372,-0.11267360808491107,-0.8904053005209672,0.5406458669993923,1.5588612975809717,-1.2143631635010808,-0.49138781748997623,2.0224453226862957,-0.10119918542824
0.5208459231791198,-0.6358673731230948,-0.607228428768052,-0.004627228783627514,-0.17451462822392427,-1.266357805472493,0.7947764076025273,0.19458318169655908,0.5819390987586338,-0.6960974297485005,0.14421168691015376,0.5921077487565528,0.16155916793823571,-1.0721513408093728,0.7064673930800219,-0.8310685470092358,-0.20765486815721254,0.8335392836573389,0.30625068619364587,-1.084381121230039,0.3345888185505693,0.8655892249356737,-0.5586487539913043,-0.8698947857584741,-1.0854920076158547,0.5687620518399842,0.16227597717034073,3.226388497269697,-0.7453367896984635,0.40285603784011104,0.2911413657584205,-0.881602514094134,-1.6654847413158356,-0.37351870581928626,1.6918274159572615,0.5636702769419312,-0.3425538586134508,1.3997046587410038,3.1610402727126194,-0.278926801626087,-0.047029475260783264,0.8265377143662683,-0.013197132411634687,-1.0175406204845658,0.7523340554157245,-2.168700076189475,-0.05141846098101059,-0.09186015013273498,-1.2290727503330525,1.5705816529042869
0.6444404116246947,-1.1512581606943326,0.26053063691099254,-0.35128147635965473,-1.3221300138018806,0.29389798481440416,0.2931188481804229,-0.3063040938364402,-0.9133403702604154,-0.5621901076049213,0.3494651734873267,0.45839969316551843,0.9082049628199711,0.7570262260759258,0.03130300558613801,0.7181754467069938,-1.245756136249786,0.9220712253165163,1.3690460899441301,-0.9315524981886248,0.6047564859904465,-0.34744289375367815,-0.2599575018243975,-0.7999298339338088,-0.3243304316501992,-0.3431277457857885,0.5816373537544866,-0.44394872676844865,-1.0510797229529998,1.0292364862762378,0.3758966503501438,0.26665393779303326,-0.06719676272934012,1.4342959894591505,-0.7694622491357198,-0.21164942431499786,-0.09142873890912909,-0.04899010897963354,-0.2058854714747506,-0.9459150185650106,0.2836464497064388,-0.0571306614676076,0.3111837499235842,0.37273420710085803,-0.8105638871288533,-1.785686234176825,0.302533620141798,0.8472082356322247,0.07449010316276117,-0.4652505688190943
1.9822069541240188,0.71852178114268,0.6652843655046746,0.9731485247138555,-1.225746510236501,-0.8872385978610774,0.9833180729511318,1.2021980705820488,-1.4553799567213397,0.9427480902737034,-1.4092308603239754,0.9122611263010613,0.5276496427854128,-0.4942905745199954,-1.6320089669415159,0.6767449395158447,-1.1338608922521654,1.5132463630557853,-0.27361721760004526,-0.8423216413765169,1.6610403396723998,-0.810610592003003,-1.3697009115579792,0.16083959138280954,1.6235287855726663,-0.1974544320530783,0.8745153647219049,-1.599612644204895,0.5202636490911332,0.9203259493734565,0.5791113785417406,1.3198648748137418,0.7261162953509612,0.9668146197746535,0.4094362723934266,-0.9456296575835565,0.24780666854002567,2.1907340627307788,-0.9399682864910018,-2.061417158185879,1.0637460048768699,-0.5647984687518588,1.2676570377247256,2.301891358072985,-0.2968960531424876,-0.6890724829835434,-0.9490646018188148,2.1905111634254815,0.23329583618576955,-0.05022786140067279
0.8752837257353506,-0.2906693676756877,-1.4341088070585255,-0.07524399228474958,-1.4175967946465438,0.9230061789041578,1.0686289561367315,-1.5666134579989675,0.5668532432084088,-0.7950883842894285,2.0208138740031347,-0.5930799122535114,-0.4843954329254284,0.824260222273824,1.3308360549154306,-1.1443266857912286,0.16930576572735848,0.3934911672282463,1.541524248397068,1.4852857604367573,0.42699679001702573,1.5313137585751155,-0.1602337358013771,-1.650776890321853,-0.700388315862592,1.5775321143144412,-0.6578224878951703,-0.7469784586253448,1.9029853452140528,-0.46282643233946014,-1.0843551755127714,-0.09621831249301675,-0.7232644119530875,0.3568732997172901,0.6368980750375318,1.383903274238508,-1.634491775389532,-0.49886581591187257,-0.5182257933567274,0.3565659439197545,0.5980312933463918,-1.651166010930039,-1.6358249102691074,-1.7859906524573543,-1.2758978878716511,-0.5262178784357698,2.478803095137395,-1.6605745396832916,-1.4711484056293598,1.033756135906411
0.41093794382646126,-0.5997436652659497,-1.5688624580005688,-1.2809031459987765,-0.9430453584047719,1.9074679081714347,-0.8756482274275478,0.048382856395275814,-0.395785400197657,0.45187350078410743,1.782077594784066,-1.0787051757279253,1.0622183988532459,0.0661083112459701,0.6711675532433702,-2.0862884638588324,0.1490269313772361,-0.9249594448522871,0.962123981183198,0.43751473731763907,1.5287640093930102,0.19867130479880024,0.1057789464059573,-1.9060532436771147,-0.7882449262460776,1.3359220196317325,-1.3611563079955193,0.7154048267972621,-0.6557401003448309,1.5879002532750626,-2.534053090238302,2.147890268756869,-1.0562230579708414,-0.18972873079321043,0.26707175238867803,1.414211324304549,-1.2883216374904376,0.4983720839244804,0.5654983904752167,-0.5171078279932311,-0.5125360997854198,-2.199038079603413,-1.659529876022244,-0.6697646061440039,-0.4180140652694327,-1.745523806032437,2.973494208011209,-1.307252883435214,-2.2752017632105286,-1.7180968390789035
2.597856729099847,-1.0182294903759472,-1.4321149500277157,1.3125878591223703,-2.1737246597488866,-0.03874919143914327,1.0294606954477346,0.409521706328773,1.1772244892701773,-0.42494834473042115,1.5758197743517943,0.7077084137435258,0.4036563804531549,0.23649685097123185,0.0594793197227011,0.7612280838346086,-1.4493657949681116,1.1636547222032247,2.314703115433024,0.49518089356786066,-0.5597355648125539,1.9308928461775627,-0.17719834002473295,-1.4675531407092923,1.6433108553365492,2.3402566471659223,0.17837217803173297,0.6047919414519987,-1.279748619681136,1.746849483809845,0.43787445825018645,-0.45198340481853627,-1.4303028453032414,-1.1103499153995122,-0.3523085728736579,0.2298372233935556,-1.81566383069904,0.12688559065544183,0.48908030129875935,-1.1091227194846394,-0.47453108374134734,-1.7221063301183925,-0.6632838956929047,-0.6409735833151978,0.9704345480967878,-2.0123798713790797,1.1766473314881702,0.05353806761473847,-1.285891875705543,0.4781545257356687
0.7817619767070658,-0.6627978959438638,-1.202624160142804,0.05978926711739429,-0.22952068705026257,-0.4984406067082264,0.2899261286296446,-0.009876687471963751,0.036997170424778736,0.6194223358704657,0.983728190484115,0.3526689603621272,0.9828078166170569,-0.28663598868983814,0.5091621067914086,-0.4100741858327866,0.3434611382173198,1.8096816331864345,1.5752734751599622,0.1799112476158502,-0.8519963943828136,0.3227712902713483,0.21517513045561462,-1.58834035797034,1.3748799676655348,0.19346545094492276,1.1662350444920997,1.2527247711008194,-0.20372385007702726,1.9754962380939085,0.8888304665858114,0.1266264952032394,-0.9077839465813798,0.01285223257602894,0.6001538952102063,1.0040204357422489,-0.5601995980954454,-0.6895234213819117,1.0614584614467715,-1.187867263525706,1.604847059018639,-0.5730948041498725,-1.2530129416395348,-1.414762146396557,-0.2603079776309048,-2.71604070715819,1.5736721106894707,-1.1272493015399583,-2.6666420172817125,1.1659841599286822
1.1436368955355898,-1.1294090587336427,-2.117573331677686,1.1000253613361801,-0.3389765952324437,-0.9621494209837279,0.9706449564234061,-0.5808834291995348,1.950066836395937,1.840142037254431,1.0688184181457898,-1.7578069304950268,1.575787706790143,1.4861283208971243,0.7224883375830071,-1.010660378350614,1.0811221403109001,-0.22465793639360315,2.630348904452927,2.4975588270231195,-0.3869081572139467,2.3704481244877407,1.3683180105672397,0.3661266652145083,-0.23374291968887106,1.4345901369355478,2.164837967039379,0.1745397194192403,-1.7184455159395566,-0.9892454444897889,-1.2626338522183007,-0.22517084589063482,-1.24814862167584,-1.5686173972883461,1.550586749223372,0.9908309139339565,-2.2406803240090225,-1.153963712732439,0.8513047202886881,1.7897511373312613,1.8904810706360697,-0.9831618770732324,-0.9197648105592223,-1.2906355900301787,2.0945391744807225,-0.24545449944157668,0.2894773187701751,-1.0248934079002072,0.1379924410422018,-0.3699345099388593
-0.20671919744094558,-0.11828868950504788,1.5104264897010837,-1.0785628585221263,-0.6509955609447261,-0.919088766376662,-0.5438855162706235,-0.47828042954528655,-0.9083396363711852,-0.062327496008627664,-0.9482391348220996,0.5465811038314862,1.1539369601972334,-1.1196703051212715,1.123740359265571,-0.16095164467959974,0.5415699808210074,-0.356538697639899,-0.9916934936966568,1.5241154154401535,1.7446793430707135,0.4984065571304682,0.5642989257562225,-0.15103761802566495,0.7400463678646995,-0.0049917535625619335,0.21970526513767463,0.12128644363924668,0.5131897918709872,-0.997361939660244,1.6127886349477882,0.5818250640882614,-0.18894777317605407,1.611283190158097,0.7350109132830681,-0.957594638677381,-0.2125074020628913,0.5006643436639235,0.0730102172045213,0.261466168343769,-0.31605898278856853,1.1416367417252271,0.7312433347193917,-0.1033351419035136,-0.9181627283611795,0.669602380418009,-1.2825555984159012,-0.7282044540567857,1.5641157107195707,0.10581561372871093
0.33700800111581775,0.6789404063848108,-0.11208060392854548,-0.18639563037975151,-1.1158133096589289,-1.4133605040914063,1.3492903505291425,-1.4065889657007742,1.3877782844445756,-0.4944177819453523,1.226571479715309,-0.2388716591417834,0.20386908819048047,-0.47050198257641074,0.6020484814911704,-0.9921517452758283,0.3033686676881229,0.5774914315604875,0.20254125712335602,-0.3237909453510094,0.060175725992139016,0.5444450136479144,0.5775028361936654,-0.80804825604617,-0.11446351513190157,1.2663252447193485,0.6846572371143719,-0.17008184909445173,-1.145341068573359,1.0709695509740804,0.3587849328260227,0.32879762343766816,-0.4581070470297212,-0.8921981744367329,0.7252297714917146,1.140794999871433,-0.5463504142828942,-1.5117574292676301,-0.10124092639547189,0.35151594657700436,-0.5179243877217655,-0.5129420785843256,-1.5494350618748454,-1.0084801187305206,0.0821489640490247,-0.22752583844589006,-0.053007000484656334,-0.9767441558491653,0.16704871915976666,1.3176624506316805
0.47056015871762324,0.79252164949361,-1.2122609608269186,-1.501910916007711,1.8087239892499953,-0.0775849131791813,1.2823901514482807,-0.7117392391556646,-1.3946977032247363,0.9582574298137089,0.4188847621018826,1.291288165069729,-0.13722459163327758,-0.9442307670023888,-0.409226502972323,0.7680567531919417,-1.7736528430639542,-0.09980496110311889,1.1256403087736024,0.16618985324077046,-0.3847691493057978,-0.11162981232941083,-0.24525886554822804,0.45396058270727313,0.5245680689678126,-1.9668906474266254,0.5161379215506057,0.18667330971028576,0.8599965699090332,-1.8955263397699758,1.1049545426993448,0.9923541627606008,0.14411503576974827,0.5084593279847046,1.273220607560098,-2.0415760634915503,-0.23967963541517648,-1.093116257227525,1.5223415622772847,-0.7288261836325381,1.232234987434021,0.8384765011034393,0.14810754890156422,0.4773625447955414,-1.7043741289965526,-1.3566906936190448,-0.017025536473161698,0.3141823501582993,-1.088592968068032,0.20173846182750188
-0.22434411387752964,-0.20447057832888413,-1.905102155269429,-0.631656946021854,0.29457841683624403,-0.7523398837587169,0.12448623788221715,-2.102393934734835,1.3142073370533371,0.9962950596334228,1.1377351989783244,0.04702176988376405,-1.089095151113026,-1.3371311416926304,0.8206642929423288,-0.8773329482085775,-1.7575208657914154,-0.5600567962069115,0.25431137219611477,0.769350854081509,0.32446222245571377,1.670948196054075,0.5591664593691734,-0.05119146081465561,0.22259593497233468,0.9306023116403858,1.4654595078948554,-0.6010042020404186,0.016580456113433076,-0.7724187677852211,0.24436705290915917,1.2243278792194172,-0.3547885808650962,-0.5671189068206263,0.2795065747773673,-0.0682576107924717,-1.3992122497434023,-1.4974539001378644,-0.7915381874890909,0.9646682983878838,1.5312594992886372,-0.5059890256338611,-0.5597519165244138,-1.3119331551461044,-1.670531661013961,0.7442595781984596,0.8712538473556299,-0.7601869772624379,0.5739098006546395,-0.04600198441622609
0.703953577758161,-0.6160601851993256,0.33277058815602867,1.7726252242187877,-0.698769936688636,-1.09253653319198,0.7432942767046538,-1.4437282371331361,2.5323490149462633,-0.31105500263976477,0.7341577998420936,0.47616228717537645,0.7038954895989367,1.1171534919473944,0.474221153123292,-0.06618751695804155,-0.7284093720967368,-0.44483253666882855,1.2009747804510291,1.180079330710066,-0.7645746255826563,0.5137881435372104,0.3554758345741843,-0.7237434608081857,1.6754366821322904,1.5498087330771326,0.1325782224658398,-1.9069192179747945,-1.5431490514608865,-2.1590299176425254,2.956347432471591,0.036131834137274145,-0.7472868773278916,-0.01329937618928424,-1.0514201232548117,-1.2821000073491753,-2.35375470792726,-1.3931207893910489,-1.1442888486963776,0.25395544128721875,0.3815765417388658,0.6687404201521486,-0.4190242223840994,-0.6223037671396279,0.05950955329205116,0.7984739005719595,-0.010924853070586863,-0.44829511292037344,1.0073230795639279,0.289155928501514
-0.37243597369458536,-0.4165989262938657,-0.23408973380144818,-0.03449899239132311,-0.2732797609592942,0.9125416815718369,-0.7956566862830017,0.38182161941651366,-0.5730659174606729,-0.3434464998745348,-0.6329353236834804,1.6333170068157778,-0.4283368273335691,-2.426444577392265,-0.04405766499144836,0.6138066432023497,-0.026938126285268208,-0.33193163069337456,0.40983559568546396,0.28103150832554,-1.5851166881106653,-0.6210260674597682,2.0430893176892444,-0.03946646599187356,1.012550252116912,-0.5243708546727198,0.27788627730225524,-0.6320022894786239,-1.0336859820859143,0.06652984250751644,-0.26860700501922463,-0.34039462012379174,1.1552557343309804,0.4208331275301243,1.8721436088698717,0.2455077471841495,0.19272035610487437,0.2599919268679128,-0.19780560329808372,-0.8000871884842206,0.1929196885452157,0.28485121624632637,0.19435380250216563,0.059587327891266285,0.45199394032287865,-0.029304054248434054,0.2085755479831616,-0.1438645837348722,-0.31696662800575875,-0.7743638842537661
-0.05013666952733814,-0.07212581005391819,-0.7442884442803613,1.9501121044136256,1.1931935635693918,-0.391819440833403,0.47013167305986664,-0.08950815766378566,1.72953509271021,-2.156426793330601,0.20235573563983025,1.919598155897407,-0.8948971409738521,0.37982652169545433,-0.685007863304778,1.1541550276988746,-2.7406521732345768,1.2495767122503878,0.37373102766519706,-0.8336434782229039,-0.4335926368015443,-0.4784704669327237,-1.0821276706992156,1.911822418449579,0.015798873734239806,-0.2877176606696978,-0.4709989912444745,0.18142887797268756,-1.3932587323810801,0.23972077097701716,-0.6765941566360845,-2.5151514564814352,0.04667424106909882,-0.07310000161461296,-0.596769561395877,-1.382520086287371,0.03376877982781708,-1.2307516227250517,0.8184033297430754,-0.7843486195971402,-1.5650620142130867,0.006248720334964907,0.21421249371360274,0.306618331604246,1.8686744684891894,-0.948486749479695,-0.8458954053389529,1.300426522360306,1.4567240126267529,0.7804627755753895
0.4619732497122161,1.3623165661544607,0.5929724992893086,-0.1283079718829688,0.31427113059785816,0.35343881972668134,0.9528835551799738,-0.2217487173556018,0.016835961926916283,1.3953120879383505,-0.9495244398714117,0.4324920438578635,1.9773908137547243,-1.002513328584782,0.9384916813743641,-1.0750014018414915,0.40881296486473007,-0.42783321883908354,-1.1190246270602588,0.44643424831515094,-0.2583191148645926,1.1641892506253113,0.7334368558563978,0.2587064427761132,0.28140169295329837,0.6170515267811252,-0.24102402387170355,-0.13111359774564899,1.3841481039243761,-0.8372549858024958,0.6529245627116567,1.3428998329535415,-0.5387545043028787,1.2430102709057245,0.7042616761077423,-0.05807611587756061,0.5462532881329205,-0.4653958386288551,-1.0898215580995314,0.8994541379171118,0.47099195844362995,1.098070426636178,0.5776584946870669,-0.32428068192278586,-0.9329670806238621,2.1349619520986627,-0.3281473257939568,-0.7372809285113191,1.6001705311136476,-1.1438019162091155
0.29526838414870216,0.286090697320749,0.12693183762769053,-0.3223151898279705,-0.4643608712513063,-0.04783569522261938,-0.15801086241211554,0.5047571787510635,-1.5919703378754904,-1.15701112036929,-0.9445506547995971,0.22568715992369387,0.36041301714270807,-1.5284072250473881,-0.8152315712480023,0.3081691619761196,-0.35760479231331016,0.2952759231828936,-0.10894651000035499,-0.6897916423568303,0.1645234405641794,-0.052155645564431835,-0.01703910110776451,-0.17448965502819266,0.42928878737000287,-1.3188514163817011,0.06716030875938223,0.5606839757940422,-0.9847090321575097,1.2782015581658641,-1.339590879482199,-1.0460386123428156,0.08310391146175147,-0.32736702579388743,-1.346483502756801,0.16652964640455925,0.4581429287588719,0.1420096360641821,0.4644382108284795,-1.00373350871451,-1.153067285137505,-0.14319399466678084,-0.010371645265881453,0.6408201485530872,-0.08625504708981004,-1.7046537315396388,-0.05125979456646517,0.5336523117556194,-0.374813005819621,-0.4021538167087933
-1.8230076818569259,-0.22082134641667125,-1.984353422986455,-0.8854291563506559,-0.854529597845745,1.2802187780157213,0.19561993744530637,1.4995927960737583,-0.839811973468823,0.6738578038116326,-1.500531377820474,1.2917228063374786,-1.656329499112397,-1.5610456251253297,-0.6257657256196879,0.0023918723008605407,-0.8963505340218689,0.6546259682470243,1.2285764769626144,1.6967254819735644,-1.3349648853937035,-1.971215015134343,-0.23197863288787976,-0.7099064699770329,-0.008016163229786938,-0.660822271721227,1.4791169821103858,-1.9195328488904264,-1.518233024482581,-0.5510986249883831,-2.0377299780257703,0.7219908826546036,1.2321525495375807,0.6970600461285885,0.4244910354981134,0.856589360585348,1.0153126240847559,0.49278550693446893,-2.102054756023458,-1.7494375964790465,0.6098803326985809,-1.1580747848500668,0.3230547729320745,0.2770258064482642,0.14919385703234322,0.7951187867135059,1.5102488346532987,0.32147364672038303,-2.098740920581758,1.4224100823255272
0.524836919113026,0.011855441767883099,-0.339443597351393,1.1430960619007073,-1.529588892506183,0.6019316153431786,-0.34600009330955195,-0.4104039748006026,0.6256347976471621,-1.360255239893876,0.9217767217429962,-0.08437685788932388,-0.21709017863011135,-0.31074740068513185,0.6023737652339765,-1.4782561394194487,0.39285984971589993,1.3869589169985395,0.2609726373312278,0.08226045779808877,0.5342186165732261,0.199195979443849,0.19166134890217165,-2.019841574530654,-0.44924977743891154,2.0108011639365975,-0.10881238333075077,1.0486148952908976,0.6750344074542017,1.867415235832259,-1.1651662203573907,-0.5132724716372544,-1.1525446576732314,0.006085988163317323,-0.44032287114801555,1.2848170089912587,-1.050196253277374,0.2417948895489421,0.8362225147387308,-1.2010907718349833,-0.22472067225991607,-0.5957693458662398,-1.220908886796491,-1.1631982502492955,-0.7208242434445697,-1.691026990821356,0.8368679408320805,-1.1357676826172445,-0.7348857328543721,0.6668856389062718
1.4084569476205615,0.2984046945604228,1.004868827100054,-0.015170330856506454,-1.1995890022537417,0.25718258413342415,-0.1731004126146741,-0.1007472587447716,0.3925014217831399,-1.5684292274329061,1.0982724675045423,-0.6578887843591366,-1.657155901028191,0.775688052064544,-0.06516453817715163,0.438673712871502,0.8365706636492226,-0.5185811781469906,-0.7048739212280716,-0.4097972811228407,0.6562312164841921,0.9219658955295407,-0.6020053618568584,0.03160955859564866,2.3553275410483607,0.7681703474430678,-0.9873529420420533,1.0771960273440873,0.7041545521974315,0.8720235200312849,-0.4246157643899311,-0.5857312235584344,-0.8534197372330149,0.664592427671865,-1.9566251396457268,0.10122053956786174,-0.7304954144190496,0.8253395340396924,1.5038722814008456,0.09373625864741082,-1.5119748595820026,-0.3692120397334903,-0.04329159817050049,-0.733011516853106,-0.01925435345344198,-1.9356875599637005,-0.1514857802828016,-0.3509847717962876,0.3510598560951873,-0.5965262539669656
0.12250183842923759,2.486802875946308,2.409330483865265,1.1276741588346153,0.3641112987941829,-1.8853722931278645,1.6152670998440424,0.3377578305212588,-0.3561041494875861,-0.8460080326608979,0.3123805953523675,0.17786219535436634,0.6357581182218472,0.5161286835517234,0.7541769905516752,0.2671510470653235,0.5059082023612131,0.030187341432325553,-1.8714339602870798,-0.7128975108184045,0.2745802994451627,0.5311702462939062,0.782036039773537,1.2680370183488812,-0.47676863008179776,0.451529697621969,-1.671162044674649,-0.7945852944267995,2.0497337041774535,0.20127243463075403,2.7304697370490794,-1.9060767597772412,-0.0013926511705089114,0.6188088882503229,0.15081991175713405,-0.24437238004718093,0.16002346101546494,0.658398198514907,-0.32120323027893755,0.9460760470757563,-0.9273482178773056,2.3061104767316163,1.9074719195956586,0.5600263394640981,-0.021571956258466078,1.6249094999476934,-2.285046660457105,0.1924472068952073,2.358589550219605,-0.8146766948734546
0.16001844300961307,-0.4673481874276164,0.5961633069436604,0.3666739699600761,-0.951269596332439,0.19456773375527936,-1.0110661215800476,0.33946748774440727,-0.09261157803159213,0.3414533879385658,-0.3365222268527811,0.6074442779554897,-1.3681684239098548,0.299564420082438,-1.1747859543939947,1.9317566639777037,-1.6905953938479867,0.7819717115009321,0.40775830653933237,-0.24999237578516592,-2.5281344196675577,-0.5628873004311843,-0.6270268779708177,0.6495270906475631,-0.6724148261658722,0.30791460894636313,-0.3980281558165456,-1.7877383964292315,-1.0234501944974712,-0.6957765966363356,0.9631590865679514,1.3865988633927053,1.5257000283368567,-0.22394973111335506,-0.8994929474442321,-0.9725770755656503,-0.5159681191224772,-1.361713660217932,-0.9574521601111728,-0.8638582653170557,0.02615641183132099,-0.7239729560212838,-0.195237762059447,1.404079991902696,0.42273645519240777,-0.676779380927485,-0.8758782000099211,2.0141600768277432,1.577398620430586,-0.1072785585489236
-0.07023801785760378,-0.07378637152619433,-0.013899065090792959,0.1481807171177364,-1.523729447328473,0.612092721270936,-1.0442026717344373,1.133179435025697,-0.18827244305984137,-1.3691087885404354,-0.5184435841635443,-0.12113655115828963,0.3876377653707693,-1.4356795934826836,0.0791949253549472,-0.133374359680443,0.7245276032165827,1.037417128050066,-0.9961230140447201,-0.26701521073238293,1.191319567740182,-1.5676681490077946,-0.8186518904111105,-0.4214456140255463,-0.7856546883096874,0.1335272187032668,-0.8364929466575856,-0.1379877064884864,-0.2300161180637695,1.7688217075122115,-0.012481103386849693,-0.6802861602122245,0.933272477066826,-0.7765119779011801,0.14261204735246694,1.8854944211631646,1.2753649946944396,1.1319893711708953,0.3994355836735166,-0.22464832404562404,-0.4860034679842984,-1.850469830474033,-0.9242571298158717,-0.646877222257963,-0.3723163089183013,-0.6400322469765697,-0.18130333781425198,-0.5498655124136304,-0.7667116661206367,0.5007551040873471
-0.7243386385772027,0.7319187278857481,-0.5526631911730051,1.1840426573100904,0.8290843083361603,-0.062125293655458935,0.6143354088819905,0.238054389149007,0.21542415010245788,0.8371427954255155,-1.2149879396678978,-0.8977846296030542,-1.8111275366377642,0.048554948756165645,0.5600970970641419,-1.4888481944359837,1.067753004026079,-0.24584371783696884,-0.3830677770576456,-1.9208500314347332,-1.0651250193424422,-1.2916966632414462,-0.3671165582067115,-0.1752396670153832,0.7656077574512618,0.5213059842735005,1.8832691836768622,-1.225396415470644,-0.03211666565677428,0.12404092386171094,0.4729699658649129,0.2716746057843898,1.8586616060728927,-0.028816039892663122,1.6123389754757051,0.7483056317243234,1.8173166578283804,-0.51796495374326,0.08970648456028797,0.15760909028445305,1.4671617939020014,0.3518044443437764,0.13255659553810836,0.08095178391617903,1.6640802980367586,0.8691336254948447,0.3933744013806198,-0.35072661407789557,-0.7684116216705736,1.0936741675977544
-1.9863172210540927,0.2787774112873916,-0.2631067027636165,-1.8287930731561735,-1.2543119758050094,-0.4409583453566975,0.2876492443586427,-0.7687005703049009,-0.5870116318562388,0.09776957599200549,-0.3948780628513358,-1.1727204158776663,-0.5905334216921193,2.0259196977462337,0.6128148524705748,-1.2573133695255,0.23526761811996008,0.768407149947964,0.4262222331869907,1.1135127279722705,0.3212590051187228,-0.7435439721038468,0.9830215352690992,-0.8752152874415805,0.4651466430799003,0.030746212147899507,-0.399328144395276,0.7382581244778511,1.236149923740075,-0.05893811370098394,-2.1194769814503456,1.372389390048644,-0.38945969311188783,1.545444318530995,-0.9890281315335265,1.2259892131262409,0.14386803322483277,0.1993242173940639,0.28125501549840926,-1.5130213827009273,-0.09507930692034207,-2.5691040707272306,-0.9403673958097404,-0.7848701756364789,-0.31763083839133793,0.9606563037666558,0.42342962562328124,-0.9782225742658717,-0.9977628603212421,-0.24104486749827034
-0.133062412242654,-0.5844693616295887,-0.1446266378732103,-0.9006351425376138,-1.0835741370022505,0.6133581232054512,-0.5970150382216504,0.0008199636628035028,-0.9053366058921903,-0.39802575119041156,0.932982060607962,-1.8570203393449092,-0.39548242966519653,-0.0238556959164257,2.254338322907802,-1.7015991946213396,1.5231465266798652,-1.5292465787915968,0.5100415653326497,0.1242561344624894,-0.49826995061098495,0.2877564052341477,1.9132603823990686,-0.8935789168841484,-0.30471407324841104,0.9204545903982981,-0.69499100720479,-1.3198945563380506,-0.005007587738052026,0.4296851879311881,-2.3099033863027856,-0.1331621404142016,1.1150249711842422,-0.39400861245656565,0.5244309183751868,2.1868091324998056,-0.13315461467177994,0.3775335311157586,-0.4598836320684701,1.1501538146354067,-0.1099072030698244,-2.7867770148666695,-1.139245525977989,-0.8755835721880909,-1.400648703278576,-0.136417088659782,0.8696592001001182,-1.3777948564143727,-0.18130724404589774,-1.4826249730807821
0.7679730477777424,-0.1373555944906763,-0.7128760033788403,1.1038475444273586,0.6762788391788843,0.26221824172382735,0.7236130875574591,1.1358839883127265,-0.6300971683120681,0.5962673484680964,-0.4452001177655973,-0.11402950784376614,-0.040403530992091666,1.596543628264697,-2.523280769868948,1.9855051895074627,-0.5514713823734021,1.6482126741520764,0.37130713593567316,-0.11855662485900673,1.0956969033431254,-0.10122951945744206,-1.3509881277399618,0.6681637691707074,-0.4128038982510341,-0.9009722554955493,-0.4013861525929486,-1.0578248363772933,0.21037652712018592,1.2491432439801746,0.0163704858299189,-0.44853496641383384,-0.36082670676055295,-0.6128456531051648,1.1321833769655636,0.08494286218068718,0.0834209779476799,1.372549396246301,-0.5794090089929678,-0.6183330683138167,-0.24055428703207926,-0.08654639717493477,1.1966138536254027,1.3341098421965387,0.2861944252307121,-0.6542764905348805,-0.030815307614517576,1.5983583256704332,-0.7378961680194197,1.2313877751371527
0.27563195918098277,-1.0527937932233713,-1.0309766299034195,-1.5088643612810708,0.005788988616952025,-0.6166619121657128,0.15912825157755356,1.0587322863680384,-1.7412356881035131,2.261407446647476,-1.396079262798108,0.1753650847179182,0.1945279377198095,1.0008900384303663,-0.5464510610362611,-0.10678695216283476,0.7155267801699412,0.39408328581235985,0.33486047262257795,-0.17327134090978838,1.6597524758067592,0.6203483616735478,-2.4141791456252193,-0.0355778044766616,-0.3048972439799379,-1.4453088569660653,0.04670505765133151,-0.8099273822516041,0.37991949432771355,0.11457029846596668,0.30265625656406664,1.0786127549092026,-0.998270884972663,0.6704790302739728,2.3128296750956103,-0.9002938919964778,-0.2927796371219255,1.8175827143227474,-0.27215183721291625,-0.24768099127237114,1.5788966341037263,-1.045610131451315,0.09131942398076075,1.0307057134410555,0.2846926029294097,0.39121375924490503,-0.4179444837022039,0.2857466954323978,-1.2260939818091097,0.8818236419834201
-0.2681750754461452,1.125528552451787,0.2701792187463423,-0.15555548556932627,0.3513214922333901,-0.3946192477053931,1.7234462339742462,1.5379969475578568,-1.3028557905972271,1.710067755276222,-0.4535564986932811,-1.1396459417869413,-0.16887675041760924,0.6395392419713795,-0.9232968254401445,-0.2317213049617155,0.4575110253673379,-1.3320521217416745,-0.08092285278710039,-0.6852756011112974,-0.714555941183913,-0.5398207548985526,0.13661261925187487,1.4868140377613928,-2.1837774466450877,-0.06149870603424189,0.732666213403151,-0.7765393572547845,-0.14475742035264397,-0.9736087718165206,0.04905548941661378,0.30024556945473274,0.8243238069037094,-0.8581313381368054,-1.3890914206181266,0.6140609325107506,1.2826056949487141,0.7627376942665999,-0.4231698270474009,1.5191400532309964,0.9584462726249229,0.0683313654377311,1.2809305280951089,1.3081911985909478,0.7515314981562851,1.5235472576436695,-1.7971159626678501,0.6576198953385772,0.7409800863470178,-1.247435354196989
-1.5340713143871922,-0.1163266341655073,0.36050499881942266,0.6639630710861053,-3.0168331033874165,-0.70413533815995,-0.11934377707027517,-0.23916574475098243,-0.09555498111482631,-0.3020011965516167,0.7017032899961951,-2.4775880372021635,-2.4686888182535824,2.561126951751613,0.9516783163974374,-1.6413156141953813,2.371210926569428,-1.420630579346553,-0.01761704145864556,0.28509525765062116,-0.9277353784935681,0.5268873139074702,1.6173746845151744,-0.9044139661908486,0.32102375672119376,1.1580830319013908,0.4329282206206101,-0.21648190260768116,1.3476543715771763,-0.7898178678898266,0.6897952039458047,0.14098051351303809,1.0831263007860639,0.4016803804660228,-0.9340299489830678,2.2864047602242468,-0.06491262373105493,-1.1854166882886115,0.16818542039252232,1.3505202459937862,0.6700946741603101,-0.7809697377760265,-1.1295123951019541,-0.48442122541440763,0.16672383554683765,-0.29820594590594623,-0.019244653775373727,-1.5950066985873292,0.34699106504536453,0.030413555631052986
-0.12178782446343872,-0.20662573242080082,0.9167589807475908,-1.7179128874599736,-0.19423811961073983,0.8910829725537771,-0.7682146663374507,0.7048518964901703,-0.7985316856352177,0.015473684190052323,0.8199667488854645,0.3048947505092996,-1.1665106935008596,0.41993734873021804,-0.5249938564656726,0.4724151461004794,-0.7357115163751937,-0.39249677724033005,-0.48727850335175266,-1.6200267348319215,0.32107061053818203,-1.2767621929364068,-0.6574923242964552,0.41012318769862977,-1.6748025267841165,-1.7721636345303275,-0.4878767361519821,-1.9307497257306632,-0.2542402030469342,0.48522872350620966,-0.3153962871233624,0.16250161051191442,1.6161010238669535,-0.4032067761655422,-0.6837991739735577,-0.7320009592051574,1.5265042528596795,-0.32884449922101056,-2.2686106868430405,0.3391770254806268,-0.6653025433120057,0.36067358016320156,0.45124362901330867,-0.5757408217415744,-0.6732209200804483,1.280494254934736,-0.2586762774651652,0.7202740716980872,0.7763928952354675,-0.23244372378289108
0.5228223706299432,-2.222045142274329,-1.0078973944014695,-1.1102297111512998,1.3160105072044777,2.082447105684311,-1.6807688176126114,0.23930044492300667,-0.40866487158103104,1.6830876326387207,-0.3979670712337883,1.3291202288257014,0.8666568103698442,-1.2971677506809531,-1.3935279856816172,1.2626939490010944,-1.7763329186119874,0.8176229430341859,1.1276835396270204,0.09821073696932071,0.1745515922971086,-0.7690050789935134,-1.9846504326234928,0.9455570057412874,-0.9593012831352938,-0.6804984296815002,0.22683721587902922,-2.230484147994501,1.169409124410277,-0.0031107162765230175,-0.8169489865250759,2.2305361371123285,1.2067809665613385,1.5193080963845274,-0.05688669404746106,-1.2092745222598946,0.33104409448390704,-0.3747225597371081,-1.022445514231153,-1.1225880991593489,1.1934424593840227,0.2983447506246905,0.5819115423816568,0.7101569690728118,-0.5540928066093329,-0.8737725965067715,0.7415150881425532,1.2477530178302916,-1.3695507998768117,2.3652764239585484
2.7939453812012753,-1.6508110011659864,-0.996659493343097,1.8175366772268797,0.36543164916280685,1.8881141125895198,-0.5578988985516832,-1.0466041868268534,0.9350715321298252,0.876767746550732,1.396675404880346,-1.2681230823773955,-0.03598477781906052,1.4541112581445061,-0.034629929971681406,0.42693696189002306,0.15986415536079446,-1.5637060479286515,1.504953284552834,-0.23492821663311955,-0.25050784895452216,2.501464511574202,-0.22426603759491046,1.0352259554751368,-1.6553333815790061,1.27414479597019,1.3715099466545657,0.36476141757863095,-0.6518077393908596,-0.929053246265375,-0.30738100889159875,0.1718649792604508,-2.240417737588407,-0.22183897357710913,0.8511292030709737,-0.10972749085088196,-2.215635608118317,-1.3297948188032271,0.7015200718709403,1.4192541118754798,0.9047572609702443,-0.4545656379756704,-0.5662890285001886,0.32680296814844434,1.3911216581459527,0.2526404169812153,0.43277008044341375,-0.15555198912559623,-0.07447373501924424,0.16254097582571592
-1.1428318971442004,-0.18223201557889732,-0.4814812173275145,-0.76329420702884,0.2985764338376874,1.1710614200979192,-0.6671903232186925,0.803174982340131,-2.374132205294925,2.1843876046907087,-0.73030336524391,-0.3740517222551542,0.3458559897425674,0.5643723637691436,-1.1637513837308928,0.27856747121261066,0.4436163459109918,0.1153056771387467,-0.8006047981258732,-0.6572649735442876,-1.1450357731393768,-2.177651539588759,-0.9647430375982201,-0.02584874647390323,1.917834719348367,-0.45105081422391746,1.3257135989538336,0.05719381035390091,0.14767721012930782,-1.0962157889855073,0.059500606161224746,1.6687135967404005,2.0761848042808833,1.3837449359365808,1.9290025504922999,-0.24150399143402493,0.8437114122134692,-0.490066877989784,-0.449516131785078,-1.0433996513174135,1.8444424974790652,-0.5201511253653908,-0.2275879569202706,1.2803319962851218,1.0986156196010979,2.0328137177011447,0.604910052020423,0.9273544832759794,-1.2325424829065514,0.48404226406812767
-1.2822520107425799,1.0013650760623343,1.8361123234077086,0.0373914729823188,1.3868131122333596,0.5724837969249358,0.24920667336795285,-0.04031901321029932,-0.11830422246241096,-1.4999109166947409,-0.7724332906963421,-0.2073353137775036,-0.3685258901598029,1.1269183310809037,-0.9948728889314501,-0.04549825407156938,0.6632123779059735,0.04735311743270475,-2.080441100152611,-1.2422976237796888,2.987540982582146,-0.492562717517253,-1.8166616759495073,1.0356250636552988,-1.1142144015375035,-1.3502984502815816,-2.204076653656992,-1.208348949289515,1.4530189503133197,1.199353062826302,-0.4873175240210212,0.26909782958032136,-0.5611794307027441,0.5321048971035824,1.0953062269881977,-0.13479761102846813,1.5999547873043352,1.5966156501178697,0.7190735719788183,-0.8634934954388922,-1.81843773687983,0.522835175329466,1.3700439309587702,1.0759486028504928,-2.2388856370760903,0.8487678825736882,-1.4700639428900855,0.7382781809779551,1.3247301079938534,-1.2506118886908777
0.038039999291273496,-0.4786567367426654,0.20279606816077006,-0.17882749080944868,0.24619693106826027,1.3330784168199437,-0.15779834104276377,-0.029468260607968758,-0.44901370523247247,1.1425270895013204,-0.739069287050659,2.183987732692514,1.4944907758335675,-0.6861803494665712,-0.0073239343504050165,-0.9580322083274375,-1.5179497552615242,1.4282939078284873,0.30696005150972594,0.057688990374216785,-1.2906803865404122,-1.609376123570015,-0.5815738291817398,0.8621626651531511,0.24882218547590415,-1.26523780577435,0.913465165243217,-0.06601178400301162,-0.4642653735831408,0.4509247940226225,0.48685619369198896,0.8530910541812147,1.1039187045611412,-0.6425416406258727,-0.6297663585225063,-1.2788822895837864,-0.6379844542937843,-0.6399406892446394,0.15225963719554778,-1.8463375494228753,0.5006966141406581,0.8967563735440944,0.14897516108215864,1.1274786128626473,-1.004639277636595,-0.6142485284159441,-0.29691224133487343,0.6832807682056435,0.6002558383618314,-0.18489627409550002
-0.4965410505013094,-0.4331759534828443,-0.5279548499673861,-1.0157697522419051,1.0551909075651724,1.9844361021248416,-1.3709286646180148,-0.05348664166394398,-1.1573625799545635,-0.6241282435094209,-0.43540705131723334,-0.7694687337441418,-0.9995476350630029,-0.08320650932139848,-0.19939543454738,-0.37273866231214464,-0.2526844984974421,-0.2705193575793238,-0.9266900199453596,1.5121950577001482,0.022183562055076052,-0.7607032999376084,0.8446836730547849,0.22585703872796836,-1.1389404809171704,-0.6304025674844896,-0.5687489200100188,0.2068671632301879,1.168836608935434,0.9352200478386516,-1.1811818903079239,-1.016700627191756,0.2613636140292534,0.7756023189180925,0.13477831816799982,1.3958477195149466,0.08021173482824404,1.0514450194894602,1.1485775045706839,0.4789275886067399,-0.5400056715694506,-1.4439347482602436,-0.296744770637277,-0.1555914743218344,-0.9297488786526698,-0.3224991608770923,0.8941776426737194,-0.42075521886453776,-1.4115114455124305,-0.4065361018341451
1.623256093317092,0.9820907967784607,-0.31646745847341373,0.4785649111732959,0.44689755412430154,-1.6002201385764787,1.1077733161868224,0.8424482525006256,-0.7743974295287495,-0.2869488311299862,0.2144578545332047,0.5828901299121823,-0.6332614578436443,-0.8524179006615862,-0.6015962200740304,-0.1637628726710908,-0.7801838619729186,1.1129603115442754,0.7449154114668379,-0.18827084291774884,-0.06234375426653698,1.1167553009759783,-0.9294379843249396,0.9828587739129586,0.13256976678360644,-0.7878282766741298,-0.09752824052864402,0.15657603443170465,-0.499746661549922,1.3795535582479261,0.18037754967618452,0.049010867352281835,-0.9166668256774663,-0.8714676653180611,-0.7887187368682496,0.1704064129006424,-1.0028617482806996,0.08719816778351046,0.34933291421363644,-0.3390448205303503,-0.4831396161176184,0.4615490687926491,0.644466746848397,0.8907339393774212,-0.5735373444161876,-1.523695425694373,-1.497979741253899,0.6664807630966022,0.15552905392842073,1.3414379021662468
1.3441583499126526,-0.903850905154645,-0.6495247313753443,-0.05954223545641703,-1.1289504309556344,1.686709355843147,-0.7196059817105702,0.20890557230947476,0.9960517536122164,-0.5601764165774448,2.198842202123163,-1.661020336014894,-1.1800771058282833,-0.06558245762631684,1.9236414403963331,-1.8693819167364656,1.6773202068937088,-1.4816038972532068,0.9926102583933084,0.2615848787613653,0.7148163057001032,1.627109529245128,0.4924330811947327,-1.0683138322928465,-1.5578257367554698,1.210016770870597,0.43210065249675067,-0.36456269241032274,0.3391643210720345,0.7506974325121326,-1.7094416504899206,-0.48696431995427,-1.4074261747979513,-1.1902913400320283,-1.0783708036399848,2.8653393838570453,-1.7085485512825465,0.9984043018098391,-0.29602349574499537,0.6191860539076165,0.09260783607853346,-0.5808796919831525,0.08644918249951664,-1.936639080832108,-0.515328106169806,-0.6844295002161116,1.5179350356809305,-1.6504355989507629,-1.385593654960537,-0.30023696093887603
0.5728752059537129,0.49395108297862184,0.18436830168982984,0.8409742413377056,0.9597256178082121,0.2069644979430498,1.3883987309003103,0.9862206310903934,-0.973948358260486,0.39165833226034796,-1.6492771321300563,0.12762371957600713,0.7830344770478439,0.13775842969697522,-0.8851665649896232,0.5935837015895509,0.4499168518011803,0.8243966167524753,0.7239882452129316,-0.5578827517096872,-1.38266716916785,-1.9900743591060417,-0.5897176712326223,0.050717778469689605,-1.6735107295091056,-1.8323955379690722,1.5644898968223149,0.5050456286176875,-0.7845708794681506,-0.9739018160132996,0.2462473367318396,0.27129790655391633,1.6721436179516687,-0.08710848437536037,1.7102391926038305,-0.1139598511776009,1.5310006300944392,0.5230256521149207,-0.47436208130330815,0.01996851179139214,1.2805049450368886,0.29435231117970456,0.27493468861708364,2.5482687293062303,-0.3541138571122606,-0.03830024408401148,-0.7243729837074483,0.5074894321595734,0.18005599155878776,-0.5192133849746079
0.3063440277123766,0.08880579265537746,-1.7136478182847867,0.0905725960439438,-1.0512746962505881,-1.4499680722224468,2.0475888745298216,-2.1440294014922894,1.4241586913148887,-0.8941853301032237,1.8799003861570984,0.6159035890689226,0.9860705509432874,0.8094993032462638,0.8599717085172527,-0.7438918410298198,-1.9177133594309546,1.881453159115652,2.552984879074395,1.0571305076379727,1.390180657136267,0.43155546012590146,-0.4627657399354286,-1.799502747828702,1.0375385775844859,1.2825108497376396,-1.8271088889228002,-1.7978173082032656,0.6033883506483887,1.1101679311472508,-0.6774286477900553,-0.5770029350276434,-1.177558007295668,0.5680323993454408,-1.5077160057595267,-0.10832922085695895,-1.9291276955650674,-0.2027821170693214,-1.5125272589203287,-0.544300702165851,-1.0052110576740647,-1.2379275979742002,-1.0208861461186525,-1.7978451056068523,-1.2239030406262192,-0.8331873109424455,1.2531479611196876,-1.2880715314352074,0.7975989315826646,0.3018339573549649
-0.13756662600431308,0.4268912816279369,0.9057632137872202,0.14496473560662698,-1.6312005031834227,0.03237799550926989,-0.3309721188027728,1.0019549577978462,-1.1081169254168022,0.5752565036809254,-1.0680845875554954,-0.5296523147174905,0.9097256592170618,-1.8808937407904862,0.6523452631630697,0.04273833846916474,1.2377753186471399,-0.9616808199693203,-0.7705187903518003,-0.9930389873453225,0.035927989405781055,-0.9900356370635343,0.8661482566385121,-1.4159348100259888,0.7415717210610336,-0.4811673387636978,0.8464837882967416,-2.2813956122298236,-0.3633019301784263,-0.38367711724797127,0.7326981349351723,0.05013699556912679,1.1593549441231374,-0.8228655035994863,1.079242140025111,-0.056691531832823605,0.7956373181145427,0.1295632574992409,-1.128394347456554,-0.6924911946847343,0.06651890846497291,-1.1392650209075985,-0.7892408285074385,0.35630638174281826,0.7958781720745169,1.2986160749638365,0.1848870433711701,0.021453686099064766,-0.5077211129681436,-0.3424086651129386
0.03789653261120207,-1.7697990759099846,0.22088159961328968,0.8456982680366467,-1.3518461569469309,1.3319348485212559,-1.288114373112957,0.011216534202993716,1.170182057920831,-0.5479056839451216,2.0838905451403567,0.03410038335932677,-0.08723387693637598,-0.6699607262067349,0.04148530617105334,-0.3797168649474492,-0.15289021939290534,0.9445239503770307,1.0346244766780224,-0.1598908683232456,0.9568303507245154,1.379398632611234,-0.007578020631651118,-0.08149506260462179,-0.413604243929908,1.5682219058703213,1.491927123175029,1.0397940156538876,-1.0679855483219762,0.7794705356152271,0.24317587458778953,-1.5730451999883628,-2.7529142597201117,-1.2817708409311181,-0.2577407570761413,-0.008510729853560231,-1.7926112393863154,0.2157934927859078,-0.6214991738187879,-0.12800102717369402,0.22102323717266834,-0.6425854201551937,-0.47412325000777306,-1.2951919070555367,2.379868442919653,-0.620398938020317,0.5024833497349193,-8.972808748429005e-06,-0.48275399459804014,0.3835549942730362
-0.882095609305014,-1.1801189189135222,-0.29734135212058765,0.04795062759743465,-0.17741479637986998,0.6772466474629796,0.7652744642782876,-0.1947347466583962,-0.37032982198587905,-0.26229581972408805,0.20849939153847422,0.2554842002228314,-0.17517816712003043,-0.8084705410931626,-0.3926799833968616,0.5467773826787489,-0.11445570388468107,-0.10492827988217476,1.6704684544683226,1.1700387173088005,-0.27546584233492205,0.42150843900900137,1.068674594486989,0.06829755472849189,2.081698631736998,-0.6371040480576515,0.942602186627186,1.2538502242859968,-2.1548239419469972,0.28646899127450215,0.019423855025194867,-1.8512247432120068,-0.05647598158109104,1.0280569901708922,0.17053262282948406,0.39119292877626183,-0.7708860453146762,-0.46268602848969387,0.49704929590217994,-0.011844128318138686,-0.7517706608671425,0.8480229630593312,0.07557723409858605,-0.04584131445554657,1.4624756043434328,-1.1197917563532453,0.6736146487178859,-0.20868861047524823,-0.9561650270762956,-0.9316393908230151
-1.0836551143983086,0.3790337140880742,1.6523272030093163,-0.5806531742356073,0.9672833009498497,1.053186208710366,-1.2757803091671982,0.2661927792434149,-0.15328585237922793,-0.8517367097681495,-1.9820745079780275,-0.0548726367487928,-2.0154649636446993,1.9113468832479639,-0.4091063801131491,0.18203086114543013,0.41900963427935606,-1.0048835500349254,-1.5278044706671348,0.32381653989689196,0.2673286820674541,-2.0075846064093836,-0.45597560774290474,0.3275006758654048,0.1467775596458139,-1.5741152516498391,-1.209738784948913,-0.5485454096840554,0.4434501029717833,-0.745673770915029,0.0977712046548299,-0.24066056020419022,1.2758358160050574,-0.4702207670421546,-1.349424026579237,-0.7583900341765218,1.583660902842471,0.47774488829078515,-1.015967742306883,0.14289908435042967,-0.9971120070160922,1.3474847717291598,1.19697855639087,0.394661599167525,0.059567663245070596,1.6780919445213127,-0.559541759333569,0.6175287833930913,0.4174609907126954,0.5646506621146054
0.9347831335823372,0.467950036173152,0.8476655358791071,-0.7348038232273874,0.19189363871951573,0.7537956130154629,-1.594121155246055,-0.11698912513527938,-0.009980424711901468,-0.06583099297509781,0.4795772996791331,0.6042022166576785,-0.8864767789238603,-0.8707325627730924,-0.04285334147642444,0.12433481540931994,0.5164445695305676,0.3961959348838029,-1.8246208518637805,-1.9960282516013534,-0.29047329130595007,-0.6994796056723502,0.197993705909149,-1.0497689306335216,-0.5687461172639291,0.30010893118851745,-0.9410166239284267,1.146827579891804,0.9458720293561285,2.0199902628498303,-0.5437224673314345,0.3873249287784782,0.38526228600624507,0.7008252603306361,0.11377458136929605,0.11856939257430205,0.46094808532810067,-0.5671589086359701,1.177746476533114,-0.2605346748410516,-0.4088870522080163,0.06500168864051072,-1.3187150944176997,-1.5146433921678926,-0.4678274012934704,0.36983968600031697,0.7254041451121291,-0.4906846591124028,-0.8386190814154734,0.0335714735556921
-1.5097840956973487,-1.3188287395241578,2.0048148643227637,-0.7857739472286247,-0.05599924399620184,1.7651902986088508,-1.3033372803256398,-0.8810158085763069,-0.18605812281679088,-0.3714468704315811,0.32356053107947075,-0.17314801875072092,0.30432955254397503,0.021331318988963437,1.5485671650877566,-1.0180126174099489,1.1056530863501104,-1.3939652700983831,-0.9470296005660418,0.20661972615649443,-0.8263280220559316,-0.28342257202360477,0.6399145882447151,-1.0211695369015905,-1.132771077625147,-0.271953676728762,-0.5437979511066816,0.2483521969570211,2.839851556289585,-2.066057186557768,0.24241586176868424,0.9895285807165597,-0.3685944644180827,2.302378997849762,0.6478071588439513,-0.3209015304586035,0.29209254502070503,-1.0870587053318266,0.7504900871274135,-0.30863677113677523,0.5111823075507771,1.4374074999757935,-0.6779411832112352,-0.09302392993862145,-1.689258867773549,1.3025800486317682,0.6826333212973721,-0.6301470478031124,-0.4366657914950849,-0.5924517407280336
0.7237885255916923,-0.4626916968117956,-1.6270648616289742,-0.8769579542551383,1.9820110293606055,-0.39155914032512185,0.4538079521160404,0.10819748921420028,-0.09122787429650205,1.164206187754033,1.4872270140548696,-0.06009124346297383,-0.5030146916718465,0.7950826302451275,-0.21062280925758117,0.041613095681063694,-0.46503117220349055,0.2717711790407006,1.7973945022192155,-0.10560015800338458,-1.023210492368263,0.8886381145541322,0.21666954920733925,-0.08139557270249978,-0.59519208490916,-1.6543652027835187,1.1158589590818049,1.1220386023230997,0.1614134577143795,0.5888536586646442,-0.5467479965600182,0.698793301825759,-1.345807902955073,0.9478329261195104,-0.3898129138214654,0.17608288065564914,-1.4679751592447836,-1.8690248500978324,1.4751131342384711,-0.4120207700079698,1.3547214112957118,0.9248954840377164,-1.3305764686391317,-0.009649533497619578,-1.395573913814159,-1.7621653002258366,0.07065280693660952,-0.6202578932682802,-0.6431031223670374,-1.18718302694159
1.402597958609803,0.28637756275639126,-0.20033287100519434,-0.9897660519045249,-0.03485064813479479,-1.0635008842353628,0.7081502532301144,1.254324102504932,-2.0137348607208723,-0.07021089125513717,-0.3830981189475439,-1.627829390026547,-0.5769198363988844,2.1770063921702776,-0.16651358729150598,0.7562498993467709,0.6250965767729522,-1.8228746473788742,-0.1515230704611891,-2.5586319858848348,-0.7300280512562319,0.28661121146186785,0.8241230008425403,1.2863603405673287,-1.4726126414983682,-0.8258053323622627,0.2104557485651961,-0.6691527754796261,-0.2876455124509411,0.44767599555358234,0.24670944127104844,0.19509615140981407,1.4126387702281245,2.6140035658097838,-1.9342925279073053,0.441475604448702,0.7304627411846198,0.7414593379205199,-1.617386316591927,1.3905883170157092,-0.4702413017979798,-1.2922082538484898,1.0243687191266178,0.9553109526762991,-0.23075984561090693,0.7675061717536723,-1.7411573095183426,0.23164459919197397,1.443608250606265,-1.6605374776535213
0.7425572351490948,-1.1268562599061056,-0.03928233917166349,0.9104530300196145,-2.3974128867339286,-0.06321535665548948,-0.17441166729122556,-1.6084903201557077,0.6694830248416178,-0.05930659415081612,-0.49988907800935184,-0.6810214806356962,-0.2573570732278568,0.8506404237932422,1.447130971259323,-1.1124371553625885,1.1868414137755081,-1.0274699398535208,0.46278544598060634,0.9913918870727859,1.5275996792459874,1.0620380214091227,0.5177092151475113,-1.754968619322787,-0.09520623086744681,2.5637459622394534,0.6019008154852779,1.1244025705101166,1.0224443428809113,-0.7969300907542699,-1.3378411715346312,0.8895481839611353,-1.3827205824614255,0.9545886690631917,2.2434960308392866,0.3216610427589152,-0.36826774314567384,-0.8753769008579152,0.9207868457778599,-0.007888139533936354,0.45027591903844977,-1.7830116120731225,-1.8213712366588473,-0.7212539573372714,-1.887995099138334,-0.4573341502454965,1.6133851815143165,-1.4704955214826008,-0.8881614238417631,-0.4667179863337323
-0.9255396268827256,-1.642263973014319,-1.898396672705428,0.38624610318860225,-0.004724621945571594,0.8865255891537982,0.4758925794855854,-0.4714771753138814,0.47846287554930567,1.33617952276447,0.852667617615612,1.1791919113798643,0.12694431872349835,-0.5161410929444841,0.3326301546670904,-1.233708746509274,-0.4939928514063424,0.6048985097071782,1.943002825341808,1.7417958730785925,-2.4762216786391766,-0.36752949577197963,0.11326122409758152,0.3564183573093704,-0.6452291998675714,0.6475570821970416,1.578629179414604,-0.5868065989159438,-1.6382582930261367,-1.703862417449285,0.5660917105800073,1.5803363579556773,0.9847826786985313,-1.3823243890092591,0.9382065894470237,0.06052361603313558,-0.5095082126334729,-2.167572798772533,-0.1237688014400692,1.0753264917040568,2.075025317851022,-0.009140686357067997,-0.8067302463401939,-1.0897181171944685,-0.45903603919774805,0.8599798321117019,1.4140271540126492,-0.4984847303449733,-0.8267155066704075,0.5588668946126556
-2.5640020140960336,-0.519748929029928,0.47830986784558355,1.5130720368077668,-0.7357957801518442,-1.0706138969453527,0.6758003461233153,-0.07291428414590012,0.9189839857948803,0.33954021294458103,0.005442791145112762,-0.2392733465939999,2.145187706495196,0.7115476427774718,-0.4679097475921789,-0.2541270426722587,-0.36913047341074917,-0.670590433063457,0.25522113855594525,0.18787417310749885,-1.1144280384671217,-1.2434285218808074,-0.34257219048374193,0.17577268538739474,0.4344455538711386,0.8805709687459815,0.8430464231838648,-0.8082936008853311,-2.1907030049844938,-1.573141111316925,1.2853659415990053,0.2141605792235655,0.6646865145539663,-1.2357830683801707,-0.18752664707628672,-0.5788334068845584,0.2920103501181113,-0.1783790017314805,-0.8522432172215774,0.7110039659620977,0.8743018101619631,-0.4349617193220773,0.6549544930171902,-0.5454337177138354,1.4492504588376145,0.577558891003584,-0.32638564749362536,0.3939512393471261,0.5748729787563303,0.5279268123665875
-2.2850770508304636,0.6917997107352867,-0.9958264904215753,0.29835640393389073,0.4554928832124759,0.9110857748228856,0.1736225685482851,0.21312213531385776,0.7158475659904422,0.9375602114871646,0.1448720272942319,-1.9468870209931612,-1.6331850946800042,-0.28632682998927733,0.5675895394799405,0.03559684805077763,1.317489835015903,-1.672767108037404,-0.45262334731611953,1.0389164658337433,-1.5684074439747981,-0.9017207700939173,-0.04463336417756258,-0.054757108842337594,0.6287259392081993,1.2027364372492373,0.9180157550203569,-0.9592218310137527,0.16240664168332675,-2.0279673456688085,-0.6488466738910781,0.5823699624818448,1.227558925000108,-0.03369225810362564,0.7601019969386584,1.0282277154711215,0.9444766698900443,-0.7661450474362862,-0.3701092744494293,2.0007083630106095,1.3137394346935785,-0.10210238008142063,0.11040406585223739,-0.679184076321507,0.8840886129579099,1.8723312098076208,0.8610116875513468,-0.7015556510312116,-0.8867429209817382,0.37984814638370956
1.0267701289400017,-1.303554883441098,-0.6581809010565195,0.1882351915481823,0.1449901584424843,0.10106226732256841,0.18061873276761242,0.39502517475113735,-0.31176929609942866,2.447125317192139,0.6548942734232076,-0.663829620085843,1.7821616141583605,-0.9188948629026946,1.6905609921341835,0.22680302136784222,1.6747692368052494,-1.1385105537454832,0.7629573249351296,-0.030143340938766743,-0.5399880093323679,-0.49418296801382466,1.3216282699821205,-0.952885096631306,0.3603102755132226,0.7707006145394687,1.0220957588641313,-0.614016269079598,-0.7998128707844842,-0.5735922021782986,0.8706686299672384,1.5922301161961112,0.7316147819676835,0.9413040183330477,1.171092194464371,1.050085503793348,-0.5281310446340903,-0.4960458309352803,-0.6317182134186368,0.6427763968150884,2.5019028962647196,0.5056885770780192,-0.0734484913322815,-0.5853272342777139,1.0143835232291558,0.4064247990660071,0.9775442476355363,-1.055339074661077,-0.37158310260735405,-1.1359403004472945
-0.42481714664189174,1.8142792599859274,0.4864850577649477,-1.379045377608527,2.804272759190175,-1.333287205416786,2.8780187108134108,-2.022231847065961,1.714155190812442,1.1885942904312903,1.5123330017162069,2.77527526113874,-0.2771776923600441,-0.5757570907663773,0.7449999835192085,-0.7837155620622881,-1.7968985877607735,2.4322757560194392,0.4879186057562822,0.9542406133187944,-1.3199478818584245,-0.7076394086343191,0.21894123360070963,-1.0474195313098509,-0.22325572974560545,0.3745882381657858,-0.8404698724616356,0.8277551098343015,1.36518807135178,0.29015753719529624,1.1388865190434228,1.5700571144210276,0.39994095411727,1.1695837972777985,-0.5355522055520301,-1.2571220866010868,-0.7215371625269764,-2.1254250184969394,1.6618422980886325,-1.9489320869974842,1.098411157236583,3.167617208703526,-1.2253046477896463,-2.3300176898977627,-1.2139352954801412,-1.0185431596093184,0.2659195046771943,-0.6782124976852192,0.04479128658763484,1.1598280810185586
-0.209031579045326,-1.0036452025912455,0.8697027344377422,-0.025689210076754367,-1.790077337052506,0.4213452486457354,-0.31441490841185277,-2.4902685519993377,1.266786426392552,1.0290885140690762,1.8724402722715043,0.4558737788951593,0.32607568869055226,-0.012236592905891363,1.745717325576135,-0.34941762482494204,0.8667616243375624,0.7171171262532033,-0.5423803927962609,-0.59092842067897,-0.4726552685149543,0.358977322908196,1.7739500568095419,-3.187006997116189,-0.4255640698893116,1.625300413250663,0.24976874003963576,0.4264664421977763,0.9496683764913351,1.0215174777699478,-0.8226625383336731,1.1978981096110453,0.06045991517668298,-0.575420632542533,-0.3705767971184405,1.0783320943939305,-0.1851623798067269,-2.257972618786905,-1.0994579437002456,0.2815327305162384,0.7637827644194146,-1.621017465493288,-3.1253863002288043,-1.6022007493498667,-0.20702710334216032,-0.37671910026974137,2.6374409732920117,-2.4720827236016847,-0.36671110664488865,-0.14852287906300277
-0.8160491627687595,1.095981012365778,0.29872447787721523,-0.594265722940768,-0.5289620354286633,-1.999204872974381,0.47199197551031136,1.7016843721905484,-0.513358150189214,-0.2589935692885027,-0.3733402709388068,0.5018412461382314,1.7205805203176265,0.32115229663710687,0.9379233031755385,-0.19999666552098996,0.786919585297098,0.9961612429038884,-0.25571608275030144,0.32666818318283986,-1.2389287718136628,-0.36675019811963316,0.8571334645948281,-0.18400287664164752,0.2796293373661423,0.3414878718440606,-0.18406052604612133,-0.3765685563169964,0.22214276621098578,0.28348235770859775,0.24935096606834342,0.5327333656559103,0.3749458858122587,0.4490644581200193,0.5039284375815761,1.0958609002686601,0.37350691131538516,0.671766916850619,0.20930840839816583,0.014594097283465163,0.45331932781655754,-1.193133156867758,-0.7399933192085192,0.12964376343746348,-0.6263260236881484,-0.919933179630889,-1.0530987698057674,-0.2976281660150685,-1.1164230040220222,1.63726039088978
-0.9835195002612085,0.5150252936639322,0.7190676633191008,-0.10320247738948844,0.551808535606829,1.0655914644696736,-0.6406945506666748,-1.1555323967387587,1.3910261730174818,0.3571439792731101,0.1211709144990659,0.12582625610120907,-1.3590105222490747,-1.914426511731844,-0.2666733479759852,0.8237657627532672,-0.40590985017456194,-0.03146563295516414,-0.9602187610382633,0.23123891160429622,0.3668667801975652,-1.2399606781196595,-0.9528725617345369,0.10758573659224605,1.0442563100976225,-0.23431630851518767,-0.33722929684012404,-0.3993105067951978,0.1458438218304025,-0.6079199489735153,0.8712005603621338,0.21782282707576087,0.24927707393567394,-0.6132725942150058,0.160703774479519,-0.6843465019068455,0.031010848973912177,-1.200195351988959,-0.1869308997269228,-1.1908894149523925,-0.17655784859186852,-0.07501649218800267,-0.6842853775480504,0.07264208004442535,0.6894454642834291,1.7686084384035106,0.22981291517286923,0.7817330411468147,0.14526697916626552,0.810330370754075
-0.8422243868532665,0.7134104097985754,-0.18323526784992814,0.15112199517976044,-0.8355257791576677,-0.8458325572586328,0.39419325214990764,1.5215125306484316,-1.7289315162685301,-1.9405184883889148,-2.201828613034126,0.19688810828530018,0.1528394427072324,-0.3371222309174104,-1.7209804950072813,0.7293151507199206,0.0662353333524766,0.24127083918284198,-1.0919167983639235,-0.9413127300710916,-0.1667976605628788,-1.5023959038079997,-0.23757861688302495,0.8598579219387155,1.37690100705666,-1.2459716947133583,0.5529474727571921,0.3339050015510058,-0.6914575873443415,0.8645384057388262,0.11892035346507644,-1.9264885656296438,1.4727825869577216,-0.7154026279270885,0.14282466458460283,0.15132076401872774,1.8738438979000855,1.9326389441832885,0.9449799448955403,0.510079983373584,-0.8785019518587839,-0.5045523674339715,1.1410006522656166,1.3137843183586755,1.1816102418097663,-0.793013529351272,-1.125586248838937,0.8498390209460549,-0.5358714020700185,-0.1850944715804447
-0.2477721589917286,0.2746631106332564,1.1816126906341522,-1.8123576233143024,-0.14035181797825355,1.1432675316209455,-1.3287682190628776,-0.5507339844700085,-1.1133551016055172,-0.02023850083434461,0.24009346103088047,1.0786425620263804,1.686699899959274,-0.41877965500950726,0.8226819338484455,-0.6064715995774276,0.11551489881730098,-0.8279288504944154,-1.8249348437688968,-2.1347032273483517,-0.8629078090101507,-1.1290619453953294,1.4274315933838733,-0.08607597225842582,-0.6014071397978448,-0.8865826060399052,0.4573666687217973,-0.7074576122196898,0.8403629744487976,-0.1903520170285665,-0.2500036969874985,1.9660088762762014,2.103639185830493,0.8709730111624838,-0.12341839407614413,-0.6734649114261003,1.0360037305493868,-1.1457166847440612,0.07002293320232685,-0.015517573947412102,0.17365916209259544,-0.7856349049125195,-0.4938141229889681,0.05524867312941446,-1.2946428596939779,0.47049241987200946,-0.17407786808463133,-0.4743742123841182,1.6969968716135604,-2.9454908219779634
0.016543438776382487,0.5196409782868773,-0.6310407377934935,0.0071434026858680395,-0.2224627656005228,-0.3483724573488427,1.1525348997193678,-1.0032188682968217,0.2541567062660738,0.6197479748432883,0.07916640629958517,-2.36635697228909,-0.23917271572656726,0.049316656376781204,0.5085713104090375,0.09245275643567072,1.8086563944856635,-0.9119904341567797,0.8546658851666927,-0.3020961332030952,-1.43860119807302,-0.7530160287652183,0.2107309903876185,0.16408114637485616,-1.4115223609976464,0.36067131625194704,2.1701297412680254,1.417387631796335,-1.1324636122314695,-0.4451473352740906,0.6800532887152845,-0.2040616582547443,0.4665187381914939,0.6561581991714242,0.15613357721630045,1.7186151856187983,-0.430763961784793,-1.717719052326582,0.8890708014847554,1.2846121503552355,1.86269431768934,-0.12448194924177423,-1.6630814612125866,-0.3210189280184785,-0.01513823248287299,-0.3301027294411399,-0.13265466731922113,-0.7844488782794685,0.41372153696062874,1.204073070247555
0.7143263063217165,0.4387719536754869,-0.19840106879910457,-0.5124353063491962,-0.9710349854771329,0.800369078106836,-0.22898505542454628,0.28867525758113455,-0.7992995285293905,0.3927650788354016,-1.604099169476282,-1.0548284905812457,0.36194489083482423,1.1316427532273905,0.44077247066382624,-1.0566213973136322,0.5472086490288525,-0.8591263261965169,1.2616316124815015,1.2196853318326433,-1.686852535950795,0.33578801716362644,1.645478314034,0.5574979287643609,-0.5504488043896091,-0.4561050509907714,1.7897818989741512,0.27375355438858845,-2.368341235983735,-0.2184068928818671,-0.41834201434199103,0.7528744165009712,1.0650675976445525,1.3152121217831048,-0.5045049740055171,1.3911768265138964,-0.29812661885651437,-0.34273659966568526,2.0356048232761155,0.7636946121319826,0.08963381301311292,-0.16657789981606747,-0.767921258136559,0.8867440602071486,0.023885215467770535,-1.6968446019699077,-0.01517650016004246,-0.3305622668757434,-1.073427146592843,-0.6795382673144164
0.9725928316265156,-1.097256648939875,-0.6716247752739275,0.28447295374253134,-0.280022171677076,-0.6822538748530329,-0.40268336210281863,-0.15418542602860186,0.14383007597630595,0.047386033378063706,1.55952119352121,1.5178240817846476,0.645765126403223,0.7962468703093358,-0.7068434724409556,0.3055750490064797,-1.567899093226015,1.3375159396988057,1.0823833817411823,-0.26678846481959667,-0.8114899188742003,0.021802562014572615,0.6485106804746312,0.2466940319645263,0.5643787807102403,0.0962249778246535,-0.1889888071492648,1.6077069242900497,-0.1250161447638974,1.5299434916680061,-0.52534912328066,-0.3621239013058924,-1.360236647302907,-2.130948468870117,0.2131137655678463,-0.8582970254491622,-1.604394806335026,-0.0037003459502803183,0.30008022061734724,-1.7588946503644256,-0.3946546609329286,-0.1131117319645206,0.08529838579360792,-0.1694781752614932,-0.29483260506510056,-2.5803076260412108,-0.3451051254389469,0.7670704773475212,0.1483896756638141,0.46546735397887745
0.8852323110816473,-0.5826609200294125,0.5032606586962567,-1.182142586335865,-0.9835722954933276,0.24442799716555358,0.8175533517808207,-0.6215446950459977,-0.29077442168313905,0.925506548566224,1.353540315146226,1.3367443424766599,-2.3627733300351825,0.25766365252019596,-0.6490061499211414,0.34531202107914705,-0.6358832351983202,1.2528215640584792,0.9089473052187522,0.08418857534764508,-0.3082125806312943,0.33006250634914325,1.2552212167267338,-0.10801233933085708,-0.04872783239503181,0.28094643393064106,0.8192701761339498,-1.5715643885780397,2.226272852588916,-0.7909426853378797,-0.09082567111162324,1.4786797351425407,-0.4446892964353566,-0.07148587662336263,0.5533019092571573,-0.3553604858973463,-0.9371617116248546,-1.0048861643762803,-0.007566148168908589,-0.7955594148790709,1.8750695025943491,-0.0323173780433469,-0.3791069523794358,-0.41859126490351056,-1.086659599709081,-0.6172288618407276,0.33904297689537216,-0.10773658046479914,-0.10321137476694328,-0.1612605504743611
-1.5614135854091293,0.6061414098810481,1.8442775526828092,-0.6709245820002006,-0.4436570489768463,2.351285277661512,-1.8508547375594182,-0.18106210106056517,-2.1324596058802436,-1.5614919556954496,-0.9058473615469607,0.19676834142899335,0.986547323259405,1.0804105153716432,0.40721713351246047,-0.4209996870186207,1.2473857189013229,1.7017896827464778,-2.0287784087092136,-1.8151524872146974,-0.621165495287069,-1.7830323178337082,-0.2593087719064541,-1.1552159162902462,-0.4796366535930969,-0.717864098654642,-0.5396497839488111,0.09730478101049526,1.7890251107154238,1.5162198174531496,-1.9938383257180083,-0.7005028071601686,2.0416042289971017,0.8156239545589948,-0.3134681428729947,0.3252472221515644,1.875106931743032,-0.36328666284273786,1.306886137012353,-0.533270072859087,-0.124200827699977,-1.233573457384472,-1.066567508255871,0.17398183224939254,-1.283417537417755,-0.46852626125385705,0.6296368238549324,-1.0519858154054524,-1.9752144447359854,2.276641180879927
-1.2179618930028027,1.235034238882824,-0.047880901462724675,-2.0947288795507104,0.005090474465180897,-0.650360947154527,1.3804623078315839,-1.7312066093013319,-1.2953483647186879,-0.6838260844747,-0.2651803668690721,0.6028360435726714,0.032402677427359104,0.07492541330123866,2.1755440950849887,-1.2360882504061133,0.280738421626323,1.2657987406478342,0.9709828817564452,1.1348284498967183,0.48380972250405874,0.40316258345815686,0.23131664646416972,-1.825348054425728,0.9337565582064158,-1.2690548632151013,-0.3986368345361228,0.8150684568012644,0.7097184818123293,0.9353223347838631,-1.2774973541826062,-0.45474035498421866,-0.9531629942871629,1.8006959208575644,-1.1585722926121815,1.0431954357760873,-0.7340727783628287,-0.5222120911836056,0.14394540095751449,-1.071091535451847,-0.7316441912684447,0.6370875343211937,-0.9472678567153806,0.1133680507736911,-1.0006561540240502,-0.42766347626631435,1.5713453528901307,-2.1841739150567006,-0.7097805966555234,0.24583439626516393
-0.08939114074710615,1.0070975300479224,0.3073549685335167,-0.7461277580773826,-0.1842181876018887,-0.17096174453617893,-0.2406258454876795,1.1938220060937716,-1.0410769710596486,-0.5001331293586794,-1.0704767198075575,-0.6356981987231399,-0.3253044719845476,-0.7153615614878466,0.5472459478240678,0.17830224790248078,1.0715909879976877,-1.0527440873536238,-0.2316370306243664,1.237765753417265,0.45507672157722473,-0.8920972443411733,-0.2733638204771106,-0.42518622226561337,-1.6709972355628548,-0.4739363487544364,-2.1201817264478424,-0.20970288091955427,0.8778936187804329,0.02974850924336284,-1.2153827013011387,-1.094409755546775,0.7471422230039144,-0.28502821382069776,-1.3574028317699018,1.2600449846820998,0.046032325805202445,1.0994901912948185,1.3008777301456849,0.37107752327302596,-1.1965610882052191,0.29443981439242556,0.029234462996755153,-0.14952359052454667,-0.08927554381016678,-0.9751766474791531,-0.2744305645471713,-0.887308186259594,-0.6023268874303147,-0.5395309367428912
-0.9635107421676041,0.4377245265739225,0.5031498947521481,-0.07260193542508092,-1.0471167858569388,-0.24131435141504187,0.2969101775922366,-1.201689594015491,-0.6033049425889999,-0.39339627042688446,0.5653899508441942,-1.5838161509220916,0.21162027076825893,1.6867289683371758,0.8018682506870939,-2.4101756226299544,1.42279949699321,-0.2663613810044055,-0.6236085070693108,0.13303572743038208,0.5653944588263441,-0.7119981186531298,0.7848235513337946,-1.0321596072501622,-0.547450007211693,-0.3133508375849239,-0.20790069977778014,1.0467006112211055,0.37647720894918696,1.1806769647109576,-0.5875794401913733,0.30110608563586116,-0.1274858151881362,2.0592809186752996,1.287334582846075,1.2120505173915799,-0.6140280781223649,-0.4856178461719008,1.7836298045914698,0.5854000927548084,-0.8765084128503682,-1.4177481568920416,-1.5590677931278054,0.04268764534575455,-0.864977398351101,-0.8138474827371677,0.3697221100789745,-1.3771643759511891,-0.15936361945373004,-1.0870771677324385
-0.4384217030941589,-0.4052096812082193,-0.49560306148302613,-1.1689219852014796,-0.6813074602745854,0.9914344501257222,-0.1634137512711829,0.013623919071938847,-0.7413257927993466,0.3221812912307467,1.1120824352441416,0.8256164401177902,0.43008738362720167,-0.36735567765251537,0.27769903332068235,-0.9030507664829961,-0.1057508424457176,0.06166979004019025,-0.25051305411674846,-1.2983728232157563,-0.3127160197533026,-0.26612522174756253,1.7184597059541313,0.03866396989227488,0.9162001874990445,-0.6841042726160699,-0.5576277639693242,0.17652789196489405,1.2900226442566785,-0.20514061467941058,-0.5613702735037444,0.49605610385883414,-0.035184704989573594,0.8679094392908405,0.5846757256805092,-0.6168407866109076,-0.2672730309437712,-1.0165316944081588,-0.22606762984415546,-0.02346192322452369,-0.19760390220316587,-0.6102717289579477,-0.70219137798458,-0.26370634637295187,-0.7877818949350125,-0.621518810078162,-0.09579994117292778,-0.18890906727151635,0.3365174041770845,-1.4785267311962231
-2.376192757100104,1.976600718456375,0.9008168607712668,0.052076251597895605,-0.627140919018196,-0.19950343392692232,0.494367276037137,0.3708091729144221,-0.8467728493115315,-1.8248356749846042,-1.211619838650449,0.7454814012402479,-0.05537793411161543,-0.9739070226333384,0.11112117331303156,0.5208259307939629,-0.1581952484901636,0.2162486137389373,-1.553114789782013,-0.40204399636118493,1.5891662801270292,-1.4446559501656397,-0.4562458828514089,-0.8767305465629374,-0.5049083378870232,0.15751883905616973,-0.6178836259162068,-2.033504097859385,-0.43055573732524616,0.8144059566238302,-0.4547174144867297,-0.7597406800498827,0.5292710684874855,0.17562634398056298,-0.36761130027795613,0.7791799869341598,1.7097256968095524,1.603253990227505,-0.26887816052943037,-0.18720762313341727,-1.7395291670683015,-1.9048063274870337,-0.421944388091716,0.14672693830125919,0.7760695153495911,0.8922469418366239,0.22889172271138566,0.09636574267440493,-0.03483628468977124,-0.9691725664804683
0.0493875821772066,0.29848711403802264,-1.0117425591111233,1.9216506373332491,-2.07244363473495,-0.6111576123182707,2.287987366685757,-0.5820727776528073,0.6060425259573838,-0.7540587116986771,-0.5340306611127683,-0.1949171822519149,-0.42642044666666734,0.5377283848936225,0.35542648295133966,-0.426138094590235,-1.075379365793122,0.7641491764135543,0.2000175157800547,-0.43703267216537267,0.3583025128839763,-0.8363405450863757,-1.1644161346071724,-1.4408924109456227,0.7668655621002753,1.4820792543140298,-0.19962494243390652,-0.9556287075713333,-0.7247977756628714,0.7940686432852078,0.4106911069632014,-0.8298885428326883,0.02340838886921812,-0.23750969286110393,-0.035601131060462664,-0.11646721815150667,0.25989389102015503,0.07954910440022489,-0.6408236226256665,-0.6913850173401425,-0.7019330699563519,-1.3239996191569463,-1.1893118809708612,0.660710141221703,0.7957198067336457,1.0363249742882361,1.4549955861876451,0.4186216232500324,-0.6142641686890951,0.2366521857460765
-0.22571885916809825,1.427777759685643,-0.2715793352646632,-0.9353730555323845,0.5270515289869352,0.034851651464427626,1.0494107116597424,0.12448251895640866,0.14494637113191822,0.5052737693635956,-0.35169140558524026,0.1105652762048363,-2.1282497520133603,-1.3845229207106178,-0.20726294220945451,-0.251639995036614,0.22202835167877594,-1.0760717251966259,0.06298253804388416,0.42094999229081065,-0.3382390862323291,0.2539136099752024,1.0808295200982492,1.3707307594020695,0.2239737832878317,-1.2901590846928086,1.4460890460021674,0.07354030960259511,1.1919858246529074,-1.4655303773107398,0.19450808148202695,1.152986318393286,-0.4026979472257941,-0.9169791014261088,2.4607581224677313,-0.7043442793381474,-0.1876934755321382,0.016218215963131014,-1.1350681803531133,1.3937330237056957,1.5704946937356885,0.1922934983401474,1.7158649780533535,-0.0727262099973481,-0.20097980872196541,1.5010796028808377,-0.7503968462198373,0.1153786350699517,0.38734832769831007,-0.5238728772890977
-1.1516558605505336,-0.6368135871776811,-0.8379743061818952,0.1408189520079725,-0.05011391521716766,1.7365376610461443,-1.5415066353938043,0.19270858538389884,-0.20811741320085633,0.635021202240571,0.07301708479048367,-1.648847111026771,0.2039253355226954,-0.8051299833765756,0.7997323882641343,-0.6320896045344747,0.6564001012331817,-2.2422621709608173,-0.0339794660708039,0.6422381893230518,-0.6138721053467635,-0.6256244072059313,0.8516206885463495,-1.0007101074213545,0.5952374856568287,-0.3117883724212191,0.9886604271125854,0.5400253257590241,0.07918447467656181,-1.5910693278502408,-1.2951799580723289,0.4767946809128344,0.6103836032486142,-0.3743393313429821,0.9058914203959292,0.7038679579875652,0.24394468266894315,0.10234982981178052,0.4811830732586238,0.3916228061689496,0.9925147519522164,-0.8604687698170559,-0.48060428247400877,-0.22268717724358655,-0.8753401952284267,0.3740443023352249,1.6528214209687606,-0.45702681281973506,-2.527566083423928,0.35371014854968374
-0.6840146360832824,-0.2965636408415393,0.01302733968620796,0.4072288238821203,1.5627051395885074,0.5283696420128772,-1.1970477505297528,-1.3021834773987235,0.2713639903202817,-1.3295096374556221,-1.1837902860464495,0.0625599048167718,-0.27442425326109604,1.4532912735153143,0.3942734771654562,-0.1013534475256954,-0.7505774741997552,0.657559988039463,-0.3796894345120678,0.41388048412029904,0.19128928315025331,0.559275497744951,-0.3299219331754551,0.223535840224088,0.47888058739007405,-0.12794861770633936,-0.03074387541828251,1.2088077721204906,0.3453498772835502,-1.0099423208326925,-0.5983806956468909,-1.1833928317959252,-0.4632264074305613,0.021187712421063112,-0.9924326500383884,-0.9484350495535313,0.30168912052495483,-0.46888490913988584,1.47160425652325,0.4303097496291498,0.1916827278333736,0.2545403714227339,-1.1119604665030074,-0.4973265626081036,-1.2106026113172175,-0.019878829879103284,0.4398900640023597,-0.3645017451286647,-0.8000651945923819,0.47752488555177264
-0.354244290083043,0.42883625240205225,0.4596839238378344,-0.18787151859642326,1.6542112078421578,0.03739759485944569,-0.5061519754921526,-0.13714325645799713,-0.41727486841167255,-1.1371344979881013,-0.22570798334633263,1.2474812669266386,0.0025168289728801844,-0.7650259192784284,-0.5447604666029817,-0.09608150964743149,-0.7179687498160272,0.10715240125563369,-0.8507203262199399,-0.7916259745595045,0.0682402537702464,0.11228670410811947,-0.010047623799018496,0.684676520045891,0.5794205158789227,-0.9831989505687926,-0.381189886802245,-0.3796664683369565,1.3714955950618104,-0.4502490511130309,0.9099219318189589,-0.3753473641083332,1.2437638119838132,-0.5915604190829399,-0.629565015543202,-0.2857865733154316,0.9254961201711301,0.27668995726799034,-0.6613982388210796,1.487039454113702,-0.49057971707921527,1.3130762122788997,0.8341985927488657,-0.03909758824692523,-2.1645360829521803,1.1774543024807504,-0.5080280499403286,0.11062729900883118,0.5922422099788411,-0.19375363679840854
-1.3950311954837034,-0.20056070290259653,-0.09169446464306799,1.0217273248733436,1.7928551162650772,-1.4350341786296963,1.5798139608323785,2.0854210841964287,-0.5537582930954263,-0.31914857937100205,-3.2780971540299624,0.2574341268189962,-0.9429576152624731,-0.4288799741871314,-0.9820424035712145,1.3457323399134855,-0.3675277572404323,0.5843389279009693,0.29449686040682443,1.3476301422302628,0.1506167079294905,-1.702102289623064,-0.5371191109517411,1.659858004109882,0.19607627520712548,-1.1931208134647473,0.9162700928497396,-0.48557371985408004,-3.309554420014577,-0.13547854630600276,-0.16257920997133513,-1.9306436762305639,1.5606641103687313,-1.486942534373838,0.38752666836876887,-0.5129850367508022,1.7000558670963235,1.664615595922357,-1.6873573847395387,-0.2062961366362021,-0.4925908148085525,1.5489037737571123,2.323390094397967,1.8740686070635446,2.285522833422937,0.8512627260889831,-1.9987173940745853,1.8562394552865369,1.0892059558783427,1.040373184505196
-0.6469125215886702,-1.0378625781015531,1.186746948306152,-0.5420258999366857,0.9016075597496369,2.25000319596926,-1.4789988510054697,-0.9274654163413028,0.18136568704296616,-0.126811119592168,0.9472616587543397,-0.9747149048278432,1.7581861289820426,-1.9958398196508167,1.045340134406473,-0.6772152537229222,1.4176449308206118,-1.0321882755786007,-0.9023926413753405,-0.8011806656895124,0.2137822182264053,-0.5969146401904613,1.481440764607576,-0.4783444881205621,-0.17127171206483202,-0.37803130414688774,-0.9737884765514786,-0.34576676177702703,0.9754214896386512,0.04432801824553283,-0.5084804943718816,-0.05349672205286742,0.6685704405743366,1.1804658292763024,-1.3958156156056631,1.7821787519595602,-0.1697340184569167,0.015821402660598154,-1.5543903844777855,1.0742584587274728,-0.5852344457363237,0.6224192957935465,0.21223588796047665,-0.8170908581847502,0.30234622322916266,1.4350872258691267,0.8014386009884271,-1.520569528818471,1.3883591463482028,-1.79677643423256
1.2052663653981588,0.21440854556772732,-2.0272684202073887,-0.5543341861597783,-0.5107231552232823,-0.8906184823289544,1.3932201003689302,-0.9692662003398111,0.23812893077941077,2.1222411105356156,1.055600811208357,0.3366970829356244,-1.646097516001243,-0.5493996910155872,1.1443228418259923,-1.3581294699535253,-0.3428613735059656,-0.30288652059863236,2.131312588455503,1.3247693246302403,-0.5251112405845709,0.33520864660580013,-1.0489801175755724,-0.577928862163595,1.3107518407076837,0.6966967044260332,0.3189225911851845,-0.8363052394878638,1.3929286214549952,-1.171714279133166,-0.6693073482373033,2.798002597108426,-0.14197862985481888,0.379656683630509,0.8898357286490945,-0.10122981891905243,-1.1689192901029117,-1.3465058650705113,0.7021498712233597,0.19190552780546025,2.186125150312286,-1.214645903227428,-1.5174533181020817,-0.6929151023091044,-1.7073529840328998,0.09513860955798921,1.0793771692635028,-1.2630126010299159,-0.6672060108794537,0.8120500562389645
-1.4225106783465378,0.7375421928555128,0.8196501005798988,-1.052092183338625,-0.1812203250205921,0.46818950168270407,-0.6793296187599631,1.8175353852343816,-1.1118429006428494,0.3810639958260065,-1.9692640883510228,-0.9452970079204537,-0.7143128978691153,0.052141364158071246,0.9100456338939624,-0.4780575341723547,1.249984967035686,-0.42777451995594384,-1.7272640869756641,0.503899237993507,0.617580516106481,1.2831549714090167,-0.06046783072502677,-0.2760920237796481,-0.5449973312675072,-0.9479967573222798,-0.4960886168538825,1.1619111418523507,1.354759980791386,-0.659292257431545,-1.0513867297035127,0.19195848588556885,0.10823911660825233,1.460232862747605,-0.46616173701736396,1.6587752609463913,2.323171330064676,1.0867058049895701,0.7796183909241996,0.26530218666578875,0.08703832483807775,-0.766590302441989,-0.0813226210512834,-0.0841592341178642,-0.07633681605329222,1.4530235777946863,0.0751187512804145,-0.3112382213975141,-1.3296479964248864,1.220507000434366
0.06252200560331365,1.8902912123597024,0.187459148810464,0.2950880475098913,-0.12099681091217585,-1.7531031745318504,1.446977496234306,-0.632922731413575,0.024047493836316138,-0.01875548374086541,0.7564784554779156,1.891930107892108,-0.8140134721045584,0.21926911351626704,0.16247079318642282,0.3857436583622795,-2.0857830379543794,0.29466385089664865,-1.0655986106892201,0.11862159959737392,-0.8725274668834447,0.20037399403046124,0.3358237508100452,-0.8837258807439896,-1.2110435999470066,0.6522976250280715,0.20817824374064792,-1.4095846285729978,1.3019784451871368,-0.08872542188242535,0.745911872152909,-0.6764873282156427,-0.2813341425319257,0.5251302596614401,-1.1135609977510956,-0.7050164358221672,-0.994033849953321,-0.2367273769971155,-0.6127482160495347,-0.5322906667664612,-0.4929641229803188,-0.4638944866191357,-0.8966808560635088,-0.057405629575996396,0.12080570908685755,1.6011338318068145,0.3355566389693018,0.29797094402193597,-0.0780840190275135,1.5726893786924248
0.5488471484292142,2.0172334207378313,2.42064054665438,-1.1774261054445976,0.41364181597974164,-0.055216087837449045,-0.102484440408406,-0.8683348497989072,0.08194217279018222,0.5786164461897695,-0.12730597617899062,-0.06920103466057313,-0.9615230662721137,-0.01950219704561278,0.15441200749739117,-0.2473233020955356,0.748185671558078,-1.080987350352558,-1.7856651958390026,-2.482225598610489,0.4621231824325699,-0.31817743774197815,-0.310376907016522,-1.3141648088188531,-0.4854377801101194,-0.9500155145597957,-0.3385696090951075,-0.4912969809566587,-0.7043683506783467,0.7980276186872755,0.8423655037312173,0.5230773358533175,0.21249659705078056,-0.013734348148500724,0.8409545426373938,-0.20627690071095034,0.8530732977700681,-0.6378522210720056,-0.21658203296365916,-0.8561436807241972,-0.12114602851984849,1.661765378651771,-0.20353438425683362,-0.16044899233040688,-0.3916710663112597,0.9837471491596156,0.0545642429830032,-0.6942604578608575,0.25459770092754824,0.8847158081160031
-0.9812258712555417,-0.9540333495868097,0.23652088803032495,2.0642271575371596,1.210849688240601,0.4469166594280306,-1.587937618313234,0.6910025119167656,0.54956707526337,-0.3332708962202477,0.4317296745362786,1.7654375130400968,-0.25168653080021053,-0.8425123677916105,-1.523045134513914,0.9334815473080852,-0.7698506553270499,0.7137242893432959,0.4715202924843887,-0.6706346091605563,-1.0022303133949773,-1.1382035732910945,0.018711074696329568,1.6609100517393347,0.8336743007453369,-0.5677460210597306,0.4782842811662076,-1.5563473865600455,-2.58437862944765,-0.26513483125983256,0.3729839208401378,-1.7914095748074763,1.0523981298072034,-0.929956351773386,0.3805413270405359,-1.676860823501014,0.29931468588269916,-0.2632220476031534,-2.4372063013012477,0.3319478428316037,-0.34256900748101765,0.7740238060438698,1.4541288772944796,1.604612509473441,2.993167796597072,0.935381611604259,-1.3293653877166978,1.2498070319875108,2.1137532047174643,0.8584008668786157
-1.0775146655469643,-0.45888379711879634,-0.5276344216511809,-0.28015143584288976,0.2537922125959726,-0.5555991050466063,1.0531771273652804,-1.3106024388055302,0.9951141213972127,0.9059772258591393,-1.2209750821390688,0.9408879389360941,0.8030193409124424,0.5165449185119985,0.3357997857892061,-0.557502934976099,-0.7816843368501114,0.4897832966194363,0.7109762261289828,0.6417760123455443,-1.1847801593198102,0.26732676598048255,-0.15959191741562034,-0.4471204890134075,1.5867742408856353,-0.6093530567671401,0.5969962683864805,0.5567621105231031,1.3655909400039508,-1.4655636786931159,-0.011180314089162459,0.7955105693444523,-0.8918492159223396,0.6966038836070363,0.0530882900311867,-0.8026800413166846,0.06527315216498399,-1.905025686911829,-0.10315901179054829,-0.01605590854027736,1.6201587578165155,1.0253474072530615,-0.7751658813854279,-0.5760707946943862,-1.6678553633596154,0.6448582622626065,0.14546796943516827,-0.37602635644411786,-0.013990731323015834,1.9430914829911192
-0.05194809936447599,0.13489018603496203,1.7282865651085737,1.4311926019608006,-0.6823898443769083,-1.7272196463054714,-0.5401729228842638,0.8305322993513599,-0.4285530811555728,-1.2583345537826356,-1.1067927923170635,1.4044610016258336,-1.5742963952657516,-1.762019077071915,-0.3977504045864221,0.6307811723840591,-0.5756973984572258,0.5601373243752102,-1.1515360980842528,-0.6516226355067877,-1.0506493267932178,0.4941846090006179,-1.3196629707215912,1.0484983545358966,-0.3009374810869195,0.5372494331234686,-0.5908208159577346,0.4954304004095305,-0.4519798475719615,1.2353261080179754,1.2299360902641245,-1.1146803962849603,1.0210993080406705,-0.2768363655482397,-0.7537406957809231,-0.7070352400925866,0.5329809029501968,0.5804071360704375,-2.5798497024223437,0.8157279152341242,-0.25030604371079423,0.7398812328416453,1.6520975449124193,1.1898782235676901,0.906184251783952,0.856102247163325,-2.033900511302913,1.1165499146003477,1.8816422519463931,1.932996421972394
0.31786808117275284,0.08047879725930968,-0.009432424587173404,-0.795373442634585,0.3493171127033692,-0.8865656128372075,-0.34494548273581027,-1.4347129394180025,0.7388648344703898,0.21711052334956904,1.2691382012564096,0.0846699480039279,-1.2651186366808147,1.3818972990328267,0.7715673683865266,-1.3061154732354112,-0.1165209341116172,0.453735137238849,-0.9877319864001135,-0.8138632469628191,0.4067198321311442,-1.5851838060544392,-0.9106063921157189,-1.229949551886773,-0.06635438923840094,0.6726295530736149,-1.051260557245759,-1.6673037927004513,0.707793716468629,1.2303121265658508,-0.1115567319738943,1.540105858617136,0.8072133143020002,0.7213685347995855,1.5667421684626581,-0.6064623575524988,-0.18011073083859105,-0.647331818163695,-0.9099099618644096,-1.4636864680700066,-0.5299754088170553,-0.6123601115621836,-0.7902041189790548,-1.1453057992730342,-2.7621421676882796,0.17377220059763157,0.5936183415533608,-1.070285477861995,0.4292275971754315,0.9248286638437919
-1.0396821923656496,-0.3699680037236684,-1.660924795565925,0.16007633457783602,-1.2105338248525808,1.0576478249633057,0.876419039888259,0.5077337850708658,0.46477794937439276,-0.2118921719135423,0.2566551240656794,-1.6681444749599172,2.2225644521484997,-0.7967463721634648,1.1210737787690137,-1.3119863733704118,1.180425180816436,-0.15072944536255362,1.5587654740348817,1.4680274545160148,0.8556422234691766,0.9978152147622587,-0.2981624399242007,-2.1504069514360853,-0.5292319354250772,-0.21080533470720053,1.8181769493306583,0.7054228753149311,-1.6935226998556623,-0.002813097881875887,-1.1888976459329053,-0.2935405631022144,-1.9328030077875393,0.9122611681734506,0.36872777385261585,0.835883589957137,-0.1454990998042084,-0.162065457449727,0.2744429929529307,-0.28103294845810245,0.8362098796303973,-2.118677825505082,-2.53226629098283,-0.8659614221144771,-0.2886896341110136,-0.8916044847409972,2.111198790006893,-1.1844610435599034,-2.167395113872154,1.305794765382707
-0.5523554346179936,-0.4980821137496856,-0.7163048614883554,0.14772358924894433,-0.8559185861413208,-0.5473496818161872,0.8453940850502519,2.9532387001800466,-2.373398633576396,-0.982321454026576,-1.6926298723205186,-2.0774224759190347,-0.7190049071572163,0.46198604274083027,-0.685722667983149,0.9508739929411695,1.023725676910307,-1.484847413865914,0.4443156209992392,-0.3542247491556028,-0.6738891656822347,1.0484550933850678,-0.6509857814803449,1.186436672703291,-0.693314773976396,-1.6806086079748928,-0.5132831325251792,0.48731104581736073,-0.5207291263963417,0.6597315682267213,-1.2394499026914292,-0.531247299129817,0.6487604110584291,-0.8369606805314675,-1.6111769881003928,1.6664833327969346,0.6750610054318532,1.51471994316214,1.2695957837036407,1.5340136713117283,-1.1938779310668712,-1.497785616696594,0.6818899056635247,2.479037221973173,0.2649773854456054,-2.0554591744655317,-1.693666860829541,1.1825047066822056,-0.9586157365937842,0.4310123780592115
1.6442986127862687,-1.339977295703808,-1.5288355586102755,-0.7876101115216704,-0.13798756270509763,-0.6020779812721434,0.051857330729059854,-1.4257196703374528,1.0156112569370477,2.4300534824315023,1.353231950717864,-0.14478574045283213,-0.1282847737738691,0.22162165937829317,1.730791435178963,-1.024847669637336,0.6507813463992909,0.33842344087544524,2.0752954277128213,-0.40942991571286713,-0.19631142610209754,0.3349981558705497,0.7828621836236128,-1.282854294713488,-0.1805038448669078,1.4574696024917346,1.9893168168403426,-1.4805752882158292,-1.3457039159009803,-0.13970920483680557,0.968238116392747,2.01259555061213,0.42101319107570195,0.7064567075266683,0.5654889928707986,0.47195485945424054,-0.7765503787871473,-0.16161524615858816,-1.3823430328804833,0.02644292773963141,2.2756133399137677,-0.18552147287200677,-0.7682358790668317,-2.2248069257013534,-0.09584569054919687,0.17745154948381223,1.3319448303445143,-2.061735050046705,0.4019587899296845,0.17531651349963795
0.3822090353079945,-0.3689685233225009,-0.8493707371049232,0.905919123803338,-0.5466925561937046,-1.8334091326549502,0.9997266517226024,0.14818095277277843,-1.4312961024418025,1.2170263527167626,-0.6144323615705368,-0.488208502847071,-0.6985668631770111,-2.1964285348266364,-1.4866225346759994,-0.23802455643529155,-0.7323502888734897,-1.1540492518564234,0.7437142331627998,0.8764664270009191,0.37078003559914374,1.8139321351396362,-0.12685341786867488,-0.003137960241960329,0.12240150477253922,-0.5840539639856446,1.1185634609352835,1.1238699814468052,-0.16388823237954364,-1.4674909430362026,2.0011214214103314,0.5761557951145726,-1.9502330445228564,-0.5334995373002418,-0.07571159266130983,-0.8568807404618807,-1.0425846832784733,0.649882949667083,1.5573770117860972,0.5412341846293806,1.1602485719460034,0.5463072193904885,0.4529090170299641,1.5423887903926778,0.7291201702721243,0.2585857161081128,-0.4143681791094624,0.8540230812179879,0.06851930412593181,-1.7890032045023265
1.305147969553572,-0.5751918996239506,-1.3949406009535392,2.8053142537064937,0.8703641429229249,-1.3590724743369387,0.4958522904021223,0.6013199266480131,0.6045949385177636,0.2921500458286537,0.5634228753539543,-0.02286964966407438,1.1161067705133176,0.021163491796941204,-0.19086262916600225,0.32632348441850295,-0.10186097875563573,-0.33904154616806875,1.0870749840663874,1.1449711001595688,1.7592907119346304,2.2328015464749855,-0.9151266493824585,1.0697242059784788,-1.9291007365648154,0.8180638557770072,0.07391508459129847,0.0887210435901946,0.47889838238496696,0.21813937470188055,0.8727499996539626,-0.9516773010047107,-2.415131129023142,-1.5270961198649664,1.50628374094722,-0.06531977127819628,-1.726223053145804,1.299938090012418,0.5143390556511656,0.20886886893178486,0.27039527592097623,0.2646681687016475,1.327301525728552,1.1078259359053513,1.4111558788177068,-0.11326461396887798,-0.4751925972006111,0.5144025631724002,0.4407380607611567,-1.2784444021344343
-0.5291861860256152,1.4462031390830576,1.7370947449251037,-0.7209656352817415,0.8303806000814253,-0.9724080214705755,2.042416926592459,-1.0815229885032565,0.7639345821864512,-0.5750324057006295,0.9628041516695868,0.26400039278552506,-0.468519122894086,-1.5198421555252037,-0.06199869066284513,0.24079205563860442,0.04796871486216604,-1.6155206651760272,0.09614031131344045,2.232528068325152,-0.6327444509512857,-0.20829586090351015,1.4267019376944303,0.9316068684888688,0.3173955033084288,0.41307437516922635,-0.9264301671210957,0.5259277399816559,-0.2743652966580235,-3.240544824181754,1.6259777041107821,0.5446171366042886,0.43585874799182556,0.5153907608691269,-0.9381785915218723,-0.9273038532748439,-1.2947346086192515,-1.229096151090034,-0.9376197379534198,0.9039664388054676,-0.8162745793279684,1.8223138959610568,0.7120682082794305,-0.7040271089267852,-0.35597985966801604,2.1721661932725906,-1.5889060386197158,-0.5036633334448914,3.2898676281865793,-1.5917049128538572
0.418496636748578,1.4899708829290006,0.2519880897688804,0.058312537864813406,1.1939800539723724,-0.7457620362355006,0.9773330068553683,-0.17434716456327334,0.9814158640401901,0.26891453699629786,-0.28196988041772675,0.15242408517162712,0.23364816754250525,1.2867102809397388,-0.6038675397273694,0.4479605993724899,-0.736510227236408,-0.7116364494639027,-0.7326310216776555,-0.6704635589949269,-1.2449108715764317,0.13432395651521917,-0.23896035283676023,1.5996122033787679,-1.794422685862079,0.05558062741913018,0.689337023537349,0.680753264509795,-0.2256335817612291,-0.1073708172421283,1.6523670893094897,0.5595632417971859,1.4623162153659426,-0.8662901496741666,-0.25801079968282253,-0.9732583347568371,0.332009406845603,-0.6972994320842306,0.06496072130555772,0.5345689261953104,-0.16651245221222527,2.077825826016374,1.4399503238684237,0.32695773279349405,-0.5143493857945124,0.4783704815312618,-1.0582111253766386,0.8273703042058451,1.5729567579397528,-0.008795326458509969
0.025158973789386516,0.20360216892161298,0.14980989848999202,0.9069311556923031,0.8816523713126289,-0.12913039645544103,-0.4014996612648187,1.0119683039167184,0.49904389298789,-1.4036058822508755,-1.5556177813286793,0.8171997885312747,0.2832687877805039,0.9491187931196834,-1.0567615357406575,1.1548385276986488,-1.2850400091475946,1.3352193075750023,0.2983545919386118,0.8852012843430781,0.09061848438455972,-0.551878777357794,-1.5237393591368558,1.4276682025067122,-0.7036523799066128,-0.13422512810297782,-1.6665607610808826,0.6363195140731968,-0.7701932455711772,1.4257379057880368,-0.023703792162954204,-2.185010335878506,-0.3874259716976849,-1.3817507314534412,-2.387343560010121,-1.719090093020699,-0.03663470123379396,1.0745109563362398,1.149068344866626,-2.324595739677904,-2.271004906113188,0.43604728981436636,1.0328280480440832,1.0396256126526917,0.8479054042823486,-1.7957803386294353,-0.54612717465202,1.671951943810479,-0.5498119309634805,1.6365930983648225
0.2827901952830365,-1.2090122856684582,0.6781606248714181,-0.5363587559711569,0.4576051678342708,1.3107110470085084,-1.2924575717578393,-0.7693880726087973,1.1467953901425922,-0.8416826136550739,0.79479478012326,0.24513328399531725,1.0075855036427743,0.2516865399857544,-0.12406650314679567,-0.012694646754129959,-0.6292964496314811,0.7767851463275203,-0.2179278479516261,0.04170932787136514,0.6958092521008911,-0.30542593876787,1.1642462601652952,-0.6970929627716087,-0.08242753331320876,0.3253786882866965,-1.8948262171998642,0.8093354624217137,1.123494398375336,0.4187804879841074,-1.9277137635866266,0.022723004210861653,-0.21662337447527202,-0.30540851706761246,-2.045449632103462,-0.48059188631315847,-0.43410700056569623,-0.0016705154028131249,0.6087185537073184,-1.580302042850053,-0.9520592045172074,-1.7791308110885782,-1.0328441292773636,-0.5308412555338462,-1.0376255411117892,-0.31945617008244204,1.1631533854887717,-0.1890437364897979,0.5738121788430062,-1.1281116175310917
0.2883416284052416,-0.3295294336979663,-0.9172164584545655,-0.5028696783759572,0.16294550069300345,0.5619176045430743,0.4589333570390984,1.2369668097901294,-1.063587799750704,0.140266946208705,-0.5920336665451814,0.5990400697201772,0.9799664818824948,0.4391557971356161,-0.8668065199710189,0.49792020994640834,-0.20025494464151442,0.22473486211251467,0.4061003542823939,0.8102001351043053,0.5335156222742549,0.9170571334897497,-1.042038117222438,1.079425176202332,-0.4695591529160962,-0.5457832735880556,0.6801553687697711,0.4841925401124597,-0.051822231321147695,-0.29544429965083624,-0.6713506907123737,0.09840906770408565,-0.1147066185780608,-1.537933758336325,-0.5041114698771323,-0.23993479712688875,-0.1261031014898263,0.8652152168032676,0.28084947473569216,-0.1675834202361813,0.14871730532537836,-0.3061186162833154,0.7560108025148295,1.0631047716097193,1.3658796192422746,-0.06269853723374641,-0.7239276692448391,0.7567911399985118,-0.6442753898225139,1.3839758845814452
0.9068781918566867,-0.050474026097559584,-0.05569636786395547,-0.5484343926333576,-2.0051363905443313,-1.7670771485759589,0.1679629518236568,0.8019547346189073,-0.19137248255699593,-0.5044701017701289,-0.3273921637632434,-0.37441215505459063,-0.05142229250411498,1.1810805937104158,-0.8485206207016508,0.27242090671948116,0.7272146340155415,1.2156072283708763,0.46048322460768376,0.4231632083921421,0.653853501949956,0.06479066497878921,1.2056366290015863,-0.09158322812710734,-0.5996449745493696,0.37419404439892234,-0.007563320415160645,0.2260533177663215,-0.43691220655322766,1.0019459060266733,0.07363803186312834,-0.4012564174705187,0.2760232562747842,0.3997683579458076,-0.5034362011167508,0.2162832891700754,0.02954612707484395,1.482386197255926,0.3537888704414997,-0.8192201989419517,-0.3635344479960094,-0.2273228481377099,0.4769736939631986,0.18861598200299343,0.7932982497580011,-0.6242493855780541,-0.8556107967187914,-0.053014631225452656,0.8767376930782113,-1.5160013576864386
0.4532129614562865,-0.2463513095622282,-1.008528660691732,-0.8596335776759448,0.29093441346591586,0.16796483092845807,-0.06812473444177589,-0.056395658970573345,0.20742015550342505,1.9640087395755397,1.8183104223205542,0.2444332939144758,-1.86080781959027,-0.6775324104476067,1.6993931909980198,-0.3713561443918511,0.24227041869075408,-0.5340551917469718,1.4575801049892214,-1.8716292216947028,-2.3176647380991953,0.16422119982873995,0.7073394850674964,-1.0327742952873171,-0.06272307311977672,0.11652734331419448,1.7120677024379767,0.5083661434062212,0.2962469415959101,0.3818534914583228,-0.8450670936922786,1.915535002934285,-0.1566620444086673,-1.0537302636849013,-1.6130323418362058,1.2889741516442335,-0.1545482716006897,-1.0056780787175912,0.09879321523792688,0.568153758418873,1.676507647810019,-0.2791968467756359,-1.2975303108003782,-0.5959138779913882,-0.4445097130088067,-0.4276008139790658,0.9497551330661738,-1.1367799631406608,-0.9533104996944801,-0.03221675319224485
-0.4580838479076668,-0.6160724514431707,-1.0679244883169734,-1.2787101292744463,-0.37119282471765225,-0.2776368776926958,-0.12821336240532133,-0.0991297226222574,-0.5901487020001469,-0.8939525970315043,-0.2197249117597989,-0.4185402078183624,-1.9627254648296306,0.9378517700755814,0.9754560253533117,-1.3132347708404164,0.6800428681796886,0.7752486324883777,0.32011593156479984,0.252252925757302,-0.07725864029946385,1.077264728432626,-1.3245213842527648,-0.05753406255250462,-1.3644299031638987,-0.49094468997385615,-0.48390368847190746,0.3366238930742277,1.5419598692175251,0.09539675491837937,-0.22655949833431643,-0.0003061823662032788,-1.004017487597294,-0.4162321173419646,0.8206291200999518,0.3815375971031183,-0.1998025510460678,-1.1717947133033249,-0.09338669105983641,-0.009962512784062858,0.8502796781643347,-1.3045887410912516,-0.9618227382904505,-1.2728817383006152,-2.3314131064944754,0.1422137527718713,-0.10309334434869057,-1.1023948352341226,-0.1435523903809284,1.1037131467918762
0.42834961540790734,1.9663954740595544,1.2923423531460632,-0.932947391737514,-0.37016775920279305,-0.16018256923479549,0.5052393067940185,1.3214272845968456,-1.5806448248562706,-0.8719180969328488,-0.8212374275190979,-0.2993589787056851,0.31637782376201706,0.11889459154504316,-0.7187649813591825,0.2266274617542603,0.7018366291875215,-0.6885288687795996,-0.6450548223638604,-1.45855265001133,0.2869687267187474,-0.13246056028302655,-0.8073750273922875,1.1479796884766136,1.398920339181839,-1.6126935551188881,-0.4185145633595315,1.2092769955154181,-0.9023809079013362,1.100646697581502,-0.46187032062461963,0.7557133746287578,1.1987423526700773,-0.7686862204419451,-1.7664604611157775,0.3119747377573338,0.9560495952757292,1.9266350154452032,1.1020662702849695,0.771773089205247,-0.9917299432723915,0.6535194359233927,1.161821629869024,1.8328894916564549,0.06987430637688054,-0.40755599696434336,-2.343427691151243,0.8427567542798091,0.6688559997758138,0.06282562227794702
-1.0945377434546013,1.6415141412011904,0.25647662112974107,0.021294787553047978,-0.23123756970983636,0.3852176037212795,-0.36653367098168543,-0.09345145687353817,-0.9283811522369754,0.631708376070131,-1.5777004501261154,0.41066758666983577,-0.7333235829049137,-0.1367228359311623,0.30025186586157293,0.6773371744745132,-0.6153152892444974,0.8018041375363785,-1.2018583320083984,-0.2960656485741663,0.9766700905819533,-1.7155852870223391,-0.6104476506573431,0.49628266402940246,0.9380606226385584,-0.14565384767826559,-1.2436966798312905,-1.2951011633998186,1.311957296344674,0.42169616318966435,0.11729163798336743,1.2576933104266752,1.6845061582108094,0.6808803197216172,-0.09527183900283932,-0.5756759616404598,0.9209077942790703,-0.050399021500065574,-0.7718320477392723,-0.6510075587410565,0.11802584394283124,0.7848555228644917,0.7708078590160394,1.2450136274928998,-0.2469716881040982,0.44271319130451303,0.05911349616323659,0.47155381364980403,-0.5445411978964695,1.0825456007634717
0.9547430684739773,1.0021936780473977,0.7000798771175508,1.1188590078682248,0.6711065588759758,0.8339331152574633,-0.7012781509693775,1.442051147703518,-0.8266496504156428,-0.24658555151541867,-1.2779259035415962,0.15896868624468674,-1.635584542510376,-0.11194541040022309,-1.4833113162093199,1.521760591786571,-0.4489820676209557,-0.2272114631547793,-2.1779527208771126,-1.2428697579187717,-1.0466127593013743,-1.3539200148509303,-1.2055912390835335,2.2166920342956606,-1.1960479230759753,-0.40114137994774407,0.6094842283893335,1.2611156898135003,-1.119863713037436,-0.34589972463896074,1.119389578983647,-1.4367097480285347,0.7912531515102311,0.034616194482621494,0.27530463078656836,-0.4775639636373109,1.2791392568449558,0.5294955287881654,-0.754720123998483,0.19432422842368718,-0.2280101607630413,0.6099800799273698,1.207042992880306,1.18644630819467,2.0410080000929924,0.8532440789013642,-0.9682415105728638,2.0916447213295735,0.28135594409421105,0.1418878869766613
1.4795675530721033,-0.20599661525658136,-0.7367130702115158,-0.378900737641875,1.6794137611072697,0.6405573740451654,1.136324802340028,0.8259950531430101,-1.1244591165093303,-1.4066596549527963,0.29146423476399846,0.7472671167850025,-0.04088429439582223,0.2811808862498322,-0.16627966988225001,1.450869955394131,-0.8794443573345777,0.516978484586711,0.421197803824201,-0.07656644043845333,0.19254454945911278,-0.23769143755400704,-1.0574922906202289,1.705419595347373,0.030396487389856758,-2.05038123414453,-0.4584517172851856,-0.37216196341492863,0.9375033668210294,0.7169525558845418,-0.8395383579196103,0.15585559558486803,0.500482973568414,0.008585421026768729,-0.4629192651203461,-1.1737821356500828,-0.2524472954713472,0.8094528432902356,-0.10949920021274491,-0.7011792690109219,-0.3655026544724956,1.510739284770516,1.775006267708777,1.6685444702454404,-1.4082799508694732,-0.3061243093805807,-0.1842744813868695,0.7187193177539744,-0.8667293838096748,0.2583885622121094
0.04527007113010939,-0.5517156725370236,-1.5237008947196147,1.9868409766218431,-0.04695889161769746,1.1945186366485265,-0.34818109354472354,-0.3334075634471052,0.5604845477047422,-0.1598882984327668,0.531723418755105,0.24145151560523534,-0.14867884399952389,1.5249285480267503,-1.3540451458905896,0.6872746690030291,-0.7763238979082111,1.358920903841135,0.4455912570945946,-0.7036306317907552,-0.4842536323540519,-1.669399362631554,-0.005986505576933581,-0.6772391370263038,0.4237467369173467,0.7938998168276212,-0.845054891433348,0.936994588635925,0.7057270251671032,0.7897875728536231,-0.3870142289951706,-0.7862108802769916,-0.2863507636243475,-0.9005536397122529,0.06497671863900571,-0.05599660097587423,0.0941383679762439,-0.24885136687577847,-0.5699645857503471,-1.274916765487082,1.1212908711386576,-0.19411705425599385,-0.6649610889779307,0.24541868085847632,-0.761138695884566,-0.5558621127629894,1.291275868746097,0.5349403383303503,-0.5382949443640915,0.049271191370846686
0.42348215599827044,-1.5131423161650392,-0.6565343218068858,0.004895264215544595,-0.12952262424283387,0.19705935374206884,-1.7403725217590258,-1.3351505973060935,0.3099971033758434,0.5626990738602553,1.9617742967957814,0.5681117126819845,0.5799909984031189,-0.1996371040930842,1.1391673389320767,-0.9734263438277015,-0.5974161458106358,0.8796883374573926,0.8414967037394259,-0.8449169858654254,1.8921553443999188,0.445733035934119,0.07074922512431552,-1.5472124861868017,-0.16396371066885898,0.9167222917916589,-0.4204890369372937,0.3442399179742474,-0.5749298642564815,-0.12153607474225296,0.1474839236673261,-0.3870435131327209,-2.093518028912021,0.3641461693860041,-0.4930969444898314,-0.4711970405611596,-2.3117495138595068,0.4685273222792507,0.010950288498956767,-1.9065146623501676,0.05133074058622514,-0.4771553405491336,-1.2076771616074091,-0.9134790500814521,-0.16845873870131559,-0.5845180237630697,1.3346720662009512,-0.948800792624541,-1.3038065508056311,0.4152962282676172
-0.5921030467749608,-0.7459352732706571,-0.8246285369823093,0.032874423487175855,-1.2384231036014963,1.2459507820186617,-1.662630490837681,-0.4016568541872614,1.0153327309107476,0.1917451977066055,1.1085232682555672,-0.7908071349944096,-0.2758098531507195,0.8457892883016626,0.88047519230108,-0.4703874241946434,0.6532520641857692,-1.3046756009027838,0.033816173897398466,-0.910360802058279,-1.0370405238467826,-1.6561459754646615,1.3579196634793789,-1.795723233196801,1.2731649948293424,1.7154068005069232,0.5536421903521002,-1.1583563135048625,-0.3082118210450047,-0.3889648425512237,-2.420787634472955,0.60485417202425,1.0551768390791738,-1.1728984015985449,-1.0319538091155125,1.116282624767796,0.5062798651947115,-0.6899131046813268,0.44487920427299893,-0.4665884174175291,0.4114897220881965,-2.7112896766689163,-2.357455274113122,-0.693996137351442,0.24601247192170972,0.033836670663737786,1.959031572574806,-1.0481023296667191,-1.145731414601066,-1.0242305885471845
0.8961305794006713,0.13750053050072925,1.6787979910133575,-0.10006954819923977,0.7494574523579951,-0.16191776324707186,-0.1457073158784976,-1.4919578659812014,0.8862827241045337,-0.35473844516924874,1.0530986540817393,-1.1128409134505093,-0.07292716151149495,-0.34960242664368163,1.2123284404590564,-0.5567582373015636,0.9605049104490929,-0.7335656725876368,-1.2638097434115199,0.47875602900502173,0.791598608033816,0.5392247955066369,0.5196649953713439,-0.15733611815379903,1.5795603916580228,0.5711947171216327,-1.1087416738073745,0.3421902752283165,2.0184171648915203,-0.4749139426686659,0.9959289269165272,0.4609176816360413,-0.3981307737561118,0.016137569351434483,1.2642588232934833,0.13613467132439735,-0.6841933634548002,-1.1372569982557632,-0.5435114011155578,1.04820707774526,0.2688675355299484,3.058227672004892,0.84858005647984,-0.7552561766391339,-0.8768445034724404,1.3998143369408018,-0.6241594475768276,-0.9360395960614182,1.927839069334667,-1.1076294567814908
-0.5643847553827949,-0.43465924247929505,0.6588846283896624,0.6541962407531602,1.837994071521625,1.3304030253308756,-1.9471306978363783,0.31420267365246474,1.0888216284428285,-1.5817425970950225,1.1772393325219794,0.19409902620152214,0.2522226535966538,-0.8295785051200009,0.2803924715440547,-0.6729451839730196,0.2618351591571626,-1.4757656339202352,-1.9784598940284817,-1.3409506188010993,-0.20447866597309752,0.017033824850891582,1.173150867524534,0.9003487337006055,0.15365253454811212,0.3116693438664525,-0.011294380782675105,1.3791155946955787,-0.38507594224688235,-0.4597291379570089,-0.4780347796647369,-1.3105084108948892,0.6461876094035633,-2.2367141537426893,-0.44769555723231835,-0.1962054266114631,1.0037883271238561,-0.22925025811210267,0.14272949403383142,1.362984251824468,-1.027508125416314,1.2717639120729813,0.9156234016696084,-1.0278659036956417,-0.2944916007350043,1.7711813665059346,-0.2855292745719721,-0.07010075714343254,0.3853846152265085,-1.1292130184472704
-0.43378743831441197,-0.4755649291691279,-0.5076306468488461,-0.6916084457257183,1.5531046802452213,0.19532608119209127,-0.3940665136387413,-1.2250502947149828,1.420105958232733,-0.4867163758227939,1.3778475953980012,0.025936279736125743,0.3747898455282059,-1.1988553137800602,0.3286859453286644,-0.8753023124768369,-0.626979725085922,0.010264144439574937,-0.16749857810927554,-0.10893558125610711,0.24823228539938857,-0.7585573874034296,0.12338609498298536,-0.5458502930151127,-1.6301486279739192,-0.8962874711985034,1.0632172209766777,-1.2622592792522012,-0.7796003964604284,0.22301438422326583,0.3024050016717657,-0.5893191543674131,0.5030381313824807,-0.29006171645927,-0.22648790220052306,0.09432525521539795,-0.7056455993883157,-1.0806191984013174,-0.9947802305395598,-0.050168980069267025,-0.5230102869739295,1.278480089274988,0.3641476774058982,-0.7739427300551186,1.5556689502655494,0.3518804785059715,0.3213035627058281,-0.7107631077869795,0.9352813011975548,0.21960084158522092
1.5882116299395703,-1.0374456289774057,-0.899710359281502,0.7829317707882073,-0.3084713325627386,0.09335544161582239,-0.7399541365163519,0.9217032971537954,-0.2625059159784919,-0.40027828486700445,-0.17129359433223287,-0.28388772616225083,-1.1900506606907104,0.3176432092190945,0.1171286998206808,-0.5072354418664241,0.3192151687018966,-0.6120931690035687,0.7208814610473407,-0.36978348277305206,-1.5143318182730505,0.01744397608203824,0.3814737411724832,-0.03519610387628609,0.7629469037062059,0.5375049631283656,0.5649900160475284,-1.8348687239987986,-0.7781430134166906,0.4567561546462163,-1.5858152066439026,-1.2643872314414477,1.3176431090071343,0.1592797657524422,1.6569891128240788,0.5478033051293525,0.06134546682811905,-0.6034463594170086,-1.6279796808568212,0.38353552965864707,-0.3692917492442303,0.5655465380373592,-0.09062660373988035,0.0024797889823531933,0.3998156082466427,-0.10504724097768153,0.022625776756769606,-0.22115903237544093,-0.07876486132424775,0.08364021109751327
-1.4555545304190862,-1.115899652038066,-0.12205740930371954,-0.6988008925290364,2.192749450237159,1.9815743464673234,-0.8964860007415589,0.37283229671631724,-0.6772033988845503,2.057879723138337,-0.008925624713517603,0.5384974410206347,0.9349720102242588,-1.1545511652589564,-2.208897209448385,0.5680326939185123,-1.0448900335736182,-1.5127266960530075,-0.3474304659872068,-0.23812682357329856,0.7111841047700892,-0.3164543515584022,-0.7413121558397028,1.7380996276693643,-1.456284568728397,-1.2231992323181196,-0.29365435073078267,0.9935982636683955,0.1507718836833743,-2.3423443952507905,1.514557354893914,1.1982622943363077,-0.6333608822015343,0.6358897671317346,0.13388859542794737,-2.137354850479859,0.6182800119061103,-0.8585990265819091,0.31190411066524754,-0.188472968652991,0.4233803088407569,1.8047911520935245,1.2537440259789443,0.22931328020760516,0.9134330518332263,1.377092007176795,-0.6287464490549094,1.9144933146305725,0.23396634467763228,-0.7843513399880455
0.6818835703642562,-0.34040573511665423,-0.43441496770981536,-0.5649627403584987,1.788057795057071,-0.5401714052785608,0.1779683880006526,-0.08021663710932808,-0.10796458311955741,-0.8369085848900596,0.4697412632015659,0.5683034213860719,-1.7637268121860576,-1.6108034834869316,-0.04089238029103642,0.15939141223214984,-0.34269100476577763,0.12280406166413393,0.010492418197051772,-0.26230196682229234,0.2899972538060207,0.542807046348258,0.06339097294611963,-0.05582716610104266,0.5768704577850656,-0.9555829775391119,-0.9336686834360897,0.3915264705568571,-0.33884686257112157,1.6802136097673863,0.8526217943792823,-0.8229213953907979,-0.9392778597374635,-1.4151533208908011,-0.9451188390144901,0.07354787069971061,-1.1484008537413495,-0.2226784577007769,-0.40047798711897453,-0.16297892563160063,-0.6915969147482298,1.7641402180387074,0.6372475993488932,-0.3706664172421355,0.6822533673687153,-0.9945320546496531,0.6941667723967954,-0.1730421338074407,0.18199699765605826,-1.6137850211040081
-0.6649210234788807,0.5130851808620708,0.6849771282338871,-0.6835461246008864,-0.2953134180695732,-1.2222414763347456,0.05498735456764726,-1.1120158807335863,-1.568613793671495,-1.5341921247259833,0.26813383211324815,0.10872297439515252,-1.6028343887179173,-0.5953786227557405,1.9222466466339903,-0.5819150872030707,-0.16000585640383844,1.3125609507183018,-0.5396151254425742,0.743024701652554,-0.8862969644385537,-0.03004739789128697,0.19354744063474907,-1.282097477717538,-0.5160855690051807,-0.49453791014452925,-1.7249061089578563,0.688591666627967,1.5917691059922723,1.7105337266016474,-0.05441845454549021,0.13931770446878522,0.09153857643035954,1.3780380843178701,-0.7635503259827783,1.152638955295523,-0.4484603914401814,-0.5337874985526797,-0.6193196346030344,-0.025299363521077287,-0.6295856697050659,-0.14810851287201246,-1.3692320759924528,-0.0991851253704401,-1.8492344051403915,-0.31874530803941165,0.4679525878693848,-1.4862483329783034,-0.04062611359547264,0.745147239259889
-0.7543563750844349,0.5295572436647134,0.8736299077428644,-1.7552095678676218,0.9508344055068768,-1.945517868439143,0.267668577651464,-0.12849221216920348,0.6862737619068515,0.22517341455071446,0.5790862177841687,-1.378154774167846,-0.12705269231928562,-0.277349305976007,0.5537263773277239,-1.4702519751804537,1.1375164630462482,-0.9133254596660461,-0.0664996981817516,0.7728897642999367,-0.7982944204261258,0.7964709272608552,2.692586136694286,0.24561207325807138,1.794076504409068,-0.8815768454571544,0.5684528010258487,0.5851412142938193,-0.013715143695817835,-0.11895195170828475,1.0748763936992898,0.3584369512927256,-0.10052591741945943,-1.0365188429158276,-2.3098457848050127,0.5127966071631518,-1.0439113341267634,-1.3105241310001057,1.707920278627805,0.9109499023164556,-0.46910216043767766,0.6499828960212631,-1.0959173810117193,-1.0730407578392036,-0.8602811156906995,-0.2938720109260971,-1.3885682202489462,-0.9673845342644263,1.1020920458758878,-2.158279974243941
0.06623861828881764,0.7751330991222304,0.0326863103051536,-0.3370498684493152,0.6967165891234668,-0.21720753007527402,-0.06030165468919856,-0.9892169430010748,0.7924461223215442,-0.9345804803791903,0.31909289653153244,0.016399414796854205,-0.556499285013327,0.1821397376991091,0.10436249020155028,-1.8060475044191715,-0.5558505983989904,-1.7501547206074597,-0.15677572506390133,0.8486754131075074,1.5571281771178205,1.3241569419477541,0.9045889508652911,-0.4758581865472175,-0.7513456876775398,-0.3281607716615949,-1.1615787937234825,-0.28390761072515724,1.7892397821983563,-1.6761821118212914,-0.04974937155993398,0.313570211202524,-1.4736405448195422,1.3163769124298401,0.6071465002293709,-0.9005076734261857,-0.43707083445759654,0.5141097717563088,0.26417450401412507,-0.6173129262786432,-0.4633091832985147,0.5929989030697286,-0.01677022945170874,0.16276579769060934,-1.1902196022881577,0.9858180981692917,0.5998386907501014,-0.2566263166461561,0.2575191634260012,-1.069746059346771
0.7152635500833406,-1.1623627917284374,-0.6569219090578842,-0.3617697659941724,0.2731264475800271,1.4356286570085028,0.5218514729985807,0.618810084808076,-0.7127358954811753,-0.19429662865982772,0.4852931798268253,-1.5256756458143812,-0.32527521849824775,0.16358637398484963,0.9186448734156057,-0.034662114322694365,1.4753476700558208,-0.7955101284565809,1.6872048837207552,-0.906752154269306,0.9739857240567079,0.6853062944133314,0.7061677220030167,-0.0161786586440841,1.4199864340240527,-0.1330334418330755,0.28916498628700127,1.286479190856292,-1.8378671794238666,0.4761083721021484,-1.1464306713825738,-0.5810634717898271,-0.4569387624778237,-1.3136636695135009,0.8461484904110185,1.1134235777165775,0.0963402470206815,0.012845289024101519,1.4156056916131465,0.8230430067315107,0.3840415077751995,0.6431826853837066,-0.14786003977830364,-0.12858079505621242,-0.1746715660984943,-2.051577142362296,0.42165022709154737,-0.5115765187170147,-1.6730375125341002,0.0955243916934769
-0.7681971140456026,0.4831019679898661,1.2258280865670252,0.8319754574422582,0.5737666367320267,-0.7017293941313506,-0.751603251506344,-0.19057342462075477,0.4333283666149475,-0.4110627737334186,-0.6784896663014037,0.33787015517568925,0.1629123948029531,1.3335663881502853,-0.2960019125230158,0.4984708228533024,-0.11036940389773577,0.7439930664614071,-0.9572317215368763,0.9872362142107222,-0.5706623928036111,0.7504742878123156,0.5100485161566782,1.1030960829090808,0.3389196589482307,0.9171516108306271,0.6930557258614388,0.27368871412523854,-0.1072090565087585,0.6242543794947055,1.0377803803513037,0.2782034433530718,-0.23746170446808645,-0.3397412664960384,0.014667258057595146,-0.4742058471313605,-0.6229034199381056,-0.49588414174999773,0.1486887856391063,0.7296682774366808,-0.030286760413704244,1.686349331286294,0.3184734147816729,0.3068382567603647,0.1923155442330203,-0.43654765544772306,-1.308632188233301,-0.08012618933616382,1.3510519708834805,1.120689517362429
0.21468455838148548,0.02889332042536113,-0.3898201709285521,0.638907453668313,-0.9588892536988778,0.4806444557796391,0.744423336489684,0.09229995802979447,-0.1991330866323934,-1.3793395149660503,-0.06371652047516445,-0.3243171486335933,-0.634546192435706,1.6102840891825083,0.4039731053738242,-0.007638366592717687,-0.2091504283524499,0.5459316284043518,0.878966628115435,1.7375394400590947,-0.729380084913863,-0.054415752970182335,0.3889120477376039,-0.3421581640094492,-1.2167159847881688,0.5446638660344326,0.40417387306344643,-0.2914559254378028,-0.033576808770354204,0.6145081967400083,-0.4468569164834556,-1.5001499270482856,1.0943388444263364,2.481970644945739,-1.7870029812905497,0.04864526898789727,-0.5839033294924676,0.2395420058588651,0.7664708209802512,0.2809718459549385,-0.5020767993990323,-0.9865658745950381,-1.112142261431317,-0.08389859639792291,1.4771187494721727,-1.1805646562328649,-0.08009728429986225,-0.1150921116159731,-0.6138203959833066,-0.1542385187728456
-2.338629855989763,0.6783776175457779,0.7432868208234031,-1.0416851014145776,1.3977436897652087,1.6904914947677878,-1.3475514535783264,1.118367335553512,-0.8913321941347027,0.1701718697145836,-1.4416866522147993,0.39366431007952685,0.6218105162698684,-1.2484450736446242,-2.314560679920852,1.1458548369602537,-0.2846723636755092,-0.13591004673752852,-1.715969268128515,-2.140243520002636,-0.08997044740700515,-1.5108485932724853,-0.5740744095213802,1.3633232167154796,-0.4062475106627688,-1.6304154465766132,-1.1977763016746947,-1.0454717208448365,0.7829653873214354,0.8248905123053341,-0.20814031927625312,0.3086600986738833,1.5134496245863032,0.8924986362425436,0.10563052492179711,-0.08781999383673088,1.7589301747099664,0.37463100312620273,-1.6458680086741706,0.4943723024934388,-0.11986880601417105,0.4166303817406953,1.7131775614356324,1.2933048508981955,-0.5184913357520791,1.4976215188829776,-0.48186560054529537,1.05879451288894,0.5486574455447781,-0.29450010171406676
-0.042618636672933585,-0.07364462037699626,-0.06333918927480992,-0.14771067193259002,1.0523745971960823,-0.9794320448666878,0.08921200783340894,0.21715246499803134,-0.5716360928667827,1.3317282405563897,-0.6185669370429026,0.20119531117221057,0.014235606250383712,1.0333746728137443,0.3217711966074169,0.06601709951258718,-0.5349359781601142,0.3292248967367747,0.0628984901979194,0.3335035169630175,-2.00758843522853,-0.00010515324297798371,0.47706653566988305,0.6126532726266959,-1.201227674443812,-1.1432991412350206,0.8965381560187887,0.4228644781639167,0.5021171306483226,-0.7561595697357725,0.8941096276795999,0.6544080069102943,0.1298750749727994,0.639978090846902,-0.38612975647479736,-0.27756383758658165,-0.24872034929660541,-0.5500986494919938,-0.19114401791831065,-0.269443857737688,1.6160576323251914,0.7546581734480038,0.1736852181803348,1.1828085442823193,0.3086388447488158,1.1222310063091299,-0.9228960830447258,0.309631537314352,-0.7392769447669884,1.734508462715996
-1.2170513970976449,0.22642504757232515,-0.09718388009578066,0.3889384933050866,-0.8313191963531841,-1.0406025563494323,0.9401510295903446,-0.9725945105439575,1.01445214628741,-0.04878324089608863,0.2733828822191506,-1.2537489810864824,-1.428406481458414,1.7718868493173876,-0.26868587740610006,0.412281394353478,-0.8058369478338702,-0.32288977320085593,0.1601505477665109,0.11367782014080166,0.4029930901125778,-0.8753490958554452,0.5846662008351174,-0.44232628441211785,0.6442853426910937,1.0876720053160822,-0.5125107433294777,-1.1085377994412875,-0.0776954811265865,-1.9858191999615122,0.08077781449579596,0.6510884858509888,0.255437016644689,1.3511451802530892,-0.013160860723927472,-0.22890615550051333,0.02151325743239673,-0.3341766349090814,-0.05046779122071205,0.4809641006338727,-0.07832975901894591,-0.01131254193571426,-0.8373383269212366,-0.1803527334429368,-0.18964341907313376,1.028466088745255,-0.026178973451972773,0.3586570472372555,1.526158605212662,-2.2119339496520247
-1.220582142336872,0.35091635063675036,-0.3884002744319487,0.4188532119766395,-1.4203204406879686,0.3223664550189953,-0.24783584186540888,-0.36313392532163724,-0.45746927772948515,-0.18614535433632,-0.8196211083464489,1.0980398496236585,-1.509103560082674,-0.7940570091946315,-0.2174757357258999,0.45053309942095426,-0.6207595455977977,0.8886205540583292,-0.04455508228904514,0.3914965642576761,-0.5489336658814653,-1.6388125089332441,0.4407566045058399,-0.5188865272079849,-0.0961069813114643,0.6151759989511033,-1.0047613122898105,0.6667852138803775,0.6292662951877099,-0.024584006172544685,0.09604187407937977,-0.02688819467127887,0.23935501767276451,1.001829930434335,0.17414370841537127,-0.02871676280789286,0.13955938292521652,-0.5825118921813317,1.6061168340486225,-0.05305793133412065,0.03488165739766777,-0.6816774860385784,-1.5809305321825937,0.18104359549889062,1.0001946818641914,-0.7492632418430376,0.4279460783072581,-0.05035540068480196,-2.037004467553963,0.2753671114305757
-1.0224099902138868,1.182719511226501,0.6368296303829488,-0.3108366851499278,-0.10340354042763038,-1.0535736810433438,0.8654558686785785,0.8940557520288139,-1.1107327131151763,0.2942074723540395,-1.5543259393121818,1.4892172519894793,0.17306974022341845,0.5457237437071772,-1.560551094924779,0.386591743275906,-0.8112130239127524,3.2959506355801733,-0.3237200869279577,-0.5917917120461464,0.5300089487275593,-0.43142769050185703,-1.2428856204685903,0.22112730471452363,-0.33421391936069794,-0.645093530465245,0.29080952217098927,1.7595753538416317,-1.0986185251293703,1.3007457923830443,0.5525877830434706,0.9444226375097281,-0.5548443692582249,0.2353423117724405,-0.05360464429629667,-1.1463231499676225,1.758226942722421,1.535820496020264,1.004637387563784,-1.5542467082427098,-0.060603831970683066,-0.10617080517980279,0.20891174399013415,1.2960378042844451,0.5011212588050632,-0.06960429642898976,-0.9627070532577804,1.177395348023135,-0.2208592196107049,0.9981052102263127
0.9806457167980823,1.3614747166730117,1.147090674575196,-0.17038692036360265,1.3796730183901609,-0.6416328223910279,0.29141318442514963,0.03354116727812125,0.5560094713283122,0.48183894715781245,0.5550429612829294,1.2048228686610538,-0.2667726647465745,1.9527694538723361,-2.0517615778643226,1.2160645868316131,-1.8198457682747609,-0.6614015471478658,-0.3224319019696205,-1.0589226095566002,0.05451810545932585,0.006222805105898493,-1.1934407375547724,1.7907877995931862,1.6800981239232093,-0.15299393744790352,-1.4699039805546301,2.164261023325832,-0.17861104477822307,-1.09270471549644,2.6509308415193726,1.5855088676127698,0.5222869176499713,-0.7767392639229135,-0.9200171633333925,-2.612397291518493,-0.09123614021518685,0.01137074590437487,1.3081578867070274,0.16229441182583965,-0.8497203199171925,2.7304574823903507,1.757574991230206,1.3066362393544508,0.0713719860477215,0.35140459545486796,-1.4419483710685808,1.7765730309233643,0.5344651163691274,0.8453237477402693
-1.606022469928369,1.333039598731921,1.986445003509386,-0.47878907995725,1.6573834393601135,0.5614413883427067,0.27528275993833123,-0.6481003967868574,1.9062232780530457,-0.7837484835633257,0.26067129384563453,2.6471655778887415,0.8473115181645863,-0.5729877439604006,-0.8344434052158203,0.9775215147405236,-0.9590616607837096,2.2727004708344634,-0.9508770869756397,-0.84865875013416,0.8228858807379982,-1.4735747517964395,-1.374156981734287,0.14861775402968458,-0.3641020797313483,0.17745117964377585,-1.3278706094399289,-1.2963227677939075,0.08110988008488434,0.700203052164281,-0.32886812214599126,0.3183354792459074,1.2765384288332757,-0.10356804527327367,-0.6581431245772296,-1.5272622319590947,1.135833671859827,-1.4466676189548708,-1.2281919749066832,-1.4356653550492988,-1.6401993957548269,0.9506535372306866,-0.12445697058784254,-0.1465707011564351,0.11384161440587884,0.6347195055763457,-0.7646247163033196,0.3951253834994153,1.3881179034447437,2.5354474899013275
0.04809479740985052,1.0339306108193356,0.8372983953386844,-0.34919854185897403,-1.153679484173487,0.7458073915429766,0.006906659584860074,0.1581468649101107,-1.1859690861799561,0.6164012042280768,0.05879082148095174,0.39527898079743595,-0.44213521079587503,0.05792311490745776,-0.14950744067131133,-0.9186458162191146,0.7173789048350673,1.1525842407553113,-0.30791393819221174,-0.09897150944000437,-0.983091357029672,-0.4721203210561176,-0.25599247583139306,-0.9932815701234101,1.9252471749560973,0.8394928016344736,-0.7554877040578692,-0.5127105583889374,0.49004125036180723,0.6396048800285865,-0.1400702712285585,0.7226025696372387,0.24905913785687908,1.366690686822117,0.6315035186465414,-0.1825748078301048,0.06902419443154251,-0.7408883541343633,-0.663893705607867,-0.35579573380700813,-0.004080990171155054,0.22244161662595854,-0.06636443265721673,-0.06959246892650146,0.556827185281139,0.3403546874930986,0.3108665760661398,-0.26730711596602896,-0.389205128091148,0.6520774892877154
-0.6559920261003731,0.6459146942436115,0.20991352984800996,-1.9229707010828279,-0.5953249782366119,0.6969866400145054,-0.7428427321125661,-0.30727667376728696,-1.0882928496106254,0.05116187514356299,0.17356450662549366,0.12032462116195461,0.1892170805446098,0.26838790613513996,-0.27097913524262585,0.3520438595899657,-0.31783248404187614,-0.1238402565331325,-0.22544205298433034,1.0055107246393422,-0.4545074725942293,-0.977520612609443,-0.06965911864063556,-0.8244774295832951,1.2571408242080935,-0.6954297835482922,-1.0518964351422386,-1.478735212393386,0.3404938848035327,-0.19746435706279486,-1.0098285008070518,0.5157976710406339,-0.25538430826898334,-0.6229839094854879,-0.4322632097338839,-0.9110415246440625,-0.46306652987572733,-0.8976647461769778,-1.1897622524599398,-2.0747643976395516,-0.9714545826100629,-0.720825380842305,-0.47929878385852753,0.011448263441814727,-0.42109087609183976,1.106063388564904,0.5807474455132098,-0.05217870508204179,-0.16209549558441716,-0.6406486890555017
1.0000204803074972,-1.2048161481015354,-0.6981621733173453,-1.2998723275253528,-0.23690638305829273,0.35421012243073496,-0.8733050658836681,0.07267880452754331,-0.9168912835867041,1.8641991010845742,0.2544439307981691,-0.5774540773917524,2.898983601324064,-0.6718660396649562,-0.23278959950457115,-0.4734282822901803,1.3497146397208242,-0.9451185758728843,1.6642898737229361,0.0472941031792815,-1.0486447129208265,1.066524905029547,2.1834574870319403,-0.005237830390817843,0.9067493762809312,-0.3662084692917963,1.5089856215313084,1.236854886701089,-1.0132889275288401,-0.10100300189446547,-1.2627793340340938,1.2111770397054225,0.5454695323876991,0.16556891349687383,0.9553022141133524,0.9893446120528283,-0.05715254771583777,-0.6165889737927642,1.4738879783154681,2.1114331015862957,1.1757547926810876,-1.308861806782505,-1.3412028442666817,0.14645790340402323,0.4901282276305007,-1.520265289878187,0.5140446822323907,-0.9485581759666423,-0.7279998244974439,-1.3363771778751965
0.5550941582991121,1.1077232701637016,-1.2071427959457355,-0.21112918037253772,-0.011104154751502095,0.2555063444810247,1.7566846375597276,0.8046308288058335,-1.7753370682191016,0.5387679413927132,-0.7092734290972572,-0.6110953451590928,-1.457989150457676,0.6716364860103105,-0.8176105236641319,-0.46840840996358685,0.11004621900823354,-0.7864144464853311,0.8379446443636569,-0.007880043538461258,-1.068819406653821,0.7159407275937162,2.0690416581434143,-0.1829105817554998,0.35296707431007646,-0.5197228391219068,1.1451342827299822,1.0179047201911118,-0.7880106759157595,0.3474757205283594,-0.17103677946241197,-0.3095796992205742,-0.6141831178920357,-0.30955466989965047,0.48575717730270496,0.8526765028656501,0.14735684455719225,0.38781035742407544,2.0360002906008554,-0.612673306095684,0.9911984578373253,-0.10925493265080335,-0.5226607367397056,0.4086402493750785,-0.3805617128372985,-0.8793048025899034,0.8188161659366852,0.13515969570952266,-1.8514372667901433,-1.006536248037135
-0.9270731121167614,1.0283115947279353,-0.15887782403651612,-0.2931722270001313,0.029780838861986573,-0.022395318983171326,1.099105685087291,1.8801542521948453,-0.4571205540474995,0.814036515938353,-1.0711507066421158,-1.270412768003269,1.759026603400744,2.277563101918147,-1.2736685156759961,0.1480121848786545,0.8930625452690072,-0.27351674597551534,-0.23299086159471658,-0.4924123919940042,1.2798517947758392,-0.27443443001046514,-1.1670791710665702,0.22909827708797134,-0.3357906807798913,-1.691452986561717,-1.2677362709190443,1.253518630567159,-0.42381408018460126,0.4559573958056704,-1.3858487980039538,-0.16367404131985883,0.4115629253764834,-0.4320020002872185,0.311638564699533,0.36260635280127557,1.9513816153616232,2.0368367906760794,1.259513509751546,0.18238162667618832,0.08578497585933983,0.2380807690144105,0.875356466951291,1.4088356039290042,0.47120402228000413,-0.5015176355418768,-0.24749996195736768,1.0081882833272062,-0.9983347339002003,0.8463715352195479
1.3717616975516131,-0.23596309383743108,0.42354617125082755,-0.3013141969099791,2.026109560644004,0.031064824437376445,-0.39180843408305677,0.2698096654384316,-0.24871738152931605,-0.14459775891483287,-0.3054643321029418,-0.6821822793260202,-1.2790711468605687,0.5364073695201629,-0.22060770531260418,0.568245719889793,-0.14945557086624647,-0.6602944471884389,-0.24561167296131184,0.47354681679758154,0.9718131586359933,1.457099129328797,-1.7437556335379198,0.9744574096226193,-1.3331347475789859,-0.8504571529481555,-0.5113695217977234,0.9575966367427422,-0.8733304143342949,-0.33701538759392696,1.3567583955056137,-0.7426004344281001,-0.6946823499003454,1.1040229925187504,-0.8991860966786426,-0.8736701282356347,-0.6121640556064863,0.28483562016715397,0.9265786605945291,1.5783311971181693,-0.6514463243640829,1.043922060111793,0.6069691514935337,0.8257022357205008,-0.44086454063767616,-0.056992170099813486,-0.8515486049170968,0.7769684076118374,0.30438781652868985,0.6115910733154398
1.0833215632556719,0.8676328900669242,0.541573326366542,1.5285935461026368,-0.9697318998698581,-0.7476433533949336,0.936272202351233,0.30567577199252627,1.2983539143954477,-2.0821171236502143,0.884692029755853,-0.270375546920651,1.0514397906910828,-0.02414821997229173,-0.8040397242487519,-0.019287447496512178,-0.07233246795432176,1.4183193807081194,-0.8735139720925266,-0.35561759642124907,0.586428745152431,0.1363859056998393,-1.1794968089527582,-0.7592394183698864,0.7199580801168298,1.0366709595267036,-1.2205453443235206,0.7381286516699787,-0.20335219577771876,2.2774501578412636,0.3692334008824324,-2.344295727041034,-1.1853767841887506,-1.605114254812097,-1.0192998604274257,0.43312277495434576,-0.26615238249787276,0.8439084556600276,0.21877527548881362,-1.0103423193018528,-1.455830712777415,-0.42341792140059575,-0.23503476226599396,-0.6478581016412983,-0.21328681814088365,-1.8232796541072678,-0.28678946746709305,0.029636027569461796,-0.270873285074062,2.0780096797197944
0.3161294189322617,0.2785750987808351,-1.334984965760846,1.2961935865941707,0.3087666124311921,0.9946434477540543,-0.3306798004794885,0.36253627692256224,0.7639780825732273,0.5633339103520494,0.04789077039459858,0.3555484934691695,-1.3315436601393533,-0.49326094811802185,-0.6353911757055015,0.04176035001165495,-0.5208535130010855,-0.4567023994810379,-0.11298519204101085,0.47643459039895536,-0.16185091914043548,-0.5458181831780038,-0.7281259052624313,1.133625507744273,0.17840875484223276,1.3784885588206124,0.7358736750241177,-0.44966865047175175,1.6733899625253463,-0.7454207318668882,-0.9771764361073044,0.8545476160625848,0.7181784623081108,-0.5861543741036138,2.2795100670530606,-0.3040280772083024,-0.10511807722772847,-0.0018519513141643025,0.06839125695619223,-0.13453464017359654,1.8632564548890502,-1.287832687411286,-0.12569826301195053,0.14651111254775898,-0.179858319458295,0.08945606010977658,0.6042107604783074,0.6592558247599258,-0.8372507158904535,-1.0435854808570413
1.0352641692649378,-0.9262199010946468,-0.18600973223296127,0.4625497304139875,-1.4481536618051267,1.2542796457473497,-1.7214649018222106,-0.7554946007467177,1.4490154451645152,1.0797780279813665,2.185379663663036,-1.3940759099741462,1.4116896530569423,1.4429041665924607,0.5296122144715171,0.01939412098923521,1.974148715650751,-0.7112384537645855,-0.06719471749183932,-0.14481444937399263,-1.4979005915291217,0.5009780400606175,1.749867690416193,-0.9081681265449107,0.5630157862636785,1.2118663708492765,0.20318714965682547,2.537349151444501,0.9818961013396291,0.29042675644601634,-2.4340787754296604,-0.13957080718219259,-0.5687604914498366,-0.30987962908931216,1.2417709652377833,1.153123944939955,-0.3684027531660448,-1.29176738875301,1.5954074437778127,0.01655275544243915,1.2050090173051777,-2.1460500360144197,-2.5376601130187746,-1.9978481946974838,1.1075274716505192,-1.1164617870358273,0.5952475163809466,-1.0596497820529214,-0.5948940884178063,-1.659942922749437
-0.8107491960643182,0.9009361569405802,0.452677860147003,-0.3927834173752198,1.771923613053658,-1.064756377546177,-0.04011154687845464,1.6663259682309923,-0.9772416699697061,-0.20051083863266608,-1.0706446117798676,0.9346096751330266,0.7028133532056957,-0.23521473876431584,-2.136956557058751,1.3755179354490679,-0.19683279998035816,-0.2867321202534499,-1.1336160052821966,-0.3453684849934248,-0.6274292092483563,0.2086691375740389,-1.1001915296743465,2.4953892244399807,0.682413436911731,-1.6973631371578974,0.8528964113738403,-0.2950113974412107,-0.7906819462755283,-0.6351312744977228,0.6749785581168765,-0.5890399047653467,0.6219791570366403,-0.12228678193361513,-0.41557463081849566,-0.36779856522082943,1.4014643546112289,1.396475832325274,-1.1887392684653522,1.3896217864289542,0.5058190245419749,0.5871791668554657,1.593772757617378,1.1772426747211724,0.2443694757649239,1.6106928178448692,-2.0603405474170247,1.8061562401618796,1.4624000458108353,0.39642632819670576
-1.1949543446664967,1.0939099107154568,0.4269747825027951,-1.3253853106818119,-1.5550597521199838,-1.0259184274808595,1.2174151153167374,-0.21591811591245777,-0.3396494577895187,-0.5054736063239249,0.10914383280210407,-1.440838668940959,0.9502085869297161,2.0148800447865747,1.0600109647716436,0.1954258729165045,0.9509786563548444,-1.1257073833184679,-0.0055481350414437105,0.5186476240571591,-0.9940508528434215,-1.507812828489713,1.1164002645023419,-0.4236606401661102,0.7359510897665668,1.0716527098438717,-1.3070101658041955,-1.1312619986832833,0.7020164649064585,-0.7965203326315942,0.4560590008474718,0.6315342444217495,1.3040454999869007,-1.5866513788601253,-0.9634863630972896,-0.6324217975736377,0.025150153453820615,-0.3293885907946985,-2.057669547846756,-0.7186028747365601,0.018227543790809243,-0.3728878740014723,-0.18593324473571768,-1.2317230030066357,-1.9430506648894088,1.5160993992726886,-0.1421598775725819,0.11396831004301201,1.225468499584761,-1.311608399736229
0.7035194596805256,-0.30630648345417916,0.7209703166151198,-0.715581106969153,-0.6016943552101256,-0.022895213326745056,0.17682868065780855,-0.066101599604987,0.5450225755682099,0.8904489838073791,1.3445849606801576,-0.3453424163736922,-1.5972893633681924,0.2167779002943003,0.6644738916287353,-0.3943752233795732,0.9346657527349573,1.1274519015755808,-0.152651056327131,-0.5547352462829185,1.525273423078205,1.0490577543191206,-0.46480857564978817,-0.3245016683264667,-1.253043049743561,0.9637190910641749,-1.4086179699001824,-0.6822441465531657,2.52575871463294,2.4404968290240134,-1.2733893482446577,0.6818139149547484,-1.6811291433963522,0.24934246931083406,1.7227765635799814,0.8203248804358881,-0.640893589390814,-0.4796281010923815,-0.10099860903734216,-0.070910195300869,-0.10894550694734151,-0.7986934736648003,-1.1899532586422752,-0.5261670083190798,-1.3546960668840353,-1.20562151357182,-0.4041453455779016,-0.09923954469867648,0.38375488636744093,0.5818326148763935
0.27396431541730637,-1.4251117027701254,-1.3883079644680543,-0.28028378521013464,0.41709494861820684,-0.49168718999099936,-0.5212063331434563,-1.7407604280391387,1.0981590321971983,-0.32430571363333544,1.4136169520026063,-0.8212354084283537,0.7603574670985518,-0.4274353169025579,1.042376031705912,-0.8470215324611813,-0.43340665369704745,-1.1499333637786766,0.6567761382497278,1.3952223948133604,0.9164546124408406,0.5074800420491352,0.21453997349466988,-0.6920666249496936,-1.8360124300425895,0.0607295575403509,0.30968167480834125,-0.5040776967472179,-0.4233092538772845,-0.5169881201759534,1.407884431422804,-0.34288323243672625,-0.624588545292581,-0.617088260553567,-1.1144008955249793,0.9415929133190278,-1.3271151011095677,-1.5284357773984711,-0.7238930136631985,0.9924338886112195,-0.34404056237849284,0.3596120422204393,-0.5247792121181213,-1.2479336515878803,-0.0002960229311072501,-1.1429466125364904,1.3262500298317066,-0.7780098012405595,0.6373953220375229,-0.23871320258984227
0.7850847356506089,0.6385522775882542,1.0658540508531071,-2.0159666594745596,-1.0255541874208232,0.08329148402697796,-1.1275745277234577,-0.21374452306168465,-0.8942799165950278,-0.3259112432944791,0.2851818613631466,-0.8089574968664085,1.0126211478575615,-0.45439765738924154,1.2431197499109732,-1.4265973826464717,1.5670464593166151,-0.13758765247449092,-1.1161299780877114,0.36856897359762836,1.556995001792931,0.5723179353060937,-0.5984134025140481,-1.1959281242759017,2.233459538516206,-0.671981283452194,-2.2197412575850057,-0.05822133422684789,1.6612844512813123,0.16643684852825325,1.7192420468182277,1.441725684117033,-0.4956729758621407,2.440797561887982,1.2185827137130143,0.9460642483992765,-0.39978919858760226,0.6438352478206101,-0.006374502926842161,0.8079957770074203,-0.6238532783963422,-0.513744842412273,-0.8498700851682514,-0.392575088862028,-2.076399556442748,0.5982875437062669,0.38296556864684006,-1.1161947473485168,-1.1104329934031778,1.2503272596901054
-2.6015085888861718,0.21491166624582408,0.6797943326437297,0.5081284983914615,-0.04747281564118854,-0.36074492599889,0.08376033222684146,-0.6873132419179017,1.9508991759678866,0.5044986883023795,-0.3857894133587698,0.18754336497002208,-0.09583447861288776,-0.1253121304391269,0.49449488553124726,-2.757103096436863,0.5025869433061226,-0.23704781529180152,-0.4858632678905838,0.3610178203443868,0.2659203308030592,0.7740675389282692,1.086845867728318,-0.484725549589467,-0.70045149023432,1.3479293008572468,-0.846227644252341,-0.4324239930604523,0.59956817456927,0.18756895910637614,0.1595307718952973,1.0226757224380685,-0.11258322783305479,-1.4400697430149503,-1.2187476218971272,0.9704870820522206,0.46572057705039266,-0.36055497923210267,0.3892852068322106,1.592017366684077,-0.3096149584114073,0.613851770554178,-0.302449929970214,-1.20343783587804,-0.246222956175109,-0.15807054802127352,0.06352620724985227,-1.4407751473909245,0.5012403878699654,-1.0799130719993058
-0.6294970532485085,-3.1814152681675867,-0.6867615176742494,-0.22189322830490155,0.9910040886866998,1.0490627872275153,-1.9435276253867262,0.1390621154080466,1.115955958040768,1.227776417785936,0.30925558505035206,0.7799658614054893,0.43331176930379456,-0.40786326897439457,0.344288664256978,0.8526118395450794,-0.2662660188980478,0.7974368422115222,1.3740911879735243,0.29887318231133436,0.4090801580562012,-0.05528354525806305,0.8011188578401987,-0.8314466530059905,1.2884347731563472,0.2684241442409458,0.8038887986255687,-0.4064365594964936,-0.46980778299005344,-0.8006160360898676,-2.0688738483341615,0.9135726000462399,-0.27128612430862087,-2.295077710428611,1.8934911384225726,-0.19774386294602508,-0.7565465906138832,0.20242269602694948,-0.25077933935002544,-1.2101429244519555,1.045483141844747,0.443700373425252,0.3357726461819876,-0.8372861610159116,0.32356150095261027,-1.1996704140043142,1.2135960120979268,-0.7311769424105996,-0.40611087279926145,-0.8355933214593905
1.4231005526755467,0.5276323726940636,1.1427697567923167,-0.15141633813050803,1.4993250841804033,0.6293829509707617,-1.2051954298125878,0.4346401318291122,0.015167849046209459,-1.2525673614638022,-0.22675749281452265,1.2207450728085527,-0.004022117987704819,-0.30567264783099646,-0.15877541287332247,0.5300942031903657,-0.5558519986041163,1.50840136147134,-1.5579231432139964,-1.438136433833515,0.834083970427778,-0.5692615571772424,-2.1593308671749556,1.0929988682312075,0.3820314336144148,-1.0971929816999693,-1.4503627010932405,-1.0514469857743687,0.23588028293496247,1.4668020729579838,-0.13432254411709083,-0.8821443347474378,0.28507707686564115,-0.8121093117277872,-0.1846299345909138,-1.0052924620857555,0.1297370534154218,0.8108302741234608,0.4560960183081519,-1.334991122908841,-1.2440715604715702,1.9079394426948983,2.0721939670848633,0.3765674817598136,-0.7456941937518801,-0.3571842799196232,-0.9379598996044036,0.595270823758524,0.9443452270331859,0.20874441387067982
1.5643928787499441,0.028374090292835913,-0.22572058319109486,1.1108335504359266,-0.2004741177486382,0.770947944107108,-0.5970733360810043,-0.4043941220790088,0.26683127500799714,-1.5950269509287434,0.6634416227958246,0.07154685039890624,1.148304415271424,-0.47067683526951665,1.3891077767323334,-1.0139402207380228,0.40108831349753193,-0.35789440027073427,-0.5561732225834571,0.026175342451061904,0.4916756907853914,0.8758739284775571,0.6501868724621059,-0.6393294745083206,-1.2128106647946897,1.7471104241304134,-2.2445715179514942,0.5086714808556249,0.4674656210539634,1.0747066609472624,-0.8797062458745196,-1.8458596243261773,-0.2951962116371672,-0.40793824094570497,-0.2572489353568367,0.9077019138165954,-0.48145902502775895,0.08474713532701353,1.2046695408552521,1.0332911503660942,-1.9310133185886873,-0.8099268044313275,-0.6482263566751767,-0.6763219994944236,0.9845157373175298,0.04361711503287797,0.6996734883389822,-1.017117070933633,-0.9603274713776734,0.09762670829139944
1.247282283315537,-0.10557725153303496,0.15960355807966647,-1.8952712693577582,0.15697846726000583,-0.6281842134094725,-0.4027822064384658,-0.7175295660834948,-0.18319751436758427,0.3278881009227569,1.7613639715711467,-0.5235226453498724,-1.4095296200539804,0.4424521955283206,0.49823401548762736,-1.2921088305080743,1.0281702665448267,-0.9672579748575219,0.46443840160844074,-0.20184894311321352,3.224680965566201,2.93055089689313,-0.11536086152283816,-0.1772922383474037,-1.6714662703908174,-0.5217630724734804,0.09134407180737739,0.7092124199665829,2.0191329708193986,0.36110106671605985,0.14430442131076096,0.5820283340935263,-3.562626973530732,-1.3452994994808611,-0.8481104312905451,1.4750496388185237,-1.6472023842429069,1.5767556422645606,0.9124518125272223,0.9744962496886431,-0.789707287654945,0.5114326183442548,0.4284260702591718,-1.4168370591570911,-1.807544419453224,-0.3371081219372404,-0.13916415111737293,-1.3988068048095978,-0.04372252547076617,-0.7696600609479726
0.04741456103649691,-2.2073076763737727,-1.0334085044207222,-0.8075848808363126,0.0016719402896870367,2.7481861935695004,-1.6954526173842073,-1.8933435995567365,1.3386391666676607,-0.7933421088529392,1.6941420747814646,-1.0641204705177796,0.4719894372133494,-0.7804682603524541,0.9748922700943274,-2.6401694250086254,-0.12954693964905847,-0.32748996404727865,0.05919122182101433,0.46493473433974214,-0.50800363571484,0.271814574852526,1.4783860704944651,-1.527448235743051,-0.40352196076824914,1.3954957576813236,-0.9608124995556109,0.2626070940076805,1.1575962864754246,-0.06079737385237736,-1.57664100304682,0.4084092105467486,-0.1140505044983831,-0.7138751975633268,-1.1215637425766618,0.44553020106563646,-0.8950102458135007,-1.4460942073955565,-0.9390533219661159,0.05434029713679287,-0.5030950144286795,-1.1983825859912978,-2.181393750139636,-2.476576243773126,-1.3473075587086973,0.22285342032692285,3.266270768862302,-1.7130129672748424,-1.4235230735989406,-1.324322709801823
3.056951891361837,-0.8962575792432232,-1.3542789074268204,-0.5917428019777597,0.25329197342341925,0.9403212316754884,-0.9536649638018907,-1.2339048401373127,1.2986501390534508,-0.7684218940570096,1.8358398968289609,0.5902262239823348,0.3297998596872687,0.16470150956634508,0.8506123210504654,-1.6159101773576698,-0.2869204605593949,-0.4818048387891095,1.5566549992502021,-0.24235607075029733,0.23687208030943793,1.569118167564234,0.7139325504197224,-1.2292565291133395,-1.4187174851203002,0.2194303081717417,-0.5493243226017276,0.013803760985064986,-0.12240288609043717,1.6559088768351304,-0.27387589335893686,0.4989387743055569,-1.0149536383856228,-0.8174770398904122,0.017410133949887868,1.3135208672726058,-1.7792352320840052,-0.9411333946102428,0.13617300286908376,1.202577805549148,-0.3178957061516117,0.5957714839550373,-0.6448428524684365,-1.3383164957392084,-0.17866738511759558,-1.7039036416459643,1.890019515470653,-1.6465494104297826,-0.39906428557444307,-1.2611324237523704
0.8933376659897979,-0.793584538597927,-0.05911134973347981,0.5391536630451689,-1.8913084424064595,2.307791900917487,-0.6433682376090052,-0.40807450432266307,0.752135192782338,0.7244102834628422,1.2169097402433455,-0.6353573550297801,0.12292635444999167,0.5474659309138068,-0.1364242616409882,-0.218100939764782,0.3933451764619875,1.245551922542731,0.8010591749404287,0.7627723138395703,0.03834760021945277,0.7753825466856623,-0.4210274254813579,-1.171651169413518,-0.06910211461470622,1.9183086234533302,-0.42804944998327776,-1.0332228914421988,0.28273976816264124,1.5374588136058254,-1.6687583383339213,0.22156066686398146,-0.9239039132477543,-0.37807459156140943,0.6105922098490054,1.1096138711111634,-1.7373000595217147,0.2315619112546846,-0.47745469523599243,-0.5915357648694375,-0.6649090423755991,-2.1459757238297343,-1.106764951892471,-0.8413149181583752,0.3950800923766986,-0.9913481477976437,1.491048369377807,-0.38083301460727037,-1.609989409771159,0.7592774008075651
1.0356246264609026,1.9453202051019873,1.23524956103186,0.36045501336864655,0.35555500758286046,-1.3018165045061247,0.20654784973155743,0.27873695163887596,0.1320239324494563,-1.1446481650146971,0.8530244448643012,0.5783160983070867,0.1598518663280694,-1.1356383078846835,-1.5716441744401324,0.42654082539241467,-0.16185304817251173,1.4446137204580043,-1.6414948590832366,-1.903683043118974,1.3709661042129329,1.226692960332834,-1.3088689190589458,0.06775880022707982,0.5505012345394966,0.32819355883485746,-0.6056523757050143,1.6644243796722282,-0.0713070560020041,2.508965058116895,0.9205925178074493,-0.00986140739806249,-1.834877086596771,-0.9292266468077736,0.8194825267758314,-0.6212863568484575,0.8484550941963477,1.0273054770052275,1.0715362963556052,-2.050918650854821,-0.4973577822930765,0.12951028441607843,0.29053362897910573,0.15733120440482504,0.5911478080111751,-0.9038404008459853,-1.0519911532643926,1.0843205929898012,0.023396806754926076,1.403569679757015
1.269765739774803,0.4045511773240966,-1.8847793027516033,0.5485283756868343,-1.3606547727145815,-0.872160747886456,1.1620235402123196,0.26989290533689736,-0.2526136167500813,1.4615782275582647,0.5434076938044117,1.2771299821156072,1.273021510459488,0.38146019429881256,0.05840738916234136,0.14755504755831514,-1.082045503188713,1.56090807528715,1.827369489305041,-0.3811216058278219,-1.011042613089382,0.21904304224260193,-0.7439859489265711,-0.6220393451246684,-0.03676530807200377,-0.5019587201153365,0.8904870545737263,-1.5772548928711674,0.8802045964850698,0.8901173583253951,1.5710587123951902,0.9215400034906834,0.593448335549257,-1.2689065698320674,0.6114997177676896,0.046189821816512086,-1.7146641351678327,-0.19869004949733915,-0.8962376346896415,-0.15305419669465894,1.8672944326203587,-0.26135508959399806,-0.30672957303309706,0.6387884336302213,-0.007917253162763213,-0.6592722394451953,0.5256732162293928,-0.2667384258955562,-1.5136617537933534,1.7627836563911499
1.0975430479176482,-0.5645847738847173,-1.1826959389374312,2.5046291336737188,-0.7497836725107545,0.03399363609059513,-0.01810537445289065,0.5286944129961805,0.33540340344860764,1.3581058218420703,0.15869397208693986,1.6288490975533654,-0.009377725247093282,-1.1671479487728658,-0.5649267081065029,0.09277541195615961,-1.8127424111085961,-0.34882883821096866,1.2276468955908604,-0.5170640461727677,0.4178408731521118,0.2662496598402711,-0.5297171836976158,0.07547105438381443,0.3214182880172837,2.0609611659792075,2.3574880641796643,0.06585404088767177,-1.36478115248603,-1.645370222676603,0.3697481709255519,-0.011177697237646844,-0.0175037618923296,-1.0085813876888035,0.08978346111306401,-1.3163674849922162,-0.2760585738414101,0.25071459801658225,0.6228187986779763,-0.618593360872816,2.2698668338175003,-0.03803776453430367,-0.4000546564551076,0.1892156287312075,0.05282476724824443,-0.3408413768106509,0.6147157703734565,0.9634425907948848,-0.8253299083430747,0.4462942220495048
-0.42055575046663796,0.7184124262258224,-0.31784415488394857,0.7693254700186642,-0.07622216583676253,0.22315689906113878,0.06432579301896435,1.2815930405046074,-1.515869349768248,0.03596528018105601,-0.4974332376560531,0.7115799891638532,0.6352988563187281,-1.5895973434311406,-1.6021232530068523,1.2317443994199448,-0.9312256687419198,1.0612656558481377,-0.6380361076219506,-0.5174663826452104,-0.293768507880759,-0.28129694861271914,-0.07100755611436382,0.9392721592332123,-0.22116834037599065,-0.41683554404546797,-0.5908274001326288,-0.9329109678479265,0.6531053818766641,0.2769554793580225,-0.18327803606781645,-0.3924028252711107,0.6077232334795117,0.285441444585508,0.47298947511338996,-0.7462480344074228,0.4990855807916562,1.307350100191207,0.8012250019020154,-0.03600886452989244,-0.4941501767213594,0.27325622205776523,0.8734665791076042,1.0785601610267639,-0.8125381715845974,-0.5845890165909607,-0.3546434844914626,1.0755146614848141,-1.3961613416088696,0.07971061464203143
0.15688258062842153,1.704334005127377,1.1563823122561372,2.041802399647787,0.7762711778193809,-0.13217657976533506,0.951753824127884,1.2884901422959392,0.05502067950135624,0.36571334730861876,-1.3573901855937398,0.2683738479688671,-0.15705079527249222,-0.21820327465662087,-2.077480864076677,2.9338344033274844,-0.9485289275901675,0.07066939710991244,-0.9913294260835981,-0.8795218042149641,-1.0371425135605474,-1.2267035378201674,-1.190607678516063,0.7994284560892266,1.7107372040186941,-0.8667161946020626,0.11065351258224422,2.4729409515591803,0.43340008633650434,-0.6116241333773457,0.6011489323065611,-0.9046318764543767,-0.10659135116205032,-0.42265928037471284,-0.08780180713285675,-1.4474686970506332,1.2803868555561233,0.0639214764547086,0.7837962325099851,-1.31351319574444,0.5760230713153379,0.45704876788269516,0.6705923641001711,1.5733958349883053,-0.0412534337470068,0.9234285219942215,-0.8085966501038531,2.7287061625089506,0.528423219065157,0.3299635374227065
0.5890506610868936,1.2500425459651696,0.7629742624752399,-0.03804792466127965,0.380502140139315,-0.45718615660686873,1.0207260531995486,1.245383496780971,-1.4144976918706869,0.04540088496642905,-1.296068722089333,-0.4167755593196257,0.8459816006450221,0.548258002811192,-2.213868124471178,1.2712890314614473,-0.0705501208794784,-0.23720795370415199,-0.3600181881149894,-1.6518769069361163,-0.683167880135285,-0.08697716401597626,0.31850684652398703,0.5880375575273007,0.6385713921055953,-1.4293199137178094,0.45529115470422465,-0.6920874773226352,-0.04272871346852995,-0.5978117073380343,1.3154841258379086,0.9824302874369474,1.2399034324591256,-1.3537784827556536,0.2361256690755158,-1.3700913294751815,1.1665916119670217,0.3486472266615544,-0.24232207057245378,-0.292763002709047,0.5040950608017313,0.7897930436444054,1.225511557785512,2.4413149744538853,0.7236088082475047,0.306141304141963,-0.8180523829625761,1.4951602878181605,0.30412885378215376,0.4677987815559787
0.3700966535397023,-0.34213451670326034,0.6396562056022679,1.409469072660793,0.20127561435022379,-0.1641514879713053,-0.2659962542766289,0.1175811619017167,0.2924306200937148,1.6949610693680068,-0.757099933939748,-0.09131813153087942,-1.3177016348512889,0.8746328558533975,-0.1683873570603932,0.1790125794195353,0.1634190974481617,-1.9978952100889205,0.00465889691762517,0.8212453076435768,-1.871713951798069,0.32496290320527543,1.820345284331375,0.1551941074413732,0.8174496477345463,-0.027806776261468748,0.756733695243814,0.46126952216331046,0.5490317733206453,-2.2624548825504416,0.6974260200592988,1.1943375128243312,0.3641597930157523,-0.8821943622886717,0.19151014066264183,-0.7634756704692279,-0.25978709528912186,-1.5189995611498508,1.1905356944394838,0.032399690453422614,1.7903913730874508,1.063759915725217,0.17444029273772077,0.5892926968675843,0.721117651233792,0.4327430525864791,-0.09675121261513817,0.24482496958148836,0.5998078144045833,-2.089326253426103
0.6755872039087683,-0.08318528341415807,0.2719397795737245,0.6492951717631777,0.1429463412549948,-0.1394524292979948,-1.2177998271446353,0.16701893009767535,0.1418170802040457,-0.5593393991660727,-1.1270578601481454,-0.11433985288532991,0.9178320234608051,1.4069521236196616,-0.28280897738266886,1.2218909270594809,-0.7502467803945718,0.042245465713104294,-0.2312275871357088,1.821761665283571,0.3853509570919759,0.7408635223514498,-0.8867063807525603,1.5436183898419331,1.9438687659729894,-0.023885811036824772,-0.6378277051122189,-1.372681291333535,-1.1977319218429376,-0.13742729820742397,1.4637268855862802,-0.9553095610313063,-0.10269661434209806,0.7979061055786844,-0.9463479703220418,-1.115793130112104,-0.9457956089156337,-0.02423603443893264,-1.6454305352021636,0.510338115598441,-0.3506193709519775,0.3171839139000615,1.1746113689415554,0.6196186609791511,0.6083556858954393,0.780037814424662,-1.2459767354654256,0.9677224209606698,1.3793555643229183,0.5569284721960732
-0.10855647070097663,-1.454447318744986,-0.4916883274399973,0.7119972177732552,-0.14542213894693562,0.06117122297250864,-1.8876843435849475,1.4716572678122843,0.2586234089501583,1.487732037923812,-0.2635053721490533,-1.2187358047223513,1.1466288909805784,0.4483734977264295,-0.2705066189441742,0.7488463518822681,1.0115170656507952,-2.744691335091549,0.06571173776292139,-1.7695664181805268,-0.7437192182449224,-0.6541949403813415,0.6366392784274925,0.6823886100004383,-0.8134132825585011,0.4665899569874225,1.1864281366185678,0.15154197099166064,-0.8136952761531974,-2.170613404363068,-0.7429059300636016,0.388501024094311,1.6294717386479123,-0.7497966436633445,0.49614192640344407,0.4365567007080626,1.1895554486120745,0.9952522952352935,-0.7393763105992316,0.6724147590298803,0.9012508508379321,-0.29617463141015427,0.2972622260037391,0.03579225686768887,-0.5185389406892307,1.1206890953768183,-0.07951996872068302,0.6808822098015329,1.0595967604660579,-1.9856181487991524
0.4455062123090926,-0.031153822338310457,0.29359708647271315,-0.4398736331496107,0.534542553710689,-0.6821719759217801,-0.8546629954400536,0.7465047915721091,-2.1929554480011926,2.1065132021799666,-1.1354443898378397,0.7226223832753792,-0.2721659282638457,-2.153390741403739,-0.28571952652858135,0.62243553807027,-0.5700641014479687,-0.2609227772152069,-0.3702305784583223,1.0697738199427789,0.42512586616356196,0.24318114168345906,-0.9196825230081124,1.480286859503027,-0.2271198648582344,-0.930452910418795,1.489743653167005,-0.3916935650272632,0.09012658459525669,-1.352967942612649,0.26034914791249,1.8056675177356372,0.2798485599881176,0.9996678920743479,0.8432592137412931,-0.6909674332057726,0.715629848226288,0.9092583826062983,-0.13459066629948704,-0.1846667797970132,1.418981191702955,0.21039222501518182,1.6048595511662123,1.5928151149339027,-0.2681045077778816,1.205895694808543,-1.0626930966561594,0.8164002241484417,-0.2533604454410828,0.23501602886646575
0.43265482645491393,-0.933844941243866,1.0700259025648726,0.6434791802638443,-2.8484813308906536,0.9255748821000647,-2.554245711710818,0.6909514556699697,0.48226552300494785,-1.2499852430701393,0.6642592235567144,-1.4752378569602216,1.3518222557113395,-0.28784147615740124,0.7499527389322587,-0.4268804478837757,1.9946376658115268,-0.37634069318140867,-2.033872037077453,-0.5112012099979545,0.16434556834426112,0.27943552571867875,0.911917669131205,-2.1171190584111934,1.2277423136997572,1.5417138856488355,-1.5216347634081226,1.1833730259118367,-0.02829232533309725,0.46637180906753695,0.3549299519270645,-1.6104153894051678,-0.5168321477233068,0.07146292665227823,-0.4202830076311901,1.5035708931534366,0.21175773577925752,0.7573851942621624,-0.5193028169601195,0.1017280357799232,-2.141887428358027,-2.8849788733969417,-1.0025106558773944,-1.2063547807593344,1.240701769407651,0.952784246994845,0.20095942419391694,-1.026072511499457,-0.21615333462810007,-0.4157206598712272
-0.4819091575953594,0.12309009109415155,-0.7644235634645199,1.7808696837515638,-1.3227466386345381,0.6266650048251017,0.343197914302674,0.009657048427812518,1.4860457436161358,-1.15328383995741,-0.09198071585356805,-1.449474286178727,-0.24235796364300843,0.08391010286423853,1.3543144292571516,-1.005026170529853,1.5205091085941316,-1.0523240594994259,0.8738304510463007,-0.22265729148148422,0.7326209151524548,-0.1457239417259562,1.6651652644317698,-1.8341319733353556,0.20011547400935886,1.0432234652582275,0.3225487395125897,0.3442125987967525,-0.39599767265616403,1.1432295932058933,-0.9225895099395252,-1.1346639683740243,0.24853147225184458,-1.3850637141129485,0.6310028101245758,2.174384475497154,-0.03742951093432022,0.12353640666208991,1.6663233776099915,0.6795452755881564,-0.3068139316810973,-0.13478052277074012,-0.48241547114804506,-1.2178547386307823,1.3335102584985774,-1.380305713793464,2.079532457565357,-1.2077072827195094,-0.6523612059064609,-1.8086292014060819
-0.08623695856429134,0.8267673789720666,-0.09528478876583686,1.9487713951500232,-1.2896458553932941,0.34317169934567016,0.8819576736252728,-0.7726210389133723,0.3552188018950098,-0.11460110080936832,0.8077723364077997,-0.910838354982322,0.17138187481706837,-0.9658835214925744,1.4451921244908321,-0.8274423887568962,1.1173881466053566,-0.7866489506047293,0.2921478202100874,0.4297044409964614,-0.1504896568867461,0.416326275590508,-0.5626773810526143,-0.7191434650806776,-2.221692154958312,1.375144356272033,0.37716682805914925,-0.9353389596382458,0.16049958747949228,0.36986576695952716,0.31819452829223926,-0.3145767017314814,-0.49077138405695475,0.517603108965903,-0.7449300442519354,1.2473538418395107,-1.121358605578684,-0.33437537342633056,-0.39887553068040577,0.6078593125693434,-0.07480634125832439,-0.4588009130650819,-0.9496485866010255,-0.03910407158369157,0.3271484388518006,-0.21975888712593497,1.4232015488633214,-1.086938464796215,-0.5672412989474536,0.1277746292622891
-1.3564770012196123,2.279246950233783,1.7158276301908577,0.44961215631545703,-0.9350138612871247,-1.4207490165005787,1.341001450135916,0.3515272155508915,-0.9303556195548607,-1.06286787524617,0.20961756151149008,0.3847109588845063,-0.359942515520474,0.375610881946693,-0.05753458680242914,-0.398212668988836,0.5412332685342802,0.3616882739352877,-1.2395680906417939,-1.750697961913844,-0.44003283024733986,-1.9719001473817124,1.4429173524547876,0.2968975201870951,0.7345614112258952,0.7304309236558872,-0.6071465313974247,-1.6215456302588656,0.7691995716554182,-0.16782190034565064,0.12127060938890448,-0.6704890863585455,2.3014231926145747,-0.22631511196959422,0.3598152963227174,0.25940763672922434,1.2505466672670478,-0.10056609818730343,-1.3612529599469345,-0.29435717499239006,-0.8539502756628143,-0.4862424788960436,-0.3731147221661782,0.41753606853513436,0.13931935513733676,1.255820318189961,-1.3037342733652264,0.15402665845865615,1.4718084796260917,0.2513181796492048
-1.0254036261855868,0.913266919552568,0.1288736874388621,-0.11655297926524129,-1.2297632890117551,0.4305588205107427,1.4272937263388066,-0.5843302754502632,1.8998876023262683,-0.6727513959516321,0.6154877856661938,0.7515212925174051,1.9508766249795728,-0.5839985677471957,0.29013090740325526,0.31136293856836594,-0.20370478754185628,0.7696168632379865,0.26668058992358573,0.6251285031877518,0.9591709368035995,0.41747348288072805,0.1024217631318561,-0.639499136306412,0.15067439775251473,2.403277128665596,0.03585059276062715,0.18608198381725063,0.3418923503205223,-0.2770958695044413,0.7448287096852466,-1.2348258649874615,0.2698610473358262,-1.5028686770253243,0.3943637435291055,-0.23956442317282955,-0.13482947025616918,-0.13681337815361952,0.22108498263129622,-0.5375682117044236,-0.5933443674588703,-0.4618261671560804,-0.03243942791576129,-1.8276951566470374,0.5716177432203059,-0.3250066126352165,0.40250694592304914,-0.12013898038170802,0.76351425710541,-0.3233585948169553
0.15541830077988167,0.6478611024777594,0.3843347330390436,0.21138444764954575,0.6241425538992247,-1.437543184697212,-0.16216357586926927,-1.6770910992901136,1.430135847386641,-2.036449445927398,1.0426805938958268,0.599149365227384,-0.5766778744778611,-0.3284230449557615,0.6261672672618842,-0.9456954475561905,-0.6565435824480254,0.79737747807183,-1.238272172495726,-1.0898981663316563,2.112056644973859,1.1834572421324678,-0.5633933720424131,-0.11711425424447597,-0.4348033789154184,0.547386483315987,-2.3232634531572622,1.5983551525341244,-0.3959587421264059,1.0933464807630315,0.19999202780931846,-0.8292839619249671,-0.6969742290516373,0.7655956745129785,-1.8721802952491464,-0.6922456628367399,0.12944002492020126,-0.3049552359923211,1.6961842180032718,-0.014350399740498362,-3.229887371038738,0.03374907316152895,-0.025998096846978565,-0.7276581265590868,0.31918502871026266,-0.7640982070084988,0.24645652204142218,-0.6302108970767875,0.3067388288297309,0.11155268306450494
-1.4884777514748024,0.7763232258994459,-0.2889816351050084,0.6590342681911202,-0.15907209124078708,0.8537616264226441,0.5596911709999245,-0.18931046586163375,1.0624633845581393,-1.2061654175362166,0.08442639700911211,-0.5291750864170066,0.7946479856918897,1.5989261118876474,0.5834181701135891,-1.5355291113164649,-0.4209818876216736,-1.1645082637434947,-0.619633244161384,0.14532336006988372,-0.32710617230618116,-1.1951301036237363,0.821930864517693,-0.1388992949576655,-0.03958755560264506,0.8299335752175351,-0.830819663234444,-0.2588114238370184,0.32262187857130453,0.2923720667412574,-1.6865707978878177,-2.3603085578986716,0.914520899369855,1.4316695803369583,-1.5187286412274976,0.06358341022692555,0.7930622544865462,0.3637377275394652,-1.417158543978035,0.5319475716895199,-1.5345039554425897,-1.3802097162511826,0.21143358394346862,-0.6076892098946682,1.5777956003651243,1.352795765969662,0.5386876543125536,-0.3979120957785826,1.2932923814947364,-1.1671496057512596
1.281747271940796,-1.7029928095416238,1.6343123436216238,0.6540726562882416,-0.8011966776012147,0.9539719516088191,-1.6038433744018743,0.7762483743464125,-0.4974390885872399,-0.6066227419178198,-0.40702192360848055,1.2032671223707112,0.45408319402022856,-1.0281449039412067,-0.9565121650864441,0.735262357074686,-0.8870339399806324,0.5110705205412086,0.002582202900315397,0.9130104757286845,0.3332263884687267,2.078438132715782,-1.6817922753176284,0.7180592261227106,-0.36622763622361226,0.3401520106001077,-0.2566908598636989,2.3642401598902425,0.6546413299883472,0.8321718729780846,0.0698745830150733,0.4602404793070024,-2.6981430125469137,-0.7074931670112033,0.19728725019263563,-0.5907808076039909,-0.4623890596016053,0.3336629427894204,0.3595751776272313,0.13039652745068128,0.08456006058379449,0.0665509387177734,0.1422232969215571,1.361983021252936,-1.2122433988746744,-1.2888476571521243,-0.2505301583832979,1.731629594464125,-0.6482380445818344,0.9258816167097644
0.33107323896983465,0.5125459919938269,-0.5647224044940636,-2.0221318266861537,-0.42064181319456734,0.017408002905064158,0.11600853363861167,-2.32733216426605,0.7871625236964978,0.3784183871500782,1.7535828461708767,0.5091417313028472,1.7756125518295,-1.0327858484875083,0.3083533991814076,-1.5466156399075,-1.2208874634673754,-1.4249170820697727,0.14804846820397885,-0.6600125575807948,-2.1396389375531983,-0.5691130941456195,1.282644954231749,-0.5151306145653411,-0.5107805417400115,-0.31444657932674175,-0.2975204016674534,-0.02626607813717749,2.281327099371736,-0.21937853934724205,0.5153869250481684,1.4663883708649859,0.7573561207686064,0.33272531638764047,-0.8169933768215711,-0.46444655121073236,-1.2346404597440694,-2.1654457272313548,-0.2427996481944641,0.3484287004731461,-0.021432855699189075,-0.5198587073307226,-1.2320693217818737,-0.9857109031389081,-1.4345785538290186,0.013568109470306159,0.8239748183430579,-0.973956569427379,-0.20149718336656777,0.13532751197111345
-0.8141761881792745,0.9897066810782644,1.1369077984728702,0.6688497176654642,-0.4945553985552222,-1.1785400197539828,1.0431050817237777,1.2041964642122642,-0.1258770278291299,-0.04012157432016952,-0.6775288288422795,0.4027115835610565,-0.36358951737483347,-0.692398839287783,-1.5580944902379745,0.9418750250077741,0.6869249821206876,0.1872375931185178,0.07990482444723244,0.4151289785934859,-0.1390303060286041,0.022865127978311837,-0.6737443815584416,0.6465384498309495,-0.0535207963306241,-0.2559681358118747,0.8224016981281421,0.017934981584874405,-0.04125499649561433,0.8484912852237901,0.825131278869957,-0.5760726379296156,1.0007530922552312,0.5127269845914246,0.7953965123905558,0.08183486717039123,1.481737578060816,1.2918022875465778,0.06609378920819704,0.10031732309714421,0.9151670919927882,0.8703866696234474,1.1702289080248132,0.4424850897777475,1.1910671385968472,-0.15346728949529048,-1.4051099530184146,0.7979072806686383,0.6539508289390037,1.1045100315048384
0.17108959739857185,0.8167456956576283,1.9451736225026408,2.3533741633837972,1.0733708738156071,0.9067357324874987,-0.4821218799692792,0.5430766449466563,2.183101629198155,-1.7885383642517478,-1.2115164185378084,1.310553164859257,0.5227930701002719,-1.2382541098612483,-0.4512096876004037,0.30267359308316966,-0.09856827300320693,0.44980811204975213,-1.3404903138974362,0.9528905447065877,1.1629407891368269,0.6573919401674712,-0.5849979508423117,1.09935562637569,-2.076288142547641,1.372382372846782,-0.22973040325922925,0.2318642951016734,-1.77185346169881,0.09745815251196609,0.516498743841137,-2.3079972170991394,-0.40238833465844487,-2.0799796048289965,-0.23832125436427187,-0.3230978510711177,1.5954219001008934,1.477940552134876,-0.1855572683108134,0.5776168879692626,-1.6441032596276477,1.20754108523839,1.9266062448716512,0.1498765556899886,2.430975767538198,0.5285385875417106,-0.8086576616847363,1.0243213770668786,1.6102124945655198,-0.9894872065118137
-0.4469339139822743,0.8542811779374766,1.993602658894739,1.1076678676677716,-0.18487133053908103,-0.4773821889584839,0.995816570881727,1.2048686878099824,-0.9614976614382512,-0.6237200137991264,-0.14569585082646713,-0.1596318360294798,1.1562634376259413,0.3130092382090927,-1.9448265243648688,1.0292631564463426,-0.12709269546325433,-1.71209059399404,-0.3750462598082098,-0.9563180362101839,0.01954889097758833,0.10136716423519666,-0.25285729166038096,1.1550019291054752,0.7687524519421203,-0.4336638424080719,0.690794383799037,1.0535550869740933,0.8982773022681279,-1.1092694827614373,0.9980014172474194,-0.7943081814271025,0.3342786326921985,0.9971921105935406,-0.6270876919757244,-0.8015860597408322,0.665272474145658,0.48549943623642255,1.9401200073778189,-0.07779208964321288,-0.39534611600767783,0.40182842778674716,0.1652723388032259,1.3296014772965323,0.7157727169021614,-0.9598806151879161,-1.8387453797539206,1.4461458437044934,0.8378875570008439,-2.234186171718962
0.9903415415948429,-0.6055925039337201,0.8844708605826747,0.016922326585140972,0.3002276118283078,-0.7314914337642767,0.7727480011309067,-0.2726724419376954,0.5319182523429814,-0.4067907053122846,0.2914980818608314,0.5041935614501796,1.1461047744661543,0.18473110798466794,-0.45438467180448033,0.002715398752276694,-0.41297000266334405,0.068225743771681,0.13652155150659168,0.6043745588744334,1.6938235468377805,0.919132640418811,-2.025829174332591,2.128708694976674,-0.7115191051475871,0.25859131737682167,-0.4554844017060291,-0.8318917803832938,-0.04116672322703979,-0.04849896680032517,0.7552745381943229,-0.7338094736536638,-0.2650350231942913,-0.7434074904489444,-0.3640698524748592,-0.1867522336829549,-0.7422058470945682,0.07441268104961861,-0.017461859191504232,1.4099571467814491,-0.5397655676102445,0.3621289663810352,1.5549199415387787,0.13239084161108575,1.3073027292698403,0.6121584802951745,-1.7475783951773542,0.4866808635332805,1.4069826208118406,0.23353079826591755
0.07304961404771088,0.5063879783692832,2.053549453250247,1.2983682150786005,-1.4373433891627616,0.2770430931482656,-0.5503274249654928,-0.3178220956938608,0.13847544123903865,-0.12978233697494979,0.1749272538245935,-1.0965422386489694,-1.1754197227323766,1.5313804998934695,0.86812393023139,-2.168921348201212,1.2534574557745441,-0.15269218533628023,-0.9330648664165994,1.1975249134384083,-0.31824905833858713,-1.57637102801059,0.7439689896699667,-0.3019916921423097,0.01950036471997159,1.3552547835844988,0.048355823107888746,-0.20944498469674175,1.4453159683233854,0.8898107776086873,1.5551943364760685,-0.11556405887193774,0.5715297959046842,-0.13775140601209326,-0.23048273412636794,0.5664825612559289,-0.4235084543136655,-0.6797700268445984,-0.1116210817489608,1.1845592716975415,-0.1409061061495731,-0.808550371481378,-0.7680848306935038,0.4483005801951332,-0.6720131742762834,-0.3959155537233188,-0.324542167636376,-0.49816999445499416,0.4317301648412681,-0.9407938072308433
0.7709998972247685,-0.6926208904229229,0.5714440584399791,0.8717098977940345,0.18531363768930906,0.07452099582160882,-0.9562256255474381,-2.1950278142245043,1.111958044929934,-0.2863786390595372,1.1112033240387753,0.4442498483669711,1.3012345085863595,-0.7492613016445084,1.3737044830575103,-0.5044837263539188,-0.00745528654458354,-0.46901518194631225,0.043442217987113965,0.3166835059048766,-0.5425796781616711,0.5116972964109726,0.34808209641947496,-0.48382139247766914,0.13569404519984396,1.1230636844055923,0.47416476744414976,-0.8601199482063558,-0.1371128118115439,-0.3685260454647567,1.420897287540985,-0.6776596304718715,-0.14765081859037185,1.1931420688530416,0.7080204793594582,-0.6278495708203012,-1.766593066385079,-2.58299607899851,-0.8223935269240895,0.46888974147422524,0.19440296652348196,0.9049365517273306,-0.831286706474341,-0.19850234132836075,1.3004180296734371,0.6235685624543835,0.4507728033814328,-0.6844567043240939,0.9975501448343913,0.9341970593852883
0.4568650146441303,-0.1053790422571033,-0.09460311691431827,0.42938265820618277,-0.16565156547336432,0.3598102774003916,0.7064278953750625,0.40486243831956553,-0.7251341470665339,-0.5746868844875416,-0.3549511249152395,-0.9220482948121391,0.9697912909321332,0.6375678673028186,1.2837090075313657,0.40490810515384423,0.8907040999207197,0.105142159857811,0.4062475434035338,-1.559083423797394,0.5922764232488987,0.23062073071035694,0.8349706352745473,-1.1353804454304173,-0.24475797940546312,-0.1917314844525653,0.1350303851400529,-1.1506192756892637,-0.9145771718198795,2.0469036623768746,-1.8292465590986509,-0.9016758971846481,-0.7373035920059259,-0.5820295437285237,-1.3205890864533478,1.1175191969963922,0.19206550164357458,-0.4353978316521106,-0.8703068462425333,-0.2709681470528796,-2.1750942966253937,0.2250525183035015,-0.506232904822098,0.7510052000945711,-0.2465865273884924,-0.6241892633816026,0.7071676292818979,-0.6356256135083903,-0.12575758173028886,-0.29491709988074627
1.1892645488132074,-1.192190179653003,-1.3447462466279614,1.118139782901288,-0.5079146398435862,-0.7702228863849734,-0.20746167795552278,-0.1861448141315457,-0.03217989451785614,0.6134460312442382,-0.5942862467955821,0.10330231342234791,1.0081029099175074,0.23859018041989816,-0.16943363203956582,-0.7893942067142208,-0.2183568040144787,0.4890068553015331,1.0261829036269168,-0.7627328189536873,-0.3286050391504513,0.8127245237924194,0.19637211224242052,-0.08962253507954789,-0.8147316108945587,0.7975755006722827,1.4306932041277882,1.072160455533079,-1.423042046641909,-0.39825990070879247,1.3045335888888816,0.6187921859829938,-0.7415956111802388,0.18698931949324718,-0.0939578772134234,-0.820761353787124,-0.5142373012528554,-0.2323695278630564,1.47423566671129,-0.24710862525848173,1.4476266733677048,-1.346356459905294,-0.5152309973457233,0.5730456037319234,1.0275573613447113,-1.5557875459774948,0.05010282400360344,0.4218697405174401,-0.7184631622969477,0.4163883071724513
-0.8906187336951382,-0.6741386290566672,0.7151366184364164,1.2530760705374142,-0.589503260461176,-1.8605641930294448,0.7058771701382829,-0.8379946154944341,0.7788914961014975,-0.30997777878461696,0.5701303800002651,2.5688557660732783,0.0863873936140835,-0.09037524414381018,0.29194270642052716,-0.6416395277926266,-1.8497662947510016,0.9927420147038675,0.45967268360158237,1.3450551022967114,-0.33363258827966497,-0.7967273124123232,-1.010402968420453,-0.6228347352136049,0.7852614148019241,1.4846093834405416,-0.9773522498763266,-0.10859158758251906,-0.06281826917133283,-0.8600525000599517,0.7000906414157945,0.2065086384372939,0.7149414899269957,0.567573135196364,-1.28583766021017,-1.6498020636853563,-0.7860560888404889,-0.8104057110407109,0.7756454604180548,-1.5519438351497337,-0.5527058855171173,-0.11222183062679081,-1.4345284590862137,-0.9691600237080926,-1.7130401569220093,-0.29682699221429576,-0.2442506673864892,-0.01432424618144726,-0.40854979988004225,2.5856623948659525
-0.3496898161423543,-1.3099571043535452,-0.13842149585892607,0.6184707249730776,0.34706601422939237,1.8679245906505058,-1.5698878427068181,1.7490542938106417,-0.3329488131320671,-1.0335140088773238,-0.6178158724224557,-1.4695681008006147,1.130953456633796,1.3791933867164183,-1.0989298003883052,0.4538970303420198,1.348279868376327,-0.5795100671902164,-0.002466014558143712,-0.5925552369335402,0.6250623804998956,-0.6508496104154192,0.04981462712762685,0.9989194360818052,-1.0200742407258665,-0.37099174318461864,-0.4347816010270314,1.2095865338052885,-1.5195492715885066,0.7091592854578318,-0.6730534126513674,-1.9928326121987963,1.0317114816008839,-1.9703954850506982,-0.7409890118054602,1.026897173258709,1.4718376331942191,1.7314517011295298,2.538256943231298,0.8168130653020572,-0.8727175092817387,-0.1493697212133399,0.741363946232044,-0.021079042418878806,1.7433953055695548,-1.0689772234885284,-0.24796724819534696,0.10235729223672667,-1.5718636967925173,0.16247271210812628
1.0812440471988334,-1.7573326279347792,0.42733771042327207,-0.6415714642502188,0.342670679408978,0.7121670101947006,-0.46510903221939137,1.4961719085319989,-2.0635966693880823,1.7757133079728313,-0.37905933192048386,1.202256290566323,-0.2441469964076424,-0.05388795975611495,-0.8764774372474836,1.722937229578622,-0.2746548497805097,0.6547680880883766,1.2319541622341494,-1.1419064625580604,-0.4082932405923815,2.1724722207897282,-0.16189217131804237,2.2464363006823382,-0.9170466501803591,-1.3907555580486155,2.632538958523775,0.6701846353220767,-1.7850931986372203,0.06222910719046516,1.978830721505131,0.6927668033068479,-0.9427155630118853,-0.9000338946809638,0.49911165904612165,-0.5357585940381292,-0.012962694237935096,0.9487127197834165,0.22142917228517875,0.9825729603931058,1.9865944803382585,1.69463450932829,2.252063889398998,1.047577535667671,1.3121855082271106,-0.2984671012138403,-1.6219670938913784,1.0444839650103313,0.5265231251842019,-0.6536967803674321
-0.38456953229037744,0.9627072056164875,-0.1694101686004728,-1.0705881397358143,0.7036890245529702,0.7240299121289775,0.34729039404266443,-1.3637191675565343,0.09206489408323272,0.30113714925636215,-0.2368727653849668,-1.2011746877329281,0.21231457000993167,-0.6571312366549734,-1.0133637386302763,0.403882695515129,0.6493964159665416,-0.517957323739137,-0.8286195430792134,1.7852749505328818,0.5409253116601918,1.2596063708325296,0.11739898362057964,0.1263047024471009,-0.03461518302551,-0.32955447580248504,-0.41548759943168356,0.3325155173184043,1.6647763030484992,-1.809910857976237,0.5576916643976516,1.4861548852502826,-0.6432929929810777,0.02936040170757961,0.3326212153869526,-0.09567934178219377,-0.9008724152154027,-1.2614795118755948,0.38717441032641275,1.310958486626964,0.2541077672341631,1.521371320301173,0.1907956741133881,-0.2585901164063849,-2.7402798387858773,0.8013365814160339,0.4118388529834997,-0.05373583270309813,0.07052128770623704,-0.3341166912874855
-0.2758304527815975,-1.5690174388226164,-0.24604791413480634,-0.7531101632039626,-0.16629279810169265,0.9222898906316688,-2.6574415302573664,-0.9019685499710738,1.5270523362195512,-0.07447365913091439,0.2367817097023577,-0.9461884623014424,0.5757565582474733,0.21432473018805923,0.0684572679488548,-0.8914981544904607,0.6184629523881318,0.4135015067257684,-0.3553567120023196,0.4029213350447142,-0.7641990589434285,0.5103966052756265,-0.2536448445943273,-1.1695955465896797,-0.07719145149575327,0.9828538905107462,-0.04391053213532003,-0.41856986632914445,-0.939174715509317,1.4977046217924113,-1.0220284637633044,0.3581880350847248,-0.37134263103132537,-0.15317193778352145,-0.9600178477520704,0.47551282554792024,0.10881938335645393,-1.1644906198955305,-0.6478615801401545,0.16056936302131122,-0.4017800277095372,-1.1411517575339885,-1.1380030416068498,-2.334182752242245,-0.19942628985158248,-1.1688514241038892,1.3952810241039837,-1.3207408074250773,-0.3479894371170126,1.4889847392681343
2.8892886492203878,-1.335627253784275,-1.4348568075975738,-1.002970244357652,0.03742480190496758,-0.3429588065302881,-0.043447860445648925,-0.26128974816150285,-0.35104858608800593,1.2258630581692298,0.9725967381701974,0.1940064113754966,-1.8181270705639307,-0.6503851271359996,-0.5107486760028294,1.7884162155863632,-1.2586059640482823,-0.52647229637524,1.622617467151975,0.8282822236027638,-0.9618915722759922,1.1213321261689488,0.09960284490127862,0.9348769122329645,-0.19911576202840225,-0.264534165025015,1.037583101412661,1.1184915700559424,0.468043713202935,-0.5211426873839499,0.2997905789206956,1.7609170392515163,-1.5564331499180177,-0.13776990680366122,1.2384367192426198,-0.36656908699956514,-2.316394866684448,-1.3016599421001687,1.6867604035306478,-0.1942963530398536,1.3992965531039252,-0.32004841281716756,-0.9003688694489216,0.3821168488291311,-1.0739026039091903,-1.509566957911323,-0.08247553396695134,0.5055566880844492,0.18999908917713523,-0.2721256438162008
1.76207671683497,-0.5098090326929022,-0.08429407729283007,0.9991538826495369,0.9076640131773752,-0.8388156270367232,0.07382242910367855,0.5028109562557096,-0.8366596942861589,0.6682624450777539,0.159995700012391,0.23382420917497962,-0.4151364669600223,0.007586861686511111,-0.8195701367593057,0.1641940360884466,-0.7970607131101785,-0.4000279764730088,0.13535182830682507,-0.8995581446832995,0.5715079164341785,-0.10253103657222602,-1.4863947124698,1.2144992311273353,-0.5024091740403712,-0.33644798973580914,-0.9268928442655469,0.5239134156368032,0.4962186930500832,-0.062244495194948554,-0.4200732600293115,-0.18234272404904894,0.47311181302561733,0.4999299108759207,-0.33680492709388843,-0.5738086045098927,0.02168102829743455,1.0318783418706885,-0.9440384592437495,-0.3290354437179709,-0.13232793557781422,1.26660581103148,1.4110422216040455,1.36340891222425,-1.4131589382318341,-0.1643889750486605,-1.0937504137192346,1.0149820417388116,1.3909553009914883,-0.9072385579449006
-1.868220478905134,-0.0982520232932666,0.8807945590145662,0.1819275388227601,0.5696631608657938,0.45708357012513456,-1.3117373506667815,0.5460326530942866,-1.1607762153336267,1.1287844877482918,-2.06234450473614,1.1911719041196915,0.048850496701129995,-1.2635004998981787,-0.4676585894848796,0.8778952795056522,-0.1025245166962636,-0.03683390913225813,-1.5279820352461833,1.5641092403191903,-1.049024545870874,-2.031280622059646,-0.29641808029946054,-0.593875734785368,-0.4120871771113761,-0.6545346911098412,0.42544720704626626,-0.9580450385146764,-0.07797223958161947,-1.2135092199868756,0.1998484742197686,0.5279744559351462,1.5514307160085647,0.8445634040000835,1.7909185305552346,-0.30817300279367077,1.0178837357015882,-0.006890846301218663,-1.5895734433447013,-0.2214182557485377,1.4972427409219982,2.0464512789940503,0.9508739182912587,1.2983988839788874,0.397207147705866,2.1697312320780067,-0.34985032285417167,1.093276174047069,0.7447980954809218,-0.6560393687280781
0.8101840840155418,0.7888590727465183,0.19655432911850462,-0.36628500368346667,0.31235446880820333,1.441992254725494,-0.6049716732630065,-0.761067757655333,-0.18709521260510603,-0.16509535479707277,0.495673990816215,0.3346540424685755,-0.46599476488076386,-0.21345309198607068,1.4897044758662883,0.8646562887695179,0.03866892136872372,-0.3807290014619153,-0.8165213955350813,-0.8188281602329424,1.6568580833607638,1.5206950091130993,-0.7333735913953076,0.7034503453678738,-0.8736276365988511,0.35479078826113747,-0.0034520818873464126,1.0512741897725324,1.5417067325420093,1.0094915722561273,-0.09443786435080327,0.8853209332616906,-2.0923070356276283,-1.1651848457349712,1.8438216664403637,-0.3173693920900993,-0.13137917236337596,1.1771784885796601,0.313718900726005,0.32417568393086427,-0.08819368002228435,0.5451269643672408,1.5896911628822579,0.1867078898425075,-1.8078456451049476,0.07515621558049107,0.29994056890342297,-0.04176198725830237,-0.7427430477201846,0.7027820604806796
-0.3745233223072422,-0.14402172623146825,-0.08712989813582171,-0.7993167174199216,0.309277366850561,0.4155405751594727,-0.9927278942888546,-0.9852120553831284,1.6503296935725618,-2.499407652705375,3.0447424724554777,-0.13752084190135866,-0.5813842356912489,-0.9897839574642937,1.6000310903324486,-0.845504545696677,0.1542695983192724,-0.20901478091193387,-0.20980239805060344,-1.6550972472473209,-0.2659779785687592,-0.34100196925940046,1.5498407824814266,-1.0728370139263705,-0.6708048874875648,0.8905957063890737,-1.42942316205532,1.0918092283212995,-0.5649907351943042,1.7423379569674384,-1.0900898876892056,-1.2492808881217254,-0.09082416909345449,0.9548429358237688,-2.256940463909961,0.07884844837022853,-0.38824309873963864,-1.5073949125689445,0.554764519936576,-1.1441458362222878,-2.6284576150167616,-0.5721234185876849,-1.5906417446309706,-1.7197526112341097,-0.269094424830293,-1.5159905665048878,0.9640271453111392,-1.2640617178299556,-0.3514995381861679,0.19572605060984694
0.5470222960883439,-0.6592031419835255,0.16315664747403902,0.6025129439499514,0.21364592805134291,-0.005015949606492858,-0.8062268202366383,0.7042790782768807,0.42896887027360636,0.7399457444292811,1.1998535793110143,-0.1652314733953715,0.17264975542820976,-0.22956590971510563,-0.536546496475212,-0.45183257940579435,0.3377282503442071,-0.23298516130371952,-0.01963227142531235,0.484351107230478,0.402649597378282,-1.307462233824424,-0.48806228966018306,0.764112737968227,0.7982246716776958,0.6210688274193801,1.5051551589901075,0.13635923284970822,-0.7179701815138536,-1.057774566977343,-0.4110190218097553,-0.10611979762241959,0.278592236511465,-0.8222319074422857,1.1876519152107265,-0.47566394953196317,-0.37583003265597376,0.5187413462425435,-0.49436163335626176,-0.38743595015888843,1.0113666652278088,-0.535980619610018,0.5822860059931804,-0.8140961063910606,1.0546485555412073,1.0242870084002145,-0.50659788590071,0.3879689377268906,0.3078238402818767,0.03963358781758144
-0.4030519172086813,-0.502669351675382,0.8195289543280065,-0.19448886530890816,0.07599760286139043,0.6560041755807674,-2.057022268044781,-0.3746624782891823,0.4812647251255565,-0.3993692293913328,0.16877004135311283,1.080370223091212,-0.9570847080456248,-0.5931396710725017,0.5588504920450117,0.7434835396846102,-0.2583164898099258,-0.9446726317159119,-0.9849652374980212,-1.351173632775443,1.1360362643129345,-0.03627108170180828,0.5504272432569652,-0.5658425564563968,-0.6007161237552026,0.2953163214912118,-1.0826664737516187,-0.2753166559035115,0.34842581000630274,0.3373371796050714,0.5467709626083261,-0.7304955790040752,-1.3304765819153463,1.5246329084120656,0.7668414092709425,-0.41018412637689405,0.20670020740649067,0.14773966385478937,0.8466126890168221,-0.5918635268215513,-0.22703948057755505,1.4987517620547721,0.4768577520153939,-0.5765962183877366,-0.19787585948167846,0.008297762341014458,0.04896902897322634,-0.2703676217864615,0.22047710622626313,-1.3971427506855505
-0.5207188431373806,-0.1567227778452695,0.5220213141516363,-0.10988215761464852,-0.44282741530917996,-1.1734472354427856,-0.3611443550680932,-0.7573099523946134,0.7755212702440647,-0.034095530938174766,0.39718037234699755,0.9407547626231607,0.83492691825845,-1.3383083844686727,0.9803298194426495,-0.5393966421489187,-0.1886117740551051,-0.1771718228665118,-0.2899761688989138,0.6324098126523013,0.8093884674591496,-0.6755648122651896,0.4244862281679962,-0.7674431467375781,-0.3088805776594202,0.16921615921173883,0.7119062071992205,-0.4868639842912191,1.3610892135659791,-0.2636978578663098,1.1230898978245596,0.18221731460838939,-0.30695011787002763,-0.5404287654544365,0.7998547748132343,-0.7320546684882637,-0.2016251172386788,0.42521278971980014,0.6183979862636275,-0.434271894561725,-0.14935912257519784,-0.23927542797489584,-0.397848265722434,0.05775581571273202,0.7774183913409645,-0.2172972123251329,0.00871740331908891,-0.6005837301039971,1.404701371692611,-1.2840585248932177
-2.5726481674107164,0.8110017344136373,-0.038750689423909405,0.1884832247138006,0.9783217927457407,-0.842304399312298,0.264843528152025,0.14728528639169156,0.5173217560377017,0.021903294844741045,-0.8944670678359159,-0.6884779659424729,-2.0473897030966093,-0.05630767191665893,0.603067046395495,-0.1499056409162666,0.7153991669386999,-1.8237253707721277,0.07765521712548736,0.4815851056343648,1.1750662488149357,-0.1371089251353623,-0.6839040500009915,0.009314380156483717,-0.22718842751291074,0.030060537600547603,0.7833428327589069,0.5300686296599534,-1.4971898844443885,-1.6986269396707294,0.13862156889792607,-1.3825133002590488,-0.051061173530490014,-0.7023686038929455,0.9005657269756746,0.8852594088059931,1.0549452256427687,0.4909192352538523,0.4223329654583818,1.706463099949397,0.8332760399402339,0.7025570728972501,0.4138132975825344,-1.1789989953985653,1.3616563856860011,0.6330917051124045,-0.1897478884973987,-1.3576639000076451,-0.7782379468143773,0.5749049434376512
-0.25226734720885124,0.1979390578414617,0.05068952646538055,-0.6020574129106574,-0.7531199670758165,-0.7075424303508826,-1.0493437828984944,1.38288308358635,-1.1968690085025584,2.083097044904759,-0.6726248558313638,-0.3302240747828419,0.13288272366865092,-0.9972807449771598,-0.4636882769386723,1.379357067278121,0.2009745639422082,0.11461590355801964,-0.321498893388226,-0.9461987572522204,0.31163602564447646,-0.8754782034025937,0.22577204521485633,1.208586942819905,-1.9778663379721528,-0.5476767686143279,2.5276690323324584,-1.456175334753259,-0.5676284544424306,0.05217725570314976,0.42571643514202084,2.1419184889502416,1.144152507177303,-0.2129184631753412,1.098841656067991,0.6990714179847182,1.1518985125447023,1.3712405596834027,-0.4054189367781441,1.7052569918252638,2.1619792910559665,-0.1435706177746621,1.5652414627051623,0.665740140603566,-0.07613906589292072,0.2903747175094909,-1.4411946671890679,0.7901711841902788,0.9448161009792712,-0.8035303878868115
1.021634935172874,0.7777853875070095,1.8063031789230324,0.23264942417235396,-2.112887432855497,-0.012037220112830808,0.5632183800457246,0.13962805930740468,0.2201850103035003,0.1855239796096799,0.0076475833204264305,0.1881298349280691,-0.11285346789992132,0.6809808869871422,1.5320088296684027,-0.8663823376865631,0.7419662636182858,1.1318917930774501,0.19884724869049397,-0.30960021555639083,-0.4815581580513311,-0.8283059996130231,0.7139530812414588,-0.39842560585825504,0.207320088665104,0.9601283493368831,0.2756418815222213,0.07535934286910219,-1.1384665289097349,1.5083713323785821,0.16481285836880274,0.016417291713692075,0.46064511527312046,0.7247790059361859,0.25007712021154443,0.9496233700655283,0.12666673569411285,0.34020103993102324,0.3990115115796998,-0.3688411402614519,-0.31380038170927765,0.4724379717726593,-0.2688478615464952,-0.40647712349657433,0.07494327309374045,-1.9767573299079713,-0.3204916279308459,-0.690993492803331,-0.16417972711756568,0.5094267560885776
-0.7657546568124931,1.4465474509681793,1.1189795869846075,0.3597937170150019,-1.1136338803700874,-0.31546207624828254,0.16028684437160362,-0.9052925588876642,0.5799880689391909,0.0005962869839606841,-0.39450597475579846,0.8593225615326722,-1.113134161511552,0.5921116043613927,0.25002236486581764,0.018964340067727736,-0.4984301930244558,0.8576030205889092,-1.030195197321284,-0.8760455227348748,-1.4893047162849988,-0.7536112116067362,1.5427134316364726,-1.185676796289792,1.7437543879647843,0.2592334999125683,-1.635997172887936,0.7494964641074142,2.376161740138965,1.150937707802466,0.3198467319732059,0.7764851915072749,-0.42985505994654266,-0.5065727040593266,-0.37846215187088633,-0.686634452346284,0.17759654311734763,-0.9948420259727437,-0.11258387122765265,-1.4048048054956122,0.24111924807610383,0.2824857322404398,-0.8525267818643617,-0.18413428278616023,-1.4950475338053364,0.504522996434202,0.2945411487844368,-0.3692795757392362,1.0288834397055746,-0.8523050444203786
-0.7619002485769353,-1.0496334360968722,-0.7923463909438605,0.9285985925346676,-1.4931130792290996,1.3904782169410586,0.7704323678895693,-0.9827418265722148,1.4332434397886582,-0.5388189271101782,1.6573826272475405,1.1125427122935634,-1.1111196682505535,-1.077510640198271,0.7874649475477501,-0.0941971493926337,-0.1932009239003557,1.1243389287511658,2.7642746619661973,0.6815876821542821,0.33490781037316963,-0.29619880474902965,0.6297455191720823,-1.6541401810714698,-1.5509261955421614,1.770940657265684,0.8841277177058511,-0.7601733295053669,-1.1619344816925663,0.42631230546813376,-1.4563465813092389,-0.905428975200202,0.31153664686530524,-0.8651317171247899,-0.2040192299127159,0.2883405986893199,-0.5971017095140313,0.1840267111452626,0.4221322822761073,-0.31864824200547287,0.7184455316802197,-0.5220297548783542,-0.80255621382418,-0.7809417454917958,0.7281614766289458,-3.3111999820569755,1.5648267953858503,-1.199072943816661,-1.7240122756407603,1.5424880313093619
0.8509669111523764,-0.7646676392008915,0.1267943523405108,0.5137749456304286,-0.23817872360052822,-1.7377001957586642,0.8966635232604292,0.6927341302528006,-0.667326521690904,2.220304435410205,0.5188442082056477,0.5794809406840191,0.6297220011092446,-0.26856090677998085,-0.4087826903618892,0.8947123408877026,-1.2694308628683444,1.312771379836633,1.6785316312528478,1.7936971104946262,-0.5837266371651717,0.9587632365695982,-0.19297820309499342,0.15927215756875288,0.025547750606771905,0.6443132719371321,1.9414264242320995,1.581351672641842,-0.6331121957802445,-0.6359906239905423,1.5689741697399293,1.8461888185126618,-0.8859272507251349,1.0922925570606643,-0.16859710199236533,-1.1370567969618537,-1.4550302322795725,0.3818136071052983,0.5146582262853094,-0.8871246787298541,1.2149357950904105,1.86233325399025,0.7243277861482879,-0.04150683682896812,0.31028070858935963,-0.6039998464849105,-0.9968439859663911,0.9577551105987954,0.028343668922173812,1.0029498275926316
0.2573971360186421,0.6037023889274755,0.7589890294102285,0.0702937178434508,-0.47947396207525583,-0.9894192774593252,1.153321331427105,0.08173499387255732,-0.1680148007555364,-0.5813828051021767,-0.9380616880567858,0.7316319465386111,0.7923570690476299,-0.6998284920048496,-0.27699369531494067,-0.5124649487241317,0.17765467358560982,1.6411465800417795,-0.514283731145151,-0.029405165878299326,0.6344227250179849,0.14178217269368662,-0.4827367903250535,0.25656262522882406,-1.3922511625675986,-0.05621435974961721,-1.1448251173479782,-0.12302820021851707,0.5333184274308539,0.3569464945143179,2.1657877685787947,-0.1435825393593972,-0.361842836161668,-0.9958823430624351,0.07326095198936992,0.3166468895850299,-0.015720222644971794,0.42451477194587883,1.5337260671721937,-0.9526923670186099,-0.05037996934909478,0.35760166798508686,0.14210769982563037,-0.27013442354662726,0.19617132043922525,0.19512148247173905,-0.5954010742850048,-0.10659763583148625,-0.3616432326035916,1.0775972893571766
0.3699316180833392,1.624601206563138,0.6197559631067034,0.5493804545706368,-0.13545494303607203,-2.6282858266974167,1.9409050816366356,-0.31108711078031004,0.6661047403611464,-0.1794313656398821,0.39401479215335433,-0.5250595776297475,-0.054742634923707754,-0.07159595256678623,0.11718046217275865,-1.186486171438403,0.572456869718277,0.1290289783766489,-0.5835908962460147,-0.3886850185865195,0.21729478767371388,1.5857010245904326,-0.158097399110027,-0.22729127248073147,-1.8109287298477788,0.9322542737084952,-0.3974497783511985,1.531178699549461,-0.540104868241475,1.1805811973529607,1.514829752626458,-0.36538596068210855,-1.7452555399826675,0.21817580759476607,-1.0294959619216275,0.11455225318210907,-0.30344177160593794,0.552622051550223,2.010860027485135,0.4086117397966942,-0.7671498595108972,0.39998649402571496,-0.42677673045280656,-0.20260537984552945,1.4585958352026647,-1.4341283922405745,-0.9511313367948013,0.19980770347908652,0.5971877567071037,-0.451700387829111
-0.13844781632607692,-0.17786302562109532,0.528979747635533,0.5573463944850354,1.01946777722904,0.7566136688320693,-1.808558370186602,0.8038107070449924,-0.3015895980089248,0.3397797354707027,0.19122280232352512,0.33970247786924024,0.1943379369633634,-0.46132542285079087,-2.3274093015461736,2.245115722557869,-1.3543062552970873,-0.7777089287430193,-0.7310663780446052,-2.7994904693605593,1.369222319758138,1.2746591442158561,-2.0781833001155237,1.5052171486947972,-1.3401893018457054,-0.22919566577416176,1.3117287415477739,1.4313154097988638,-3.313584375259341,0.49062763199446763,0.3187132757729356,-1.404474493944542,-0.9142113952047812,-0.09525441975806351,-0.7963363810110075,-0.6240258271274846,0.6892500998951023,1.1955545851218494,0.4943320561691262,1.1187090260146961,-0.6754035904467919,-0.33159165198807666,1.0073106608196476,0.8627649841380785,2.6870817316921647,0.17086033951139543,-0.5101385012671402,1.768359869220355,-0.03761276238089849,1.1250260863861397
-0.07286177030502995,-0.03592652008670163,0.18144807167551222,-1.3928379429809141,-0.9073447963443038,-0.10834582597830879,0.17007615773402043,-1.3688265221112723,1.114941121753698,0.9876481408023159,1.2135298102818486,-0.9917695858368879,1.027337780183938,1.0892842361198347,2.1364161497345373,-1.6256546915640746,1.0363693077536,0.01818361934297879,0.4439827562212153,0.49028227013010856,-0.4737967773340115,-1.3422129768946842,0.8356155925520036,-2.249217554451737,2.9455175308697616,1.4143080653487308,-0.3787550849669835,-0.38772112852432533,-0.04652562891177293,-0.11199699339704447,-1.2625155513873807,1.1891695136732163,0.8700870889426757,0.4174133967524183,-0.6383993749310294,1.092555863710048,0.22909223667757564,-0.6240755980864003,0.879720510311109,-1.4454056250388485,0.5466694983141291,-1.3137755154875437,-2.0008824406279713,-2.8541405120075343,-0.5336241170554973,-0.008769783971127404,2.0276289819557496,-1.761604685409891,-1.0997077056400222,-0.0531402940654389
-1.3370906552397919,-0.13077192023065054,0.24888088041580989,-0.2139486683801431,-0.243306495400247,0.44242249165628295,-0.283625573978365,1.07732473744156,-0.5703159326497732,1.0926783537527414,-1.5851762272610006,-0.29640246364493883,1.0005018807380066,-0.6626137979704383,-0.4472687479986565,1.064529175608273,-0.04069961131709505,-0.7212595973263902,0.10643684968578498,-0.04831221298482504,1.922087382255065,-0.6990506507270938,-1.4221994988308597,0.39598844026485774,1.4210810462381576,0.28883395539111245,0.7951798390112167,-0.7235463806737633,-0.934577454198597,-0.9836761981572829,-0.5025799692511456,0.6864452364632188,0.5004806885246453,0.790061017069866,-0.24277126991999542,0.8584280772259336,0.8927325027120502,1.5926240842888049,1.5474378057336964,0.18324969954500384,-0.599656323684314,-0.9512597534614194,-0.13538260177657535,0.21372284072578646,0.840898596076648,0.19907286507887056,-0.5913843011818571,0.5519815286509419,-0.43241803747314617,-0.2584892450971515
1.2491754976753167,-1.5135205095929,-1.2081349542725148,0.21934933751063196,0.39404478292157524,1.0941722334322252,-0.5144308441233778,-0.15457363098005614,1.0214903904659531,0.508885888758432,1.531823928725755,0.6232258112398038,-0.18421055508802153,-1.2105096172422827,1.2026777956993404,-1.043768948771343,0.6058200999616217,-0.023944416643426805,1.986113766141942,1.5853129690954386,-0.2865060246344861,1.8570280259639165,2.577037117993045,-1.038802424505775,0.6779236903345554,0.04977290423804468,-0.3243056750829825,1.4350036396215355,0.8575251644041664,0.7937946449521065,-0.21578631601659334,0.3248082696056304,-2.561712887278492,-0.7740938579131835,1.3850573903946295,0.5743636190316828,-2.3105687873382346,-0.24808251823559602,0.07170767010673741,0.2385737537857567,0.010560605697087335,-0.8992032581647462,-1.2661036457700316,-0.24449272831648428,0.5866119442146341,-1.594056504506632,1.471596161719171,-1.1488680880592657,-1.2778393884267427,-0.2891555049462734
1.6725079495596602,-0.7206123714065098,1.4055372048298722,-1.4771797741441657,0.6640694942566215,0.012874733643354898,-0.21941804524294253,-1.3056752235818538,0.03321958947171599,0.8588319828067558,1.3440218901388514,1.1048798107914917,-0.12345514315964232,0.34190059886406143,0.34859539835394626,-1.015564546041517,0.10487475851663099,0.10104842839247302,0.028275984769816482,-0.7675024107294197,-1.4393188832846981,-0.40559843848904203,0.8611678671240571,-0.2484363023959216,1.1541370679690868,-0.5491578299461092,0.0414527754954676,-1.700257351477371,0.07552045422609108,0.26279994497831977,1.5197833132706686,0.40043547757873005,0.9467573819657797,0.3239801851964772,0.32755878367121294,-1.2181389578826187,-0.5906230417839705,-2.421167123845979,-0.6822444816273794,-0.6140811698602501,1.2616368555324238,1.2045170973877501,-0.8559519588398538,-1.2403752362539815,-1.2297841208881497,0.22155366754522215,-0.42456376993848366,-0.6200762848806428,1.5749031398731212,-0.2750001878045674
-0.9191348856439268,-0.7683582223736737,0.6605527989513054,0.14786702569879004,-2.6967140969016494,0.38254978023312997,-1.2752048774457299,3.0523475004701486,-2.6101003335735187,-0.1515487384591123,-1.7625326793578466,-1.9308824542474,-0.5779783685175238,0.17240301187128004,-0.6233723284324472,0.644733010625279,1.662807962670879,-1.812640553662892,-0.5737155554874737,-1.301703681925869,0.10612542255505605,-0.049807215481618816,0.00038615232059615803,-0.461131940630974,1.6289720535303123,-0.051193173962485364,-0.6952412400313573,-0.2987773866183965,-1.1397127614526341,-0.23955037402908294,-0.9432468693776365,-0.5337529834719946,0.9114455789169962,-0.6854594063683641,-0.37319563030863484,2.1614408030388628,2.2839893164783143,2.3987717559909987,-0.47725619863087254,1.2864465633244202,-0.2531693912086523,-1.9792540431734513,-0.5512597473303282,1.6393815326090064,1.260544630306913,0.7447810224361862,-0.9228621967491603,0.8663832903400204,-0.3861142091392424,-1.4698532324735334
0.4861089923378678,-0.41067766747956513,-0.6436141969708754,-0.883617061322783,0.5383101528899539,0.14773360465304874,1.135112749025219,-0.591746480923244,1.137983248603044,1.8747720000760575,0.9247720280579536,1.138958176348745,-1.1737989423068242,0.13614841251028043,-0.8065152028911589,0.4572547789901699,-1.4780610022743563,0.14528399091208033,1.009087831230684,-1.6574958390729393,-1.2446336853936522,-0.21905395902767086,-0.15968962240764675,0.3312314473113895,0.33842306491537993,-0.7419044179067645,0.4222924609241832,1.4554153902953937,-0.305777913878988,0.3139315714352645,-0.8978614641780485,1.6313456013518308,-0.3521521438543636,-1.8311871073216823,-1.3071508465472141,-1.0450611201872126,0.28969387097108984,-0.9084226179133631,0.13322237170024015,-0.6015606271885471,0.8523084476031293,-0.2702154524530222,-0.5369084343636791,-0.15203127732348817,-0.5901025024608214,-1.3801356787621426,0.1723877239471088,0.5261441762702469,0.45225885684208184,0.15224071045110063
-1.8367706237366996,-1.1638240005057054,-0.18054521844257324,1.4240594051558284,0.6411688462449604,-0.8964164638629679,-0.306922745563763,0.5988248744335969,-0.6616422313905653,-0.56842164790499,-0.543087750728164,0.5972231765361611,-0.35367853136133526,1.1219780245354654,-0.904036102445173,0.8554118309546976,-1.7940089934020584,0.6795358732201278,0.36008963620621187,0.383429296024177,-1.2559106443747985,-2.778800222785114,-0.9202177558885474,-0.17405198091554958,1.3584812844482437,-0.6336312766140216,0.21532579058277132,-0.7220486671288393,0.28975011421442737,-1.5146543518424993,0.5564921731579338,-1.5851872289225326,1.1585112343163506,0.8394749940609032,0.08161763992103599,-2.231261796466235,0.5182870475053037,-0.2856388216953117,-1.9329608657180801,-2.1932725737120125,0.7245265901350301,1.9600572503461526,1.1683590242058814,1.7034024563111851,1.1141953140630945,1.091920916771078,-0.8456035125519215,1.8908123671669919,0.766246858616301,0.32612895103420764
-1.4641990723121021,-0.5774301289707733,-1.4891854793345793,-0.10984506528045077,0.0010138254606499115,0.9160094440452445,0.925470210188964,-0.3719392929681038,0.8040730169464461,1.8095491049972108,0.039970856841117904,-1.038950422365199,-0.6128428170404239,-0.9032650701702387,1.1880501168591846,-0.9106592315241575,0.6348208642394484,0.5102795724305246,1.5710021058379995,0.6547342449192859,-0.7087225100960148,-0.1800022987950884,1.9215641756162205,-1.0262430017225086,1.9873248327800572,0.6485841053108933,-0.021019937445155814,-0.2611309041061293,0.2666475566892627,-0.42911474073752964,-1.303904083304504,0.4053846077235559,-0.10299819306916481,0.19872749313493276,1.118314542144726,0.8256871653395518,-0.09092113493802458,-0.47771468254781374,0.2279445454020942,-0.23818948404395296,0.5392971193307713,0.1931684021978875,-0.5980966164452648,-0.7334746040988022,0.09431615419507394,-1.495095186953478,1.3789258004694667,-0.7307972929654294,-0.6038823308325498,-0.7846453479320118
-1.3808744884595345,0.6653310889803987,-1.2745610181143212,-0.3718911869103353,0.6360196857960597,0.11976542759271004,0.36752947257609575,-0.4900697759991739,0.2886796285084671,-0.36675777991814157,-0.39479636656756545,0.0050021117760232665,-1.615530107272162,-0.39426103221843883,0.2903704024423392,0.9569288273190706,-0.11180048392074197,1.1369799481577634,0.6470242310445231,1.2705185970692765,-0.4136890664229666,-0.5389186221441662,-0.5404333324540284,-0.7121405155541812,-0.8697029075380556,0.24966648885247203,0.8944066412831376,0.09070085400628641,-0.8146209813242284,-0.6048791828491443,-0.38530927003645377,-0.18857296341054125,0.5558515306536363,0.10292424833354963,-0.18060226089186485,0.5341318039540354,0.25500491065538433,-0.8530020193389558,-0.08259744958736642,-0.5848634015048172,-0.10032686966687861,0.254821267577368,-0.28826023175435267,-0.3999242187316,1.0928910709402375,-0.34652182357212835,1.3035795307941176,-0.2803982294259188,-1.2813470650642176,0.8571873094163753
-0.06488942508489093,-0.4680203498476985,-0.5190284330780929,-0.5860881519274247,0.17387200312064688,-0.8978086709723214,0.028404849840668475,-0.2317599632919071,0.08453328915278889,0.3403692112803556,0.26150120292832774,0.71081350863928,-1.032064891600047,-0.010235513886509976,-0.19788649607925218,0.691616973340043,-0.6288924725762758,0.3322875058817086,0.4812280269356877,1.093628337070229,-1.6091637251311997,0.0808610829502077,0.5501381039222116,0.7817350208572654,0.2952077444184295,-0.6371853034912195,0.5456458235617936,-0.39738044941663125,-0.6621909865141896,-1.3570308504034836,0.7769781766879498,1.0896409738347612,0.9645919628150281,-0.558148603726449,1.2867942661371006,-0.003949683329742044,-0.29218865335659255,-1.3766334543212657,-0.15930536186316205,1.1126885335503471,1.1396806131260728,-0.07612978503242318,0.1609598380820766,0.1396015880744991,-0.48038064657624424,0.17535589478915323,0.30387696527426794,0.7075235238265315,-0.4438333146406272,0.6889402732149592
-0.382383712314667,0.5867107122245333,0.08747460927923023,1.2228646012855608,1.020361348332736,-0.38446010918717005,-0.6167894533110733,0.614747859875828,0.5796256090200573,-0.4448623395816374,-1.0452242451639475,-1.028869312806984,-1.2855413147780983,0.34495473230655493,-0.5191213824672307,0.6786807039070841,0.12256499759960615,-0.6709803613413978,-1.1584500622868528,-0.8260479352634646,0.48821942427241216,0.11306678936119476,-0.9802790145142939,1.5806268331611457,0.12002975746074679,-0.3809055521822825,-1.4241100972225393,0.6834400311292204,0.8576340403655872,-1.3120912471436397,-0.027698002984571316,0.0265743891134846,0.3937544135092289,-0.33320523706268573,-0.7906288151965176,-0.24463306648090113,1.153973494183302,0.7996261499380368,-0.5239178623928819,0.6530193758101909,-0.1194254426672495,-0.47098469434727164,1.1396414829367647,1.1488262162630116,1.0722873071803989,0.8739398480238031,-0.8229109356173799,0.7734795762298484,0.9358054294785744,-1.5209829114560034
0.9262910007529024,-0.3438451977000741,-0.8819817249341283,0.6108825595846465,1.6965289672866786,0.24129997655441346,-0.7536945530789709,-0.15550522634532515,0.5492158209055298,-0.4984533286375573,0.3897986331693052,0.26463935845684927,-1.488176500610839,1.335148185628224,0.17331936145836688,1.001695647826442,-0.5076802756447961,-0.026435657953885663,-0.18356568499580878,1.0872096550382535,0.0959146189443471,0.7041780748981746,0.664966242558985,0.5206055780878656,-0.6533251029879634,-0.6313168509632823,-0.3273773538579111,0.01450047441958737,0.617116111041743,-0.11126467081989351,-1.5752153056776312,-0.41605420309851027,-0.48524245133598864,-0.6367838041706112,-0.5847559054923032,-0.37416459246070083,-0.22995759201064742,-0.004184311845289296,0.8710467293828349,0.2534391691905828,-0.15479282920285042,-0.7551001705154857,-0.03714809615772316,-0.9093733850257673,-0.18813320145442053,-0.06571408863443992,0.20443070350835754,-0.16166199694450048,0.4680769451326385,-1.180154789407393
0.8501442002594586,-1.3976445043892096,0.68301531124059,0.7912038716082163,-0.046942390858093805,-1.4852712843889557,-1.3543702749941973,-1.418729296928996,0.38971777439430155,0.8286921756395047,1.1449916728463154,0.5448920225003985,-0.31691102976349717,0.32712348105722183,-0.7584457226966503,1.2357641494803357,-1.1241775057981054,0.3265207970868664,0.7956431663914473,-0.3658443502249532,-0.46258250399600476,-0.12023094898275798,0.41893641878797344,0.6642193188783179,0.6321700178922061,0.15017718948064032,0.3666278126892954,-0.061952755961343774,0.9254465750977139,-0.2729573326045956,2.11720929686346,0.563455526286578,-0.2163886657484149,0.3804878592731772,2.5410204165549826,-1.381432357417437,-1.3240742711767475,-0.8578193023311488,0.7542066984595759,-0.22663493617587982,1.7436355304081643,0.7977969173691126,-0.1362280108429337,-0.0010050214816206748,-0.34856882524081717,-0.46380393562254263,-0.4739207205030994,0.6363060256035376,1.5044171380437834,-1.00546572198001
1.1727900408210967,1.3331303480441747,0.9234584593948703,1.1504756634556879,-0.3201277004643992,-0.2681712493479152,1.5485511067750504,0.1976991299576188,0.8084891691788535,-0.21586052213249882,0.014929449639314462,-1.6257686739438606,-1.02117918043256,2.597521374089818,-0.20979715759206183,-0.29190909852463287,0.6449151780549112,-1.432480365797959,-0.2566203510704329,-1.3295715626510285,-1.1400248834537752,1.5756583819011785,2.1920423195206458,1.450439881898641,-0.2701633556747152,0.9551891360995847,-0.21940939009290897,1.7694486224209107,0.2972021191519194,-0.6247325713137453,0.4813058025929272,0.23251125299198724,0.14303043685305558,-0.20303866787239416,-0.22034396378951582,0.09612740972679003,0.3956021794181199,-0.0846703057939933,1.9637240976945085,1.6174390323344483,0.6398229375108905,0.8024054412972411,0.15847549276148162,0.2940406299790052,0.48503785567334895,-0.7843640633229636,-1.2169006011539683,0.5015775319862135,0.6217167678380572,-1.7989423738958625
0.18325435231534562,-1.1365963396954573,-0.5917896526368311,-0.12962993929765793,0.623040239564664,-0.15582751990949492,-1.59399712104408,-0.703675308414237,-0.08597662297221909,1.1378915401936913,0.40988294032963296,1.4389492536138493,0.18229489538857885,-0.107331573093432,-0.873546779757788,0.810703386578388,-0.9242653973935947,1.1714213443839252,1.084897003423671,-0.16784589663186328,0.16054879675657063,0.7135385423417958,-1.03150798626255,1.1986471935118528,1.6602440404334111,0.5543067892163372,0.041995164793615605,2.7735170363802055,0.40178733182230086,0.006668097386844338,0.8416467023227632,1.517029350004771,-2.0426058890039434,-0.024017268846501433,0.9594391377213694,-1.563545797642714,-1.0875861018202957,0.14987870221928407,1.879067823963473,-2.007964477657802,0.16884439151727498,-0.01439457737929928,-0.6213414302110174,0.2528558294145838,-1.070790061213574,-1.9605201076221204,-0.10711060747196077,0.6732464364712871,-1.0390034450945673,1.426684791796415
0.4686228465391876,-0.614549376249948,0.5282932485342474,-1.6177329660076003,-0.0064346630145905095,2.6661171353375757,-1.5295665665368674,-0.9725584409126768,0.3346986671213009,-0.5337184014671861,0.19829505154719806,-0.3606538691928663,0.38211055449947795,1.0308179129379245,2.160724219716481,-0.639258837048165,1.0763795639921865,-0.3394584255391207,-0.9177170717375119,-0.7723134853596597,0.28322909559112935,0.4772039461804759,1.0458193702800171,-0.243097445225705,1.572413713046182,-0.818469074546804,-0.6114960893912257,-1.1198720444221888,0.45160058170820117,0.14111110810056873,-0.6819714065745939,-0.33262123727072923,-0.2642584772766945,0.947738233844846,-0.39454674461125605,0.8096854548441689,0.6400696758813798,-0.22865976605151453,-1.2805325197812136,0.8926259415029607,-0.38430073823930533,0.37422396472049835,0.18791337916833534,-1.9961964942362966,-0.15918370220235106,1.4729343686681018,1.2802044594154147,-1.801934844754708,-0.0678980009146324,0.5167784587026096
-0.22717961358909364,2.152731716853496,0.38840578195991354,-2.0958877195130543,0.22092598301950803,-0.8168931042720852,0.868533463386681,-1.200918532349422,-0.8421977429575287,-0.3649762180455616,0.22921564000724212,-0.40893444162309,1.1183451833637013,-0.1955256095788185,-0.143566890318867,-0.3602405465621489,-0.3250573825298014,0.565010509477341,-1.3933581937404187,-1.4351517721235305,0.9377905550238008,0.2412242067060962,0.5972065806030411,1.0928663329302997,-0.09365661610230085,-1.519673434389835,-1.859080672130931,0.008887704242297451,2.7988596193844573,0.9671020745696682,0.6539300944148478,0.6855163918553454,-0.5794882254917647,2.261115111537871,-0.8696335621451768,-1.0609100847677815,0.14483391114728017,-0.2951001966716771,1.3499194252597762,0.34222628327977617,-1.043400146122831,0.07963700242585683,-0.09213946961645737,0.037997613284616226,-2.042725822660576,-1.1259021785670658,-0.7827353847114272,-0.3089752146018579,-0.08452259482572214,0.6880458375162157
-0.6372184523482388,0.1501417217705164,0.6383386254972829,0.1800869078229398,0.026842430567022162,-0.9301280354932909,0.8740621906194759,0.04208556541018267,0.058827911760208865,-1.034338733678312,-0.712184393787536,0.3444591622636338,0.5135550674081443,-0.19682510764987174,-0.580119668742566,1.5633821663447631,-0.44708686824090016,0.7557263847862419,-0.7869509377364419,1.8638158661584394,0.8600613566020666,-0.9576609275131726,-0.9770752602727237,1.3797319874505547,-1.8415525727421218,-1.361949121973804,-1.468863419374497,-0.7953283272247655,-1.0822105872592944,0.9413973832671264,1.3967843958473427,-1.6410294568094101,0.45853545942247853,-0.7825459691581576,-0.8599986677220577,-0.4497370652145488,0.13724457575969853,0.4420590995549755,-0.0165281182481367,0.5140883090651546,-1.875233178144962,-0.4212040266528937,0.8841407036937705,0.5621670429990686,1.7737806768973101,-0.5963468100392134,-0.9371499614083001,0.5489134922795281,0.829834459390587,0.6529467921601905
0.048155702172150816,-0.9479239181959223,0.6234401629493681,0.8318550920529415,-0.4011095383839271,-0.837682075844535,-0.6720975286024271,-1.4494511794191347,0.08948118672617238,0.5944361586283479,1.7333358285897391,-0.4631700492088697,0.4530223801264837,-0.08272657539633015,-0.07161737276973651,-0.2686706656712512,0.14614290144843747,-1.7376238320191464,0.1439589678591348,1.7966067244980295,0.1749951128706383,2.530371259552246,-0.26092611605568844,0.5069653769942603,0.6776272012944038,0.8581849051335875,-1.361174864355115,1.4007042532781337,1.034834810034497,-0.9539670587071288,1.057658167473093,0.3499454099658004,-2.4634374056822015,0.10637964212607938,1.8028764033178015,-0.6063232868980213,-2.4666188215841984,-0.40899466480781066,0.23716597503026446,1.412327198817631,0.02671428935226652,-0.773075596006698,-0.13000633700090367,-0.01540530605290817,-0.46130636589166163,0.0922345079546558,-0.6842252468018084,-0.09472164730436547,1.0287694150856923,-1.9964081733226817
-0.9340130678229968,0.8842422835234663,-1.5491553271054703,1.1473343483524236,1.2137558562299693,-0.43888207050047634,1.3323985580139022,-0.025439756754840913,0.5444251514540717,-1.4422643518119629,-1.6838988377978474,-0.012922578887650181,1.078101053801181,-1.693928644611292,-0.23441315173938687,0.05346101416594669,0.014043798298192162,-0.21572319520101452,0.7456420388505905,0.8123839617152903,1.29295356366185,-1.9933172445663885,-1.5551227580973765,-0.11092513716029853,-0.45138701430291,0.8418407003797401,-0.02558379406740762,-1.7999127655716338,0.3990966856572483,-0.37044859703976124,-1.2108870986260314,-1.0450169737829624,1.2617028918158097,-1.8151046410550107,0.26627955905901146,-0.022020394395467602,1.3234267459940643,0.5994254618042355,-1.5190408869170418,-1.2440675662058025,-0.014880898282231379,-1.189088288069418,-0.2634969167413444,0.3641969735853028,1.1505711797961298,0.14638305438559848,0.43470746133182986,0.38115771881743643,-0.3991458180553567,0.5339257961601366
0.38405282399087387,-0.18724001373740656,0.7954808667104684,0.40330953341203407,-0.2946457252431868,-0.43672371798776644,-1.110700860519191,-0.6301339688500353,-0.21493272802034813,0.43338598913400156,-0.3317967469923824,-1.2157167130152666,-2.06920324818804,0.5274094029965624,0.9746790186394493,-0.6282026049306217,1.2536338364899577,-0.6300849118793124,-0.41202483180748223,-1.047102405127594,0.7873589274915953,-0.1899879596765398,-0.11324968870454433,-1.1541427008692333,0.7090136506704533,0.25698297482916116,1.383729096199286,-0.20073332532828594,-0.7688178381044461,0.1730250945173987,0.3955824945892743,-0.6912578003216032,1.233786227762431,0.4848100986629916,0.05376413955652692,1.2352922223968195,0.9730019760825556,0.4268527054812526,0.32193850021495357,0.7290243623949705,1.4861699523421812,1.3761595587203455,0.15334149416281753,-0.8858586386714423,0.3219381569036619,0.7913383203781384,0.7644113846799608,-1.057237544075666,-0.06607872440278499,-0.7676018894125375
-0.07170740301871305,-0.7615860522021837,-0.5364004780357783,-0.9257371161905894,-0.5932443206752094,0.6285670928789449,-0.8321886441527087,-1.5667015930248924,1.0249116889271361,0.31689238784379553,1.1690516187060545,-0.20348827575032966,0.384349957504833,-0.38949164695762284,1.0243363830852832,-2.8913244141270296,-0.0619907201150232,-0.6140176100805745,0.6432946035901201,0.9561325169406143,-0.25409418712013715,-0.3996934833816251,1.068373461581606,-0.9127186048166109,0.8704873963011518,0.4532878370722216,0.39464787996234024,-0.1294322210552321,0.5843623640634912,-0.20951231965667808,-0.8453017632302661,0.009064201529955431,-0.018275634891648934,-0.36112487515394875,0.770617294395957,0.5730555727418056,-1.041886826912874,-1.0928286487909262,1.7624096368332356,-0.6718790902425442,-0.07230079428404465,-1.169181243002848,-1.6391275661058733,-1.5007778530212295,-0.22639196489096866,-1.257724698296094,1.1348106636160802,-1.6658288893420024,-0.5299119473652077,0.15856509464775312
0.5710446036806951,-1.453451106579773,-0.860722700308827,0.49846569736947866,0.0641747297309562,1.380848462872132,-0.5092417916424105,0.516461288542616,0.42773732667003195,-0.12035358878313507,0.5904258029934042,-1.043414921644054,-0.7204515342934503,-1.3903700908984387,0.90858469730914,-0.8473460367347383,0.7503219596013373,-2.0944009366558896,0.9364949109099662,0.19467753298168694,0.8977492428774188,2.4780850320308345,0.26986376355276803,-0.42771926325738213,0.26616794807203986,0.25282911529619967,-0.10754453962718918,0.7955148378484465,-1.1116527694182001,-0.5491280358298659,-0.6251634952147501,-0.7673831733935248,-1.6919183213569724,0.977447328312613,-0.33031385402980523,1.1217596598671593,0.21295231404109094,1.148161221040927,-0.1371203843942667,1.6537626532907679,-1.0219066814331303,-0.5873785728305362,-0.3272123538961248,-0.33230362931224705,0.8362708294130613,-0.5093908747458367,1.1757234804799588,-0.6643082257490328,-0.16021623810200902,-2.0168649650388626
0.0015037061464842172,1.1515939409946598,-0.7643369659565081,1.2574439158812452,1.3759243390535818,-1.4105331189588184,2.6652771735037266,0.18785504269861292,0.3279662701079712,1.2304177100814382,-0.18949841601399592,1.050251929539651,-0.19098072147695275,-1.3851762332349793,-1.261252621072696,0.21235797019104985,-1.359107820626212,-1.1401007951728925,0.9113196475825869,-1.133659880452607,0.3301795024244945,1.148104253847701,0.6868748826357667,1.18990237564961,-0.8638086117161031,-0.36779669430300305,0.623768116735451,0.21311264585742398,-0.9089995977806464,-0.4898750849595187,0.6050361833415311,0.2097945579335937,-0.8705099569321179,0.36035215177617697,0.13335715921036284,-0.8864884248248939,0.2730320932312382,0.25088208558540975,0.43496467879417167,0.6554922800270759,0.6698883648257132,0.002840148333088796,-0.17854019950133454,1.4193308215722,0.9742609065684786,0.5304800972623794,-0.7431512524943633,1.167000811019371,0.6473909846494361,-0.8414173595336758
0.11592527142087539,-0.4331782586945169,-0.5042349675352864,-0.5174527926010063,-0.9797577535184623,-0.6024551829627376,-0.7436042126189543,-1.0351193528456593,0.8641290138955284,1.6864594157896289,0.15230389994995266,0.22533343754462135,1.0143617169174908,0.9173059072263103,-0.1692926027844661,-0.6183218496672783,-0.8583571838191593,0.7478859272922109,-0.10295820770185084,1.992726093465303,-0.48315211873648817,-0.39400781080585046,-0.3750650001411996,-0.35301158963045753,1.4847451825504545,0.5317818034372438,-0.5664894221632737,0.6431870774023156,0.3456001412756573,0.22198620943082428,0.5506949750557736,1.924884872936714,0.43499140102951755,-1.1435507565531133,-0.937454647579674,0.13330087638200575,-1.3348242736310378,-1.6178419104624095,0.44911981255318534,0.61777608712093,-0.010527267402215679,-1.3518081248942106,-1.8019529388637756,-0.3131861499355062,-1.0112502409549493,-0.6826760598536467,0.4027842787345582,-0.49960693468216294,-0.11941685100085535,0.6786712323006592
-0.9343846333799989,1.0028206931508112,-0.10963827875421543,-1.0284637097957865,1.6317297388682332,1.3186431526211742,0.7463094021435921,-0.34711223515317685,-1.2815836916781442,-0.9464003280387006,-0.8578684816672715,-1.314687168735441,-0.08424539056417134,0.5161159359932029,0.7848120329703804,-1.5385306670149232,1.281213049128105,-1.952830982539831,0.030419840761832,-0.48160721988775734,3.54829588524578,1.1231851195470983,0.6750259180244169,1.1028034336733108,-1.413192021623154,-1.7917906044540401,-1.213508483272664,-0.010198890533120905,0.02214343143465205,-0.2929095559848514,-0.21149429734218736,-0.7167563727793403,-2.0888242762468527,2.4804168216447318,-0.627764095619854,1.4229193636376036,0.8173405650591777,1.77914866211425,-0.8983156040038279,1.4975572225265943,-1.4691141354531043,0.557191985775782,1.310606023501313,0.5129037300384238,-0.9455408648366169,1.2830515550803911,0.26922535693356986,-1.2144712261374155,0.6406611451867296,-1.7539216482978075
1.3688773603231945,-0.5309704855201606,0.7794189398643651,0.03652718464658117,-2.346056671258952,0.9617681435749864,-0.43562435127890115,1.5124176574703203,-1.4016052543200856,-0.5073314901024598,-0.3247757789578831,0.15024225059725213,-0.08328612583225707,0.27573423169537614,-0.2870461713265671,0.9288737994856463,0.28835281290080567,-0.6345663274983002,-0.4774157927228408,-0.6581695699248724,1.0531312183039225,0.8216853518797201,-1.020461841453037,0.34192534066957886,-0.01521262230651047,-0.1798974898075001,-1.6276677874121692,-1.538483473249641,1.249044955427809,0.6871148063657638,-0.9257218947397596,-0.23791560656055596,-0.13346836056972117,-2.4729712960511234,-0.4286732891909905,0.5421639078056538,0.39529078250060096,0.42070516872147,-1.2559234893362432,0.896528174323777,-0.5489983132970456,-1.9475758284724793,-0.05401573958434516,1.0988389755535009,-2.164099063305154,1.2095402016456949,-0.2363629669790023,0.8584789124702391,-0.20987139385818085,0.20039296031458623
-0.01311368668587226,-0.13560449577819186,0.33235919764729177,1.3719548740843928,-0.25948374928363166,-0.44271058934542984,0.9517249552973875,0.8979362601237906,-0.8012284731807376,0.6290197717831968,-0.3775445026875213,0.5458636635107985,0.1778873588748356,0.0816869464765276,-0.8663813829844683,0.7589267569718814,0.41893402500390603,-0.9666075265561833,1.0510841910118096,-0.4600615961673776,-0.07346419827633185,-0.1011023676909466,-0.19534062510624825,0.18425596232945424,-0.6079697669504873,0.25270538699541023,0.6238460647645766,-0.8571567780171381,-0.5626469357826451,0.47681910639568714,0.1614822080192324,0.06950524505882222,0.25417102414651505,-0.15834964721853564,0.36422763353374427,0.08939905393460983,-0.2630005303350742,0.4294012473522359,0.6731587899044917,0.005634811191657221,0.31834120651103726,1.6812681744390332,0.7937577253587403,1.1880827052895109,0.46209640432184124,-1.083595033100361,-1.0226024683851331,0.5713925693397334,0.10112814487860043,-0.4605352239964356
-1.3137440065034092,0.7064523676309745,0.7144339916998129,-1.1530409038235205,0.7487896445865957,-1.4490497734875485,1.4165632131520263,-0.31736263532638814,-0.8986717254701085,0.41404924665818466,-1.0347229892414653,-0.11122606588963045,1.1178337403144818,1.0542672472917773,-0.17293140361274562,-0.6158481111296338,0.26841942240923367,-0.06256098932754349,0.20590328968892171,0.3908812096291073,-0.92331795885688,-0.3288856855203293,0.44062382857050036,0.6284705443907171,-1.3448494487094265,-1.1804519840057723,0.5684161867170567,0.014275808017779279,-0.8290611164490266,-0.4963000404600157,0.9294231961463563,0.6348630362610692,1.2693094296759004,1.505065301305459,-1.2046337111565188,-0.3894422689225007,1.0666565490154054,-0.7949072061311862,0.1822450417457473,0.22646434793244305,-0.3938897345991354,0.7107259218492264,0.4446994422632434,0.7104597973599439,-0.3089608942992607,0.05581141195902935,-1.0664952126222191,0.15185232534412446,0.9217250208240849,0.7689911565369507
-1.1956537705230799,-0.37422813232281216,-0.6646484752630174,-1.6384388231073364,0.15026739444259452,0.17222877939318607,-0.14511606325329146,0.6251142159371627,-0.49608013992339456,-0.37785187968458844,0.03736557012420379,-1.1369478369720756,-1.0207785881224236,0.10868948723243681,0.8041881488580422,-0.8031311292129473,1.1872081657015368,-1.3786741347645874,0.5079663575616167,0.5572900505305798,0.4430568233941724,0.9834483072236155,1.525679780111895,-0.6678999359639678,-0.025079129660648354,-0.1580212595568233,-0.9131965168204313,-0.24886533047694362,-0.39316614064252353,0.010087560873714888,-1.7924686978689834,0.1581742894179692,-0.5944169943449558,-0.7923772686698174,-0.44345110879608807,1.8210513421773515,0.8337397254034146,0.15227798360046188,1.5681761514192263,1.1267534881497399,-0.8434900063611995,-0.75497192371255,-0.8066099262677765,-1.0678617015290934,0.1874656024429588,-1.120906303211051,0.4266148215146981,-1.150212224040208,-1.4143479964337717,0.10803629836465714
-0.2557926860774924,0.4443067334255614,-1.3973016080657463,-0.39080556943518735,-0.046395335571742316,-0.4367298775145763,1.2643005793971431,1.0968650844295298,-0.9199287337566369,-0.34499594669550726,-0.3140272279684947,-0.8602121356316773,-0.06977627659692685,-0.4751013452956916,-0.7000829584598391,0.056779236422053896,0.49969621217483134,-2.330470945696581,1.0451287191981378,-1.348892411111862,-0.1307790379504772,0.720359649805833,0.5492091570046241,1.3301420918116562,-1.3608950388108008,-0.41415756053227515,-0.2236153188544179,-0.9028222613123409,-0.5725406827251008,-0.7698891632282238,-0.6892245370110146,-0.1517630450377378,0.16868938786523005,0.3684333485312714,-1.5768507714690467,0.8507309479785469,0.058088586099665954,0.5521224100521979,-1.7086400565072108,1.7370978017937233,-0.40950068351546914,-0.9814544166420218,0.897757120797519,0.7290219965132423,0.8613352418781177,0.1709475332807922,-0.00397350830195268,0.24488965427354728,0.6899574327174781,-1.941284273358421
0.3543129830258187,-0.4175719053384988,0.2459175680249123,1.8663169533958346,-1.1464746883666326,0.26966895347938813,-0.5302552368899441,1.4548761896567757,0.04992200970495398,0.9705348798069492,-0.9029735589013018,0.0857143638650899,-1.085610495844832,-1.5689836341790255,-0.6946425496264925,1.1135044729857473,0.4194876341932608,-0.2058621081473019,-0.07126095554338277,0.31691446159947084,0.3029026358564534,-0.2567107203732778,-1.24452741299634,0.22109120406062147,-0.31114473560390904,0.6375127270313828,0.20264112000010323,-0.5615341036938925,0.23077404106935356,-0.3190479281554513,0.21307663002143198,-0.24026956969142083,-0.2232373477938761,-2.7135196610610532,0.42090629607411206,-0.2682550979199057,0.11236891204850426,1.4457650377771358,-1.4635771619424964,-0.26659799991001615,0.37189328107785846,-0.7449725074022234,1.1945597725317902,1.3120712341652159,-0.11411192333058748,1.9911700997178152,-1.0061102382471998,1.1016200440744846,0.861277253947393,0.7873010904415312
0.38035564421366735,0.5986384695290262,0.04110558153777622,0.39708292259568134,-0.5352823842818426,-0.4694651609829725,0.5219214070194745,-0.18082352540076502,-0.3882007150491419,0.3342899235552931,0.06778451001272379,-0.6053908965051966,1.3882563203022618,1.1670351050321492,0.8042560783864987,-0.35114434789498633,1.2891346246172226,-0.20804386230038288,-0.17313043041055365,-1.1334234042190003,-1.7045395558428031,0.26569305278286254,1.1403594091085578,0.01746733419061867,0.3129176006773703,0.8110872861972603,0.3729275040937585,-0.6470432731836527,-0.49073428034993427,0.22711228645319484,0.4022130542105414,0.6084606943774629,0.9800700051148289,1.362731775007417,0.26361176281723414,-0.09244267925580735,0.6847610348377211,-1.4351968260423626,-1.0828631453898097,1.2614028058650395,0.4506699456529323,0.13748094430318072,-0.5312370138693887,0.25903124987504034,0.18593413212885837,-0.14798100252476054,-0.06440572847250423,-0.32070808848805105,0.388140571569923,-0.5351607424595132
-1.716785751106115,-0.35714297098222453,0.11247244281079564,1.7489311614825513,-0.7771372018836211,0.7921651396826735,-0.38465571617028294,-0.505073089008636,0.5748997823438016,-1.1346158988448773,-1.1940230182733451,0.10299998931685167,-0.04996735274554108,1.1131629717259035,0.1963910716041233,-0.08503146274970484,-0.6278510413055228,0.569629306617266,-0.7883278461770773,0.572126709754943,0.6663665951488044,-0.7345666437570918,-0.8750773456029296,0.04358603515401076,-0.8591142306440513,0.6439042122346295,-0.5007235163734816,-1.1499467847878706,-0.4737122028592982,0.26836222323889175,-0.007456765327950502,-1.2741124984240297,0.3356821591379875,0.6336955165823378,0.3829226347331628,0.03778474546814959,0.6735660910513177,0.8533383894860415,-0.3016759670374141,-0.5056014489583635,-0.9486641719633597,-0.8450441596244629,-0.19560342827364152,-0.06939741533344662,0.7293330905319656,-0.3222851112691394,0.29342310400324967,0.5662144840606717,0.8961756690422326,-0.9148896766051579
0.17595484471028172,0.015270811438044627,0.16050646965313467,-0.13908687803003894,1.446948109706052,-0.8843065214866395,0.10964766595581645,0.1286381505182877,-0.3011063702258567,-2.2999515697866904,1.0093003607350315,1.8058497477580016,0.7762724689518445,-0.5902840673730523,0.14684328639599983,-0.08960593413498551,-0.7691949589765112,1.2132992996660255,0.034114699262626474,-0.17806075589346618,0.4665532751277918,1.0207657651254807,-0.050587419675977456,-0.16435367745985158,-1.4652609081689603,-0.4838213918538123,-1.0261415137999752,1.2030308470457571,1.010135030465415,1.1069253578315223,-0.29078247304907745,-1.0450687426622258,-1.6303914977232774,-0.45699471119867185,-0.35473535308618087,-1.7864625720304834,-1.109013821674553,0.2492052226022369,1.238596562822827,-0.46685495039232594,-1.6540055602895334,1.3044421408503806,0.8389765450587047,0.09405169327716824,-1.8819263656795793,-1.4396594721731393,-0.6051300441572555,0.1680538252895403,0.24785012634740128,-0.7088810327248996
1.772746352485226,-1.532224804297489,-0.09029482220298896,0.14568857113996528,-0.00020908989558875404,0.16135369258930302,-1.3349323787981688,-0.1992135663628195,-0.485407672930384,-0.48854986934681877,0.8006364495190101,0.07230945159330457,0.9652911148484036,-0.13359798681732676,1.1852640467439477,0.566928796279363,0.07481700319857701,0.08100998735717405,0.7592945988723853,-0.1594866482401776,-0.8706038442484013,0.9177665249630724,0.5791659134776834,0.9140999792253943,-0.2184999875319429,0.4379264540253596,0.20350987468470996,1.238260067453228,-0.5068251130558178,0.4306374270105822,-0.11259712441381092,-0.5945045872081539,-0.5480573114939474,0.11867720910614635,-1.282988916739818,0.2812685916852955,-0.9067583311063447,-0.18988164123389153,0.33130848275761726,0.8679164831603621,0.3046966688847732,-0.37653377953221767,0.44011721482258376,0.06312344975829778,0.4587325832012544,-0.2897285575554258,-0.4449676145349955,-0.7001879746389268,0.6386271218258999,0.4463742478718381
2.0957452566932675,-0.37848781873997617,1.309031214148169,1.505124845768917,-0.978623761233957,-1.5320208850450714,-0.49816973124698366,-0.7730080258164111,1.5423949859334125,0.8128748032998407,0.49160637776341787,-0.6234257920989036,0.24270944763900482,0.6462098829779381,-1.5992763624347857,0.6859227746140173,0.6400333843461538,-0.4677597844664866,-0.3731371818709187,0.09836656008773827,0.13751032507126942,2.581091453499159,-1.0180479281089174,1.4889431909015953,-1.5340336816156217,2.0748257611783436,0.4917519312545715,1.2563363340539568,0.07979637476677937,0.23482340013742212,2.4149193509213136,0.6414815135760561,-1.8421624701248205,-1.0606758324138195,0.5454477826058848,-0.12399092780703562,-1.0448993882312207,0.26747059644613047,0.02408221140363459,1.4672222984910108,-0.34017422549886545,0.8475696709204398,1.1913520314733201,0.2881612541507231,-0.7474588549608601,-0.10126536585590867,-1.5137935803332103,0.6733587745784295,2.1525385872513367,0.06818483303813748
-1.5155495062206763,-1.383818174084102,1.3081798004596321,-0.7044408203525131,0.39546647404848034,-0.5340051685992554,-1.9120530228691002,-0.9716236193557265,0.8596480207077324,-0.671238221019502,1.5564657214805817,-0.5432898781420373,1.6534211233099867,1.5869207854416705,0.7939664060630955,-0.7741352105740026,1.070894786255244,0.3448518087521927,-0.7509954935631366,0.2548021018305822,-0.02325161108147107,0.15696888641310494,-0.14667844076449743,-0.8976693925050089,-0.08065987517568846,-0.45652870440257376,-0.5448862916390214,1.4849582631221092,0.8911378600993447,-0.5330745469860617,0.0218958169153868,-1.4044109078624343,-1.138681321809921,0.13014235442736946,0.8016826386592397,0.7516382420850685,-0.839623086098106,-1.1615492583930274,1.6479654184190997,0.5455603439810166,0.12168275643115277,0.2546771609599609,-0.9132358389921726,-1.4020102481984418,-0.7097969372234864,-0.4651943494473742,-0.32097546381067027,-1.0571859819623013,-1.1121593678004797,0.9736568369285689
-0.24203815257110664,-1.0916746680254892,0.4884577211464243,0.8435858995266804,-1.0656892798555915,0.5289087538174377,-0.6679689304739599,0.9876444778906883,0.05868849471686349,0.7937871990720052,-0.5352928489974056,-0.5288648297197727,-0.047285129767396135,0.3443011651415083,-0.13402169970753136,1.2826847650584452,1.490671700338408,0.8194704154864465,0.40175361935964604,1.4040476810553661,0.5239918888313807,1.1007086042634664,-0.6966300695509912,0.2608110649588544,-1.5730850368714215,1.0991959479597617,1.6957678837426269,0.5695856808002201,-0.5860987861067479,-0.058577499752461515,-0.25608156697357104,0.5567882025371933,-0.21259961211848447,0.05776869389552687,2.91466299733614,1.011078063517205,-0.1523953446921416,1.321515291197227,-0.07721748186775676,0.4679243747909896,1.0538308186203504,-0.6333803571356974,0.2477590947954599,-0.2249540597341265,-0.14301789309561697,-0.10033588385570459,-0.634253145332005,0.5018405650340791,-0.01282674176957327,0.7236522428538005
0.1410989854514982,-1.525615728709867,-0.2771315063482118,-0.974302405243823,0.36599646194649443,1.1282206759254942,-0.9686293775189769,1.334768216039953,-0.9090042895249206,-0.26247902550684565,0.2856966025425837,-0.21276835277289974,1.1393686512331664,0.5864817781680496,-0.11262447177932429,0.007839063456764375,0.6026548023097692,1.6543047856228505,0.2492699385601061,0.5214148176060568,-0.10713564349412717,-0.60193629640821,0.06343333401964513,0.2564663605535381,0.5419617142943041,-0.4488659843077467,0.5924884580326455,-0.5187584658513369,-0.5375494909131334,0.10675968772383194,0.3915893228502611,-0.4880018424559785,0.25445186763238653,-0.7067685662787359,-0.11376677425689338,-0.3100184485845177,0.07069131301654234,1.0358417969590448,-1.2980813245877167,-0.17613990936382776,-0.2761368464482622,-0.020675223420538444,1.5593315337325468,-0.266621824524768,1.1849948253467721,0.4047607413437736,0.16868590196454816,0.11373466261036912,0.22216921310267362,-0.40943133967789613
-0.30509033649063844,0.3970118576594709,0.7462268732458508,0.8695313207029769,-0.2672689409865288,-0.7642276046959936,0.3035461720342233,1.8624878376523832,-1.0760986351856017,0.31859324680322876,-1.713133741624769,-0.11121496955566193,-0.201480644838779,-0.36700628373829175,0.3544624822744707,0.889561390190501,1.3363569843031944,-0.535278135766229,-0.19052372471576515,1.0925800177124663,0.8289744314688169,0.5596760951082609,-0.09402607662915932,0.6460738817908686,0.3961118540770433,-0.2010000010576002,0.4626905946549869,-1.3527521283371935,-1.1252299760636435,0.3145997810381991,-0.28954084189522145,0.007017203594842815,-0.5052381192818274,0.8389327393102983,1.236429682493438,1.3771597108768594,0.4933387997327863,1.9575328702192334,-0.5656471866153867,1.9392349272897018,0.1833155307476797,0.348080167159626,1.8820709852172768,1.058034707533228,0.05013430939155248,0.27389316161986504,-1.1748086049224968,0.28750706275534105,0.2858490307249034,-0.013525548337376873
-0.47190550007335036,1.3041224689695532,0.317747876416671,-0.36975482510925695,1.3602766992235826,-0.3027983207858333,0.5214964243475608,-0.8571089637902932,0.9853591995092432,-0.2473976700760926,-0.24495374473078377,0.35361794548101555,-0.37402174054647136,1.245468275509475,0.2192757197569331,-0.15014053083338116,-0.0887821450377364,0.12409878836881492,-0.8990639669744153,-0.36717687769971646,-0.7897700237519918,0.4392957430308867,-0.11953041223861577,-0.36049790716452884,-1.175209007686982,-0.7691783810562214,-0.9949330082267949,1.0595790411412644,-2.110046059443375,1.4487541396385322,-0.18959072381808553,-0.4270844785548875,-1.0645753482267357,0.08501653946817186,-1.3532659133951022,0.027029203005227,0.17818476864486574,-1.1122127385927243,1.0924368969472613,-0.9396054919946375,-1.8587440541697895,-0.4587841894184964,-0.9951577974169232,-0.390703152030297,1.278780913933325,-0.891996062036003,0.0780567077060892,-0.5735556698713056,-0.7488144198271065,1.7149567180402283
0.5281894177154894,-0.6675788164307256,-1.2165075173466189,1.4125796735778573,-1.0812423926997672,-0.2994862643707112,0.9167082812690923,1.4184231685623914,-1.136500516567132,0.12122386647174994,-0.8935868286544589,1.551334045720787,0.7301508407026946,-1.5248245179763755,-1.2120350267420048,1.3946025692318493,-1.2264623753175412,0.8796071485440531,0.7017653202359306,-0.5198039591046341,0.2634938887468184,-1.0528224567584021,-1.224761590971151,0.8016949050026227,-0.15632189375558297,0.4506397082906997,0.0525789534259559,-2.544569203857447,-1.409020268905067,-0.20125073492971257,-0.6701064189647484,-1.0417710133480569,1.0687476085918661,-1.4073341879516734,-0.42200267229386135,-1.0794814863525664,-0.05695891615241842,1.979754702766742,-0.9370251049572546,-0.857724359446911,-0.7072971991024777,-1.2234292987839162,1.3538854374974383,1.5759007545116526,1.1521300791951248,0.44426382992526703,-1.0881732501761925,1.5111858754205667,0.3617051929040059,0.36548323893133783
-1.7887325531595135,1.3778628199947751,0.6566722354438398,0.06462247690691399,0.4814849763856778,0.6929330695271827,1.047290492136366,1.2173926809837612,-1.2006607716058644,0.7008755674106233,-2.3015416687955557,0.7804560021773761,-0.07673683659105901,0.21292275579529696,-1.4148019535043055,2.392324688595838,-1.5400299942748286,1.3064535410720037,-1.7273458274981994,-0.4832133914918922,-0.12252876572370434,-1.7538802436032113,-0.20398584426522334,0.956175971141244,1.009211622312638,-1.340850428760579,-0.354977178010692,0.07947115165391727,-0.28272698275801617,-0.1336989775117952,0.3148409781189211,0.7602702543755067,1.9228222689676377,1.1126155747314275,-0.14427486725197544,-0.6373396999860338,2.4780652187945535,1.103770913776491,0.22805376749694706,-0.5359225766537328,-0.12620970549817914,-0.054960290882828354,0.9372315833289491,1.2635739555266625,-0.3094873816531871,-0.41843155904831375,-0.9720519431341702,1.4510022409588617,0.16397296665527955,-0.3002134868099374
0.09881114322358643,-0.015252128457515212,1.282054933870253,0.8082658708447447,-0.8441023013365803,0.4582755597563341,-2.1182405147686603,0.005285792014647569,0.15565611420931819,-1.0910657885478672,-0.21473667165871577,-0.5956773686064766,-0.2874724494360411,-0.47174276169512835,0.5177826484670015,-1.5742073583590046,1.702259276440322,-0.6540172552697148,-1.681166421894989,-1.6706539539985226,0.631857931694367,-0.037410391763997415,1.038374373533571,-1.67958822625147,-0.9575782181838205,1.0520382271733317,0.12427364563643771,0.3603385039012154,0.09794966018923265,0.5121032135608058,-0.0005717174768753515,-0.7767867375538067,0.9166437155743674,-0.001247581237606846,-1.2134984985031596,1.6843092983060108,0.4313611993272917,0.06339943646801985,0.26264260468613315,0.6927170476935178,-1.3193114859571788,0.14998217535071492,-1.0030788437053977,-0.4441173347579361,0.31850709927145676,0.8959817432903783,0.476889581885235,-0.9707038917308579,0.29485425742770033,-1.9213834195713104
2.422070943054184,-1.1866447968237654,-1.1937838285162952,-0.5932636655276219,0.4765952740513837,0.24136906953767695,0.9042122447781519,1.3955816635763103,-1.2437929795011173,2.883345078836091,0.6913068175731504,0.24285522389220393,-1.117975571331989,0.2942870477917423,-1.5920122747154248,1.0041822805300546,-1.1661266503912049,-0.17269316944033622,1.9508280808690375,-0.2534470859096934,-1.3416476484490232,-0.142908778629541,-0.5072561422285334,1.594037750282943,-1.5574911736303043,-1.6284016927173408,3.1519778049862044,-0.8100472051146522,-0.5351782252937517,-1.3141300431441871,0.017001139660895594,1.5984725859028481,0.5443488636914129,-0.2670090002132279,1.6556057419918193,-0.6497967643711035,-1.602357491753807,1.3456323528231267,-2.3131041048711705,-0.060830493146132626,3.196880570015466,-0.13467890535809413,2.119009322791711,1.7954632691473071,-0.03881251173539017,0.6239113031257016,-0.34093624050293353,1.7506934442724333,-0.38076023220004696,0.9732533297977267
-0.5392996626826474,-0.39068950763908517,-1.665787573087435,-2.4623742977508276,0.6333016862971115,-0.22947463494205267,-0.3660056096703257,-0.7185702202310196,-0.17310752478757013,0.8167950628991232,0.28235063599288823,-1.1729034423199187,-0.45096666288562287,-0.4385615754605242,0.37648644092588435,-1.4593991827488522,0.7292945015825173,0.42580506954761604,0.5278665651188046,0.007282464679156467,-1.4444202914743474,-0.7934921631319776,1.4551180423967196,-1.0984867861548375,0.8070366167874146,-0.6986697743094865,0.7481880461762078,0.7209657068674407,-0.23950421144387055,0.652486419623048,-1.4036021385538937,0.3756324749240343,0.4539932605910722,-0.11097447881753499,0.25769546154746276,1.6719805079678878,-0.13654050007545718,-1.1692182496084902,-0.6185695753481255,0.5859840540727593,0.15245133756355608,0.36576905290685247,-0.5806901738298278,-1.7336106845101331,-0.35631229190617064,-0.4208908054788772,1.2136240340025293,-1.6933795363767417,-0.3874263344222727,-0.20029893993082143
-0.4181066836894324,0.24021455358530905,1.4516778727296604,0.3799339241569223,-0.46852329429066075,-1.040676681491725,-0.6616486525429375,-1.5551806223312519,2.977995500786254,0.16838861339779695,1.9415656620337793,-0.12615560821812088,-0.16453844659654493,-1.295765783325265,0.8942976649910239,-0.948680293394046,0.30506960435146085,1.4516838487165167,-0.2746823715624668,-1.2305894936695638,0.00910596171214397,0.3210509491551448,-0.5535401216116805,-1.3634217596946545,2.2947278911986664,1.482120498648048,-1.0487932503940551,-0.9347872417553377,1.5925344277883373,0.4118433911355921,0.8671389488830409,0.09063016622030827,-0.8761398457650864,-1.6078479251024074,0.5616678307116592,0.0011704071726134201,-0.6625706161046967,-1.202059806283356,-0.9329895397835676,-0.5540412958041797,1.0002317000249425,-0.6199396479178837,-0.8459470789643116,-2.2452682213017168,-0.845297033726905,-0.45695172197016576,-0.07636512124565535,-0.8946169063814174,1.6574557287338783,0.736677682956582
1.4069901082648302,-1.4179416664632971,-2.202669928481106,0.14898584619398453,0.018679490464930018,0.8920712384158617,-1.198164968365125,0.21816296121534848,0.936282690351238,1.0768201546823877,1.5698145238980485,0.634104372475481,1.0783298510644672,2.4544774822496787,-0.12624609240324858,-0.023045807822726184,-2.017992789890638,0.562974449795772,1.6075972603376356,1.015223627593594,0.051813049277859374,1.3406621549999187,-0.18304651044678621,0.12706808133069333,-0.019233573841524607,-0.3852257003317377,0.07404528382212165,0.6084209027108466,-0.48793081215083334,-0.05707687132466133,-2.339941188001402,0.1804184579321537,-1.6822586221509541,-1.1870802553928592,-1.6001469192697575,-0.6446139505974596,-1.7648396343283204,0.12119505733257895,-0.6148639574616682,-1.425771766205489,0.07566603971808661,-1.4462940661041097,-0.027318426553388526,-0.014314879187173089,1.3378324433008801,-0.09078142687178452,0.553519568390581,0.36542203127432593,-0.3017508820352319,-0.2990771815699394
-0.5276284587042265,-0.48664545632018275,-0.03661971973634725,0.397755147998298,-1.065172956458815,1.2805841627724115,-1.110136851014958,0.9485684409924736,0.41557533768756505,0.10766191290189459,-1.5282142748254302,-0.6284067772868527,1.6943108048304252,-0.2981801069065978,0.305028726485895,-0.8384773445652459,0.2960340474829216,-0.23811721456522097,-0.4566257545541473,1.7418299207646422,-0.8344668482281715,-0.9700250677811849,0.09397922287773955,0.23931943063326624,0.8447569395921503,0.44906589336196334,-0.6231455674436913,0.20717696172031183,-0.6134986519565876,-0.044942851541652534,-0.15260996602121074,-0.13056023158150026,0.7340859277312421,-0.266750932011126,-0.3800831962892065,1.0811865209078704,1.0598057985948341,0.05662892624547394,0.2874544529436483,0.6064267093766724,0.09891999709285212,-1.1434669393252934,-0.38406376720863744,-0.12045152532221524,1.6867336571816927,-0.6490086259923257,0.41724381757551654,0.335094541839521,-0.9639184158016968,1.0428286423592068
-0.8512077470069185,1.0436614061233336,-0.9649136070278271,0.400927996489205,-0.7978708706952419,-1.3797622336841624,1.3460977152562696,0.7450529974621831,0.395595797731306,1.2370286936767363,-2.240799399732393,-0.7818568695013646,-0.3541463244550942,0.44678706015762004,-0.7308749438477236,0.6506154855508834,0.3211334119331842,-0.9211242551447139,-0.10895588156081615,1.4210453347841663,-0.1362198007402134,-0.4138584712806863,-1.4061971057111808,0.45010334691391995,-0.07733949552307909,0.38131394621479414,0.7585735346630593,-1.5623746115866923,-1.0076511673573325,-2.8023195762875965,0.9112167946077271,0.24631458003023224,0.7370703374516893,0.20934898655306675,-0.18288261420771554,-0.13635732345273116,1.2279206245231042,-0.43209715851102326,-0.42383718111485635,-0.17473691437610525,1.1477871336475078,-0.2039748534774115,0.13918176842679908,-0.23590091965444313,1.2348701845712329,1.6096503164366445,-0.46888145105735035,0.5360710351699045,-0.10463871896661726,-0.1123041360459186
-1.3692701971365797,-0.4171370412222554,1.8974959692605036,-0.1541713226923899,-1.0538520990869378,-0.08848331896614209,0.23025118805770248,-0.2990660723408239,0.4783467346857071,-0.09930663009406045,-0.42981130246936844,-1.4017871609684986,-1.229485156622584,1.2500446510032395,0.9371740817437421,-1.7039878134946647,1.4412699178548252,-0.9962178179446749,0.04553618277356744,-1.1486008963317964,-0.8005050273216148,-0.625716360542809,2.4874130636020153,-0.44839012490348107,-0.04682789991665121,0.8918264981520938,0.08934016838676674,-0.076210069858819,0.5250980205470536,-0.7727858303679629,0.05136642782897292,0.23334116441323344,0.6329734088872452,0.5756390375698947,0.8246104120642468,1.053752867259632,1.3858022945804904,0.2950518208120571,-1.1894566276157237,0.8456469522867015,0.9724064165123634,0.7721789201109074,0.8621899461124798,-1.0401510926387252,-0.7662929498985972,0.9479106630772188,-0.5083993340554755,-0.8985427696978923,0.6653078650369363,-0.3435883916543765
0.5899997202553102,-1.4906606933480355,-0.11472747493171974,0.8189484672704959,0.692805692888026,-0.4678004791568219,0.05327414565515252,0.11676607375201774,-0.10955941000438657,1.2773191374287634,-0.10602385394960313,1.1604499426247359,3.6362375192999434,2.0247262182904606,-1.330844703512845,0.908515872158863,-2.4193608960985986,1.0356019671516359,1.389786501748169,-0.813014719952739,0.7025571963807209,-0.9318420510622264,-0.8972601729891108,0.6443026780724669,0.611795005204786,-0.550789963854299,1.4640568464692612,0.29644338828657496,-0.8464030753143127,-1.496880138573063,0.5146076871257677,0.24281074040943734,-0.3231332152666237,-0.6617733516328114,-0.6638833105989694,-2.591264665980647,0.11061266325491123,1.2120179511992406,-0.13895402479798677,-1.3468361795105872,1.2388992134728714,-0.3623049374936518,0.6371742805462514,1.406980500411295,0.5578401385470949,0.2708396699575838,-0.4249602984100456,2.0985788724406316,-0.28101202787468416,0.6605058650892525
0.6521860337133611,-1.213277804661856,-0.158187129144325,1.1008000945259397,-0.31483089722649804,0.35481230042030093,0.48628741906960793,-0.972229855012072,1.9934808513111932,-0.11581424650713314,1.990827730104846,-0.45163244526714125,-0.5243692924494624,-0.022584524132583193,1.54187347962025,-1.0879450502338632,0.7763427060457042,-0.04276330645232837,1.5811183272369684,0.9663422699307141,-0.19077970327246785,1.3028029153240763,0.39527105511745203,-0.26422930735082917,-1.322843663097842,0.19333672747878297,0.5228614612426945,-0.30255109310117795,-0.7844016750651875,0.6626427919829478,-0.3990287407111391,-1.1188164919917898,-1.4477486354044224,-0.08574598503790375,1.0519848996652639,0.6847297383569494,-2.154821471726215,-1.0309315981856102,-0.5478209140727899,0.9874578488214789,0.0908143050692568,1.12157254596257,0.23226092764954862,-1.1326113689169746,0.8234469918478917,-0.9743827643337639,0.6306767104586463,-1.4986044064979587,1.071272274773093,-0.4542429775960683
0.04866126195647341,-0.4154832257193159,0.02230692867140641,-0.85828608155689,-1.4197969120686247,1.4989434708232428,-0.48390914610090274,-1.0366982984249369,0.03299317843344937,-0.7942155554110769,0.7835952525301542,-1.0049444548344595,-0.021064595147830493,-0.5344844648866447,1.1161837810044932,-2.11531460512097,0.871626426923057,-0.37364498480771563,-0.13392816236214117,0.48410229565514207,0.7452899884683842,1.5765587807731363,0.0781895129043064,-0.3809761688330658,0.800194018627272,1.923041509061144,0.4808440659787434,-0.677961563166339,0.45153044753345173,0.8862323776423513,-0.6503957698753391,0.5006945118544528,-0.5382030777727523,0.9576485390324577,-0.26366259220305344,0.9800253561083346,-0.6205994681198844,-1.1055560269977407,0.04077854492899617,2.0874286621377536,-0.7510810505722932,0.20188003713500158,-0.45839245331188694,-1.4679852225598986,-1.5834014821286795,0.2607779925789769,0.6774197434593919,-1.225731761333837,-0.0644565970853644,0.19552427594743818
1.1168188765242368,-0.7805791110922626,0.09031692892965518,-0.36104564559508645,-1.148332249645103,0.7849411401785803,-0.857827492868534,-0.2941994051797795,-0.27839651887372807,-1.9956095491445374,-0.13382931030238218,0.06681321307505858,0.22455345258030512,0.1811808325558984,-0.09961681930480604,-0.532374456164498,0.07564610075330788,0.15009150976454577,0.03713040843424237,-0.26267375183612934,0.46759070906254707,1.115235535009493,0.8548920019452009,-1.6635359116652713,0.8898130060578597,-1.4547695652515056,0.4493189475182378,1.7091312567974812,-1.3371626185442869,1.0809415059018506,-1.2615659426761652,-2.1014030139481967,-1.8330326544365985,1.422884077336771,-0.43598141112865274,-0.06848464764057952,0.31368459652643654,-0.07297908328867903,-0.4089738481483408,-1.1745858757959509,-1.5575855158423533,-2.4967161606867223,-1.699932502409991,-0.49888695616203,1.1721314078981822,-0.40374185760848474,1.4536465579818898,-0.6054212416673198,-0.8638216408506705,-0.9633539880596227
1.4952642363197908,0.3696263591590733,0.5939899116619539,-1.776792557251135,-3.189420382209235,0.765666891996394,-0.6713142632621094,0.9658210180110672,-1.6837062117718804,1.285353851278342,1.0640312470083824,-1.6145225869811959,-0.9070575493559335,-0.2076497092440843,1.1600485331216677,-0.8283299038907365,2.5721630169501917,-0.29481372356123886,0.20664782674255608,1.0815784637278354,-1.5291862842169641,0.8784833418530751,1.9473514261355822,-2.4228970448166773,1.609728986182728,0.42579272219096703,1.0514589889053463,0.8891281900352956,-0.30167996618855336,1.295390714125265,-0.25818045077656326,0.5658378521539157,-0.5794760800139805,1.3309180507908986,-0.08306522142660268,1.6543907859741624,-1.0736803486755373,-0.32842277964324307,1.8490101018795908,0.1439787708685173,1.3864949213112987,-2.0355013193230387,-2.3957230867011194,-1.2156732322113848,0.20205326510725072,-1.9270592973014924,0.8901503068275496,-1.02748770150961,-2.5518874872576496,-0.915034768361021
0.1056488967875621,-0.11035277224560394,-0.5321983411082536,0.9067258462995507,0.29820698058978296,1.6333373144025591,0.4144713185428732,1.2561855767697108,-0.36511387455327216,-0.5375891998070946,0.19939751547653037,-1.4210583731158282,1.3686718190324407,-1.3221500330469782,-1.5142110251839367,1.5042020060645183,0.6961558412692106,-2.9345913055242594,-0.43149632173565355,-0.2755706289830141,0.195420580828112,0.4414820555826714,-0.6461023550996201,1.3616106673508575,-1.3148421166980009,0.6810122174132848,0.02982863562084458,-1.542819148705353,-0.17040191731736595,-1.2717926774078656,-0.7471657795355006,-1.0403639855318645,0.134603683933786,-0.29106653120266984,0.9447140627648091,0.2839733416002226,0.7000743412662003,0.8137797028218685,-2.175007522095746,1.1788361166635501,-0.41607955158741505,-0.4528508669719253,2.084502622084556,0.3566639002769421,-0.009532409850292828,1.5921517794719253,-0.1345435134103453,0.9587681452249778,0.3459775662929601,-1.3971485376386035
-0.2062417368470121,0.4823712741171586,0.1887020280454106,-1.6615708289324194,2.9302120710769164,0.19793856121358966,-0.5657085976589236,-3.9240377588557047,1.5506740382868878,0.9354612259463617,1.1788035178162533,1.9545900875367708,1.069566764461587,0.2197297395867823,0.9270548222611202,-0.008425111369594772,-1.982540654405959,0.6645778155726051,0.4051130282731335,-0.6671509567991076,-0.7820933141117998,-0.47491856741096183,1.694795033371646,-0.621481121332892,-0.093457153608971,-1.2271065106559609,-0.8612130362710284,0.8699285702034043,2.920047542480269,-0.8361469171949296,-1.1122276804885427,1.8399477656026917,-0.4862475520646293,1.364918807603133,0.024295180252451653,-2.2868828341331104,-0.8352549459140428,-3.2072269391260364,0.9059480368258552,-1.1096074659537467,0.1979415728065051,1.630184178076106,-1.3735129412129006,-1.5635778821655866,-2.654674047395072,-0.48459898563835535,1.2641025701635304,-1.2282503064553127,0.8269921627401766,-0.99191852814099
-0.4554911069369808,0.39739709628250464,0.6532276681932523,-0.3175813510230041,0.0236522631991627,-0.5235250849707427,0.34320020052057715,0.17236769128095117,-0.8644094190990034,0.30511960393706083,-0.762180474524842,1.1765554284811184,-0.8087553134196225,1.518827243207529,0.009825987411462081,1.4499386289235692,-1.4062315890616677,2.417797892083886,0.5087448624333127,0.08585159117587006,-1.3326484776928975,-0.9044465358702223,-0.5760193607247331,-0.7963252855757148,-0.04008509745357318,-1.1133283468282957,-0.6058482696970819,1.0143811557049196,0.11169175343049333,0.5556570143781331,1.1474019051634252,0.284970818494281,-0.6573958779921603,0.7195000194185541,-0.806166360168515,-1.0670800299314147,-0.37476393671706837,-0.6233682875335058,1.4852451087987306,-1.5424684048297967,0.36829650904095895,0.9850339345968709,-1.0286626265996677,1.1385483235224163,0.20958620942286785,-1.0267790528978993,0.17185481565977748,1.080373874443959,-1.106235093904752,1.1518555081447557
0.35501904817042357,-0.6867097037501914,-2.154549871071228,0.635432113332189,-0.04014056931614423,-0.004043824869623628,0.7039671557425812,-0.5267929319019509,0.178635405570738,1.260865047950331,0.6528062364073253,-0.7980603527601353,-0.11935087963740883,1.3086850719132856,-0.012252959829154154,-0.29690493855349454,-0.27841270367264115,0.4708757624536223,1.6307151040780812,-0.8628544387834112,-2.172136213442114,-1.6776523216547905,0.7463597267986656,0.16730991018764393,0.6718352691881979,0.22473235264171718,-0.3353245173512131,-1.767633818159248,1.1645116445578325,-0.6369206334254935,-0.6754206026582441,0.7944457371288468,1.3911417600200422,-1.1715890212787863,-0.02699720559035453,-0.47453665291879693,-0.701243352463376,-2.1893562712051264,-1.2260528368996444,-1.2604283930756146,2.227803156409912,-0.4396432471884127,-0.7873662372004555,0.20105176832323884,-0.39809912641477146,-1.4257169313647728,0.8906886600754889,0.5267598662664561,-0.037440853173773,0.22894536528698367
0.5233798109107028,1.3575703513441821,-0.5058521354911806,0.5858142716868374,0.7729504426221897,-0.7266500611002749,1.4982013389452642,0.7540751048086453,-0.10522666414588196,-0.4619116362169847,-1.0605203069619644,-1.206681256930722,-0.2070053479275842,0.9187716847522488,-0.8665700452359969,1.6234483436784486,0.47285564853225115,-0.833275690845171,0.09153308612872403,-0.023400501192394167,0.8539419873678148,1.37192004433967,-1.625573374654737,2.2664851076310875,-0.43567478589223624,0.47864099460033727,-0.12757099161005903,0.4236627259258802,-1.272971338930709,0.8138929898391528,-0.3132163826849709,-0.11913018643980804,-0.29147103440363875,0.0668169856118819,0.9849699233554735,0.49755459004792174,0.3620057498727452,0.878051115426278,-1.4522208799765306,2.3961469232291415,-1.1930353495991437,0.5364767931634383,1.8998476818334045,0.8904770503189304,1.1232700326638163,0.5043381467273684,-0.9138907191903307,0.6701081664240384,0.49206323014153724,1.594163129741575
-0.1908436862777467,-0.2965946462813302,0.7513831067755222,-0.5669116013054329,-1.0247442596270533,1.2928424727472028,-1.2651815047416295,0.9369913739331026,0.7599337872112376,0.676573345954142,0.35232672269484006,-2.0681415523797386,1.6690378018952985,0.7523302094490559,0.44831608113257815,-1.1476449960894863,2.3379867732263593,-1.3241479047799078,-1.2496200981084873,-0.6933644932345536,0.4306858231751396,0.08061626997244055,0.06672465712623143,-0.09940496078124211,1.078107697766025,0.7018693816698892,0.17645061960056038,0.646327182553818,-0.4629384519992018,0.563443207388713,-0.22740590855126772,0.9572086815976745,0.24536215201404424,-1.836086330680798,0.7864784325222751,1.571288843124899,1.1977358088313557,1.4545559901191043,2.2343117279596845,1.0742686431381023,-0.07564744229165674,-0.30999021310939034,0.15089988010448338,-0.922328463534278,0.3819917291519008,-1.0741595740938081,-0.25797367213169886,-0.6536621641053184,-1.3448449476634827,0.7168548624180607
1.160568690639146,-1.5432983012617834,-0.877233409113702,-1.2134761406686545,-0.2952821819514383,0.9476794663770303,-1.3527176577829385,0.9629605245741452,-1.0324059597072925,0.8362683039856911,-0.14803368195295263,-1.2168563279032227,-1.4875098448534259,1.7322437631745813,0.3688870882232652,0.37096147246025507,0.8448707618408103,-0.6986330481525509,0.40459320204526084,0.5419611678006355,0.06190841514712338,0.3737317616606213,0.04964257245428524,-0.410274225412153,-1.0570516470727782,-0.449644181095949,0.966764117672175,-1.353885849519898,0.5538719292189935,-0.9275311877979796,-0.9950292762219198,0.9550155480188878,-0.5536728425467071,0.6903211977244269,-0.530683739193539,0.8993133663009312,-0.5936219520563515,0.22086442019462776,-0.7671950710758111,-0.14156080673245938,1.2190649514208398,-0.3175643885615787,0.05017749713196222,-0.34686056008523136,-0.08658389443970965,1.168220641055238,0.6484079584978444,-0.18139754394081703,-0.4429888322903947,-0.3913251845786823
0.9560250809836924,1.463236136428328,-1.457092267996069,1.7062738763672318,0.6577187629451541,1.6333098444482923,1.2119069128906854,1.045655081010771,0.21862101604905534,0.10283689343728396,-0.3627380611835423,2.3891654347572606,-0.622219383330289,-0.4944924269241309,-0.03303441293997646,0.1074739994519415,-2.238002486650272,2.360046289573208,0.6738283299491068,0.4562107427575062,-0.2481462358387833,-0.2487646492118745,-0.09161748052532014,0.27093132309831364,0.7986761043590871,0.8925281124969893,0.32438586156326993,0.05168745512274383,-0.9198292862420784,1.061792441318784,-0.7616601002871993,-0.4404065321892524,-0.44768671239681523,-0.19563486274130648,0.9917722451378476,-1.4688180788042533,-0.5029952804443042,1.2465260887449585,-0.27576640426663507,-1.7853472331833937,-0.8017347467136368,-0.1832898864474879,1.0693808400154392,1.2563882772296133,0.8100915913695679,-0.8720926992426438,0.6402208870542732,1.0597991292516378,-0.811199581271581,0.7925385092969991
-1.7227065309467735,-0.5147137852555561,-0.6183867820080315,-0.03766188635668249,0.5429659082156243,0.46398037620673965,-0.7263606409288573,-1.3876793568569088,1.6201087379972987,-0.01400212965964515,1.1390709139461381,-0.4808090499032062,-0.25009384175342925,0.5683644878508956,2.0544292554558696,-1.7924703661875514,0.5961841918487187,-0.9791588258693956,-0.522643842069947,0.104030871280721,-0.15169110128689464,-0.8284238556316967,2.106626060944398,-1.3243727726933898,-0.3847049913950619,1.6288935491770151,-1.8820568181554267,0.8483989142098298,0.8219209270077622,-1.1076334936297205,-2.017169090784234,-0.4190005849102843,-0.7315559163016953,0.4959259875720546,-0.46802521301924094,0.16059346269105615,-0.40905396057349863,-0.8798585164886784,0.08152068764261344,-1.2259389076925742,-1.3067024615760077,-0.6627014459001896,-2.099878034749763,-1.8303969415477015,-0.6837403876400576,-0.08028011304154722,1.2021560826141973,-2.147092606067092,0.03383140389479172,-0.24459269052897664
-0.012883880438579385,0.8853519094564144,-0.19771971617484876,0.15679768806505973,-1.442736874607274,-0.25146675057815354,1.0174826914769508,-0.17694619587252858,1.166228990588385,-0.674675135802085,1.0081946808561693,-1.598754842194338,-0.07432126242960387,-1.5961679653287373,2.0172254935467993,-2.081620459591779,2.343751549581031,0.8341095764443339,-0.25088422973258984,0.21377468786832934,-0.3892855710100876,-0.12813216352225743,1.5369004211906774,-2.6059492410171448,0.9252484391191688,0.921981713934453,-1.6060091328693382,-0.3197421149351929,0.9888604875698509,1.2748130729620097,-1.086632743276998,-0.6349948682336074,0.4875136614552451,0.780933696538883,-2.149371123903334,2.8327891561667844,-0.6383131089056081,-1.1789962332167194,0.4530306481486325,0.26590944209811385,-1.360788675234285,-1.120879935542616,-1.9635234550252407,-1.8627455500671315,0.1584998736031521,-1.108031599480712,1.0232217315015206,-2.68020931896072,-0.446641402632691,-0.3879387592188036
1.4329872816355465,0.6750631744513995,-0.6617338616087343,-1.0271442047303643,-1.5026504991443614,-0.1510837748236857,1.6271043410617516,-1.233072578770804,0.7806886106705319,-1.9785867061917082,1.469135692729854,-1.730414032776045,-0.5234825913296351,0.05984767024607965,2.6324122623546375,-1.4449884036556218,1.5294344089661296,-2.3863021568678153,1.2055780115647579,0.4510962768202728,0.19572947001800595,0.7792170729346983,2.2392176259206824,-2.9715283614314503,-1.3675386763840656,0.22489454424053873,-0.06663511492741929,1.3642931642010234,-1.2728062681640178,0.34690332707033267,-1.1081034128562746,-1.226673008301562,-1.0657132814495582,-0.38917461033497813,-0.5707087507829736,1.7614007225508062,-0.7791539219755471,-1.20809338325418,0.1627189539755249,-0.09537662801367784,-2.374811986339658,-1.083364627079099,-2.574982007133874,-1.3820097408117806,-0.4154807681833632,-0.971576433740724,2.1754464265316886,-2.4984724936168767,-1.1463718406824472,-1.8019277229345751
1.1560677828335015,-0.8789555184388156,-1.7473481116211749,-0.3418938707378251,0.6184377686918666,-0.6383603920069897,0.22150416968034484,-0.7007017733789307,1.3442797401817799,-0.6894013835057533,0.4901127657527273,2.0801663701491346,0.3802246206965119,-0.4266706268161469,-0.7370151703580189,-0.49633374064778646,-2.453442843551989,2.139579207714689,1.2004428613274516,-0.9243921818848111,0.5638078336004267,0.07523296001603114,-1.6514122337790518,0.17949833852531594,0.07995090665639676,-0.5431028403106094,-0.012776283130629262,-0.41556701003350477,-1.0114590768929788,0.16566949094021594,0.724984074129183,-0.07259674905502693,-0.7060668698762432,-1.0067833022084673,0.27927577667338144,-2.0397730328988257,-0.4748610772602515,0.11468104041723397,0.295705617415224,-1.6536316840234973,-0.020369540579427862,-0.4323182212083205,0.3628909458967413,-0.8640217007849567,0.5983050288452024,-1.0639649958977027,0.8828038089966674,0.8395246237061356,-0.5292489639853089,1.5922492278054938
-0.4766982317040381,0.039356765741973235,0.2540088325734289,0.14171522531137468,-1.084741060357294,0.4571644485928835,0.4958949136799799,1.6871227269281264,-0.9075117545975073,1.0037124869672402,-1.6187629453538208,0.49619946680104704,-0.27801281138942735,0.0157963918733711,-0.40731130389540354,0.5305283518776861,0.25517620510477945,2.042730461703208,0.38277235953430705,0.4797783909337226,1.5827663036297328,-1.0675626167999115,-1.592447732303415,-0.6484270400151916,0.701805184953475,-1.2944350040354111,2.3139719558903513,-0.7385548473693796,-2.380644803455151,0.5670876971387755,-0.5474671371066493,0.1410322947382403,0.37112043015104457,-1.0617915568628686,0.7251036797839615,0.7411338394841198,0.7892100110209566,2.12419753818081,0.5908073337837257,-1.2874182580859024,1.0089420521823635,0.142295470571052,0.7925846884992663,0.873931718073241,0.3284954420075006,-0.18273672291608595,-0.2972965544907615,0.28359629007546416,-0.2046797631719978,0.5860215817872935
0.35609059789185077,1.6588091267442222,0.6408431724224505,-0.8337234167482296,0.043061010409298876,-0.19250122738781794,0.5970264869220765,-1.047020953685229,0.26594870731838394,0.5202781820969175,0.9354399757014591,-0.24428533205413439,0.505950139954776,-0.2552430380834212,0.48910267935307633,-0.7069052357118746,0.7117554736321373,-0.143994661598362,0.07269918649455348,-1.2083814598587994,-0.8376653264415526,0.931589400820141,1.6685035476257317,-0.21955387273742563,0.5573726628980007,0.5007374197005814,-0.01841854480562905,1.6817583664988403,1.6734794547621288,0.330109019633265,0.7698348410518178,1.2598081717514449,-0.8492606921638732,0.21026144901492397,1.2807325326878636,0.3521511697477155,-0.8897325460246521,-1.221745604780309,0.16136492247984693,1.1095298952889514,1.090311568368142,-0.00023603797147440898,-0.42871949865705666,-0.17422057045188208,-1.2628494418645004,-0.43166233703279644,0.030603462968927665,-0.9917238057967273,0.664843636667733,0.48888570473894877
-1.0877510506888675,-0.2944707947938167,-0.16737090466476762,-1.640180634121234,-0.02503994267621177,0.8997661414862453,0.37087391682600085,-0.19275817496683795,-0.9943254608453392,-1.3037249459718052,0.166480013547302,-0.8005563833439896,0.2582030472620307,-1.0141679009750326,0.8163462086439321,-0.7752967385651114,0.8412599735587025,-0.3866385662975511,0.2750756612654974,2.241493643265926,-0.37304493783250436,-0.5034818074377252,0.2737439090639003,-0.27377041992702533,1.0786681260764024,0.34719888452764197,-0.9684289948420987,-0.34139963067616963,-0.20485460547730533,0.9355059876408884,-1.1793491954407522,0.156284179100066,0.32499526151553654,2.7504726595221025,-1.843865913702934,1.148494301757021,-0.32047659205213525,0.43601359412864377,-1.4617421150419247,-0.025517334167889278,-1.5856238677034198,0.017311749704387383,0.4569281064810407,-1.2473889202997264,-0.7797571602898046,0.23093092377897007,0.3447404073129121,-1.1283324667778414,0.2636401388101533,-0.18613468409271147
0.5904016757061813,-1.7400662419144035,-1.2717650533851605,-1.529253337817236,0.9590058832331938,-0.07560645567889053,-0.9515055143858784,0.6545004691314231,-0.9270290592734142,-0.4071508193685797,1.3975901712530157,0.3865011383323712,-0.8875824780678915,-1.0721378939873742,-1.5812307352649098,1.3875371285389875,-0.4182342576074636,-0.1389934549315926,0.6567994561587321,-0.1729182072378508,0.004545078512649373,0.18029706669181292,-1.4639222658207292,1.093779290528974,-0.7246338688724797,-1.764274968049646,0.4141804579201617,-0.2941576136010469,-0.546158940119944,-0.7085816347797341,0.33052661747745227,-0.24642552092909895,0.273652862258326,-0.8614259732090054,-0.17792741441923526,-0.18491764605398692,-1.1202872122666403,1.083915880726586,-0.7564836318841278,-0.003166653926112672,-0.5665127411300304,0.17307112155403093,1.43176788273923,0.34215347750496544,0.5308617396690879,-1.0376587414134912,-0.1500619924594756,0.6485477727223343,-0.02510415831997822,-0.6668701678081801
-0.5130453126073375,-0.05992556289341905,1.199049323572962,-2.021113481695933,1.5742122879901554,-0.8195428618571433,-0.22995020147434603,-0.8501401407571423,1.0728672892799564,-0.4490633990470916,0.7938598810904927,-0.3603846875999807,0.1196714347551763,0.6566153558091566,0.704061141615825,-0.9416670005987674,1.454195828630673,-1.0661902357894932,-1.388030320866415,0.3659675069000079,2.332093333191405,-0.38430072172515767,-0.763307427228789,-0.6047250602313253,0.7135861991321428,-1.1148615001411049,-0.16631171774511075,-1.6067955128722788,-0.062139321980001105,-1.2188204042731747,0.32704820113846444,0.6418627276564953,0.7390673984884466,-0.31316398429161835,1.2656808743434327,-0.3335976955345595,-0.17692739770750743,0.09111268181095349,-2.266958443361184,0.8403780489561221,-0.6162773575515745,0.39415197128189206,-0.012596570305322984,-0.4121078490390444,-0.8140325853362581,2.4223396217513575,-0.2115527978287698,-0.8796427239846193,1.817545543390661,-0.2710167470097931
-0.327145514446891,-0.23892472259054295,-0.23168350722184564,-0.9845345849911243,-0.4608066720452707,1.6447677561637795,0.4826869759370265,1.2297310233984573,-1.8413608300078386,-0.14486660286085296,-1.4121368584810408,-0.766343303056498,0.5449197390299523,-1.37476263205448,0.0926201211910081,0.16826592063300166,1.6707478383643843,-1.7903350741482824,0.4508982290670956,1.1535733036566822,0.18044986950910638,0.8372857603130596,0.5669337367629933,0.4629289733028369,0.9536250998308962,-0.37510446811143483,0.009368891153714275,-0.4600501587445561,-0.34823247029596516,0.22558397694027474,-1.7209804142901712,0.7979254623507085,-0.28647621404971174,1.4582312333265288,-0.5557909053159529,1.4079758388035564,0.7492548117859392,0.0868725534068048,-0.6667566351904237,1.9555388131388791,-0.3711997996608377,-0.802581913778296,0.34252397527713313,0.6365463539954719,0.10191003617875152,-0.650849037110851,0.621899339529738,-0.4983112457258514,-1.1572423325859746,-1.607020424199267
-1.3198274824336318,-1.3141846961135806,0.3717298711457676,0.21847128626325055,0.9413755317971733,0.36050558065100485,-0.7944853897067058,1.0940165416806522,-0.3328043550926369,0.9371971616528971,-1.49766758102396,0.7289638003348696,0.6022508874475601,0.3412650979281267,-3.235628216196845,2.1768616293584357,-1.1483259645317108,-0.24493725309531006,0.6812002663813439,0.17889845497124313,-0.47500712884472757,-1.3583107177006974,-1.918081925940965,2.6759688056238646,1.1697503883810962,-1.5196726611370528,0.9234755644989648,-0.980927616852632,0.1579929537149857,-2.9536615865662985,0.4199212603284259,0.5506587366988472,1.329896116184517,-0.6674191489875526,1.4409627617349126,-1.9138802826940664,0.690359347442285,0.4460283129258774,0.34800152531306877,-0.7794552359304144,1.8718895693941524,0.6234701867755118,1.852577123248855,1.9109081110453041,0.2682256883412429,1.3572697996881788,-2.2905942841648974,2.504638819336462,0.771445494245151,1.205469161770172
0.3780193504836779,-1.3757172903706423,-1.8796149148610874,0.021275517901323083,0.3898669449767724,0.5138474773906623,-1.2074168289594953,0.8442773505961216,-0.9442221804885464,-0.9415907562072813,-0.05985696049091309,0.31842401896545647,-1.2124318972896666,-0.407607777929344,-0.5306974568038989,0.6547343988996113,-1.276679133668747,0.31220398981621483,0.8873687429712477,2.179288201556154,-0.31279998942414194,-0.48261529548948934,-1.0075975332247493,-0.08515676775462058,0.40640289549914665,-2.5671683318473044,-0.6258071819210709,0.38417863467552443,0.922813251656645,-1.1258254939431045,-1.6988502378785846,-0.9017694546232293,0.5933786416301218,1.409558926436723,-0.5199597542719637,0.2421272805131624,-0.688102518393936,1.5123252859406804,-0.7890576913000105,-0.9773236040334995,0.1726031145674903,-0.5793217790662926,0.7467872039946035,0.8154036639186659,-0.5328099943420069,0.3811430162275927,0.6821545932156511,0.6612225637528234,-0.8246649132722202,-0.573797505223189
-0.7498190293800824,-0.9883010624983583,-0.3356831208098463,0.17616533177395688,-1.0776114522603815,-1.0099376910220574,-0.12139973241568332,2.70499336851826,-0.9030299880776084,0.2375167687567881,-2.813130225729089,-1.0623139442637644,-1.2005979186669735,0.8066201639280418,-1.362258633067146,2.0417669147432767,1.051874781726643,-0.22124394111825207,-0.7588066090373345,1.1178988222140958,2.065308269148627,0.20095509252790963,-2.5968272186191297,1.0832012997529434,-0.36707960142975127,-0.07505630243000787,0.36795902800890246,1.1298678865045966,-2.011267148431577,-0.5275364036402191,0.6691053560237216,-0.009177312545789849,-0.2944578425811953,-1.4854157483967396,1.7622248671415217,-0.13630013248007777,1.7010611755348304,3.7917784544468596,0.10933332122451953,0.6040291981468985,-0.3560385058728266,-1.2824745104898383,1.5179339741119824,1.2463463531167487,1.6920400743066863,0.6900978192168887,-1.3066377638960702,1.7596305310065883,-0.9659959031958852,0.6236637698387965
-0.7847685592263368,1.243721258557243,-0.534449401355581,-1.726519038715316,1.0702921662633509,0.49364491485974105,0.08677209546032831,-1.304720312271686,-0.7281826597700917,0.4155540888475414,-0.5467436180304821,-1.0289609212497315,0.33119393943401815,-0.5056909016527198,0.4899472727340707,1.5463086302415756,-0.4213759356793354,-1.1272618851583303,-1.1827121881862874,-0.34593676132268253,-0.7046777546397193,-1.7382706461084994,-0.03366755159003134,0.39223042714392875,1.1369366765203062,-2.2981907023752286,0.189516264659646,0.5202284378391309,0.12277839254555495,-1.9717515260249856,0.15972109986474198,0.8977343631612001,0.7232915248160687,1.4531409052646522,-0.4935496748684113,-1.6369707009731413,0.9846032279910569,-1.080226097599528,0.20679066056488046,-0.9452340188095488,-0.2696412927194397,0.9429162214885436,0.11707746344186531,0.8163271395546999,-1.3664239793608959,1.9977248511686323,1.0594105729644636,-0.24263683944613912,-0.24543700771183724,-0.02068043874177408
-0.6270146432032409,1.0534446470789407,0.9734084784171558,-0.3478932956750185,0.48521280085432167,0.32302354448386583,-0.5002795833090312,0.4423553272336938,-0.5800190862508232,0.10905865315652939,-1.0473306576286665,-1.0541252122276654,0.8222262838991508,-0.0020261379219733873,0.48495547377375275,-0.6567205422294639,0.89906183213598,-0.36624974123416065,-1.4817943630507964,-0.6714212644308309,-0.06757600055520678,-1.5366945386175241,-0.6036302195344411,0.3386843688585731,-0.5048807859586595,0.2652827407679075,0.9039373996944984,0.47561177599493354,-0.41853426814683853,0.3137507125989603,-0.30694035439925244,0.16755444845240602,1.4827270970446362,0.03512038375277738,0.9042865052702928,0.6980489407804048,2.2146948848171744,0.17205911417700048,0.6629463279906478,0.24468756341673906,0.07715497881599984,-0.2292109245958114,-0.02392910845183108,-0.5463082713111607,0.5178931301686007,0.18400934099158955,-0.12079089402783645,-0.36672313527157907,-0.3259891920194487,-0.4712011178660955
-0.19613288548566898,-0.5124720110341048,0.38019755227572316,-0.42789061720879185,0.054764210961687015,0.39067930789740823,-0.8129976146236962,1.9375287020334868,-1.6503987651113048,0.005514192756418787,-1.268317731153134,-0.8789296739508027,-2.266389189364534,1.4875157684286364,-0.8531209994056336,0.44585775687483176,1.4363357963642094,-0.7400759514282134,-0.6427629162664283,0.37443241973160113,0.5453681614068097,-0.117041245916493,-0.534880284470966,1.4863408463046417,0.5908385267963133,-1.352116149447293,0.2045732247406925,-1.7066749953502047,0.42538323540883577,-1.0950444082206374,-0.30214807833891355,-0.7222229606570232,0.7669325636325862,-0.6204160177826629,0.457574926943051,-0.1494174673676825,0.023337690210554315,1.056898373549215,0.06138035784530753,0.9896642806925744,0.35620098254401267,-0.6883000460446707,0.8638212212048345,1.603747608145902,1.4006508564498312,0.5373628153010432,-1.335442071880836,1.0216499643480206,0.8649662706568098,-1.2943169287976866
-0.10288939758937096,-0.7507231350740845,-1.0500723691312739,0.568322350378295,2.0602025257595127,-1.3921908742180318,-0.3081637907197324,0.7734250594909615,-0.15019549781111194,0.4185577341701012,-0.8920683991083594,1.5196506307767697,1.2727220289240893,-1.678312197222029,-1.6774209204821346,0.9767781582548186,-1.5485943721652973,-0.8190430708529076,1.0013132386082921,1.1196475662172765,-0.9907929356089514,-0.8907875789930004,-0.9304832077826534,0.7514675487342456,0.16089156687998793,-1.473039465804705,-0.04647100462087859,0.2933303263577787,0.17175201348804262,-1.9587359286689154,0.5707764940955271,0.3376157763660125,-0.22788825531937257,-0.0023843925972937474,0.5014640635813801,-1.8237236761793467,-0.8424710222979743,0.3511059456131669,-0.1372315331305471,-1.5624132220923492,0.32931103473798884,1.2931804135944498,0.46214011313474146,1.6502662517830182,-0.2665911078174873,-0.5712481572905488,-0.837423435374765,1.4215154298000556,0.7731384046280192,0.34191756086934805
0.10973726869912223,-0.8785457960224297,-1.049515887363469,1.349488352914083,0.0997467417157431,0.7786570563783601,0.5745662988191422,-0.11058855622548128,1.8202575793367752,-0.49642413736118446,0.8606908745906096,-1.4971369202727594,1.4251146483258792,1.0157897706950747,0.017870774626625972,-0.4822260828226164,0.4467568820085812,-0.8113303670340205,1.6136053438520734,1.1958095744384056,-0.4593983851063441,0.6204792078685359,1.2466489070296713,-1.375717692133596,-0.03352520671430009,1.7917631192654873,-0.4713932086086434,0.9293011387822041,-0.8209560543786072,-0.11985219931307572,-0.8015709992860587,-1.103797857266734,-2.2384064166058777,-1.5762284118007843,-1.1970995870910857,0.40270085749090284,-1.0067616518230782,-0.48350597532832135,-0.23625115995516235,-0.9706349327012097,-0.965121662009227,0.8152631433868971,0.03409180717605132,-1.3074310744876867,1.2451675697471873,0.7284058342486421,1.8661295977274734,-0.7663918400886769,-0.859692577157181,0.3919403124589834
-1.3797078201925619,-0.7000084787668975,-0.7229368553579574,-0.1627898994519775,-0.640482919794017,-0.25828802484963187,-0.05964915155373556,-0.5707901561537772,1.3470224367762043,0.5626324638877424,-0.7577628143328794,-0.5734321318332695,-0.2386454249737312,0.8523175808297626,-0.006424549898545234,0.9899519156428095,0.5478743314902256,0.4115794425802424,0.7618736050307724,0.41036168088935204,-0.7713141250174145,-1.3517211747821016,-0.23051148476804392,-0.40295775104168696,-0.2064300016070281,0.5005167941560036,0.2076423107254969,-0.2869142975705479,0.9008487633569814,0.13401996520711992,-2.089208104043098,0.8118719134038809,0.0707188262895951,-0.8114121832392287,1.1829160189819496,1.1143677067993392,0.8017861065699832,-0.9561976836896666,0.6709237960937636,0.3272849810943116,1.1824718099645082,-1.5007663028381277,-0.970238228144763,-0.6742636684757171,-0.6130221384140248,-1.040557268411446,0.3322452128534794,-0.1619940302039512,-0.12733759901193276,0.9976524540843429
-1.7479575214264533,2.0617403056047414,-0.8455867869123572,1.531801151682929,-0.8679494571419321,-1.6826215450663133,2.057998412000203,0.5694040255548357,-0.14415467968290663,-0.5277865827890302,-0.9971977853584442,-1.8486298037996947,-0.9639141157775537,0.2888840360590527,0.4554078401476695,0.42566813967075195,0.021119928700979437,-1.4170068973633478,-1.0118954439321795,0.14407130278981484,-0.682286666844986,-0.09180621337280588,-0.7548240333957001,0.6349515573158536,-0.3622511999025784,0.8961758389273378,0.7755867718245029,0.21951388961129348,-1.0044439739262625,-0.16553776675121382,1.2593075891766088,-1.42143990039469,0.5348969556756425,-0.5008649561073514,-1.581144357815947,0.7730052422514598,1.4203864754626838,-0.5576774151813654,0.3813480434457239,1.9246423234502887,-0.4110425040422265,-0.9106848847579859,-0.4973858965481575,0.4811245915408948,1.5863524516529943,0.5527446859940485,-0.482709775983201,0.2981772338068454,-0.563134733851147,0.9495566028359597
0.566977749735353,-0.3722195233141982,0.7321126314861153,0.3248646264947829,0.35365727516020457,-0.5091564275685161,-0.2733197686754371,1.2241075974715743,-1.2555005151350267,0.09099339754201255,-0.09256673272680442,-1.0244952063684605,0.8908426341587432,0.6627476454864605,-0.516837639803753,0.9373767441811492,0.570119180408828,-0.707445812110299,-0.35182559730080526,-0.6390718624133273,0.41855829949580575,-0.7526355224711008,-1.6631591078897017,0.8561539804836036,-1.1365824639736533,-0.7770284895732738,-0.2779645276521527,-1.3111668985180975,-0.3060029394215982,-0.6501322931427483,1.336086946620815,-0.626848666490297,0.8636177533475872,1.2926818795560497,-0.13026339694928377,0.17447481613565421,-0.3455828468041816,1.15729822378663,-0.18793389216521772,-0.3816303662830646,-0.5006961699233186,1.3244726451971418,1.1250928091706762,1.4608129291194984,0.7546972326337067,0.16953603986223906,-0.9760611593874643,1.234911023697586,-0.0342852588913439,0.754529893129866
1.115468529449811,-0.2174497441062564,-0.18637292290720553,0.9125808302632712,-0.7474761873757271,0.10058914337668916,0.8634763267692239,-0.1175095559736774,-1.0082891536400396,0.13148159135137583,-0.11544662443335112,-1.1433457733874608,1.1279248187695035,0.9391294678858148,-0.3084882170402016,-0.3670517188215099,0.4312462957625463,-1.1316665276355702,1.3884883608730603,1.7098907314040042,-0.4887309671367789,0.9820510504972875,1.2366481821292883,-0.12576830261536734,-1.1513909164529903,0.48287374059035154,0.5873742132491487,-1.6666317592070314,-1.0605208855723691,0.2528584826998906,-1.6616004982614043,0.30344642754349394,0.18323753760035047,1.0894158506156608,-1.0705033478031574,1.414071530926461,-1.044030724956568,-0.34199560991309363,-1.4704799004593978,1.2275497718304609,0.36936087066925083,-0.23872462867005878,-0.2675842427714566,0.8689370501689412,0.13194173730309328,-0.1016919930361378,-0.21586727970768443,-0.44856116226820875,0.5949122564060411,-1.0025021747169323
-1.7391726931447282,0.41620397870049974,1.0229370525936583,0.16620067831865842,-0.37158593821822056,-0.4669408440509545,0.36477177473328937,-0.6034461443024663,0.3934331028018988,-0.37566232521190374,-0.9333984130868641,-0.2850506584295102,-0.10101421796118326,-0.8081263791415841,1.2940830775343688,0.12230320275138441,0.8545426782583683,-0.050389425449106594,-1.5783053500785797,1.1915826065519866,0.026080627978254733,-0.814698455692541,0.057203228650556034,-0.04461246327077257,-1.3539245249262173,0.9458183806800904,-0.47855761328985663,0.7830342776998158,1.2334232161574825,-0.3323706340423942,0.794408151618689,-0.3003722670185407,0.13058085149795484,0.697621198914046,-0.7095320613563659,0.6990552990378089,1.003212482186526,-1.4757435977309523,0.9893134988960419,-0.05297361454799837,0.1860146768896584,0.12334774031486448,-0.9537156142550585,-0.7975423196945021,-0.7270479909962879,0.7613722014743813,-1.0034845918504884,-0.7615009902607899,0.7915956067174246,0.43786100064735245
0.9032780915765529,1.454170596010444,1.0530524452520689,0.7289691925645378,-0.6326487593750456,-0.2087851503426021,0.4852990038320275,-0.351567963051717,0.9025313744223991,-0.8844740878355768,-0.43590206504833007,0.37759670544953305,-2.869353737308315,0.40575234328787607,-1.1268299233865453,1.1509966089910566,-0.2028634625063306,0.04835536239865197,-0.5728630556179036,0.46612957446890013,-0.47884405439830535,1.8695047777549327,0.13086834245900447,0.13954657563898074,-0.4750981589265489,0.540600078427929,0.11912555311486073,0.8683469327037637,-0.6438931636038908,-0.6519681351383713,1.654803271884429,-1.6933345530972326,-0.8188361791228641,-0.48749865637580087,1.3194462595223142,-0.04370449427852456,0.15498111882481796,-0.31046366028165945,-0.6040515797608966,0.8012524378725597,0.5057559970549642,1.7835556175214204,1.2429409465039953,-0.3853110473642664,1.5732022420627119,1.0022436013048224,-0.7609703716812521,0.7410726382072989,1.5166360057152728,-0.3358596548446563
-0.9043668309139145,1.8801306009448404,-0.2823325601051296,-1.1146900686839223,0.37526644025879596,-1.0597389301199616,0.22398634651239796,-0.36102585154304684,-0.426430793434634,-0.33291102966221997,-0.9000825864693903,0.149449240771228,-2.006361088743166,0.840329231398823,0.8118205313377396,-0.8540878133686014,-0.21928049593094617,0.16843928672486938,-1.4533892297553568,-0.18931335115343298,1.174836716928074,-0.8888404799907969,-1.154332251769739,-0.4701016365605449,-0.07867089524127195,-1.7630911267513718,-1.3847065907839555,1.3165655070722146,0.4136169683340886,0.6010194146589566,-0.5340418224970923,-0.8032436135901067,-0.3178273328304652,2.65610981733954,-0.637134334216332,0.1498466420922127,1.2098794216936573,-0.17865592347446135,1.2490380569201098,-0.5067698630591365,-1.9338155292493315,-0.7052074412555732,-1.1731532292345472,-0.45009927382274023,0.35971698838282806,0.05398986041520156,-0.4934342549739066,-0.5456493877710961,-0.1561156042864742,1.2407766536452538
0.009565934248233548,-0.39112617883337975,1.0202747098555383,-0.7034313824300702,1.6759625355355674,0.3445315790526653,-0.8799593387807039,0.6469042421754783,0.0022016860639774982,-0.4307410086299261,-1.2958555720316303,0.33403383424215666,0.25982688451620306,-3.1581954086737674,-0.936625172678177,0.8801569333255652,-0.8014668917561392,-1.0338628314692355,-0.48448779599463865,1.1498262313198169,0.278927843013743,0.4188148790830496,-0.6072279701975665,1.0689290134835736,-1.3890497411937317,-1.5187677837570717,1.4345624817268547,-0.36264819446495217,-1.2547687704050945,-1.8967552647671455,0.3678551981517002,-0.4918310813655767,-0.17105590360730472,-1.0663959051082201,-1.31281888585275,-1.9277598505465794,0.29960481400538436,-0.002395596270220199,-0.6439778126704149,-0.4758212017725081,0.023216544230260473,1.143513525685547,0.49396460510323975,0.6162391780250176,0.6188044197646922,2.0268651628419856,-1.2818390008379086,1.2780612898288275,1.33110154645325,-0.12297234796401331
0.7467964158876501,1.523119746004873,0.31009699127256174,0.6981437280730002,0.1691829304226713,-0.6605834232083897,2.66851762774838,-0.8708758517453382,0.956326199015677,0.8695016824810549,0.47089986048553445,1.1235096968465619,-0.7928424151185991,-1.1591235128800854,1.02405365945841,-0.21056922967907077,-0.26019493771636193,-0.7740599904878023,0.37562814048506926,1.9724184847991881,-0.35351909908549795,0.5661988406003415,-0.46192083740424256,-0.5436112544866321,-0.8638656582502874,1.6336264509937568,-0.7826879851905049,-0.1925204402273207,1.0326182862432598,-0.8344619798794445,1.8628498228401178,0.6886025654725686,-0.607364346035102,0.1606695571715981,0.2312029393590348,-0.6564554968912261,-0.8938289226525064,-0.5065855858078833,-1.8059060960285536,0.35552222758182,-0.10161148686170215,0.25096040186819735,0.22917262379109257,-0.3722305563346,0.21877113821900235,0.26911478921251686,0.8164868741383292,-0.6487891728839555,0.6757563323732121,-0.008163041217424238
2.0401041333140464,-1.1398085428990532,0.31248010044180596,0.2379729271333302,-0.36731831647150104,0.44867004941691285,-1.3904174868543435,0.2851368663247996,-0.17962104178930408,-0.48343237728687205,0.9052267764402554,-0.6192452185637141,-0.38027661018496123,0.8380975964985217,-0.36456075053472403,-0.08056468543083507,-0.05924083323006658,-2.0607001584807785,0.04940418072131364,-0.7827379462771662,-1.0453061802806176,1.1813522031271455,0.5334443056930623,0.5827659824556172,0.32649198903258286,-0.8164340239443107,-1.3280450322715718,0.3973128947858697,0.33557203815686676,0.37480046087203017,-0.12409056211343826,-0.7176704836894747,-0.12688768764154398,-0.6845907595215904,-1.304592396959086,-0.2504951817501539,-1.5361257784535525,-0.08182011023190029,0.27939998597868404,1.1662612695286634,-0.3318360044414303,0.11249447881358912,-0.3135482153489452,0.25994052804874035,-0.16787977162746345,0.3342724040061079,-0.20981941774354762,0.416700806508997,0.5216740235100971,-0.4677211694788924
-1.6005840582312394,-1.2050660726553455,-2.5407413738023368,0.09841855864086457,-0.4652252578156312,0.3933257364274816,-0.42251292909006516,-0.8208942655536029,-0.03976884766480348,0.13043014919502338,-1.182201555088518,-0.03958890839730544,1.1950291552737724,1.168205532902105,1.9289582971057389,-0.5954515491026716,-0.5645084418170173,1.2282851264109405,1.0433864157621298,0.318352215164307,-0.12385574613170784,-0.5068420942180761,0.49598902660188193,-1.7729347618487197,-1.2640323519737549,0.6403118070617834,-0.1562492470172659,0.8010710212013108,-1.0713356313999611,0.03410353017075903,-1.0216408439026103,0.3340197568021619,0.1433367376513916,0.45354983234552343,0.38558669882845503,-0.3210499855627326,1.0645743717464702,-0.6721023601894138,1.8244095692920228,-0.6646104186556117,-0.30778408169457006,-1.520614127916235,-2.4023300844469087,-0.820311562656737,0.977344941956775,-0.9543644413912081,2.516220070206879,-1.368047372382803,-3.180425176925509,0.5636527028091822
0.8846115870150706,-0.26587024836199896,-1.2881460195307002,0.27191067018624554,1.836239950830192,-0.30842542632343617,-0.09180829718033327,-0.8166826142320615,1.494631592857392,0.3245508921204439,0.3876589398367386,0.832696867915719,1.1691571421042912,1.3141561969820157,-0.7501578182350521,0.7972137923693707,-1.4902915486332644,0.8535772019617269,0.2721639731053013,-0.4451032906514665,-1.3322485111644495,-0.26411709339675954,0.22641792028678168,0.18102118148382015,-0.926972581205899,-1.050039174528579,0.8877461769503552,1.0849015454829931,-1.0752057654050142,0.17555270710431264,0.400582523077786,0.6874771224176724,-0.23887568942477735,-0.725582161222945,0.6478339816638822,-1.5399415851242977,-0.049302288571971976,-0.7264596004320949,1.7748650578043224,-1.561436338630097,0.7305695376890827,2.1173794759775326,0.07409500071889132,0.3155095872653925,-0.5759019789919602,-1.5864868137942307,0.22361486089903457,1.0639865483198385,0.0794890768090365,0.5034657561067652
-1.4442845638705517,0.8189036711306192,0.8886629168401157,0.25910093603750894,0.9695033151218245,-1.545382398614275,-0.7154816196441645,-0.4201574929998568,0.7115721171736273,-0.24389908643307223,0.4404542552169096,-0.5034250555352601,-1.0155938263912834,-0.3908892612289998,-0.17191761963529606,0.4776732048292003,0.09971104719439187,-0.4439197791138593,-1.1930927785612657,-0.6098015484131485,1.0264081585568496,0.18847833972864972,-0.7089325838295504,2.0357595934214956,0.17589057260795576,0.8036823661498239,0.4254558298133154,-1.441244335839007,0.05791797498514476,-0.37380209447189616,1.703854889009467,-0.412849897834383,-0.3138069505439692,0.29435956135619035,-1.479529261994806,-0.4817828247289019,-0.008313342511531634,-1.013261475795607,-2.5536921476956698,0.916475578056567,-0.28255461081244526,1.8884753102961005,1.5450654651633113,-0.8075379625870983,0.8323240103478934,2.1388273447893367,-1.9112922061295192,0.24026818473915892,2.488935234837342,0.4134931668070146
-0.9799103756603031,0.8043103828928334,-0.025600652955415467,0.1862352677272846,1.441748237948355,0.6001841336963929,1.3451586191688598,0.2791938284932696,0.7318789436939369,0.43226930739914915,-1.3042325536478263,-0.42025149847801163,-0.1329911701454693,0.10432782407767639,-0.659826701021066,-0.6661793909731327,-0.5000756673596662,-1.266892014340297,-0.0549629563830324,-0.8469795624472266,0.04034040495604735,0.5715258147671666,0.427601001845839,0.9331636344729732,0.9164975598925694,-0.2347940308285841,-0.3978731591820051,2.647385497142371,0.07306875784759674,-0.2347651311749336,-0.729845417351493,-0.0536963538121193,-0.6634422807628261,-1.1868161193507674,-0.5106262969724571,0.10399611518021226,1.1510924358234103,-0.16271462637198464,1.130186295734206,0.8056767069842194,-0.15886104056965217,1.6554619709561953,1.4502467102120031,0.25265325170722747,0.8978417680786998,-1.4418117627858869,-0.3630256630467968,0.3653492377847844,-0.32203579285113054,-0.5762232910067957
-0.6032208592993517,0.14754797765317196,-0.20442626102825098,-1.266473349301756,-1.7468350775472727,-0.06887466350815555,-0.5064176929670163,-0.2057607302237221,-0.821495414700833,-0.3357268225507734,-0.09892419354133068,-0.793329639286617,-0.9630849770341338,-0.6198983554207593,1.5867963628260031,-0.9931229018298283,0.6266655286929711,-0.17810905960664744,0.16487292294538078,0.263728160860457,-1.190480823265806,0.3999403663139581,-0.23955131422368997,-0.23703679232415645,-0.3227353905886955,-0.4180824103296387,-0.7666786009508827,0.16172111371745276,0.9830204988865903,0.24916214363446137,-0.12661959551903926,0.8415217970942546,0.25774761513359346,-0.4981092186018712,0.19137567425106675,1.3976657892661026,-0.4131865598386244,-0.9627925609194744,0.46255930558811603,0.7410728483528289,-0.4516597168402318,-0.9066765928539278,-1.160449353284521,0.006642728901409759,-2.3468301956180198,-0.3983891810659194,0.20532574738353032,-0.9161797673830062,-0.3555594011393532,-0.2736372180144763
0.7106567422718036,-0.23716990937563032,0.695405670120585,1.1066478374080746,0.6000138656750515,-1.6710910862825425,-0.48322660911158194,-0.6375826266475455,1.2779341093527394,0.08658265162993091,0.8101384340139346,1.9504580406434655,0.9588855112040451,0.050421820639127535,-0.7137035293311922,0.6430204461995741,-1.733748472562823,2.3629582441251884,-0.7879748661629654,-0.03054427177437677,-2.1782082307625945,-1.658259249136811,-0.4307705424190771,-0.3173080054629298,0.4868979738051718,0.5253391389753957,0.48498002796966,-0.4219425490193286,-0.4669361162425694,0.474846853423092,1.6434635537641635,0.406139501669871,1.3215752359436232,-1.5751706073556737,0.22537381987244914,-1.8805463637073179,0.2040904339373004,-0.8773096983713577,-0.6909433671586633,-2.2669076444216967,0.21140105463689174,1.4091760464509715,0.21819336491151406,-0.428458960240164,-0.7023564576040799,0.1394013411389876,-0.5485501523762601,0.9645031401048381,1.3659322218047611,1.452460840411659
0.6507943219728352,0.48095077635369987,1.1535946515280093,-0.3151184027073552,-0.8415965007927048,0.827513989554481,-1.7224089076977427,0.803213392527102,-0.3460659450097802,0.7581722352699714,-0.23904219325446707,-1.0542209644331113,-0.6149892945962191,0.9017244412366179,0.46407241854393605,-0.26687633288298374,1.9108100385188205,0.5986518030197424,-1.0217569283788979,-2.0942939676634347,0.6758807725921001,0.968345211977179,-0.2932921267942653,-0.3336777426686187,0.5760698540567367,-1.0907293909178584,0.17869593631710853,0.6943218154714349,0.6263798201408977,1.3351016277963623,-1.1980859765212093,0.6574596805430054,-0.4235216291337107,0.9250166841074359,0.23425074218778144,1.5736381894892693,1.0973420929186746,0.7607425044928379,0.05859381026106223,0.3056865049623786,1.1317700832287885,0.026381094417621785,-0.003963488699815326,0.6384880622144732,-0.06552442901132072,-0.9271039074689817,-0.40851415774547195,-0.2985607316985273,-0.1249203492366041,0.25822669388443953
0.436130216407194,-0.3394317906160654,1.4376482932067278,1.26646493631076,-1.1118339354923183,0.8448487880379929,-0.574319585134497,0.7682100754635313,-0.7758544812685472,-2.011341457655758,-1.1351163756666567,-2.064506138337032,-0.28126418565935907,2.2915140438508366,-1.0455168531039656,1.0987995021991588,0.9908876369077484,-2.465756479585561,-0.7093424192248774,-0.19596980617330517,0.16678203361093433,1.6009741705770781,0.5000561488161189,0.7850195399283212,-0.012427658634037643,0.658815677191461,0.47092715515171535,0.4218366295275355,0.3803689082926383,-0.5279886449787521,-0.6920579707201875,-2.7361146323635563,-0.6703419413605043,0.14376986913263343,-0.309207582139732,1.054067838895001,-0.14048042946838454,0.28250861878309386,1.1820822827183095,1.5957263910896125,-1.849195072068459,-0.30535804406750733,-0.10495914364368612,1.0729670796439958,0.5419343427699529,-0.5399014809842553,-1.1321022402231136,0.7142673567285714,0.699220288767489,-2.3312185792703164
1.2997953857932076,0.8227809904411707,0.3040844509843599,0.4801355254468592,0.6798044477108706,-2.1552810532164743,0.649761804024996,0.24417046996484734,-0.023158005003766215,0.48240226061663455,0.3210949186415617,0.579813802949789,0.11687921891703519,-0.3526199723615886,-0.8353953201954546,1.1663869542836922,-0.7824844345770875,0.9508246212987539,-0.5020596428095481,0.7838792295393967,1.0890805346967432,1.0969038500398327,-0.3916718423033989,0.8063930885882715,2.361768219731007,0.5419242349307243,0.3776465646688322,-0.9986693713498173,0.6156889628372674,0.14026560773666544,2.097141921452117,0.7135779171284332,-1.6850367212205803,0.27925800456233674,-0.28088756234169787,-0.8294705884370188,-1.0560308865527426,0.6344968058862375,-0.40805996887222945,-0.3680711108574477,0.33338665052158395,0.3553590267902889,1.157450561826468,-0.10911516839507761,0.05999951211368226,0.9440504836199088,-1.5643156704472794,0.6613235752720837,1.3406871619636442,0.5444643445644644
2.7746761462801244,-1.651150162379695,-2.1913062065895033,-1.1523612708056112,1.1933706771109576,2.9892673349706147,-0.7622268635513832,-0.23490495635293512,0.4212207177225479,0.25198896733546294,0.6644489023495849,0.5805732740418369,-0.6003697184840661,1.4034551335441456,0.4722313475509318,-0.14840166958445436,-1.0434770918329055,1.477430547777268,1.4752041335922568,-0.1918997216239168,-1.4114343757877823,1.4892996623920467,0.3934590090226432,-0.3828714345410078,0.5250456512178768,-1.2909211086303312,1.0136744869412317,0.5444432623544038,-0.090699987001461,1.1157813718634126,-1.89746655384456,0.5388704142727736,-0.9428657560408017,-1.3062974879734282,-1.076703708202833,-0.21449082853172943,-1.009296468457923,-1.1591489984460845,0.28397526383120036,-0.3650901826961588,0.6071619526337133,0.19887276107520405,-1.028317164453848,-0.1555715862683932,0.6830716235347031,-1.3626739412611624,1.891164627733394,-0.7967015053725354,-2.5702925699210946,2.067612449416809
0.8166487787526809,0.20041075594827557,-1.1328062982878633,0.029795300703161737,-1.2170791213169043,-0.05929443332356147,0.14651422328823568,1.2226206604363923,-0.9968315342145772,-1.6811706704660603,-0.4856566082668395,0.4276669840666376,0.9229306727399732,0.12126926556978265,-0.45813865118564606,0.4997585999536154,-0.6730547986340011,2.000142911490843,0.8307449878945173,2.9294231312022347,-1.7036750432335275,-0.8010494898233181,-0.6486307156300565,-0.553344819349669,-1.9182640792439651,-0.004938620126954459,-1.1666149988357726,0.9408946518184403,1.126151884738378,0.11445343989197691,-1.6061719713407652,-0.06858854364855309,-0.18439041033797499,-1.1051234027778531,-1.1510571112900663,0.41881081432675576,-1.6880536501472905,-0.30334994485389155,0.1816836719980022,-1.441357252601571,-0.3411786958748067,-1.0337531418275785,-1.2417065638541234,0.43317910023110956,-0.023480222461644207,-0.07019906020419633,0.008708448406131837,0.643433287260475,-1.3394937779990481,0.8414984443168846
-0.2097460643229835,-0.2438992965902309,1.4599947402231759,1.790635375537843,0.930093867353569,0.016952565703300705,-1.8113921906159027,-0.7914973862368144,-0.01878919980125969,0.30891097639281495,-0.8696041577707464,0.4230044604473003,0.3451709080513103,-0.16557979777190776,-1.59680460999827,0.4753348679352093,-0.4738350587054608,-0.23335429087020995,-0.9815890059400919,0.5430319260534987,0.00467368495723692,-0.4620853089066409,-1.1338495613605233,1.5294928563184111,-0.3272654611674427,0.8654207984988238,-0.47238495350352583,-0.20057574645429285,1.4112606809872583,-1.1683725606859794,0.9465563207455548,-0.030874923569517366,-0.05369662699727303,3.046398903660572,0.5091051156764734,-0.8955615026826993,-0.20769588209074713,-0.32437926111674176,1.9868333175690711,0.04202473824962701,-0.26597242024626366,1.4650743543406552,0.47629247681196657,1.069358404259045,-1.316810902313248,0.9507308877746745,-1.239303206142072,1.46849861914417,0.6384940815399778,-0.02103505973498353
-0.6389651122111139,0.3622211820287687,1.3415346651323923,-0.4457599164342676,-0.4628984725713373,-0.6748452700223204,0.19045136877614474,0.3265736389763273,-0.5089495733436553,-1.2144471097070775,0.04230476830271596,-1.111781818930314,-0.5008464629982841,-0.0022141056832652353,0.8011626220489888,-0.2866673451997973,1.3548228484482947,-0.8480980266396769,-1.1758136868136462,-1.2388851584710268,2.0905038857852913,-0.7400958854920794,0.8928280047230228,0.12566830212209168,0.8264318821303076,0.4909980017902422,-0.4945304207664998,-2.6456660660534617,0.34709532239320695,1.006165622876365,0.858377566013271,-0.8016116198841929,0.9850572931553752,0.950837293854879,-1.1091874159248307,0.8979725641378103,0.6558213022096726,1.1274952156614553,-1.2303051195831585,1.0015225068824705,-1.178166143076921,-0.2532974240775233,0.9434621997578433,-0.554837802231271,-0.5690939756300448,1.1286873668530304,-0.8588657212274591,-0.46327160009674623,1.4665269867632669,-2.0620633049891777
0.5145849168499306,-0.04177764300050485,0.1770008282800645,0.3357154890364079,-1.4625231103524738,-1.132081154238974,0.7695445244491889,-1.0085134051793285,0.5657641893517282,-1.3877499216403073,0.9545869594352633,-1.256387704538823,-0.551329544375201,-0.3481030301401093,1.4814897560205325,-0.8153280358396189,0.7881459103104648,-0.27187881481290366,-0.7698529522575819,-0.46793222512882315,2.125942362522786,0.4401366626735317,0.5996074645980959,-0.851255448871028,-0.9818954930124204,0.8876021224409179,-1.3411054307992156,-0.20454087927461503,-0.2592915982878896,0.04508215333546184,0.2947128066897987,-1.142417763288741,-0.560875194768719,2.07917540858044,0.1410413575466921,0.814899903578461,0.07520040543243164,0.73648133180732,0.04826606010219558,0.8686948185358963,-1.3462701225622213,-0.34786119120435877,-0.5209365827034823,-1.1108697978614737,-0.2231495096549962,0.19805423806534742,0.12201130453827337,-1.3880449842757596,0.040926179185233925,-0.4849045843001278
-0.4223981085407192,-0.29261619750230755,1.0540305883044356,-0.7982476834541239,0.46239946465861037,0.8071888431450959,-1.6306395158983227,-0.7212452963107361,0.07011972404136808,0.4643753323524755,0.50841099303783,-0.6399968515247942,0.520682400501859,0.9085177533626437,1.702777947729713,-2.382449946572087,2.007123286581487,-0.33903968689133684,-1.2155250589380386,-1.6710019519072712,0.7275525154975404,-0.0684331821031803,0.6171459761707333,-0.29121665165955973,0.263674029718197,0.2905978875917318,0.25860530232857537,1.0821339289375853,-0.023070813647750082,-0.19380438350027426,-1.0559026400939233,-0.7050661112660861,-0.17306803038592478,1.2683756648703002,1.2385066189528575,0.24683345293328443,0.5174582144828302,-0.03987425121370613,0.9812750908275285,0.5034428689082214,0.7190703011567778,0.2945657958773242,-0.4295227454028735,-1.049506792826633,0.9631568759982151,0.8103104820071618,0.09642354382549417,-1.670350676620488,0.44579213524202044,-0.4875554388323368
-2.869362758252488,0.10056465412733044,0.22475131380435168,0.8011846041910732,-1.0251120378818537,-1.9176403083609628,1.788681113523856,1.1877578252564913,-0.12884481891950658,1.6062755374508066,-1.0266162451220269,1.341609468434981,-0.46976229693177846,-0.31108169164734867,-2.243264316617087,1.401970437105064,-0.5527841701563023,2.3220219214255544,0.8212612181736956,0.44093914054348166,-1.5569763740285711,-3.222174644673735,0.20494420480788972,-0.16751558557589571,-1.7003825794874246,-0.2249525108430482,0.8843741030581276,0.22613976641959554,-0.23841129465556782,-0.800885989883374,1.7846436947822408,0.43403515569881723,1.6670047163928507,-1.242621539246237,1.6255577987412875,-1.136364392717681,1.1581202958652126,0.09369640101950646,0.29324204974687923,-2.373229293670002,2.202385456581266,0.2927319056442452,-0.15578207635894809,0.676809733674696,0.9920425208175465,-1.0808004784632697,-0.7252738058701816,1.5367533101688882,0.26866719661249855,0.6098061779515319
1.0668412532016953,0.7429125882269708,-0.012338922200402799,-0.2852635378499909,0.38196548618486914,0.08480118576830172,-0.7076081901486367,-1.6586717794896162,1.8694660691719176,-0.24669524312731492,0.5801185363802681,-0.5647008855125324,-1.0910186640380293,1.5737020554693382,0.6517863483205152,-1.4853323019967422,0.21664877688690418,-0.08878132523081515,0.00296058542039415,0.6967539647200547,-0.2655527834115144,0.3371268533760478,1.5139108302286322,-1.0371523662755215,-1.302146102557077,0.4019303102317044,-0.03952564245214279,-0.9462549614657588,0.7088417895797503,0.2627070817714973,-0.5077371270907322,-0.14020883100853954,-0.4269851393318366,-1.2527060828584107,-0.0037337484638682366,-0.2469410466110875,-0.7626480692246389,-1.1092763926486295,0.7799364262509426,-0.4851814757941514,0.14628155841518806,-0.7040947661377227,-1.1537818176071726,-1.9597603976184128,-0.5311805599531793,-0.7166802761370371,0.7472412221467194,-1.0917094391702264,0.8002524879572593,-0.9720462844264438
-1.8667821935032554,0.9917637525239427,1.5777284264845248,0.796226212630027,0.8003487375834387,-0.5810677797837484,-1.0827588561199024,-0.6280441374240305,0.7338171167319494,0.9361976544798634,-0.33710523619918636,-1.0634186416954128,0.6589336950846667,2.3509932354775356,0.7896267716582184,-1.6299855301773187,1.262759782012509,-0.27418633096801565,-1.83013534731576,-1.2463108244367611,-1.220372834358462,0.28452373471315684,-0.3962854373561968,-0.05048645612517147,0.7995851599511935,-0.13306486593398079,0.07274457199098157,0.42972371771550794,0.09435365340470278,-0.4476063190216889,0.37814933075040935,-0.7628216783676314,1.1200462665422404,-0.037325891443849346,0.24418884263779517,-0.21235757531824362,1.7567280243785859,-1.685420567508638,0.5325000771416235,1.648555312847697,0.8207363203738762,0.44288870792871415,-0.2794886701996268,-0.5001110240294899,0.16912593769307455,1.7810317089393728,0.0170790507731654,-0.09496862138789566,-0.121825885699638,1.0457572375119988
-0.5933993820861692,1.1459420304440344,1.1594709866916715,0.44937607638789434,0.7218786440021997,-0.2974275295437725,-0.8313725145378443,-0.2749346253771038,1.1007852774783242,0.15393466812132214,-0.3982187051586808,1.480503990547865,0.21694771407303107,0.48601500559538424,-1.1742308365225715,2.398581850761357,-1.7644671195201367,1.0694393604544126,-1.6999223803388008,-0.32182259179734796,-0.8256484944294724,-1.4707415608325087,-0.2326589455471997,0.32319510673838614,0.352181912259787,-1.4296157429898453,1.7581385001239043,-0.7199273897418602,-0.8721037344179838,-0.034446625896167093,1.0444898166095435,0.6692464791387498,1.156085755015997,0.8757512952492059,-0.42208384654422537,-1.612384651306524,1.1205213888924574,-0.17872462133015898,-1.3995486689646,-1.1642566544043156,0.5997124439768926,1.6834506918733723,0.6472918104952798,0.6649726124749473,0.9428463521263813,2.26519089584452,-0.04624981839023305,1.4188593000765073,1.3448630251545413,-0.04742860667670669
1.26795918595713,0.085879759444896,1.7716469879375167,0.9956086544070054,0.912010007712542,-0.7519241217533416,0.3931742235393956,-0.4612759291073152,-0.19492381938366124,-1.5855897267943622,-0.08270278604296583,1.5741711464336352,-0.8803250942780336,-1.0794213547391749,0.5360203083182357,0.23500862428637484,-0.26659641706997167,0.2969904622281314,-1.2456520084092748,-2.0183284474292593,1.1392545599445685,0.9819239324328761,-0.7888595717577439,0.3577524447844791,-0.47949780581806367,-0.36122133343909646,-0.9585561988865143,-0.3807425850530958,0.013306757004845394,0.6979224166098287,0.5506156008050918,-1.0659963361025233,0.20952148145766095,0.6396809451583751,-1.0305187192285117,-0.8141715929072506,0.6375868617482523,0.24605598373799573,-0.7559948958594287,-0.29329357177003934,-1.8608773480316672,1.6356817884545034,1.0551082045000535,1.5993782825723484,0.06419271253021484,0.3908800726989274,-0.3504096127341784,0.10083528658262095,0.7012864469730712,-0.5761901667864678
0.10710238681500886,0.04888741929144154,-0.32372475765620123,0.6713552236689377,1.041890005129919,-0.591685279177599,0.28313805297206945,1.0235162068090375,-0.7711988703319327,-1.0697339699788886,0.2923361058537124,0.4226620216813903,0.9337564091252508,0.6415978717719693,-1.2354032776575343,0.8982064803808028,-0.6427362378432477,-0.10469083139487957,-0.6097707935995212,0.24372956663332795,-1.1825717867492314,0.5289219203379366,-0.8130018054897978,0.7555618510329711,0.8644314508063076,0.06565815047025579,-0.314568812945743,0.8365175861233846,0.8819326040743072,-0.5325940157182926,1.5227213829829136,-2.0773412684696124,0.06805535091322083,-0.022697208705363205,-1.428863635024171,-0.5760696300746667,-0.23873977040297165,0.21202075216361757,0.973206761619261,0.28937248976945845,-0.20259537837423935,0.8179853580673763,1.1770966478342062,0.27320038083353587,1.8178050283630207,-0.027883054967622126,-0.5416188461227937,1.1427069225147617,-0.14495450777301694,-0.5888454569621672
0.6008948923755291,0.2683864371954126,1.4694967259781744,-0.9062328012300931,-0.693478161586,1.1695620674313068,-1.015591301873404,-1.177375000052455,1.2958901793091913,-0.598436461593792,1.3624749326990804,-0.29207914025457143,1.9269502066177866,0.5862528198201838,0.2833955813985207,-0.7346495605112228,1.1651141550603723,0.20683696599106835,-0.6277933633733375,1.1410378850331018,0.4484014422119259,0.25209594172834393,0.4744949101631522,-0.5357746245851801,0.12688103213874105,1.1098873371183828,-0.09059749299305334,0.03596056051142561,0.10525032328765571,0.053736366416349934,0.5216059497358375,-0.7249091513061797,-0.4930451009009364,0.29364234569473396,-0.8600750328267971,0.686992738535885,-1.0297414308770292,-0.12103583966112688,-0.6137026718411519,0.6612396806132815,-0.7121716884423899,-0.1336092838612628,-0.13778313097429104,-1.6765772387099125,0.0089963760441671,0.5723650205587385,0.026867488509952207,-1.2244052351724874,0.7526970179505295,1.6276046273971732
0.8180657412453607,0.14167464340157573,-0.6626899323114037,-1.6352862030228648,-0.4039229260894738,0.023174884758100135,-0.30432282799310784,-0.2231682836371384,-0.6764200193006902,2.037877127561644,1.4061872035185663,-1.1156399451728023,-0.04902151211301471,-0.4426988306565768,1.8556554561365386,-0.41657354474001856,0.8443464212061306,-0.828910249149611,1.1255031129875832,1.5512606324160796,-0.24206475218621598,1.4967247305158975,1.04280424886156,0.17441256712483413,0.36058593808810135,-0.5200318884622126,1.1344639802279397,0.5245754277303523,1.3725522563561228,-0.6341153218050604,-0.12906404982136604,1.6006427275772508,-0.2889264919167388,-0.049700585952836815,0.5894041866070908,2.0097760969945067,-1.728808309989556,-0.4552686040971223,-0.10612653233647293,1.4649333213488267,1.8133023382742834,0.10769734666910157,-0.251920418996696,-0.5894862053209451,-0.3827728801150423,-0.7469704723387858,0.1501773203687951,-0.7800360639160575,0.09512691667167947,-0.9308710519595259
0.4355682712626356,-0.31166876146237815,1.5434907886573521,-1.3681404481534731,-0.9630777430310542,0.944999429750328,-0.3982896020850133,2.065735182642112,-2.0294027562916184,0.052224108693889666,-0.7120799012107808,-1.6791095900486999,1.692604435108981,1.7488553805284575,-1.3806757937326448,0.4893438266721196,1.2948348204242335,-0.2297414009879021,-0.20891869538985355,0.9828639971167593,-0.0024552285669319977,0.1817535014096905,-1.1279037074822442,1.2102058139387477,0.7247966626148936,-0.7785446249067256,0.4441370929446274,0.16102463011617688,-0.7787475220931989,-0.019904039156289258,0.7831461391080213,0.9986317379900942,0.3661048243793936,0.5855204912900627,-0.4884969048620242,0.5973149470361668,0.6502274609588584,0.863762003491121,0.5213865523172133,1.5617092005044928,-0.5015440413651066,-0.34281097359179535,1.0225347787646286,-0.3891777691511245,-0.8602562983818594,-0.15881643828682926,-1.49188575064727,0.8242144514154301,-0.696408393431301,1.5471076302418412
1.3049251840009066,-0.46976174789840963,-1.7046135536636018,0.29522318046382223,0.9390517220307851,-0.11786144903911361,0.779524734082543,0.00543439801955023,1.8437718438564084,-1.0683077440533346,0.07916322780824121,0.6856671121866682,0.44466031897232094,-1.435957181226807,0.251013807226959,-0.27601455478316944,-0.968622468909893,0.057837695675366195,0.9974980947419587,1.3611678058517962,0.6376308279766812,-0.05311763795405408,-0.28017170204519604,0.000590000933618411,-0.26319814749785597,1.4333286551054338,0.3463187218813317,-0.8909210797805658,-1.779000551067514,0.5802632418566722,0.6176615678953529,-0.49752144759845285,-0.017676522641794548,-0.05083726137755894,-0.4132460245451024,-1.0366270071800747,-0.7676461562618175,0.22955353837109488,-0.4619159671078669,-1.2360864382413022,-1.225373776038302,0.8014252372410698,0.2993617021002977,-0.5418855187833149,1.7927354338995019,-0.5276675501815203,0.37167429923886103,0.2924089317361894,0.239834738635391,0.5005099099272247
1.3876209873051617,1.0940163580871838,1.2927301018625061,-0.4102648528491335,0.14798876862293395,-2.880172218664204,0.962388602607417,0.6283516398978671,-0.0023132326578279507,0.31383339151928846,-0.5756037345683358,-0.31213323019353456,0.9064081135351671,0.6094601931401814,-1.4126553492642133,1.8327798424828345,0.07006718192792159,-0.36519060037254925,0.05245616294576298,-0.1486478507816774,-1.6163742322331236,0.15585410863074306,-0.1869074597001535,1.6014477362735036,0.6680979646801877,-1.0268728599555597,-1.33134711760503,1.4535865356275834,0.6518903107562951,0.20067266720899254,0.8938393487595859,1.4964671975222148,0.024468748820252732,-0.3146327268409748,-1.0380169319562644,-0.7627774830924315,-0.8539534435041668,-0.30456931379378327,1.3975806986707864,0.08173388138683241,-0.4889093025545197,1.9097448763634057,0.6708538765064238,1.6295447373279752,-1.0982861092308898,-1.0155591999747913,-2.3662355062511917,1.5110238117763823,1.8558845645972066,-0.4325157823542365
-0.8623038082083733,-0.06637559561853691,0.5998556648910732,0.6913570834212599,-0.1017615466499832,-1.3521115746799086,0.5586601362548466,-0.19293483755601054,0.0030205548629898046,0.9925332144685247,-0.4647642631113867,0.124065911589373,-1.203548597618975,-1.2928912419410794,-0.7105918837870157,1.1740365457797177,-0.3698737639598135,0.9245025940190985,0.228895643530831,1.1090503885730914,-1.4871909395574248,-0.5646752347524236,0.6412495143178149,0.03215027734281625,0.42615151438399657,0.6941748388752287,0.5694945928184735,-0.02214844305464377,-0.44117613898922425,-0.4115152050016257,0.4606947171591607,0.6965135028940371,-0.03687783999381585,0.6471412691037749,0.85286016575393,0.3088500488154441,0.025602631289394325,-1.3785007101827775,0.8900746903704019,-0.48178767147953105,0.9976939855772035,0.6904969794311167,-0.5916643418400567,0.5268835626644334,-0.42347280173481283,-0.6141552528960701,-0.6860012154299672,0.9695977787075925,-0.34648762284966556,0.5461587360973965
-0.6813838794446773,-0.7755560627873178,0.24896613256104352,-0.9635899488189864,1.7670215049083777,0.22940282161238598,-1.6358997591540019,-0.8245372655839914,0.5811361094108434,1.292803918528329,0.10995879980173613,-0.29855801752024197,-0.1720771075068876,-0.6257877074716927,-0.21608042894845178,0.15060542909330865,-0.4436235798485779,-1.7655587067497998,-0.9156038773506967,-0.9469329721041365,1.4747575353692015,0.6602984969328851,-0.18012166044044137,0.9153503164848166,1.6312651533145737,-0.5577431966266998,1.188505909524066,0.64827764727318,-0.423962013833313,-2.1804425129125127,0.1692832328397934,1.2295059377189497,-0.5192414449698809,-0.1635813066507519,-0.2964120214027009,-0.32486577203698014,0.6936974506335856,0.030376544338357594,-0.27594787731814446,0.6918333796562834,1.1757445092724792,1.5877244499705623,1.436020095985514,-0.7246723165509287,0.35362159378269936,1.6002855703300414,-0.0031385735086065358,0.22170800745611546,1.2365200201156825,-1.989253311951449
-0.5802114021439476,1.8534612417957144,-0.09457276835086707,-0.45242323314405475,0.2794992801558421,-2.0108500939070146,1.4600599783092925,0.6665336316165376,-0.70787031948467,-1.7866429279053524,-1.0665626591561752,-1.2381634926753977,0.02007279071821146,-0.27155847975994735,0.1386884158591827,-0.5328173420050436,0.8260927666618932,-0.9923764430863178,-0.24561495752765858,-0.819592420605128,0.2840669356393793,-0.8899965910304587,0.6121992946154644,0.20102715704236154,1.4667881597343755,-0.5617735763469652,0.022144736774522188,-1.8478920892104056,-0.4570502756906445,0.6226066689639057,0.3170238278153702,-2.1471872134266707,0.9497507382536621,-0.33461679557995083,-1.8682057445181883,0.20665809559535084,1.504854903679653,0.7916118954915516,-1.3350514639897706,0.4121959191468245,-1.0303833985866842,-0.05919820451903415,0.6315021152416249,-0.33931452034573495,1.165650913862385,1.1766234526468777,-1.5082044976509732,-0.5390314368051311,1.6179109744846398,-1.5633853809054763
-1.3792692277348084,1.3781267368926788,1.662351209491469,0.8776998509962506,-0.6690942301848345,1.2789295450033649,-0.24781445634020025,0.33544954381824893,-0.12807752303396852,-0.8193341643930095,-1.2851620838214721,-2.0848363500556673,-1.5565514518211048,1.9595604765720633,0.17505040135514927,0.5063290521325114,1.5933030639409635,-1.2359657507153103,-1.7503939971232523,-1.5375774495105752,-0.31046553642215635,0.040289066677160854,-0.37659946111182035,0.09928444926267463,-0.23628498730943323,0.16268711629726104,-0.6328729171876315,0.03281390547068244,0.7252428382340976,0.06456946991845086,-1.0874596717977654,-0.35205804145617203,1.0888369560474818,-1.2976299656453083,0.03741634964226649,1.1800840858511685,2.768578096124842,0.8569793828450073,0.42243889949079044,1.6982172254239882,-0.7572885807878862,-1.920197378287259,-0.7003712162074012,0.8871651540305768,0.7541948408873954,0.33492572941134274,-0.6152432942607059,-0.011399879153294417,0.04966139654632737,-0.06017643839079926
-0.9492098150390302,1.0241289398320277,0.9273316423172934,-1.2382260048658746,-0.3779146971964201,-1.305346905672899,0.8543621473508956,-0.3013126290405712,-0.07836136580361662,0.4216768527545724,0.27979742380119565,1.007478430306957,-0.06876653246968703,0.42554085013253706,0.4486636661570742,-1.2913986343864063,0.7905781242530483,1.4635341335710588,0.08855696430513353,0.7596577903216786,-1.289951244372076,-1.1710542718752575,1.2105149004768618,-0.9344907805976863,-0.9473808863573441,0.5081745783531262,-1.1898111503191944,-0.1602910994817995,0.7684238636439489,0.05954567088552119,1.1078079089631243,0.6902348593038237,1.0040159932870092,0.017487775355382942,0.11926208338948752,0.056571894763102655,-0.15851110796658352,-0.34809711868082244,-1.4917458482291963,-1.1367058542021258,-0.34376005598344844,1.7671549454187396,0.2913379065725907,-0.9403087959427028,-0.5122756035143096,-0.05378929206754997,-0.6676079573511968,-1.131568458359488,1.3454160426839425,0.4488366110665161
0.17050273423934748,0.003340161237217281,1.728624693763704,-0.25500605185301234,0.8540986374370564,0.8686881713590651,-1.3934280936708263,1.4276506834802265,-1.1257215589161846,-1.0820689056168395,0.05008803465583848,0.11313912787167492,-0.19144224739217727,0.5894901758891836,-0.7000878444739154,0.1255896844100337,0.44092557243295405,0.11080603685669689,-1.7859342206621693,-0.10430684988876168,-0.6009771692659268,0.14842630124583547,-0.45575398025136976,1.4510169260434511,-0.23431717723545073,-1.8563564553728018,-1.4113072161485647,-0.19579656582115537,1.473736196768628,1.1502278327070332,-0.40107969473048605,-0.3361962023933506,1.224684549141328,-0.6062502091579955,-1.3646672761581427,-0.5037116233415548,0.5938296170048133,0.7315400693949601,-1.9153960171360225,0.3384589568333843,-0.7895405021674444,0.37945261396177254,2.003719856767622,1.1046384649587924,0.4258733830956635,1.2949479816416036,-1.5103475164926548,0.9383487163423064,1.9770008345757077,-0.5461639024939196
1.943808612627906,-0.81205123345949,-1.2818993077757668,3.4439591842561574,-1.3076522123360164,-0.3776010540894527,0.6196618262694573,0.372745930026891,0.9420579083454947,-1.471138304655514,-0.7430887268336692,-0.47722698191288865,0.6753373164164824,-0.06082824623042059,0.25950283374258065,0.2386783913415257,-0.2586383655689885,-0.37499242677490563,0.8558776455052184,0.9220873035840254,-0.2573975962050687,0.9610010671686864,0.8927371930049854,-0.6465863870339008,-1.298361989578161,1.9361793024012752,-1.2536242158360031,-1.1595804505221199,0.14276935027789192,0.5706935431085958,-1.847407362436972,-1.5370140378715853,0.3691007022443964,-2.476013532948555,-1.4048256014374403,0.7953661608160189,-0.12958281660636575,0.2663933667415418,-0.2748767253792159,-0.6146435306122455,-0.6755962473713721,-1.286917279186544,-1.0147193525854308,0.6494055025385059,1.2600628391625626,0.29475851651721424,0.7712792359056423,-0.07900473496217347,-0.08442180337562429,-0.21122249644500063
-0.5393326942319513,-0.6150127683509878,0.31055534872063034,0.9961702405189442,-0.20043634396751026,-0.8564425090968428,0.1449957033688336,-0.47958622415161145,0.7243405456894129,-1.7847071582562875,-0.7754007086850452,1.0803101082758269,-0.08589057678023497,-1.0553693871888516,-0.7572874877245648,-0.4347659691611594,-1.0181168141720671,0.5946759865551197,-0.830773986725935,0.17284728702652594,-1.0167736452593443,-0.6957448431497797,0.11470700948644845,-0.40827447786192295,-1.2897879818959705,0.4840206438991072,-0.6062379892857993,0.2579606825885549,-2.1900334908841446,0.6643086080742524,0.5125286980530507,-1.737524561331196,0.7281457393131276,-0.6608954953374413,-1.6881407325719933,-1.3070378919091918,-0.02335691540499853,-1.045940903599432,1.4964994319672975,-1.0351421398454237,-2.3294755967553895,-1.2152867308386965,-1.2586316734474075,0.5593528381474754,0.9445873555266595,-0.35568443175138614,-0.19720195742669958,0.2650012963889544,0.1491906451499052,-0.3781274022025158
-0.9196311990828588,1.066597582566753,0.6863678998420456,0.5596828564769591,-2.0327252320985583,-0.169284127082994,-0.02310074866268348,1.5200863694338105,-1.653395528546738,0.5491364196155027,-2.5047201446329064,0.6188280593425052,0.8326796000467389,0.2067243957852692,-1.464935526161676,1.017965509561273,-0.24251931637992594,1.981065879941083,-0.5615686065137454,-0.022180181032901463,0.7465688495974985,-2.6100299681227384,-1.321503915254571,-1.6574169563812566,-1.0236126314272926,0.7127645134489439,0.5565731435127675,-1.5555162350636595,-0.1154587592534302,1.47440344841471,0.044728428263588325,0.6689407914325023,1.6111919685620646,-0.1238079393445469,0.7005419112196776,0.5072859431296489,1.8255288540066508,1.5053829587244987,-1.7147303468909083,-1.8604718489634602,0.4881415941933754,-1.1569134830786718,-0.5670736995447373,0.9754258478421503,0.3643492237667352,-0.019937086622653366,-0.005675522937919623,0.8688613539330785,-0.44086751868321766,0.6943921378393372
-1.582730874743701,0.3397166466863472,0.930780661519539,-1.6810649161130287,-0.10105510005777277,0.7048701190742275,-0.28857210868438926,0.7379244484360507,-2.5014401708442247,0.6081345465042186,-0.6926782755345461,-0.8907246143134671,0.3406642537725067,0.1788335364465698,0.7529969060035863,0.32392831220611407,1.3060611290304205,0.64180201669308,-2.116937542276383,0.14714263779767908,-1.0484883505780394,0.38916454951682683,0.3124634977116271,1.2008415116139037,-0.12934225213156625,-1.3988962365449038,-1.162044251623493,1.4317107318187914,1.2782071416834615,0.6306939804084898,0.3095556836937521,1.3673514795357595,0.4106099993998976,0.6703942106902269,-0.5530581056028685,0.9308562953616142,2.2730232461982625,0.6759747663768658,1.5898932461088555,1.5903989898170394,-0.1299285891698777,-0.003781867302886787,0.503234101095969,0.986120315532283,-2.088891423698145,0.2469110871806332,-0.902352921456376,-0.19639886761347133,-0.7222515056620158,-0.3265510631542081
0.5062252719051133,-1.1438816370491527,0.30737036811589674,-0.24764275379548106,0.26184976431706664,-0.12774190622200596,0.09393184255419167,-0.260701766968059,-0.4293944939588994,-0.46361081985737057,0.05406345658647566,-0.2511155389102178,0.2756610426034244,1.204617128715913,-0.8589570509874996,0.7497158812856992,-0.7186045024135859,-0.040901397486592155,0.31803611795062514,-0.034941291349291206,1.5081204634588992,0.038596478350033735,-0.06482008215955122,0.9853226169238521,0.995222606632082,-0.4904609620148713,-0.937494505523855,-1.1899484935752385,0.6019572122686441,-0.32096651180045005,-0.6014289390754257,-0.35953758912833716,-0.7008926347405224,-0.04266439573606747,-0.3349987099725923,-0.7780529499029875,-0.07966811302027105,0.18539734327361232,-0.30855386468255297,-1.1127578943617373,-0.4933938561164522,0.15147301974917152,0.25827798228537857,0.0951935717296513,-0.15216383100007916,-0.252415661605408,-0.8094180203773705,0.8743915503961462,1.2762381073900535,-0.622087366531529
0.4091253385973033,-0.1998748200104804,0.1450584029302066,2.2327382478933986,0.5531718118670836,-0.3976781026150404,-0.18867679354189584,0.5192580439686639,1.0653288183275949,-2.11605360349965,-0.9530308313520938,0.11680386270135729,-0.0882859351348195,0.23035261082268374,-0.9328435925415994,1.2074338057848464,-0.4871065570346431,1.028493497306127,-0.27524436752656445,0.3268644233424655,0.7777848472594352,-0.7777463514816332,-1.5648853544217416,-0.09092246058664125,-1.619512491096917,0.7439283536016403,0.28634783327544544,0.3385916257217393,-0.3660940793925407,0.9018016166431636,0.023023343215232406,-1.6802709614710962,0.1045484184672323,-1.2226658338600596,-0.23057710986591082,-0.3545728869576114,0.12677801894381124,0.06293228641587217,1.470621987309235,-1.466255271187153,-1.2971872926766994,1.0335862621345924,-0.10587397795812613,0.8320087627126757,0.8124124373098606,0.1475680238899348,-0.2563127305753329,0.5725636808322981,-1.5481586453730447,1.8846057634842603
0.5474336477109674,-0.6470122945695918,-1.3026842616024192,-0.0804279118995035,1.522597090805949,0.43087140157782866,-0.17834855906082608,-1.1606966474590987,1.550173136905976,-0.9636565725170273,-0.038143266336396385,0.36842182702479803,-0.14509645374953292,0.9138820523610311,0.6896573633604137,-0.5918872949500286,-1.0777776887288193,1.3900064090460214,0.026328465986430304,-0.6375823694746476,0.255580507243757,1.1501885457789829,0.5815758248403861,0.11432105731397638,-1.07362642542393,-0.30932152911308736,-0.3445074823771848,-0.5903440335004574,-0.3139282031446594,0.5810557021001048,0.4230600638484682,0.10639578974115678,-0.7631571882101543,-0.8796614730109006,1.2516285026363616,-0.27532369920979083,-0.504930940126497,-0.38953256057717456,-0.9554788944276695,0.34088689823231233,-0.9708647892572259,1.286057470246981,0.950543166444958,-0.5627344284470311,-0.3334391965853994,0.0514707477452489,1.0345807669813474,-0.4114465947402917,-0.04112189376587874,0.3056288692093801
0.3816410724130822,-1.0659470264176103,-2.2947082667956136,-0.4643177270588295,1.167434751537856,-0.30027976849648397,1.1429804760147089,-1.1396032773650087,0.3135811184681268,1.7047931992098235,1.3208257952752205,0.5178035947791739,-0.27356666132502944,-2.560789344434525,0.2904691598593536,0.09300188465576897,-0.6464804519890224,0.3532206590338767,2.9495012820700106,1.313362747097483,-1.0940600648730876,0.806348003730338,0.6632963527995949,-1.0425336090010697,1.0487894444785164,0.040424423769598435,2.6238509280916267,0.1375596821585137,0.5640592160245992,-1.7939479112230776,-0.10364746427411006,1.859724261326308,-0.5189426346529705,1.3207573136565627,1.0333458576360044,-0.682261432223743,-2.155893610414315,-2.059476247819942,0.7722979783784633,-0.6759041147997026,1.918826868293823,0.10928461876679266,-1.2122614004041692,0.41700512172143467,-1.7307020041972676,-0.755894380517505,1.5126202406465858,-0.5433940210495666,-1.2194219336253145,0.8267374074803773
-0.2921391026694438,0.9156741206740873,0.5422044757303034,-2.1566841663979344,0.3716723131399164,-0.38654640744348917,0.4917531755369755,1.7718004993147598,-2.1093335950402157,1.2201294961558786,-1.0239793542803284,-0.46034590956487126,-0.2453012674632691,0.06859241706055845,-0.695436667302795,0.9100616055474658,0.27884859631825076,-0.49882775433863086,-0.30151252534639783,-0.13323363351688583,-0.2708720399044885,-1.162268095216013,-0.7123276394693017,0.7898574984137733,0.05891870660530948,-2.2817536776951144,-0.16744645154938276,-0.020000511309008717,0.5417807557430024,-1.2008524894787094,0.09842654210395779,0.5118924073028234,0.8062733858533522,0.5856148587975851,-0.12730095329672955,-0.3110850920147852,1.5291827034083123,0.7528529340277005,-0.8026389786304388,1.1670711804525946,0.9793273345813116,0.6239573089612914,0.8882210853832497,1.0591857699466112,-0.7435979023811874,1.1444196319841542,-0.9626536830393265,0.8168200532676163,0.49074086998248995,-0.6309836492204658
0.20988000850193722,2.1881778836696855,0.26952635291854804,1.210224514824116,-0.09512592805634265,-2.8446577992250615,1.4781485235100367,-0.36211201781448693,1.3452681493893508,-1.635155731891122,1.2937633121902816,-0.0034053084081317898,-2.1643971195534277,-0.7712227306568755,-0.42256485139252215,-0.15606053055844324,0.41849033974205707,-0.04863592183167348,-0.22361412886181797,0.014399846269221243,0.19978903427688946,0.7937799146949285,-0.10210093075267268,0.21096320184846104,0.7299170841944007,0.945270330717121,-0.12018184825010578,1.298617591352419,0.555764030628105,-0.6889095655993405,2.3684644108074897,-1.2856055184314605,-1.2071911733816463,-0.3024350908163942,0.5009529629330776,-0.8153397315518593,-1.2391255720651912,0.32032881080069164,0.8996167358111832,0.1496099783269753,-0.5061075705284651,2.253198992712606,0.6599677772041953,0.35748735084121824,0.4734872934239376,0.017300029271790442,-1.1572332641577168,0.1436826957285427,1.6964123049652844,-0.8384712379849009
0.31653578244480146,0.7500744313765756,0.11787027932955313,0.4604007124057108,-1.2277576172489335,0.181954806641805,0.23105484288844183,0.25168301975407803,1.1077611388913124,0.8170715212575526,0.2588577726077157,-0.6338748863172645,-1.597703192996375,0.865848029120222,0.16175510200470006,0.032978163176815754,0.40047840983230737,-0.07401157139496486,-0.2978837789785291,-0.5763764822684802,0.31490384173983144,-1.0709224214524822,0.7885097754472199,-0.9802850952298781,0.29236835262057065,0.8119375344081897,0.9357636501351225,0.30912324395619317,0.3612280185211146,0.05066883292410636,-0.920061215986699,1.6073206574950698,-0.029903153261793547,-1.2713484669052155,0.2759529812527368,0.5447282865025724,0.24110034435629826,0.982806773461077,-0.5144415493276006,-0.4062231682389612,0.6415990206372763,-1.4030150946293325,-0.8100887904476356,0.2865254822294702,-0.3847138045344788,-0.17460866441165895,0.6410870032199656,-0.28845518850889657,-0.7112868102497759,0.008603514747469211
0.15964772771477123,0.633428426780365,1.244035975755187,2.2957524129564537,-0.5288470531645252,-0.2402312716264886,-0.41959546778442525,-0.5316894006210097,1.2972885872674085,-1.4253623525272359,-0.6992812409338685,-0.3642099682605356,1.0265241925103903,-0.13014333357068353,0.3832600937737162,0.25416325341202833,0.24581393337915722,-1.3196625641603108,-1.5085153450267128,-1.3029227772660144,1.870993665947226,-0.556190325076542,-1.036624712045928,-0.7514715144773922,-0.1459550305302172,1.908395780591258,-0.5974990482667302,-1.868481305484494,1.5792259505986312,-0.9332570411016986,-0.04985414947906992,-1.937490151976147,0.8297697383745387,-0.8307090590052049,-0.5845249889817179,-0.15637679238914784,0.6147844757436347,0.6320188653347631,-1.6021575110050053,0.22158258418203733,-0.6816791900196671,-0.285833207383474,0.2787278200414482,0.09853536311005544,-0.7797341153011884,2.524267477264177,-0.018188701960660823,-0.3060574260475057,0.9825726453179902,-0.44894601320928745
-0.395403464354494,0.6454153874936215,1.3811379569096034,-0.2948715875678349,-0.44569082015385886,0.39651839255283255,-0.9609925330108838,1.9976881474573918,-2.832573633318658,-0.41650360538042186,-1.7180138124250348,-0.3006444284999352,-0.2173499005883068,0.42182788506546254,-0.8397454582812761,0.31557007946194926,0.3325404899241113,-1.9932458941040003,-1.7475662169940815,1.1148163079747833,-0.051955280305193,-0.6037430907198758,-1.282037512745773,2.3516004102362613,-0.773305781969548,-1.6540630847288822,-0.18589176487537604,-0.47837943652640774,0.5998064073354237,-1.6067674556050568,0.629636431498029,-1.249169213982987,1.3558341814386892,0.45250239651961843,-0.6758954287896879,-0.3374973728966364,0.7766083528210637,1.2449902289436388,0.623870765823214,0.9275137915210931,-1.3223448741645272,-0.08910736732774584,1.8021238957012975,1.960316214275029,-0.40524941428120104,1.5529501619925468,-1.698725476616217,1.8009433477692511,-0.06334813822318228,-0.39089590435934946
-2.4155950951357674,-0.3635127525946438,1.7166044538505245,-0.21755310280704418,-0.24488981122771408,0.331152760915471,-0.5595379005182938,-0.5230881106981767,-0.3986866258481889,-0.19958113638409186,-0.5359303486783853,0.8550090671983465,0.6996038623776959,-0.1752396294513936,0.04736443376798349,-1.2282154726199772,0.6001415438317166,1.0787805566541782,-1.1393376150689063,-0.5951505754199686,0.31841162463481065,-1.5691055869703532,0.4547099806024836,-1.175096908313852,-1.2906724078194736,0.22447697882300283,-1.1406803463283564,-1.4685974891712332,1.9041435584430935,-0.09962231563041292,-1.7978959463085122,-0.1496376262543444,1.4892511921251352,1.560984272450679,0.3987800956517833,-0.3138970306614536,1.7891734590689288,0.32327753044867225,-1.5065946358176199,-1.9903850767392086,-0.4621136518989954,-0.6105299120380631,0.42966205820395903,-0.15614635261239043,-0.30421188804056915,1.1632517332702375,0.05267977497436146,-0.9319026872524276,0.3566211612553036,0.32213031714140034
-2.1907964783546534,0.2735485972117211,-1.0215588883062539,-1.131904366813898,1.6794555490209226,1.1145984165972989,0.6367102348681037,-2.0370638193376918,0.8994880061573223,0.8744324386501549,1.5031533674930648,-1.0038920073554125,0.5182615721223015,0.5155267912246154,2.089241574482536,-1.4378943162084614,0.517587903499396,-0.6285182468333147,0.8546428537879254,0.12399718543760593,-1.23512625921676,-1.1964612014962845,1.6674057980011223,0.4570341454065046,-0.33748512250327856,0.33938191781648785,1.9445905481137837,-0.7949091525646658,-0.3024332285462334,-0.1163637301491475,-1.0165463736217406,0.7147396005562124,2.0600263590779853,0.8175124051511813,1.5407949947055561,1.3769938662170218,0.7746692931567669,-2.0411892291117044,-0.9660890440759998,1.7492874269678356,1.5874470613923017,0.626830314582658,0.5634873323407654,-2.2698309046818657,0.15234802653245855,0.579290656635544,1.2240815142415842,-1.8374537993068587,0.5198445938900406,-0.9719527284792755
0.8734403643075038,1.1274198615560418,-0.5596075087530623,-1.018030707200406,1.070105583890777,0.23369336320154036,0.9650103849921099,-1.7904960202785012,0.3571682273854064,0.2113681818426349,1.2344169159367093,1.6504955550635205,-0.05048356014950674,0.7659526509093308,0.6837189141889715,-0.6791100834163294,-0.48139651243643733,0.9138676891335312,-0.37161485738337857,0.36367669459791874,1.3869094984877497,1.9893956167009934,-0.5772616408566367,-0.9136783963468591,1.3219822045953493,0.032561191863143296,-1.079962225852959,-0.003061356600661223,0.9814929975055823,-0.08112340507837736,1.1662792028935955,0.3811520974101122,-1.1107227316812884,0.6111540089842468,1.060880964286543,-1.1275689031287321,-2.084325062907013,-0.14041014119647002,0.5073306664391495,-0.30588593874629005,-0.05156018204349613,-0.02360370678149453,-0.7794023267837447,-1.6356376294596697,-2.0301215341947954,0.5795638602676656,1.3995744133756802,-1.423162914221434,-0.7821268100967613,0.9917618300294353
1.730884831831371,-1.475008509627567,-0.23995301963960325,0.8548777576642733,0.6762753390305127,-0.21747503543219837,0.5071945835566276,-0.024199107349700013,0.1377436769560409,0.38826471251724304,1.1522534454548603,-0.2514893040609132,-0.5528498489172727,1.7405012094875292,-0.7135022277450829,1.3732171955436658,-0.8533535204227953,0.7837601109065704,2.276312161101263,1.3764536288661697,-1.5642600702106266,1.099813914765079,-0.8836643497599884,1.1350020310972981,-0.11363277476748423,0.7471042286771483,1.3446375246938809,-1.0405433234355073,-1.0525318880614773,-0.03378431311126208,1.6015009422004394,0.8325841810536503,-1.2911046010935887,-0.045157108674156766,0.14817523972434563,-1.3328208229175549,-2.503102681399338,-1.0454625863697875,-2.070113176070822,-0.34736876568465586,1.232006991960813,1.1654958446717756,1.1918608009683955,0.08916410415640333,-0.037315753542207696,-0.5568665252208941,-0.32870628124314816,1.022429379854726,0.6738439546088264,1.457990199087686
1.9672765830327852,-2.509222213709538,-0.6870180814686675,0.8140773876041788,0.6561183247894636,0.27902257356785004,-0.8018850557413062,-1.1754607971830688,2.1876471885059563,1.2384011272661035,1.0707269705525224,-0.3249008541718539,0.019720986713821907,0.4999851382817864,0.5086351329691079,-0.2919015597864696,0.012985537267678574,0.06204959646685379,1.9865836553627307,0.9873015584400688,-0.9381259051876504,0.9610844859147014,0.9408682320999883,0.2614271759188599,-0.6435291080842432,0.4337160211954189,1.627707974877765,-0.10805630458884362,-0.6755490998039598,-1.3598520654369828,-0.9351078885563349,1.7215696046748237,-1.4807752574996715,-0.03802527134612836,1.7609515698104263,0.014687099294861367,-2.107348718071121,-0.9419385293244025,0.8281874349790435,-0.44511577019171006,2.4646608528739047,-0.009604954831093134,-0.23434040377442486,-0.6346654644749008,0.34975871515464285,-0.4337220933573692,0.9933461824738121,-0.5340424793435383,-0.6103929999567015,0.4872586827683368
-1.0221864200192878,0.3719048666445961,0.20664862407882525,1.0439042338071831,0.08331940285999104,0.5530016853456903,-0.08580400890396896,0.5327675357589488,0.28590474241646385,-0.7671885377727722,0.12876240887670062,0.43416644120672915,1.1049565915127395,0.17417713279566055,-0.5399489290435686,0.962107434548159,-0.6806887570428686,-0.030457442889034913,0.3325356884793354,0.11198895199795013,-0.4430476727445181,-1.232773793921552,-0.8618433535963266,0.4951993691957027,-1.490995548124497,0.15932594982810266,-0.4608020229455727,-2.321095930780655,-0.24675095292503163,0.010397839220038065,-0.6096987044109179,-0.15860192540527113,1.2623530559516514,-0.60647299309155,-1.1147903846359695,-0.42535004785028324,0.004750381075267806,0.04024183608484684,-2.3387847545573317,-0.003997741766357185,-0.6157051028523592,1.1844252617454263,1.399597701693671,0.9781489294300509,-0.5539457180791512,1.610035213671491,-0.8120142626135078,1.3789760889867295,1.21909412490468,0.500277728219527
0.3379388880028925,-0.06776684814982156,1.3302656582823404,0.6755954326385707,-0.01903676236677207,-2.594313605026226,1.2085536618062034,0.8090783205277349,1.1626155296915328,-0.6323175768857751,-0.018027212762637208,1.6653947546087278,-0.21201728367010117,-0.525351913927158,-1.8159904348184222,1.817271549043879,-1.0266339345356377,0.006998292626155421,-0.17624729326260846,0.7943722833173534,0.29685987807278047,-0.1054791078775382,-0.9398520112086098,1.1359586105853186,-0.3759081318626887,1.2532630081820417,-0.19406015683434175,0.3266167952154283,-0.18973987994462657,-0.6366781493476669,2.2388965429420895,-0.4024792333730766,-1.4185808365731016,-0.723142799991283,0.4144853603842056,-1.5900271786915643,-0.46292866568342,0.5467980196231665,-0.24857566529880323,-1.0708068773521748,-0.1837935658694601,0.1608777931035915,0.5282590390088339,-0.09091649359090388,0.6035020117108802,-0.06143188727943936,-2.7586403329673415,1.5583531982729864,2.182636954408143,0.25803132583151844
0.5325342316899999,-0.26431402991692393,1.8653981556482735,-0.7326933482886352,-1.427957266055493,1.4159639976783531,-0.9531880212878224,-0.19869564736049225,0.2482967778272077,-1.5963217660701259,-0.02856079572796478,-0.3021706889317251,0.1670423755142654,-0.8341539485117816,1.6788778663795725,-1.7832593601140911,0.8914622970401889,0.8855297127400393,-1.4085788856496961,-0.41578070199492545,0.2171733747620615,0.559842653824347,0.8299594374215687,-1.2909441983881835,-0.4505780751369074,0.016322427450588522,-0.3975059763537655,0.8221253882886873,0.1902798969505175,1.757227427180854,-0.10874217790504775,-1.0199423091447564,-0.24897605885629553,0.49260175284714686,-2.030261965480012,1.9389874704154841,0.16342656499667166,0.032388156073155525,0.9311638150327342,-0.045638070192562816,-1.3102659432167456,-0.5358629676391907,-0.9176612906035969,-0.6523105105968883,-0.8198299765159619,-0.6688257115602227,0.06688778665147235,-1.6737437372261637,-1.0983378625816718,1.2476317942771857
-0.1370094304419103,-0.5100233243068246,0.9016678264905166,-2.2458811857487095,0.2637581599513401,1.9255240911029676,-0.8746316582328378,-1.0865678128045486,1.045044444872699,-0.1556668436045528,1.1341437032348252,0.7628884090642669,-0.22653415759127143,0.583833609075411,0.8105533946790937,-0.7265469742780267,-0.1291799857196472,-0.00472357566138722,-0.16385146801057845,-0.32477759416593477,0.444920522252018,-0.386839247689105,1.0616043177371153,-1.1725872463227838,1.0453996936538983,-0.5364315696897,-0.18424094710650576,-0.011390630317108715,-0.43863839245992564,0.7877148821784266,0.10908951985529225,0.3077931476841989,0.28301524175510623,0.18355533792298795,-0.44138032207362443,0.15980446854758998,-0.5999401767095878,-0.843814768050067,1.2596314847824295,-0.08137416636677651,-1.0076530168067082,0.773206654302313,-0.6805621022175316,-1.85908625559076,-1.357847443111206,-0.6537444682635132,0.8457500096909009,-0.9761639524685994,-0.9197392230222632,-0.436432172052294
0.11868937233428334,-0.15675639681306944,-0.333567903109317,-0.09509932622810659,-0.29657032150803814,0.4636237773096404,0.10424665071683786,0.29088989587902486,-0.31784591977879983,1.27244129170238,-0.45033273595732537,-1.4929117609541944,-0.6766603836289611,0.2329124235187282,-0.3526441018388858,-0.2542949632742796,1.7025218696823967,-0.46534340776336597,0.1494087487306777,0.08656645763983628,-0.9217422500485645,-0.6658279440867684,1.356812346080497,-0.6874016235318758,1.321302157397182,0.6374953306893001,0.19140568456222512,0.7997024887531407,-0.7383152206884599,-0.14276355805531235,0.40602609795254846,1.0355931372494933,1.0021936670640947,-0.5017144020045514,0.3433000250597839,0.5144354912320275,0.9268453615168493,-0.7958596005023783,0.6906569757159169,0.15313483350470067,0.4765890884541015,0.7192744912759241,-0.4588126817646457,0.2184084503295322,0.491406768461815,-1.009361651083566,0.3226568430473164,-0.5519530876843102,-1.360352052190761,0.4589150182070917
-0.3756314280840639,0.6882110596152072,1.0087005623951457,-0.6711127019057301,0.9114578430512148,-2.0690108857005227,0.14709078759975355,0.06944755750177274,-0.7007021724452123,0.3975695015300238,-0.7212821607135438,-0.03310735686406754,-1.2108466053775777,-0.20003037380025115,0.3583286528227161,0.21072532915768524,0.5985071604583483,-0.2011810564644167,-1.068445350448985,-1.206316339077512,-0.8246019830677753,-0.10199320344199558,1.0697183863034694,0.4577705223151172,-1.057178105209462,-1.3036056879280389,-0.0681996995939602,0.48494384838360294,1.5102367066415991,-0.2538432233070656,0.7730635426236705,0.46255879860968285,1.4263679676364853,0.44177137405505545,1.125018566345289,0.39262882623973727,1.3345158895491775,-0.3767762033938846,-0.44832895122047073,1.4165020557963504,0.6918510917601648,1.2214805997661053,0.5382690142736266,0.4394903783012499,-0.6370719032499023,1.3111106821995646,-1.0645851312054664,-0.2844305324754116,0.7651451273793559,-0.2638695832478306
1.8707670170377606,-2.2754738801045677,-2.160006026828661,0.7300215220218637,0.7706737506805287,0.8826209913378206,0.06048231027954404,-1.2149201629605495,1.1594609251292072,2.329127534922941,0.44009694373049457,-1.2744633748033691,1.0525136059709042,-0.42830042958876424,1.0595146944264682,-0.8459603032799214,-0.16904989297741643,-1.0442833763053148,2.743162311889563,0.6837923469650613,-2.2043450480264695,-0.05877184905337226,0.4958012157354599,0.17778241515787083,1.055988738800544,0.1885819733089378,2.8300543020531155,-1.0836849235513468,-0.7220849621279938,-1.8851801438360658,0.6945429020955697,1.9449833956769675,1.5100530721610554,1.6633592059600883,0.6282744382375813,0.5691813234674975,-0.8294747482812052,-2.272161397602216,0.103059487006368,1.9652219241829705,3.3167861449893565,0.5286030743179739,-0.554638623116906,-0.5459585579920849,-0.5954139869141646,-0.6919472589985461,1.66936139453941,-0.8398127872674022,-0.9104317006153093,-0.009756196507911959
-0.46273389631175976,-0.8646886841266277,0.3589445637255351,-1.2502220226962042,-0.0685063122063471,0.4145167865871336,-0.405642774656118,1.3514166918585317,-0.70101741607685,-0.1385016145853455,-0.6654036739001696,-0.774421208782053,-0.15533607024729654,-1.367243889904365,0.8122729344515367,-0.49895720093007656,1.7265665606527334,-1.6490452951570396,0.6019884347648317,-0.5169065069862623,-1.7763302479799765,-1.052773363938253,2.196296898222025,-0.5425506984016755,-0.30427951522556823,-0.10648642959754408,1.6992338259634332,0.5671257424116185,-1.8706150829111285,-1.5824970627614876,-0.1950107657979694,-0.08268789498918949,1.4725434633611063,-1.4237842530213611,-0.8880865167486278,0.5659516720791462,0.7984150406272243,0.8362762262204322,1.1612274070841064,0.3288932388192676,0.28361172610964597,1.4340085572365964,0.5452081261739269,-0.7944776545364436,0.7671747984151965,0.5591914808362236,0.01191272584389755,-0.7608128735629773,-0.5255361381524308,-1.5982952761653189
0.016037990254604145,0.5605347261183566,0.8412779502618675,1.0506196583151677,-0.40988111894535756,1.1338071982721292,0.16354498282310634,-0.13483182816168984,-0.4557838820741303,-1.6507221332100435,-0.07795687127726539,-0.243649779884851,0.9586148899085998,0.45820850759988246,-0.15176710858247291,-0.25063839059961757,0.1097675559483393,0.36834399735422907,-0.7778435598202883,-0.6207743453251081,-0.7219270959578616,0.3309353564381918,-1.0531736948191217,0.16310250716172853,0.3628022667492696,-0.02974370101199457,-0.18116434063399292,-1.0018978321606284,0.8536471569296703,0.8900389380720869,-0.6639446973979601,-1.695511285507731,-0.19131030632224197,1.1373117311609477,-0.07640127032427269,-0.2541595103340217,-0.34740288968868155,-0.8684370761543518,-1.3105958831330335,0.5537546400322143,-0.2457275432498955,-0.25832164313270667,0.11079210125398813,0.330476167513592,0.8970944624975518,0.7045253140772562,-0.3098201052507358,0.0517527345714835,0.744454432735345,0.2927593371873029
-0.8612866132645702,0.7057976394233356,1.4000897362186184,1.343629230247023,-1.2016996629047563,-0.8556001429891122,-0.5319149040738701,-1.0882297193535053,0.742974231492813,0.1907658364219636,-1.562065648604502,1.5073518488297533,0.47738850348540274,1.4622405936197815,0.05399514522371458,-0.5607724323546929,-0.7704304553439785,2.8029413648544894,-1.5423982188073277,-1.4677637633409668,-0.5754574098594509,-3.3003709310533407,-0.45023286242638955,-0.18177074742121568,0.6935003181729997,1.1833911729660582,0.10734551257079492,0.679873790609193,-0.21274800258135823,0.18779715146360632,1.5886072818140515,-0.9865532505724185,2.3071694660352944,0.5700509764998206,-1.3701730686739466,-1.0765954795857207,2.0473718092419757,-0.4698496988613527,0.09122865772041958,-2.9914189145154775,0.5199539596840229,-0.8234145872908525,-0.7345034337441905,-0.14055696945759258,-1.8536616494083689,-0.14233383491826004,-0.506846736475385,0.061718410398200606,1.2111539522193004,0.48262463785209603
-1.5149669774410097,-0.2895005608435866,0.34389884645704943,-0.15028541016307176,-0.6886664080258199,-1.0926086205367895,0.28737935022081157,0.09485057639078402,-1.668623920874876,0.5637025080861204,-0.5807150576829163,0.05986522466234199,2.068366266354709,0.11521921313896812,-0.25688259567839283,-0.5869552414249993,-0.017155080631600598,0.25728120973197505,-0.11162379900767454,-0.44772620979841427,0.15292793719302275,-1.581155397766922,0.17817547518830404,-0.32678866114543903,-0.5151892757968285,-0.41192624788297005,0.47782807562660484,-0.2892661650360207,-0.46788940067757656,-1.4078914938263443,1.7857948166385074,0.4413320205932717,0.9681321621983078,1.3518601292551085,-0.11260034817949406,-0.9551744537657882,0.6420897872805393,-0.9534761225165056,0.3528817069733791,-0.8904443908522726,0.7099244172608191,-0.7002634995606902,-0.5534309181790041,0.9558394824829972,0.5893774423504344,0.6664984992251618,-0.22991498942899205,0.32228274046972716,-1.0819882839685095,0.4081261307378245
-0.12934163257895157,0.3891547416450598,2.322449586960732,1.3581790148821298,-1.1406179597104902,0.5448381973744668,-1.3552528048229342,-0.2956243232192842,1.2212068724516638,-0.4545753870218182,-0.7165314601674881,-0.22562681728225356,-0.4829703327183908,-1.1290731815430415,-1.3730248107879048,0.5492075447673169,0.6638788468100972,0.4343986601376304,-0.9976319231976758,0.09846250256754072,-0.8778812337165184,0.05835903720533777,1.0179578642262803,-0.18636885582071436,-1.1397899421983124,0.3186994754138484,-0.045816403961826395,1.4460650624828129,0.8821769765268872,1.1486856445731852,-0.3412528262972426,-1.1064961374426625,0.05907794923313133,-1.2763495064887977,-0.9046144197221678,-0.19070290374427126,0.14568918448943644,-0.6392012113891693,1.2310607570746503,-0.27506753360704067,-0.5511651347726622,0.9019392633344301,-0.895693513631269,0.0023143052416729356,0.1221119198662483,-0.6073058758613196,-0.22632971259330092,0.29692657266534944,0.0237805029026049,-1.0367916818392477
0.24653462021155606,-2.8221881483920974,-1.716084928227731,-0.48211075125789205,0.20724674752571093,1.6668970000593475,-1.8824609098609453,0.004173272031475429,-0.9905570818407762,-0.0407004918412442,-0.0010856120805104452,-0.3765145935724329,0.9670008134062109,1.200454106392539,0.02704225487008781,0.06763163501476815,-0.22006074589062974,0.9408830877630071,1.4241951192330018,-0.0709339531698216,-0.4384051147159223,0.29061789567460294,-0.6398301577571466,0.12166344592043331,-0.37260815442108236,-1.3635830307548107,1.3242432207720016,-1.8828999944903835,-1.7898291931206527,1.587444508512267,-1.3016385072470174,0.4688277280293621,-0.04054280872713029,-0.4653164894874611,-0.6554610793267243,0.8940496538945422,-1.3195864737210028,-0.00794341737868382,-2.046874440458533,1.0853818698503954,-0.29705275097103734,-0.01978530494600869,0.4493144352549401,0.6932769066697996,1.1132534619516912,-0.530896089353351,1.0968605836742154,-0.0276947085013521,-0.00880909036467749,0.08172107977048623
-2.16854674520149,0.9036427871455908,-0.5645559884899771,1.0158079928284567,0.5511239143733538,1.7170642420638038,0.3701289561380877,1.8887248507056815,-0.980951473680374,0.49426720822503034,-2.3086236803148483,0.9227366399933309,-0.1229699262695612,0.7925992072754592,-1.9942589971534537,1.7355076350402985,-1.1129299621020954,1.2478185162394635,-0.011576455973859602,1.3789494762938241,0.40091234227304573,-0.5701180833635886,-1.6697762312320004,0.7481566225291825,-1.610102495902738,-0.106891071842632,2.2204602577069954,0.5862734979270543,-1.4929616043491372,-1.6360598612724222,-0.09200461906070943,0.633386242458281,-0.383051824612763,-1.3001086639770045,0.28020071072262076,-1.3804086606820187,0.9089406887764121,0.8268958454722372,0.06830744597685608,-1.7846103867863499,0.15677034267647255,-0.2507284686265101,0.7129896215131936,1.983547652747889,0.9254221107599706,0.8720256180394351,0.052177017356081365,1.889724040555705,-2.25955922943551,0.6003147917317797
0.5994874286630688,0.44834586221528017,-0.019449905853505003,-1.0898662782566815,0.49497225266278844,-0.04796713475653056,-0.7900402672654023,0.9123390325626591,-1.8500255667256726,-0.4233817308299812,-1.1941937869865038,-0.5947367095928404,0.7510923046115064,1.4912946012984407,-0.34412561488275256,-0.3126889529307791,0.3585131825138213,-1.4982877490219828,-0.3265914628535109,0.8902206550585384,0.9862085174015685,0.5725492926798178,0.2954414364211449,1.1812377088204293,1.4106493480228801,-1.2183065929760588,0.4651773675354906,-0.017874672647010658,-0.5535949948680182,-0.6444380669699173,0.10495131065630131,0.07663265292490154,0.4980188792775199,0.8122786334190788,-0.8194574799377755,-0.1625717553513027,0.29199336577886753,0.8771082752863066,0.530856458223122,0.3408761251756458,-0.8732066699376592,1.250067270198216,1.996074146292635,0.3017993954051195,0.24100944074892242,0.4963586721918117,-1.0123123817242898,0.38105841465146384,0.7599193480695672,-1.9532833705410726
-0.6316905909615402,0.6433395007351748,0.27901922090986625,-0.2599867228685553,-0.4041260492920027,0.23130281877537023,-0.2574969188546574,0.7735802198165153,-0.9019336072463164,0.9971353900401522,-1.222285402505697,1.177301279749816,0.6458758790167176,-1.9279059080772445,0.12880062546956558,-0.128040463999843,0.12741162389027025,1.2719641601712357,-1.023191027706761,-0.31833360031110675,-1.6044867057323273,-1.8682977954716202,-0.6201522367676042,-1.2163019940451145,-1.246051104177779,-0.8157827182133557,-1.067516379447172,1.1993256889592707,0.09810620384191401,0.6451577617212717,0.16254525954414706,0.832065144341302,1.4968403002490678,0.3251184926494783,0.9497089040401497,0.4142971028862479,1.1005186540476635,0.5455029956193651,0.5677395946029054,-1.0055393832979698,0.08314402984918387,0.6536088384533496,-0.046013267432750644,0.24939541953953426,0.7442465060911709,-0.7262052466972595,0.5383150316135997,-0.3085844709655121,-2.468821787137192,2.1490324053400323
-0.7113345055975773,0.5894256998624947,0.6337726268461081,0.4144757561759447,0.9792972471331073,0.5693976980865199,-0.10178964779809271,0.7194134297465847,0.2908903077014111,-1.0746313861152903,-0.5232252316391397,0.9403317430721638,-0.22347549585261833,-2.090030785186622,-1.3226060296549462,0.8550975325673367,-1.1437702237823872,0.674565366229642,-1.1373540351363798,0.19746894029916054,2.1640913439654805,0.33484716318954755,-2.462518645637084,0.9156354659861157,0.22872337858033,-0.5052733469123735,-1.6597755319033654,-0.2900339063712649,0.378516915245114,0.14191059272355858,1.283952195522366,-0.19700646484787604,0.42350720253952673,-0.25637437540356567,-0.9042408931226861,-0.7689809648086608,1.1752396068821647,1.0764494573608587,0.04207802893588368,-0.08610338973803937,-1.3043495921576285,0.0802084730016228,0.8339739085976493,0.7637844628131983,-0.4372562549724113,0.07712367173686759,-0.5356015837494399,1.5451397869702521,0.7290364762035354,-0.26067656025804187
-0.2960708001625819,0.26141290896934555,0.379203917765041,-0.5192496703280637,1.0238435903932972,1.4515947962561426,-0.1192982550158983,0.792870115854198,-0.7644522523931782,0.7017123350721104,-1.208987649595402,1.229882781537469,-1.106621982839469,-1.0995549798687763,-1.5207278266140756,0.624909490566461,-0.790852240337272,0.20919301801003262,-0.9861259741211931,1.0230021216553074,-0.6276844414080955,-0.04615349039316144,0.08806470127419892,0.7260380956013968,0.43724435813461965,-0.36467784252164087,-0.9760310042293237,0.4840016528963456,1.787483177116304,-0.04737733162290833,-0.47413036719893553,1.2677678668142827,-0.9171709490400756,1.2724315061644453,-0.04967270751530927,-0.10958970783153812,-0.26631954967951477,-0.08349516237937364,0.7142904852278918,0.2181487512454645,0.2557337373690033,0.07665445683915414,0.7035155251620872,0.5711825603136624,-0.777641213295384,0.5571341791808462,-0.4269964752676147,1.0864607152251164,-0.5033553965008682,-1.0190480321740987
-0.9224966138365853,1.6415113420291154,0.8149581891286682,-0.35930741516808434,0.620003161571132,-0.24839321468386402,1.3332768666008252,-0.39992417799859836,-0.022911850549907804,1.3520896337120467,-1.0460588204463805,-0.12140050857316274,-0.2565686767781534,2.579775290556991,-0.4346195725404338,0.12248069417227109,-0.5145387960979598,0.7570566378245003,-1.0339710894150234,-0.39999655204432044,0.2628403213606807,-0.019709635854055624,-0.23641736952516496,-0.14066041118034503,-0.5497164643955305,-0.23295923337826144,-0.4501282081991813,0.6723252569793885,1.439639723180879,-1.163471524319523,1.9514432045544228,3.148102601315433,-0.9685392385543774,-1.0213021829012079,1.9764329476255271,-0.9240504110017577,1.4924893466209452,-0.6007717759617064,-0.5728973287893009,-1.090101668031739,1.6076886412934372,-0.13122882730018562,-0.9263404050596005,0.9994001890516213,-2.3785471701736203,1.5019268375767914,-0.08775942875744545,0.7453206846149392,0.17066142736581158,0.26803973310333545
-0.9969896660895101,-0.057636853449766164,-0.5015380553105807,0.9268263319421316,0.8782289460697242,-0.537839476012294,-0.24420112874630048,-0.8032034007591646,1.1538177672327656,-1.0342328310187943,-0.4040047774511604,0.0165749308848691,-0.03305479702933939,-1.1289351935375802,-0.05174007250315952,0.5871057306372139,-1.3382921152404703,-0.6180556083622233,-0.34927081238942137,0.5228980879931379,0.2902108678266521,-0.25704574339793135,0.6680491951367,1.0070583866287603,0.4458663507867908,0.7567235149833234,-0.17958857363292818,1.1035939161825035,-0.5049863180568485,-0.5627304193204218,0.6082063532029016,-0.23775037801825066,-0.7438365994453107,0.41899475014020515,-1.4059561408870396,-1.0305843597383488,0.5794060056935828,-0.03489164705372043,1.3147173838146382,0.038181821732090976,-0.7492736997469621,-0.7230031915585722,-0.3918198236861415,-0.04278450662325384,-0.8015981594163388,-0.04530967897587183,-0.6632601110711605,0.48456753104100153,1.5632774800121152,-1.6325743748120511
0.5334743035803395,-0.012447408646277195,1.4728263119801042,-0.7931558884125497,0.3008547704382521,0.503396585257095,-1.0370478366888078,-0.9399147258496275,0.41607903576848754,-0.0014789920792021608,0.021760304857439714,-0.8441274678005963,-0.4465168744084963,-1.3196140681051003,0.3505577819986898,-0.7587751421074752,1.4943318373308252,-1.7087389579983998,-0.5310329180376062,-0.05158217530206998,1.8237710942730623,2.2769827987825844,0.42899863914832753,0.33102209012634265,0.5241149192498438,-0.7620444885496255,0.8482204921444726,-0.11286129668295226,-0.08866251286619367,0.8882018202002467,-0.15440652942257288,0.3831043617392809,-1.7565299756149322,-0.03338130795200325,1.8535211988139673,0.8404384329906568,-0.8999366080277595,0.8495501521344697,0.4346600064613162,1.7847163572673561,-0.45023531622110396,1.162091332937224,0.6739140848609655,-0.5452290804942932,-1.2928050914661402,-0.6388176790151724,-0.9721254764106467,-1.345183017073738,1.6940889241068218,-1.0569116897073172
-2.5243252704735744,0.9645486776615547,2.8337537552937726,-1.0879285194627184,-0.26284512387180087,-0.9755972812206367,1.12409123180389,1.8371342411439293,-2.7448486115476385,-0.8761645524345488,-2.4150834174011986,1.3209539554463463,0.7490819315959788,-1.8731717424529206,-1.1145419831547474,1.854179265684545,0.6496274754367646,0.97425468431715,-2.503616792150349,-1.6071131115423931,1.8998043592259768,0.037175733345501685,-0.4843228931007707,0.15481196841553455,-1.1600761589945578,-2.161374583612045,-1.619917456385618,1.511124132828216,1.30453228124775,1.31137109581932,0.9748990581579753,0.3923162851736749,0.011677014579935282,0.08154783943292274,0.01343588946889967,0.20043823828299676,2.940762703598313,1.442340506056596,1.3993269216259434,0.7137643785849319,-1.5260654299467102,-0.15918010748672798,0.43577176681613905,2.8746146763441174,-0.6291407573721072,-0.2870039319341888,-2.5162082455348793,0.9944803784304791,0.3048920754206902,-1.2544112143711372
0.8338871549293585,0.12718000645908903,1.080145380155032,-0.7655360574404257,0.483389881686694,-0.09420181360141634,-0.10657540525706807,-0.024572046608190193,-0.9931915626845819,-1.761731024775491,1.037041577452987,0.20297059771886164,1.1635782827340055,1.0501849248557273,-0.18426502709623122,0.8928899911569977,-0.28502868069123566,1.0787221506514295,-1.5371792006696288,0.8889365434072959,0.9919054820341803,0.970461383383571,-1.9878252612808711,0.831917395975185,0.4623555578620089,-0.6572109827766743,-1.1379533455731747,0.056491230367031686,0.7309827220829959,1.6394301566440188,-0.6021734025317059,-0.02926209131413324,-1.1078089805101619,-0.05004654364176668,-1.2672617624466285,-0.5752313572651215,-0.5502933575785599,-0.1642116292245778,0.4599997649685281,-0.29010673875750387,-2.077924287762715,-0.0027177874539669315,0.17222165422141986,0.062416076183251915,-1.0025351689036368,-0.7023957213005158,-1.4708682505628046,0.03515693823841216,0.12243867079530561,2.4840476386516914
0.018733026687630404,-1.9540398096222347,-2.4553240241713272,-0.7571778577522491,1.362138655907673,1.190726674871649,-1.0787378888312513,0.15336000748541292,0.36853263478650766,0.30200821588518756,0.8130588412722465,0.8249648985453832,-0.6785133303484032,-0.5738394400604473,-0.2774319100331946,-0.2396587958934881,-0.9553526844010818,0.10070817081688242,0.6771908724466794,0.04566059895776471,-0.20988728487348352,0.2031454916021543,-0.7231540008417114,1.2120134091194892,-0.745384195081175,0.26261236502209995,-0.8327306656072095,1.0223098262600765,0.3570167000571052,-0.02467162263377078,-2.051793102651561,0.5128890187000154,-0.7644638072064731,-0.37100917859716515,1.2409243390658593,-0.013423128836730842,-0.4602805753742509,-0.1453501603942049,-0.015705877654660378,0.23682981796264843,-0.00014621148774846666,-0.6641914597516825,0.13194940226573001,-0.8043514770054688,0.05041791703687244,-0.057879230747845956,0.7044631219001156,0.121186754262192,-1.0462620087750922,0.20667441553834956
-0.2083202701499699,-0.46213679772942257,0.24065866047617995,0.7501223134176783,-1.1647943643061098,0.3634734033358305,-0.8546655618642748,1.0308045803257737,-2.189957950138644,0.5105769901525468,0.507443314859846,-0.00241972070582369,1.1034800613832814,-2.40137353115457,0.383914145079481,-0.5367719356289216,1.5462809249612632,0.4879249439896156,-0.657863488532293,-1.011705853806009,0.3336928406985959,0.15235245738220476,0.6608785370418928,-1.3053465121834587,-0.1681356535328302,0.6688102723532943,0.3331953452043846,0.3538549623741627,-0.010918979655354785,0.7419869513013386,-0.4001925878021053,-0.24521273469314836,-0.4813335187340189,-0.32634852486166666,0.8564772795144825,1.8750366370129432,0.27686154910366373,0.5382043434567803,0.6233157890608404,0.6383716608093405,1.1249354823003075,-0.9785927184020442,-0.4992368445095932,0.6657333472655977,-0.164746139507218,-0.27546804118805335,0.09517004017724982,-0.5842987176714294,-1.131968136887534,-0.6271556846094055
-0.7757916031895087,-1.2408854190833434,-1.2567907090807018,-1.8324158324203188,1.6069587979217983,0.7059144207508248,-1.8619957338604587,-1.840834412944427,0.2363385835057637,-0.4941879898659432,0.8448889382436058,0.9791037457901336,-0.633932240269954,-0.01649033455962375,1.387526424586059,-0.9181004628690702,-1.2644871855142568,0.31838039948249464,-0.014203009060214747,0.43841230833815803,0.25838614332714843,-0.020987813324870493,1.3509693545660975,-1.393815206366356,1.545543939852655,-1.069329128414821,-0.8406585609501509,-0.9812939303229261,0.5660658651136121,-0.6563416171486636,-0.5724786210427418,-0.13084172696493326,-0.007767195497741309,0.4953578845364574,0.43427288944376935,-1.1391573219532676,-0.7363194227504578,-0.7884588472314259,-0.7736321093021559,0.4668988153018475,0.18002255461242844,-0.356520817116782,-0.8136995570830844,-1.8990131254047249,-1.6966003025160603,-0.22094242834295263,1.5798586680276436,-0.9897070862382813,-0.35308677631101154,-0.0632545220536932
-0.4247842931077378,0.6595212801701559,0.6891249658108382,-1.1038239864550676,-0.1327116579301755,-0.7519611156074154,-0.3007872358405925,-0.7612691806469707,0.27159585816366955,-0.735624067405032,-0.1076382859803797,0.3646742956443804,-0.04585339307722076,-1.5404426740732131,1.511203812874135,-1.7585871016794392,-0.41841469049178426,-0.2305738263544369,-0.9404092113123629,1.5995764462708595,1.0595287902329986,0.35443834502029986,-0.20555525154240456,-0.5939188243683945,0.38070358825149603,-0.015990401161036127,-1.9215846880765453,1.0574077135460032,2.476011887606273,-1.1416871780942175,-0.25221010234978375,-0.3807694232536686,-1.1602715508509405,0.5515042683557595,-1.2236908655770873,1.1166953549008716,-0.832209533705356,-0.3525220100183472,2.1139864784862956,1.0259435005714463,-0.6095421880282292,-1.1424370229732244,-1.3308490850022539,-1.0573069199982714,-1.6446903764002307,-0.845103564463631,-0.5757452673938838,-0.9271900100719097,-0.12731625124825469,0.1538287192724693
1.0330199323209215,2.037715464391396,2.642954491853056,0.779930219429794,-1.1932826047794514,-0.20334449313228242,0.27440960738659564,0.1082205356714516,0.08326469752917047,2.01261857164253,-0.8900319951684913,-0.4318916708587706,1.4623590541254317,1.6336669820537908,-0.20766509045513312,-0.21224011578131216,1.5647804064471171,-0.5151291841121106,-1.6868131176905283,-0.364876147038511,-0.9564401098415799,-0.5709465953290092,0.8382753242698372,-0.7021543820777479,0.21456869944177048,1.7583613284056814,-1.0892549789054786,-0.17220918388012746,1.4604192359734982,-0.2721862185318035,1.7657206490822641,1.1872582903440587,0.9067916489193033,0.3307392897418077,1.1349185299818316,0.280986817282032,0.48531849018799755,-0.38479322769169005,0.19852289294760547,-0.07499266861011773,0.8487306374939447,-0.4070231216450657,-0.514897656542298,0.02010737233895793,0.5401777283788455,1.0837846131975,-0.5439786717333841,-0.1399911051834407,0.8628391059894587,-1.1539718692872492
