X1,X2,X3,X4,X5,X6,X7,X8,X9,X10,X11,X12,X13,X14,X15,X16,X17,X18,X19,X20
0.012003006413677719,-1.7800936968292997,1.258300885600351,0.06797180815363296,-1.1997981764850258,-0.22204094267802033,-0.03680095554740022,-0.9134680450994457,0.810976761549317,-0.5807716244435552,-0.8238130694568622,1.5465294681509978,-0.19503525796829035,-0.5237723733082417,-0.6753440210320479,-0.957601730465474,0.022409871178132826,-0.7998947624693581,-0.2734473295239401,0.6811072253034692
-0.13708780573991272,0.9207199489874432,-2.4471023634882507,0.6959152550441845,-1.0516921443315421,-0.7952434281728809,0.9266071852187191,-1.2733343905599965,-0.5624963565896304,1.750567248478751,0.42637642327465863,1.0723466320356927,-0.8624779183890379,-1.2998143941006888,-0.45392786804770824,-0.002879628074725463,-0.8320299199060549,-0.7354757344010242,-1.1466106723125722,-0.2679511171200935
0.9596642589316359,-0.315879950692453,0.6978929810228414,-0.18965289327469564,0.190029373006432,-1.1231646399892516,0.7975679784645644,-0.44738301124383706,-0.15718350369674836,-0.12049780888923774,-0.5893274866535293,1.2328440703222423,-0.739070085929612,-0.9266665913824761,0.34332009714205924,-0.3294688898199076,-0.32186272911711067,0.40489812104947603,-0.6914662888258424,-0.3566593399794638
-0.11550543253004628,0.7221280810084472,-1.4567578929897829,-0.42860377298625796,0.385322223280869,0.24937096139084258,0.28230835026589207,-0.7081995455414964,-0.14874689004199723,-0.6672487375185752,0.21689464236590475,0.35446571710711106,-0.30685585986965835,-1.865065899075824,-1.1158564067524426,0.0815305977194778,1.3920339083614448,1.1991654264531622,0.03973867511955069,0.828875353830433
0.5879397737504858,0.9664696884377689,0.18189920524049233,1.1702345073489406,0.9109600643257512,-2.2806955337396424,1.4987366108384481,-0.2805310949951074,0.2379539168463469,0.2780655534347643,0.8770099648906452,0.5059469209700733,1.9141864433449276,-0.6973400803311695,0.14908838926928358,-2.0353461177193997,-0.6364959502219953,0.3103179000659352,0.7824369099578793,0.5699867453433205
-1.043114843784882,0.47473709363514655,1.8455190517059077,-0.9844000057948348,-1.419000462692749,-0.4574983274004203,0.33405436057911286,-0.6377160367310494,-0.7433497692864529,0.6368799292355152,-0.33639004826653524,1.3096497001533687,0.7025596323208038,-1.0295284732582624,0.5577933279099451,-0.9796785032511361,-0.30880354398297793,-0.6133203412156082,-0.29766988316236065,-1.1465262861868954
-0.3290538924169987,0.26398113961320513,0.011984476506685212,0.8945501699052864,-0.24046211178614615,-0.5595300956255448,0.2064341503147349,-0.5817609233674664,-1.0537620690661296,0.05620259827883719,0.01440241457353794,0.9442402134151119,0.24519299093197316,-0.32382736017575947,-0.7669693136128759,-0.7302911464135591,-0.8276144864782154,-0.44315636048692747,-0.9978501416921746,0.7634234645997783
-0.11827857310600265,-0.3571018866969545,0.6232781867631617,-1.4205789358485281,1.0360468261938331,-0.6546682106048213,1.0443085676330166,-0.4107604629941893,0.17376493326450854,-0.7185542709186218,0.7379521090656957,0.05980427595127471,1.1957355928055504,-0.3529652859463501,-1.242618713220507,-0.6299372295055299,1.7611564422761723,0.11929411623580731,-0.6540672707616038,-0.3641831162184458
-0.9643350529306505,0.02298370020374004,0.2835719204249096,-1.2367839676555874,-1.3788906694378746,1.2773601473932812,-0.850794328070324,0.45135955189090554,-0.3988757661336285,0.4752910561429219,-0.4467643325910114,-0.4567150770352928,-0.39077939202285367,0.12358499406766586,6.74147224592306e-05,0.4122129107609667,0.35812818043663724,0.2573498533275675,0.17221456811795374,-0.6418275138875021
-1.3741162802552276,1.9802899355540395,-0.551629559658792,0.7147222092945871,0.0624980214151729,0.39576003800029536,-0.5406396807497463,1.1101082878184498,1.7602266211705173,2.0437485757052127,0.02247506417230705,-0.059378143956859586,0.3936718852343513,-1.5522074729847586,-0.27408768573119224,0.3705610863454965,-0.8254948352182732,1.0087904156446381,1.6649022923915267,-1.8077632678581004
0.12778999499594992,-0.5553919181288882,-1.4348753422333367,0.42731901805901046,0.10829828843081703,-1.442483728543004,0.3703703719042838,-0.24861777918486008,0.42274429096485444,-0.10357927145811721,0.07317457291911084,0.16206680936188397,0.9991338451994047,0.21190619063247848,-0.3240951578199974,-0.6476723813343642,-0.9571884313928768,-1.1589954382822296,0.2420829980385768,-0.5860056337811976
-0.9714143353264806,0.046251446680716145,-0.33603087733200254,-0.84619686653493,-0.9190423880217854,-0.009868782395359313,0.009579383606208905,-2.046705137061846,0.4446003595261989,1.5701810227397588,-0.7830127079314113,1.5383151255420044,-0.5657809393277563,-0.9145318133335737,1.460364268535162,-1.1533566540087652,1.04708777123764,2.2653308078211976,0.520232917454924,-1.0569880707237584
0.1447297010929439,-0.0980867628259977,0.9004060293814292,0.8579611314667237,-1.6809174207066462,-0.5508460971517791,1.0599445715342917,0.9494485016988398,0.14957276755231058,-2.4952649200503965,0.15027838832091242,-0.3082436811502752,0.9996976070312666,0.4490235960517082,-1.4420479309270546,-0.2127486817312622,-0.21673102986319717,1.8224399693596098,1.4991960169268437,2.0357842039819993
-0.19455424053154674,-1.1050394749578318,0.6924108878720656,0.7174438115551177,-1.0970343364307353,0.5164852173056838,0.010012840427650221,-0.031206553663362016,0.9504623108648962,-0.4176198657158004,1.4588997675219153,-1.409945327215749,-0.9029815140123756,0.8787048429392059,-0.09367779189788067,0.5965811301290791,-0.11230374431480365,-0.6813066932811499,2.5630022289241885,-0.6734453728153544
-0.8261678964597345,1.223685788068989,1.8208797866394961,-0.9259216121602302,1.191750839543574,-0.6420443083749132,0.9508914586860291,0.33596350094649696,-0.4464503016993845,1.4480036896207218,-0.22875676869646921,0.057350211062076537,1.0840000891445103,0.48385303557678505,-0.6213015872528983,-0.6837068951969221,0.9900610017187014,1.5013309127009258,-0.5518656723853589,-1.0357078683773897
-0.2541057242588454,0.6183040420777323,0.9659185398952842,-1.2277371383821143,-0.7326464425156689,0.21577011487734213,-0.3688435259178278,-0.6040281403913373,0.07129959705653456,0.5583937845853161,-1.0475181085237366,0.24878423350716855,-0.6279390103162207,0.3857811822802285,0.8336145224693167,-0.5845014051211238,1.3478155891228258,0.5195636151694247,-0.07569785651150898,0.07469789988459395
1.6173565131988514,-0.8669389654694859,2.4755691307439007,2.375855543210641,0.2775229438279346,-1.9153010681517293,-0.025458606646375698,1.3540900743602864,1.8402000873159374,-1.9063377896429925,0.4165992394390157,-0.6085841089757292,0.8932956309025646,1.2463001375133247,-1.6791540218837124,-1.0908415626189276,-2.2341578970989397,-0.6620897329428548,1.3888415374673122,2.687917221488701
-0.8305618478946584,-1.6973485501095338,0.49293304991377757,0.6308697492249583,1.5814064178515765,-0.5322423521447229,-0.38262829685772537,-0.9952266684844887,-1.5138487399836442,-1.043242596787883,-0.801944252206979,0.72254695168153,0.5081632185530255,-0.7621233826516756,-1.8639387297544276,-1.1495695211969092,0.4310005231487826,1.0224000698816385,-0.9105257285047649,0.9264581866091887
0.519781827080417,1.4390706382544005,-2.5860199464891727,1.4262025002472598,-0.2675041928530312,-1.279184617817472,1.1085209910158156,-0.6899379434160324,0.6077748878789437,1.686099006493163,-1.9361010497920637,0.932764050512036,-0.03416067345133333,-2.4215352558323686,0.6154856657977175,-0.5466106384689454,0.5856635741396761,0.3138845185557512,0.46575210828381564,-1.5450155638747995
-2.7466969870006372,-2.0126033677820754,0.4492127034944302,-0.9844920990872373,-0.3936709864933096,1.9125920780137635,-2.5111390318986815,-0.7940266599206431,0.7078255822681121,-0.8784486425783697,-1.081994108322661,-0.5733608533519402,-2.00769483340634,0.7366444143863711,1.9745842730086467,1.0327182375232733,2.098293919529326,0.4064718347375701,-0.2858138370498131,1.2303596925330473
-0.34009019785573935,-0.844609614682061,-1.1004772386542998,-0.2524212634957864,-0.23033248626256553,0.5491874974973222,-0.370068049118378,-0.5972230530546635,-0.3441649286952033,-1.0482996011701078,-1.3056374904331685,0.18231676464436025,0.18735539207377772,-0.11018959171831888,-0.21396121627498987,0.09165301657512899,-0.6211278652077759,-0.5387983796862308,-0.17058941880973588,1.5000259362044432
0.5714185773319909,-0.4118546024905843,0.41733175685319424,0.5178982631327008,0.7504988287301452,-1.1658236527407142,1.653338488345478,0.6124548589930109,-0.3829683410009695,-0.3015931166715269,0.4582844331473869,0.2050399331149596,0.3919607511532451,0.8838656636204214,-1.431992906879517,-0.1135762132456136,0.5931706449021338,1.5088412788388152,-1.5928289010946257,1.013909227172774
0.3257272667605851,-1.3679193966980243,0.761320989254063,0.13839103186017354,-1.431765593326928,-0.3827524079868302,-0.46342715058282,-0.5989886455319677,0.915401011493479,-0.6835317064253349,0.17747600457953072,-0.7663998954890248,0.06544413483618196,0.1341930867159173,0.35843454919116996,0.002313355089195605,-0.8610248807542588,-0.42441657460282994,0.8991483296056241,1.3395437221843591
0.02652970818213604,-1.1542458337425723,-0.052143332314373333,0.6938964392241277,-0.017657914301694094,-0.45665219127474993,-0.7959742588603782,0.07196670850210528,1.0107385490818073,0.5160267756071837,-0.14979330719568237,-1.2296460302182397,-0.5731442053579445,-1.5382973995589542,0.6739084831608693,0.6272893895391541,-0.10220109354078055,-0.313996992233486,1.1508211735238218,-0.34430733107590866
0.12071909434602308,-0.835992095313444,0.538510904378083,0.4980784606943948,-0.27491886176075675,0.6827095258968536,-0.7253710121209496,1.0847918154904328,-0.8272413271057139,-0.8402887305513503,-1.3026019653635408,-0.2227487214904032,1.6000813480558997,-0.6400397989226854,0.11392314229232073,1.031712505107672,-1.1451781283240317,0.3763642860649646,0.9321430509603778,-0.18424990673683658
-0.31036833796360125,1.3677601791331315,-0.2678975895289634,-1.5043286460935499,-0.37024858867150334,2.0451924659032437,-0.7613816706467916,1.1518008300831022,1.7589045215686843,-0.35176253442576033,-0.12113919239598654,-2.230020621039361,-1.505368424354936,0.6830925741866688,0.6730125987011204,2.0666970992687794,1.4787115766671952,-0.2846152503615544,2.3298397916438662,-0.4749173121953128
-1.4095532457023436,-0.5428935521761881,-1.2053603476859318,-1.4612112207900372,0.29900736575113707,0.2401449737977064,0.06564284387776152,0.7645470372871213,0.25004819042617304,-0.647801125714488,0.9720103224927783,0.2612906912586428,0.6450757262661632,-1.1394002027236683,-0.7705238340231587,-0.05635444469646902,0.7207575718392687,0.834854998379121,1.3549507807096284,1.2610983472460098
0.6002188273815408,1.2178477952597984,-0.3544906102045671,1.2635896714414763,-0.24910388093463956,-1.4981381453234224,2.292424001013441,-1.0486899833009315,-0.9139968296799402,1.8454547628638585,-0.21053029911919946,2.3190605984809562,1.2264209921111178,-1.1545000492152748,-0.09930551242755618,-1.7810222548027164,-1.7483848921053473,-0.07368334384919971,-0.9865048172426748,-0.9462977656138336
0.2844880885804185,-0.6280850196262642,0.345371334395703,0.09058582753905643,0.7329997071949885,-0.151552271947748,-0.9455738272510819,-0.5662019501973705,0.316540858562771,-0.7694294342112808,0.7562628103226076,-1.2256681297712495,-1.2333344343747425,0.49340962052726267,0.003494333996348977,0.3613434715638415,0.19954972432986182,-1.728368947303735,1.0443893808133964,2.1992269285732498
-0.9988504082486894,0.8641232607795443,0.40784031618037464,-0.8157480308093127,0.5229077855151159,1.4975237245367266,-0.32891333641962395,-1.428083652934669,-1.7988205037010851,0.2552738277313753,-1.4405808793312345,-0.7097893191749111,-3.630358067392255,0.49360816002319285,2.0381910532613254,1.7058566457190103,1.80945024644455,-0.46678140630933523,-1.4491741296381437,-0.4347701427539688
0.49413609428751093,-0.6346443192430615,0.09787673880821653,-1.841845802816407,-1.0124289495686032,-0.16216623725450988,0.03569902165874011,-0.11864761217030642,-0.7804641334507743,-0.2688687339763524,-0.11387194187810788,0.1514045894618134,0.48340607981202804,0.26213620565155943,-0.5948993300152915,-0.7740825490012682,0.8736951189491198,2.578286189487287,-0.39421654754480495,-0.4353474631583167
-1.1386151452261295,0.15028265674264912,1.8239302161255333,0.5928142436575009,-0.7974797977413938,-0.160483753149113,0.40005455776212684,1.0530633970830563,1.9428744926110906,0.897633838611978,2.6663784634075633,-0.4495745049786673,1.4242395094599702,1.9162804378461922,-2.644784936947428,-1.398475303150106,0.17681539680217243,-0.2333032615993903,0.9119378491479303,-0.8195073338118605
-0.29885422424944297,-1.1169012802479439,-0.397361395521626,1.3989975011321216,1.4480769059099017,0.21708661014262204,-1.1038758791834231,0.2708678747731478,-1.420981534626153,-0.9682366385601195,1.0801965601636814,-0.9740031142098432,0.6639143793844297,1.3465683750071835,-1.5739003383297154,-0.0888629040581574,-0.43010241551324985,0.583088559413177,-1.1597924231458603,0.23207665939180797
-1.8273795423507067,-2.231627791922177,0.09276167853588566,-0.8571746216788685,1.5021589851356645,0.3518785311653985,-1.3787991423076413,0.3030193720457316,0.29507468796921793,-0.2617421322607131,0.6442084300719538,-0.713043082218296,-1.0525370115769979,-0.20824733783858324,-0.5380009889490536,0.4122847773430723,0.8947021597137437,0.3768323651433747,0.9997412992415009,1.0082473713682076
-1.2520640483039795,-0.13704668758382124,1.1498494417396523,0.09809099531645855,1.5142450088064325,-0.23289635585643953,0.4712813879345727,-0.33089018769313683,-1.4002352170503567,1.355938049092758,0.19332072988174995,1.0656303710402972,-0.23254708003739757,-0.2286136247223219,-0.20649056681456976,-0.2134725959739713,-0.7855922205230246,-0.9447570184828408,-0.672903484913606,-1.025554807416784
-1.8440598758479128,0.48978733884910186,0.9114910370003562,-0.6535345763003878,0.42309323463607657,1.1942705354342935,0.6374955465149742,0.3938513738843059,0.03499162264539039,0.35729563479552356,0.3443062345081849,-0.979254527384433,-0.995951576839428,1.2482300362812813,-0.49103200635652955,0.4883272974204226,-0.3483931968131522,-2.6693932149082804,-0.20896709482654086,0.33718960410563475
-0.1647954858905438,0.2877429425559102,-0.4028156305226069,1.369494021925184,-1.2696309995824968,-0.7894114713565964,1.3876302565079377,0.799523170466949,-0.6557192507655814,0.07224961462419968,-0.7453739668928061,0.4239527719367047,0.4645140652273157,0.6951598165058107,-0.8960186075191852,-1.2102872267198734,-0.7156277184504819,0.03353253039186129,-0.8678105748795265,-0.8450195376237034
0.9611512763040211,0.39755427959453293,1.156334788490811,-0.629924288602584,-0.07777711570573598,-0.13468759636729707,0.6455506156865113,-0.26376846521002656,-0.647593051671669,-0.14875312699534093,-1.3287080109183473,-0.3400469870229487,-0.3611978912629918,0.8757493273136857,0.3115177644635101,0.6269170652428235,1.941222331640938,0.11612215339033957,-0.12940903729175407,0.8065312764901639
0.2002353900176012,0.07879098087093386,-0.035853633045149436,-0.7702272939755669,0.9115476066030171,0.5559633791825688,-0.042432938001328024,-0.07908519820412441,1.4935722292820557,0.1967111566294808,-0.8172177392123356,-1.7312711936083856,-0.6667048170786861,0.019474081881812568,0.22358804028854246,0.8976235159570856,0.39661080823993244,2.078786708461868,1.743375663583461,-0.24985256684048712
-0.7854630203868748,-0.26668191215012643,1.0422771134119455,0.5991117159349973,-0.17746775477026833,-0.041979477570582825,-0.14581356244312518,0.3145407371815025,1.499563317644771,-0.6405647470900858,0.3772940464386922,0.43171066360657573,0.7103272661713876,1.7046279220843399,-0.4514420427418078,-0.12842333561919217,0.649240245823965,-0.9248725367073451,-0.4443088463117914,-0.3387614807621623
1.7631373201358709,-1.372571709248016,-0.20905261926442661,1.4207134378563009,-0.25791669241282833,-0.7727081311305949,-0.6928421296367805,-0.8532552154786203,0.02609730934154066,-1.7781948481295555,-0.4147775388530623,1.643785541775522,0.7229780910957445,-0.395546227163163,-0.1282721607921589,-1.2291161158744395,-0.3234343892206029,-1.075784736535253,-0.09753794573505498,0.33934131258368827
-0.5899825029866457,0.5634330017438027,-0.8115835015285219,0.318974987364751,-0.41740833114678755,0.9550893857177124,-0.9255639130018603,-0.63582640272193,-0.6633208394318215,-1.159699245455057,-1.73623405163218,-1.7309148712796818,-2.332632940608187,1.694926461301452,2.898744094868425,1.5574224138053918,0.33421077900848123,1.6787778477220974,0.8871162003793304,2.2848274954059944
-1.0014017208558559,-1.4674049773977316,1.4204344321293143,1.0151158570888115,1.6588183626904587,0.831909887738131,-0.7163864069498042,0.9031862455221201,0.9422568937623426,-0.4513121621948884,-0.30253448716239245,-0.5441764366530376,-0.49313829334391573,0.8909780095082985,-0.9908672097024005,0.6728032563998921,-1.392860497090689,1.3070225748735518,-0.5857740576605215,1.5307966386385155
0.44162530732899924,1.666534072891361,0.10598112457071059,0.3122286233590206,-0.9741180709493359,1.4362919706253279,-1.0109675094900537,0.5544873987367339,-0.6328370946239441,0.8016763930209889,0.7160329845860555,-1.1782576089182726,-1.374911976278352,-0.40610019590687724,1.1293587151998712,1.857824533245801,-1.6240075669429817,-0.5644411672901403,-0.022251843133998073,-0.9758632822595076
-0.44817156238415146,0.15943567406575415,0.2210701738156616,-1.2452513579157267,1.000085931184413,2.4246558724422678,-1.0951637633198579,-0.13066820306525462,-0.47705773358169107,-0.1074940786591188,-0.8360090554458876,-1.0539284600726124,-1.6257750624427596,0.9572652310361078,0.790078764843581,2.1505578048197256,0.27058251338348516,0.2712119131307355,0.3749524890512712,0.9294120640769326
1.7352333903671326,0.8969179265358995,-2.0878652201131604,0.3087458940902126,0.4735778619117659,-0.5603482435788512,0.6136016645753577,0.5812102899436004,1.0893788422054338,0.4332646097734726,1.6852339658081286,-0.06400057251839233,0.14686058681823574,-2.1013305438688894,-0.13110328806933308,-0.03523122225255683,0.048790995888523314,0.25103160348847103,1.1467606774654664,0.6164787202489173
-2.0754654631017155,-0.18952383741274897,-1.3271243115372604,-1.2156590083836594,-0.15348860470039108,0.8445914023273347,-0.5282025215648508,-0.5755155845699425,-0.9803541754735481,-0.6988171731824436,-0.5208503945346981,-0.42750447281663945,-1.176435293240306,-0.8686391919450037,0.252418299221636,-0.023367933343660365,0.09629016186503132,0.9310632304614797,0.16981216446603287,0.807303870474043
-1.0778347392580006,-0.11046414754524748,-0.7164787753543457,-0.6655238876627243,1.8812926714754223,-0.6797600300658011,1.044467214032902,-0.46857984045096507,0.4328942871818101,-0.49025716523164725,-1.739378756452562,-0.8274814420309079,0.6239865747771446,0.14558718422478412,-0.070474451282892,-0.9696782388889896,1.2549800462055676,-0.23489734882524502,0.6374823757219206,1.4394006206607224
0.8734378680195602,-1.273299012530304,-0.012606459131293503,-1.295299294746162,0.8667050703731881,-0.7721484725812938,0.23846392734815458,-1.2449229203420882,-2.2691276378317013,-0.9813164961662392,-1.3150522574572054,-0.2595772362473894,-1.1370754925200948,0.6811794277573904,1.0099842676226183,0.5797938371063751,1.1439220563577437,-1.1055684943907758,-1.7459093360531028,1.005703829477965
2.2746029760526842,0.19023258559620418,1.3781373966526713,0.5379675665044668,-0.056657527983141893,-1.7092825934835056,1.4627708248235174,0.09505508433190503,-1.1385980211612567,1.6218471297836772,-0.6030921356219109,0.8368175685403515,0.004647761547498343,1.9044375931807231,-0.3715918629353517,-0.27674817590112444,0.16046909906075962,-0.02724657119899569,-1.3544350464712291,-2.0905777537819024
2.757286725458925,1.2694044555447066,0.2608323764208897,1.7508453716965655,1.9936979442574514,-0.017123211099245087,0.5475378315909412,-1.3370126347629054,-1.431517787230137,1.5132205108142067,-1.222859411020103,-0.5893704570978807,-2.1385694720686206,0.9045672967435087,1.7394605576725586,1.3271613050519235,-1.9043424409296748,-0.3066726808815532,-2.3504438517605233,-1.9630530222440588
0.6209424825183403,1.623248958019873,-1.6392957454011454,0.4427275960101334,-0.15977294452576923,-0.9106970837874023,0.8859774451479636,-0.5341254882070827,-1.9940978955367976,1.3676194601423577,-1.2319764039016312,0.5299232884953737,-0.4225487972823502,0.020086959063233427,1.3667005551186724,-0.3213424807717468,-1.2103805818974032,0.5982476529823477,-1.4313564136301888,-1.62275237216798
0.7785517578964403,-0.43512617802285214,0.8468251691148789,0.28080523858577966,-0.5436309695481792,0.18335896385979494,-0.7174717920860159,-0.5191961010312504,1.183536612665725,-0.8088310450698956,1.4297307418049343,-0.3954336106458962,-0.14844154123749476,2.076686566011206,-0.5595685506979732,-0.16020405141460758,0.6592757438654194,0.5103980614956248,-0.0387719016463546,0.6727546515233833
0.07519431415668805,-0.9239650354535565,0.09940480449030312,0.8841368822249044,-0.7008587984037379,-0.5931089452060982,-0.7298581086118036,0.9720211719543597,0.24850536604589454,-0.7389258854156437,1.6565873897096206,-0.6130741576538513,0.5614146018630951,1.1731113544377099,-1.6640900755012038,-0.8538137548899594,-0.7204695486753837,0.5311298194380524,1.4675459484749078,0.44358391860409685
-0.03540380952439571,1.4754869736423946,0.586857594538961,-0.789656048292692,-1.9398030133033992,-1.2124483080659596,1.4874984237912383,-2.8079845057289674,-0.64915446145911,0.9459603330764119,-1.7568014863749357,2.7751040573086017,-0.24935453007095856,-0.17105362983965736,-0.08122849192766962,-1.6111198049981073,-0.1836619978914089,0.35797597511229856,-1.8838262763386757,-1.127385871023302
0.662431404112151,-0.10575642858783212,0.07306582329193398,-0.891367606589304,0.5916913759396649,-0.5474042478792824,0.5695090042109088,0.9003478455878335,0.5441664300446021,-0.3151316681742202,1.4535126728217838,0.15563383224946464,-0.24751137553348224,0.1388534433516054,-0.6928078225188603,-0.677680291437382,0.05087956898298759,-0.10195480028662571,2.3230097487751316,-0.3391302994906893
0.8529211286043811,-1.198349484576374,0.8127832483493811,1.393036714586708,-2.5260129918529732,-0.5750696807639075,0.7861428375831251,1.291609832492273,-0.7872281153629188,1.2805412896726973,0.943671194168225,1.7244613356266223,1.126052474544465,-1.1707042285036187,-1.9609554558068898,-0.9112466922399879,-2.414144254675455,-1.1960919866082793,-0.0720424339461867,-0.12371566348984298
-2.2651409740842467,0.010838519167257041,0.3290355726029133,0.26580546665074395,-1.7081747284787208,0.7472815794072987,0.056255799759063405,-0.1344317741127182,2.335822586141103,0.9713827067469297,-0.7268545444848987,0.5726855812432562,-0.4460116593098573,-1.1493080900497554,-0.9454092172462502,-0.17606825626563968,-0.7674545655975157,-0.23454939058985036,1.4141590319508026,-1.9159224613454737
-0.5905815211894666,-0.2390076845558386,2.040757713208719,-1.4859415741494795,-0.3492363008649581,2.0143185803725725,-1.1134978731436513,0.6121775206246025,1.7658324390351823,-0.47391591960200946,0.20568411204985987,-1.5630205646763822,-1.131163524578891,0.014081591416781747,-0.06681748503044567,1.1185299734653897,0.511824592962338,1.2043844871981473,2.6994383740218892,0.6607194357315798
0.7343026479519958,-1.6418722561526142,0.741818735998554,-0.31183022052953596,0.41663070998898394,-0.1945231122132224,-0.18953284523776778,0.3748996947067244,-0.4863627933727709,-0.8054435000883468,0.7316066583705148,-0.37538298463523906,0.09965138914944348,0.7677336093785102,-1.308853177056356,-0.3567796792691416,0.2218964894174764,-0.12458534027282127,0.22893010999100663,0.22407993790962796
-0.5660522495234386,1.0563568336098108,0.32979404480319124,-0.38653985356764126,1.8877946896385405,0.0657850647131224,0.8027691802528669,1.6759272400510814,1.3803028058431952,0.324127736778756,0.39520955195919866,-0.4501111977504228,0.8816313389870823,0.34256832349071725,-0.2842778063123516,-0.3361874064739632,0.6752655034945653,1.798294416620461,-0.5940242510006641,0.1904471025108647
-0.7873136956822036,0.9070723949273655,-1.3891962002119649,0.037726963382443045,1.1443552553870422,0.07788406409509188,0.11425882909379945,-0.4849964005223004,0.9861889519176508,-0.22670358752732317,-1.3518386069577062,0.47940735387336475,-0.14261896553908768,-1.1517093788706263,0.21994253124401744,-0.08860746734394281,-0.0573650813718807,1.0653677407303812,0.9866449748553747,0.03517476963259153
1.31097227340455,-2.7702762307808992,-0.8795708337549638,0.6283866083066335,-0.576554748898632,-1.4251236826108613,-0.014757656137739578,-0.6298828637866288,0.6967005338611224,-1.2090180518173852,0.21703350103856056,1.4842649870605245,-0.20226826426647768,-2.522624622598355,-0.6050423366011437,-0.45182434784337094,-0.30155520659416213,0.5683138597595032,0.7325021220837353,0.4227532462400123
1.2366083406586694,1.3656207398846718,0.08244294070537277,0.466949005238336,-0.29461494003355626,-0.4367471972100957,0.7807877968131565,-0.3361684620725793,-0.8364143180633308,1.4912435376028368,-1.2609693070544958,-0.2102254882347777,0.034068002722643174,1.216700448790686,1.268650461856841,0.7178966356024319,-1.7574135820183228,-0.1651827358048782,-0.592928797010039,-1.206570353970156
1.1158519803480869,-0.26401440989773267,-0.5090349263863172,-0.5614019694884521,-0.1768400400689541,-1.1511759124165937,0.7211842615146373,-1.440276097471042,1.4821372822951244,-0.9837310957018411,-0.3717902451396656,0.49106617042002376,-0.14522917287645729,-0.4700964948760172,-0.5092493776962957,-1.1191861535769732,-0.19161380618030377,0.28798571907525633,0.5600389971798747,0.7428251154748758
0.35926097105002386,-0.29187118972097437,-0.5564433239668354,0.9413281885348236,0.5847119266673035,-0.5893485685215651,1.7278349212810373,-0.5460602630305591,0.4740379684624109,-0.6973974587963698,-0.20637158607842027,-0.8856544593173086,-0.1577568167425998,-0.5055964555245862,-1.0742713069846215,-0.20105887949964035,0.4538140446584948,1.38365417151441,0.5098878112221304,0.10708944492024192
0.3939553401821512,-0.6849323007017836,-0.0714508293165865,0.40808020447266197,0.7617538300773931,-0.7331135987482379,0.140509428002305,0.20463519936048002,1.3377861431191698,-2.0523483124921253,0.3146069792607165,0.08967618690662914,0.8921049704182381,0.3119244634578195,-0.1974279105020205,-0.48031405821027323,-1.753958959449524,0.987356072978661,0.9221904585255689,2.562927899221197
0.8978023473017765,-1.500578470203356,0.5047742340363776,0.4142752515778227,-0.07252734213408359,0.8563554239371042,-1.3332033646144184,1.118600767620023,-0.4679327946067027,0.3513569307798661,-0.16687113395563866,-0.862476292191364,-0.6547149132294598,0.2864524746165919,-0.7546026279991963,0.6054496011554586,-0.27577533160040674,1.8011913502688461,0.7686960753706433,-0.2617456379800375
1.4123455988079778,0.12328616679220651,-0.09817267786218065,0.9264415257648829,0.8207510513330352,-0.20362857149978636,0.795231520522403,-0.9842888514154445,-0.6985097410235783,0.8199436059934746,0.6487987678172744,0.47773158565551516,0.31976386418292,0.0980581294423145,-0.7793568268768392,-0.7863545487314613,-0.0018965363292753738,-0.22061924309645703,-0.9893608367548233,-0.333562296568963
-2.0220405898041647,0.9270297633046831,-0.30788477625953947,1.334642215384591,1.7065796754135654,-0.17339651480943322,0.9579408887558791,0.2765639485191035,-1.6755659302404504,0.24245371954718672,0.7837650567586188,0.10998340097276758,1.8104848883163527,0.096520862725854,-0.727144547279864,-1.2272665962083138,-0.5663803272266525,0.17399163282396216,-0.5057421336046556,-0.8590793514673886
2.2869309229619454,1.8737556356478549,-1.19734996714092,0.3725663462294067,-1.2787049994825623,-0.5635678500017476,1.6935311780128597,-0.43330923776121366,-0.5081436409504078,2.410312691683537,0.5111942607501001,-0.05447443536943808,-0.7785571685281455,-0.8269886931701479,-0.10454961433939776,0.5907259440644329,-0.2831035753984102,-0.15656044538473468,0.08647309523968442,-0.6493516007787816
0.3763192872421633,-0.5822898001060923,0.9594500095399846,0.02293817572222219,2.216648049967108,0.8252987131847637,-0.876314091254082,0.571784951704237,0.22028253052589403,-0.7996348239531307,0.5447459038143757,-2.3220022348174716,-1.2142748973624216,1.3229305623670604,1.2382047484109449,1.6785669677599033,-0.6146685255878613,-0.022126727076860888,0.6809731418877463,-0.7310197058120188
-0.6469346032120328,-1.6225741645184815,2.1916094774316655,0.62240406729601,-0.3564300030744068,2.201904483147582,-1.8198555705485329,0.13016373400404535,-0.7418814964513951,0.33208727461090715,-0.5619698629346033,-0.4187186334533697,-1.2474176324359527,0.5922210778336503,1.489601956712222,1.496449519169461,1.9790403607418536,0.6833641507206871,-1.794944617135884,-1.3877566220848756
0.6928608604735025,0.40936140273617727,0.17812205816274676,0.6367630874657056,0.39821233156447594,-0.2611510290647458,0.6787644496576665,0.7590835588203908,0.4417408921508509,0.8533984511504812,0.22423002611940165,-1.0168469657101737,0.5485088162081008,0.7368848640769293,-0.9338650195228835,-0.4472874237419458,1.0934053980574265,-0.03465726044204554,0.2936599803584946,0.09332750137397912
-0.6027538053657525,-0.8735178824576663,3.13918395512824,0.5316034936532545,-1.097596564105181,0.6051943352918779,-1.1150756195499014,-0.3864970394187247,-0.3725686577461001,-0.38095290766178524,-0.42454285960046456,-0.8107572840221382,-0.7401813356414247,1.5782456673813756,0.8724897330196069,0.9375558544663466,0.5463705440912584,1.075260787365413,-1.296068352008009,1.543074383635184
0.759367092459862,-0.6697762336042977,-2.1705214137922315,2.150833338763864,-1.2640770144813016,1.6357255239071535,-1.0611174965925636,-0.16976255138786658,-0.9216903211540663,-1.4420614499317148,-0.7269475032494023,-0.049229367311472205,-0.5387520558184914,0.3927706211555002,1.061729355454548,1.715259660868872,-2.1871981601978936,0.9251104290723248,-0.40095617193544586,0.7581376088332703
-1.8213364689124982,-0.5947344048002684,0.18302939589287423,1.5290843114314119,-1.9019187274587308,1.0791406938421135,-1.2126269302184856,-0.5557320680790844,-0.810146947764442,0.34053545631441307,0.8473746871608675,-0.5991513547959427,-1.162855858465154,-0.036801446837113096,0.7875254838362012,1.0757378470873133,-1.2698894879394542,-0.06192993458835258,0.6804129345588423,0.0524585050653195
-0.5164243421327243,-0.6401805470522834,0.2319028030747242,0.4628786684849434,-0.5974139201574061,-1.0674294572950886,1.2141151159453947,-0.5867327104218759,-3.2090357305770123,0.11935444650063487,0.9802801310443392,1.4537986579354416,0.4740176646192917,0.9480493077276375,-0.9759760914726866,-1.2762298175625308,-0.7013959714536467,0.03915563121825068,-1.5161294941953534,0.35711121452121186
1.80271396938167,0.17211696638013776,0.345188166600769,-1.6065154333439915,-2.1269934541035207,-1.0454659430191522,1.5177349801294844,-1.4618008042837523,0.38055204818990085,-1.4036067557506637,-1.5039807412751194,0.5439560681335769,-1.1442414794179243,1.0458612530007967,2.537330754316069,-0.0632117514405275,0.5273486125526811,-0.33566264834242454,-1.4275920529917876,1.8542055386011518
0.06786155224648727,0.2986170482415811,0.08537806770209866,-1.158531088697021,-0.575218901536661,-0.6111810426405544,0.012162817306177982,-1.432823530745379,-0.46270338166516717,-0.17091198448226425,-0.9212453908377515,0.07025995363399541,-0.8686232990073824,-0.017518864447108144,0.11994926043980447,-0.0626293349967123,-0.05468885397305389,0.14163077465833118,0.2558169763374772,-0.26333762863322874
-0.9123579219996819,-0.738436658758611,-1.0566340526854008,-0.5223588327184359,2.0172329777198645,1.0890930122470148,-1.8408653229422118,2.6102644621791544,1.4837679204315877,0.030134537689661872,1.8972051341592946,-1.2483157688087132,1.007419760130634,-2.0586791545218186,-0.22830237871935766,1.0598178643624019,0.40043544237395784,0.8826100421060207,0.589662791548753,0.11574654946004459
-1.6786649159658915,-0.7625524006415171,1.3493656685759337,-0.4901858905136721,0.3159213881971412,1.5759944957788476,-1.6418042860734243,-0.19158013087361458,0.961660856881178,-1.1369733709999166,-0.16919701878544735,-1.089525681418055,-0.8193462262680635,0.19893855568832441,0.8527961789793678,0.3387089614653133,-1.6191134527862703,-2.586999717557766,0.3027708553400067,0.5410269913489589
0.37389982912722586,0.8973293612087618,-0.6114378281952203,0.7745994311786274,-0.4758152715150824,-0.6034248029197127,0.7103145783226157,-0.8673808973729815,-2.590784619539737,-0.37645500400882437,-2.5936785752223086,1.042833097177105,0.798732627354998,-0.9781008524139699,1.2159084022743467,-0.48871761979266654,-0.13008988783184197,0.6473424124122138,-0.7098621655194602,0.01456539148252881
0.8119382005856033,0.8327382267140438,0.8557160355006346,0.8881500899736371,-0.7704850418140785,-0.5804732092804662,0.4672245268702855,0.42330529352027974,-1.2112175263158247,0.8252629654248788,1.515494775955096,0.8558428332927038,2.130374378839972,0.09642142609453824,-2.214317203708197,-1.1866539500357953,-0.3536497234343555,0.47319274314830795,0.3883291410631912,-0.058771535387788246
1.6237845643610147,-0.4346308523805821,1.039178573215036,-0.5652901737614016,0.5083150395553631,0.20435413782472173,-0.16531703992324243,-0.7405128438043148,0.1747610354341113,1.1430119110502204,-0.3753006442835391,-0.051877338940657894,-1.5907358993333178,0.3565409478906948,0.7561594530765151,0.2263119908582254,-0.21100817104016714,-0.4362063270671597,-0.28094429767386186,-1.9929827544904506
-1.4519147478975534,-0.6608906282784183,0.3473463764742817,1.069737516417095,2.0925470682875273,0.6359625210002698,-2.0680064398429456,-0.5495292466180448,-0.7914708393755936,-1.3702831752768547,0.06859497666523852,-0.8951299736502969,-1.3726446019650276,-0.4739492187571306,1.0633180959744113,0.26494293550005205,0.28064290771317196,1.6853357760698613,1.0273903559939568,0.8334819823834355
0.5133309040962581,1.1191800505651692,0.053048704468885724,0.6621141093032007,-0.6593510267855471,0.8078057360640539,0.061532416837544936,-0.6426139276703238,-1.8050969534193104,-0.025749970656990074,-0.7197605604684364,-0.8765588893557229,-3.0145474310607256,-0.024158457347172875,1.3697755204954531,1.8155808588195104,-1.4295225854517768,0.30742267843218996,-0.21457494111029615,-0.21474093846475512
-2.5951393830545997,-0.21613594114565643,-1.2618838975881683,-1.4510649169305232,-0.18655094174652198,-0.15184841205540134,-0.29665890185603394,-0.8951639579944458,0.05849642109075782,-0.07618598261222286,-0.5491833530431608,-0.12847299559140954,-0.4888874583736363,0.6021617683860427,-0.5243340392157899,-0.02151321369938164,0.45545036366249186,-2.282533073697057,0.28296925475684814,0.46579519837183275
1.5723178313983126,-0.0305375518993545,1.4539080946140586,0.12214688049852278,-0.009109432024902758,-1.055349085018412,0.8643584192291234,0.21198328277622555,0.6116174085655386,1.2062940964897761,2.2103664833725944,0.7508539931528821,1.6171600396196728,-0.6888320893572567,-1.2004957728775643,-0.4701781501508628,-0.8389933665754608,-1.8001280461341609,0.5135248486813635,0.45281310344873926
0.675593225444219,-1.3307545271649843,-0.3396151344980572,0.4277699175806975,0.562930627262201,1.7451732458342317,-2.3156992846373914,1.0147069143628529,-0.8875732307368556,-1.1688294163473272,0.13113472814050708,-0.4671189170640161,-0.45602547063402826,-0.2967321737071935,-0.40133069921457987,1.8906528999706749,-0.7334499027823084,-0.9020411075719376,0.062370625369087114,0.5543541908535483
0.10010385951399403,0.2174847283447128,-2.3319054500465497,-1.5721726976495107,0.8617777450304405,0.5811650186857992,-0.3458486450007348,-0.3207079968677813,-1.3767106563671274,0.6260631417096645,-0.7720141084146311,0.34067496507492034,-0.1768723532036534,-1.6733639505155298,-0.012058452283878099,0.9400638505946783,1.0971421930374532,-1.2467078206278648,-1.8561881131322093,-1.2140357721628348
1.5475315307560846,-0.9386322345734257,1.639399404915401,0.151839391993803,0.6683664095785387,-1.2149034023752292,0.05138723564620347,-1.6980871669551845,-1.327064034234755,-0.7129959417923007,-1.0863095600157837,-0.29755507541744364,-0.8829507781112614,1.8247346850978476,0.861234010797382,-0.9379759943818179,-0.6753314030721065,-0.26098623366453755,-2.2024431410552614,1.6317433439269775
1.5285127314892268,-0.3444125759492121,-1.0859746720150631,-0.36948647589528827,0.933264953070592,0.32745816886982226,-0.4729857603912228,-0.9054807321247761,-1.0730858642348122,0.7275935010233865,-0.7414226186733925,-0.03794261632669526,0.13655564195595574,-0.06641302607197343,0.3947835958189289,-0.003680773847127686,-0.01647808301911195,1.2474872958880596,-0.4788431541684376,-1.1210815004639791
-0.8690467473314383,-0.5664918066221446,0.4224487575146092,-1.5782931069539898,-0.03752714316077055,0.6594990142686321,-1.1387957473485282,-0.8158210713806525,-1.5277522588630212,0.18780198614603305,0.8436778339917022,0.23003431747453995,-1.536877086796119,0.3553580482095477,0.1812981654135247,0.22968978898359355,0.9895317342580066,-0.3313701214431649,-1.2575262154845275,1.0977662906680774
-0.33925471556013825,1.407221542158103,0.008030730020101223,1.1137409720158873,0.27267263313881623,1.3119414527699862,-1.204337889744114,-0.19499900458096553,0.43011212296668183,0.8201148816679856,0.05061957027792314,-0.5111238302847372,-0.751874957020711,0.22190846409509293,0.16961772451655227,0.6219236372485699,-0.8428176398214385,-0.5799061576194581,0.6171853117904703,1.7291201482348764
-0.21137340780655034,-0.20320912183743728,-0.8971586883697225,-1.2983366202163076,-0.16311038365269678,0.558936201336361,0.32925775020118137,1.2187201551747184,0.7038675624018927,-0.5994296313899058,0.1982653031197632,-0.2320459714956047,0.15165585581700805,-0.15055465458635134,0.47755871902796637,0.14078635982488177,2.464126415718346,-0.6846528804984725,0.5380489469683414,-0.9107775873563186
-0.8096411633854328,0.5011791520699662,-1.3557104840787764,-0.45533921279541156,-0.9159417140779895,0.010337414010362443,-0.21017891663853644,-1.0264535559835388,0.5347498562893188,0.7619665061913908,-1.0690848967550144,1.0922574044541944,1.0061714322335091,-1.2895765367783023,1.0289547128784127,-0.8429704288829035,0.8933074699695622,-1.9813813326796461,-0.2749036830034924,0.05572752707533755
-0.7515361803775117,1.6468296318939826,-0.08874329043367367,0.5439872761173219,0.30978831648230837,1.1898131692059422,0.5766059685761908,0.5328208311196059,0.08719155881386284,0.966365221509225,0.6192903848610276,0.14290227382461348,-0.10297465646687691,-0.535434754113975,0.9527457752112388,0.6034302570240356,0.0005559400239612289,-0.851623583742483,1.667130546919923,-1.540543413601472
2.000305998111862,-0.5087837768959342,0.02895357413559093,-0.9119997741476592,0.1088094488566551,0.22578276552443455,0.07573429314102373,0.5854994268180957,0.4913971925466907,0.0022031260890379213,0.5556944147775221,-1.3471547225285556,-0.18550664507185888,0.11891605695905443,-0.2951964601522081,1.5219758941266712,1.4182141041461884,-0.0497608498225479,1.585987675763722,-0.586190557166778
-0.4404870550594451,0.14539866911406846,-0.059780154793055235,0.8085849641803287,-0.2865266968050504,-1.51783208056626,0.3007311311776556,-3.334844264404032,-0.32945214713716453,1.4614969455608264,-1.5326265446653997,0.952854702808659,0.5266729725025118,1.5394084868515856,0.9759473103536749,-1.8528926430072372,-0.1840914606336825,-0.5639780785568564,-1.173897708660051,-1.9212695447542079
1.2524630834596102,-1.0392944977162615,2.497620185423762,2.4303295822977966,0.46935383740590414,-1.8890782573754334,1.3674450350655505,-1.5269908680407571,-0.8219686162628472,-0.7792619930854229,-1.0166396709400098,0.8724939647087985,-1.5380273282712371,1.2612124308073733,1.4614294953940614,-0.584620863785215,-1.0419841087289083,0.5319157470263999,-1.4743668705676953,-0.023870085827156405
0.063458824272278,0.5796458294389865,-0.980022594425709,0.9154387559802325,-0.9118894713530679,-2.3355872161707407,1.9878053423157902,-0.5592177655994616,-0.26082351286117694,1.2427376582028917,1.2681194284717705,2.9735707365102524,-0.5112471946434417,-2.663567334879245,-0.8292092733582519,-1.6478404594411558,-0.9985460009370963,-1.0188228058948225,0.25560231068137274,-1.7735977973580488
0.7067625757429848,-0.06285264595594241,1.5310138547021916,-0.3435930375745107,1.806300601938881,-1.4072928061993657,0.32183830382839707,0.9989493057757588,1.0533860848053493,1.2891166322685073,-0.026881023248034347,-1.116195173213762,0.5879533084706993,-0.10360467350365703,-0.4973063639162981,-1.3078693481431176,0.8615600726872785,-0.308480697786603,1.7268055226084058,-1.611404290698143
0.3529799243500447,0.6423087212392655,-0.7981369578038718,-0.6427516443949698,-0.8454450536865562,0.5619159541144705,-0.7211030241569201,-2.011663166279236,1.177571677116548,-0.4972734318270299,-2.172309214304808,-0.2587413826936149,-1.7349275834833078,1.7048910805791346,2.740430340235578,0.5053502809160378,0.426056938377105,-0.2634187977496623,-0.6899666738258212,-0.08170549952660021
0.36887169477922505,1.1669368329883616,1.2782387823148018,0.19409147881030672,0.9779913305996736,-1.3539524765618256,1.3212567256320653,1.4884285178656922,0.25852071875627597,2.2740512869998395,-0.5086178142195128,0.37614450877691713,0.8447681901493831,-0.9379780945236004,-0.38511445424916496,-0.849245275702102,-0.8329926223045461,-0.40424864792633547,-0.3016279524158655,-0.7220355781708504
-0.0760910145220033,0.1560705290263411,0.4688766503364411,1.727396359884803,-0.2613219289035149,-0.7148000490700078,-0.4824424042996003,0.39346658813241503,0.5631533100023107,-0.280426622733548,0.393734118820905,1.7918749912451195,0.9512216182994643,-1.0063314475713323,-0.18501316036957968,-1.3921584911209914,-1.0931512877255833,-0.7849550042066556,0.8755010948858798,0.2543487749595744
-0.3707113888817443,0.08381411678539741,-0.6588426379114084,0.25934144488954675,-0.040339421158610146,1.72384521427688,-0.8220096805622109,0.6852701625729177,-0.8217604982786116,-0.25266756780617605,-0.3264708590681336,0.5055943624546765,-0.5845172213464733,-1.0942911168921827,-0.5175274029028913,0.5024737769141828,0.24643381125842231,-1.324746689322568,0.18808749634871366,1.0086873595536094
-0.3291810801453734,-1.0667288714129124,-0.006699706051390251,-1.6512780030746181,0.1556315319651876,-0.4154597156703776,-0.25454057438381583,-0.24851290433938716,0.4121757688530241,-0.11559422929221953,1.8098296493485182,-0.14837600083410601,0.36908433533306173,-0.26484943510469183,0.3066079248723797,-0.23390102513299527,1.7871478911519165,-0.034503524585083385,-0.3653501558344238,0.3017498062040507
0.6557123300653815,0.85393912434783,-0.4140391448110871,-0.06290804697364077,0.8742822860597915,-0.8426053015236775,0.7191036275126041,2.4665776551181007,0.9944867669833619,0.4320245695029668,2.0995474664152027,0.371779182142637,2.4316194526015114,0.4197883888271934,-2.254225128940762,-0.618337525590043,-0.16267566322196855,-2.4943467938319888,0.49062187412717,1.4307647361064195
-0.5107177860514891,1.2314060218778506,-0.9280620316662065,0.8583947777723439,-2.0761026401946725,-0.5402727654792214,1.8453392650706013,-0.8841732665208165,-0.4646410710865064,0.5147136349872771,-0.7100072495825887,2.249844292424363,-0.909958508776293,-0.27175918167765006,0.19203041394469625,-0.7598606721463966,-1.4924340549054564,-0.445846458176126,-1.6972726253920993,-0.2855081520880747
-0.8076848440581783,-0.14551192618794026,1.0767913686182964,0.8271714625573425,1.5155880188919821,1.5120228850314206,-0.8825281945148327,-0.500761624423217,-0.07784386681417312,-0.7749286726554667,-0.8545716716510325,-1.263694796926925,-2.1553005377057226,0.582242393059758,1.4621529528407,1.8611561202874385,1.861718421013125,-2.245832331586257,-1.0309229819459513,-0.6763941781656699
0.3274537866314671,-1.5259521852291862,-0.4534850448982268,1.2508923990025955,0.26129701950255085,0.09428569429514665,-0.5126495215953707,-0.009401384723113922,0.4329475197213185,-0.7969564857420015,0.25675136841541807,0.939281673479109,0.24836467224582098,-0.039495238137417704,0.1268577969492848,0.20373699292008618,-0.3736036478930444,-0.1828731831708029,-1.9219062480643219,0.3892094491678722
0.3848348752448336,0.5978570416808658,0.45907249139153494,-0.04842070978793404,-0.12706647143451813,-1.042769656880089,-0.135471308049199,0.21656619965867538,1.105243660001795,-0.499065378201905,-1.2057606542394954,0.525528650163513,-0.3250736400946644,1.3004521514643126,0.23677088175731517,-0.8573860837467213,3.0114813481955447,-0.8466238396683279,0.23625381781078258,0.4706614694065671
-0.680025452559061,-0.704352356586721,0.5009236173885513,1.3793442564883247,0.8031979958588136,-2.191044203399095,0.8555802801850776,0.05106513099972415,0.32817015320130105,0.6381343601218273,1.4743834535784535,1.2402291725768153,1.4659345103850308,1.1407596349387283,-2.226134931858794,-2.367429442318889,-0.0029143440050685854,-1.5343642087352374,0.044945191855007866,-0.1634992006731538
-1.4478432742705374,-0.13550296424462666,0.49100054293745715,-0.07786512282663996,1.9066262788703154,-0.19099969361156313,-0.34054263347949204,0.0697878457323887,0.7182483381971324,-0.1897967285528959,0.9751729108234299,-0.5668946144308853,0.2643378455475289,-0.456057388117306,-0.784151626207688,-0.18811118046833195,0.5331934569773836,-0.5153038496732631,0.6409742787793724,1.2084849731713128
-0.35249601511716794,-1.1698806362444794,0.060606224968312715,0.8606944731022835,-0.23691865584394733,-1.5102629584014666,-0.8282493781820564,-0.2845354942362603,-0.40829140149022625,0.23508701978452054,0.12402284339305533,-0.03268029368483284,0.7628787836575075,1.1822967747552666,-0.3122371061138965,-1.9914098047181505,-2.102436861646946,-1.0952164618897913,0.8840015646322396,0.41314918555431007
1.8747462640541381,-0.3307524064674942,-0.8814346343908913,-1.7289965611377618,-0.6693275680670835,-1.2196713896591949,0.5516838954635771,-0.31008570327493284,-0.9845848109937784,-0.29118883262072043,-0.7824784148099143,1.3818156564113089,-0.3394035566053567,-0.2913281881893166,0.6379567917681431,-1.0083799901973598,1.62438059188922,0.37745452547805225,-0.36558764864759413,-0.22363454374876765
-0.21290522686451796,-2.1499434558942676,0.025066475436808316,-1.7202708137398373,0.19218508582838306,-0.38131513213969487,-1.5713117553883347,-0.21935232902565016,-0.779126918108585,-3.183299299285012,0.5000112431587559,-0.11330896241024985,-0.26438073336976475,-0.2831984317039072,1.270610565223142,-0.39522042127542,0.48184133564555864,-0.6496905200801142,-0.4463356206319061,3.671701255900867
-0.0951585561026894,2.0426789595444275,0.8537255517342024,-1.2316032712013336,-0.05018997327421574,-1.441952618452425,2.1533637368974916,0.07388067860097167,0.9346489137863264,2.748814134319254,0.3568985424143727,-0.06823581933508692,0.7905666100804231,1.6303873039451147,-1.6586726998532735,-1.53612544193628,0.23229564765230346,1.059294979079089,-0.08716952776163779,-1.6104799205326885
1.1717557252982405,-1.8927022751964586,-1.1370708595339634,0.41465948238468675,1.7303465846844555,1.0565999060004265,-1.327087564252581,-0.7536088764030718,-1.8116763168852736,-0.8406124204427788,-0.6352679893778074,-0.43432241955576756,-2.372592286071245,-1.4178272908213778,0.9041162536550631,2.145433916200264,-0.7984399709303862,0.43583088246260643,-1.1385033624823813,0.3190138037268014
-0.511277131909428,-0.03074393306961795,0.4718315414741113,-2.3400399466663457,1.6687909700764723,-0.9059712227699204,-0.7957208336177874,-0.8626643974463122,-0.016787984835845666,0.16460277255734615,1.3742751738208259,0.8878941464045698,1.1734906825500944,-0.03220955482518509,-0.34783596754354684,-1.8705818815222701,1.3343021484995023,0.24088259959094896,-2.167986614996518,-1.1103671415275103
-0.5059418132601555,0.2234641371573919,-0.10505510668403141,0.8418192677662693,-0.5928234997472046,0.5118261065510235,-1.0573590604783867,0.8210940980057096,1.7647232301887388,0.1272347862904036,-0.4074145007315995,-0.008537069113866848,0.3229508774353302,0.0663723322332405,-0.7062617834708209,0.659720817477297,-0.6028892997393674,-2.3065724402911436,-1.0020128090073317,-1.0748806848817363
-1.6224127360645424,0.764243796060188,-0.6472972971699638,-1.4734466681328307,-0.19280728674127792,0.20647223508102902,0.7002329313404849,0.37370106191207103,-1.6236508342451725,-0.9982241720146067,0.7840028914058221,0.7857910207723073,0.5557748268508171,-0.5495291730045186,0.7945845555541748,-0.378844366935733,0.9760972652727258,1.3000363268612716,0.16451327608841854,1.0285525999739198
-0.7678156792531254,1.0497378262458787,-1.0194352763810435,-0.4670058874419816,0.05658015946199053,-0.02750327824677766,-1.2741984268071425,-0.7413171420660732,-1.0691665489341047,1.3456100233105133,-0.8174430953378637,0.022951922644929824,0.2992047904471555,-0.11659386582448515,0.21582049448788734,-0.4402221358184261,0.006643114203534889,-1.281367909757327,-0.6109699010435882,-1.1900114428313477
0.3631085897377164,-0.18178543562955826,0.5186125143029415,0.3164058434025259,0.5812388991200197,0.05504077386685816,-0.2545699668864746,-0.4675130383596513,-1.2199801180239547,-0.8216604194816888,-0.10038712002176539,0.9540648222653756,-0.5135154167474261,-0.6940660373537106,0.24605610943935133,-0.07876406035842962,1.5282719622527223,0.779803548074851,-0.13004561743454307,0.7021678836686802
-1.1386759163689746,0.890653120814764,-0.45046633132528924,-0.3894420810305503,-0.9315900157569819,-0.4810469979499567,0.8095050791510648,0.8539948271457004,0.43559273180505087,0.5239323952237648,-0.6246685539695981,0.21277774260222507,0.22474169755038303,-1.2201142009939856,-0.3082093251049152,0.5791403698087633,-0.28247607731141505,-0.011847459955793801,1.3916612345102144,0.05776473066851552
-0.06770326314873513,-0.9859530557820513,-1.5581313251263529,1.4414731911587584,-0.7769047823496532,0.46595593824108944,-1.7627380188476751,0.02244623470445384,-1.1059108625670773,-0.2882211181319317,0.9029400555137017,0.025603653620973114,0.059944758523445336,-1.3567317673243182,0.22398480997184145,0.9066283869119247,-1.1757649552635063,0.6803577042678683,0.18988983235223925,1.1259996072443816
-0.5874487669636276,0.942622987425843,-0.6481797143825855,-1.853535056542506,0.6727844000257887,0.2384230156479832,-0.15042813350378229,0.6200829671781957,-0.4171574263047179,1.1139455316076636,1.427458178141252,-0.4694354428111082,-0.41159077600332694,-0.007685659407663326,-0.04140378374829044,-0.24115489050270789,1.0337703859330807,0.32370169196928156,-0.2906792828771724,-1.039101325462115
0.905094627478316,2.371065988395635,-1.5120069410980772,-1.5839106775465168,-0.8325455210212377,-2.3687341940687694,2.1999202750189975,-0.44276556903023057,-0.4737801739558325,0.9295777011113475,0.3651061716284934,1.677478930482882,0.3098386724392467,-0.4228112449873974,-1.1297752003959476,-1.7846679970379538,1.018505138181803,1.9444730348536645,0.21954707590915465,-0.8603615167838524
-0.6674926719234353,1.0485429487193285,-0.7287457719981438,0.43991683926735015,-1.6579164385950294,1.0042996797052082,-0.18936766772104732,-0.18339188252279218,-0.33412552046618565,2.301623481485699,-0.9632349846311499,0.7520585792452923,-0.7781445177582423,-0.21650668331403358,1.0983529122375901,0.28644215159458997,-0.002152517777446635,2.6318822823220507,-1.3659763834706886,-1.0459256672988495
-1.0165373960236368,1.8004703167033898,2.135560591904594,0.4088507570120156,1.4400315562721278,2.313019758945816,-1.1701179125201053,1.6624415961005643,0.2638201781453975,1.1274724223494066,0.41348073364816385,-2.1666798466385613,-1.0001157814535002,1.6578438818723502,0.5327493177495363,2.6986755114091707,-0.12529958834346597,-0.06843216880819956,0.4393108000585046,-0.5281279590062455
-0.5953765912986511,0.4381733703042301,-1.0616931154072804,-0.9144794491623065,0.3521042525008143,0.6115681265711197,-0.5830736118117248,-0.7794738271378645,-0.21404184490967318,0.7780407710963528,-1.5251725530528095,1.5312545826002744,-0.8736592900360426,-1.904975193101962,0.8594957012798474,0.46299534739978876,0.4347689037162984,0.030755122677141946,0.5300589946200702,-0.720626073736736
0.16732793914023789,1.2323160874094627,-0.5165089120979286,-0.41542340737184763,2.108326812120546,0.5050153425475622,0.9638591389466963,-1.146932619548749,-0.2965975865486746,0.6111397489724347,-2.019518697251765,-0.13967231389047147,-1.3146145821058064,-1.6007228657115937,1.1323751807565938,0.6007855050952705,-0.19138421172257764,0.3696268689746197,-0.4170982660039961,1.125376436663333
2.1515207970232906,0.3945488522725139,0.04349960270599394,-1.3134064142299153,-1.5509533844417334,-0.7766754064755008,0.9022215665195953,-0.9522090395005128,0.39629530137101926,0.37608901273044126,-0.590569469276755,0.865264375229541,-0.759372520276679,0.6903676324536273,0.4443740102776241,-0.011534137820074529,0.2582647632310403,1.7235153590105696,0.08342846016423247,-0.818360316311044
1.3919870059570074,1.473153206891253,-0.35441389375844073,1.016294169215747,1.712342972119165,0.9346099060989437,0.001220611471340694,-0.8439058728720509,-1.628291386198617,1.0978648921975123,-2.0068967511265923,-0.28496281336500867,-0.19636091141914816,-0.6672888327593265,0.8553148989886169,0.6050963146657082,-2.4605451424190825,0.3038257867401113,-1.146157433537942,-0.34208353143614495
-1.0442970984693405,0.41639575905988585,-0.8755906994612156,-1.3419788846246838,-0.9448623950184164,1.0356214945523883,0.38854332410398634,0.05652550232947457,1.1009246343944943,0.8638988530937745,-0.6647378400193706,0.9387054209887906,-2.236686292623226,-0.9033836043764384,0.4219520665243338,1.2872346396339873,0.9430085985907146,-0.7238264218851848,-0.11027482381186166,-0.09068327400577786
-1.150108606623875,1.1989321254053347,0.2953772318098594,-0.07711294797721056,-0.4283863089472532,-1.0550679016967281,1.6995746688079627,-1.124472654916262,0.9507680367312049,0.07441885406086948,0.473919949178019,1.5469429964979395,0.7870916342862895,0.1854709493393154,-0.07560621678606279,-1.6340095863429318,-0.11019688214237762,-0.14900011805811197,-0.36366451363890606,0.47869680507223017
0.04398771538861095,1.3805175926019884,0.002297494023637488,-1.6323241294781483,-0.6166711960609167,-0.25491116358485827,0.7160168753974046,-1.7396799922602113,0.4288513270471845,0.20974691793423245,-0.8404976630550487,1.4588823709061727,-1.4421774531549807,-0.8547540319349667,0.530072705070634,-0.6464121933205426,0.6964228912303028,0.08204386202781531,-1.7576344474334848,1.0791529061742038
0.10915129064680847,-1.3474975969494116,0.7457553542073218,0.6550929213169568,-1.6972678370463854,-1.8527956502270497,1.5890765752725604,-1.154383997277654,-0.3641431936598105,-0.5235259736743934,-0.4137728650825177,2.491386071447344,1.536511703516205,1.440219378470142,0.5589293537199107,-2.8310523251457993,-0.789520875324779,0.3057278777584501,-0.2533918771064673,-1.020069682422112
0.37517019379562816,0.8101258076804693,-1.9238297038526895,-0.4803760541188364,-1.4026723484489283,1.9984691240720034,-0.11682620849255979,0.7253856625932172,0.20692930355372688,-0.8491223107600868,-1.5763032402685662,-0.4290157422481816,-1.1901620335685335,-0.05476210299382836,1.8904336389727956,1.8393956807619556,0.13690541151818217,1.5336417128146713,1.1929104373917945,0.9781437690350595
-1.2883524768798897,0.9608096080563434,0.08632290362261265,1.0713368646962635,0.2110944966263024,-1.657119766174101,1.732517103205878,-0.30624675359635095,1.8499467818958943,0.2719169700180393,0.6850352724876863,0.7895094469474339,1.5407511030336585,0.16755321208529225,-0.8689334686757806,-1.9763004806318651,-1.7194357569992782,-0.4725389483953212,0.20548899382578048,-0.7021824522610316
0.8728508504668312,0.15882092285369456,-0.08243332550186601,-0.33419365803928547,-0.07803208800998573,0.4441793694695558,-0.36134130125272,1.911181317214909,-1.296878672675553,0.23243712091430874,1.219567112369104,0.12405095988926293,0.1256768359564378,-0.5125273574927331,-0.8726577071902293,0.7187543235854089,0.5007518137799077,0.2278897777431732,-0.07764286454875878,-0.575014670133713
0.377936153000648,0.26744581577126136,-0.41887498294519104,-0.27524865325583875,0.3293375866985443,-0.37335189076298403,0.6860417292936934,0.32154608790529743,-2.0971004921315126,0.7825610231064755,-0.5789031236592,-0.2509496911176609,1.0493586760599767,-0.5662392007295337,-0.7007680327019988,-0.2625012220215921,0.3023497356584082,1.5174673305072275,-0.7255922158037729,-1.8004509894053489
0.6216284224929391,-1.766222219388432,0.646772967637993,-0.6527625327850781,1.3335113772463207,-0.42085743177412416,0.6730764197541267,1.0330988640453034,-0.3398909575539329,-2.2909217910321154,1.8800897074713636,-1.419105564290985,-0.5503279904768821,2.8734259997762925,-1.6859214311300554,0.008584106968266938,0.8943696923424369,-0.9407085126724687,0.485910110036264,2.890164651523983
-0.2712058945220293,1.2976217438937485,-2.26732870350539,1.1008855005686267,-0.8059928900401168,-0.7645906277718479,1.5697484672941573,-0.37461963670709575,-0.027709724171325337,1.1134762534110316,0.10086135842439936,1.5391731586601556,0.968628636216177,-1.1919093156505434,-1.206802533578384,-0.9061656095035912,-1.3685640595692001,-0.11987114163107035,-0.508713771367976,-0.6229204177244014
-0.39137034298281576,1.1559736362832989,-1.0681384149327702,0.025812084504221698,-1.9184603575061305,0.6627272996390341,-0.3907627109196563,0.9922440739263387,0.6380232927345634,0.1020779962413048,0.9753215861894274,0.2724279517838018,-0.649120334703198,-0.6333289486120853,-0.3790839935774224,0.48632884257210907,-0.4961825471788848,1.2930924953320326,1.3986011324255216,1.0469203559154046
-0.5161444403398078,0.8780921252060222,-0.30482992953676363,-0.11602865801937738,-0.09703163545887912,1.5835591560144548,-0.9245011586934194,-0.5513934553477449,-1.6064697299112756,0.7694499348835953,0.042809358589159616,-1.7642967672287762,-1.709854529871146,-0.723514636054987,1.3751827601531672,1.2489686201847967,0.03293376058905211,-0.21426147975389656,0.4451068225361608,-0.758415937456103
0.5539877225731968,0.007194398864459764,0.13610747732934028,1.2959098369924589,-0.5764067238797294,-0.4519030667756522,1.8819968048263758,-1.0010167814468867,-1.5704630623011944,-0.02792194733585631,0.045531164436086194,0.8601757942130895,0.2953057349348606,0.2517954905809117,-0.40095345345627414,-0.8930816545635962,-1.3967976911227944,0.4971736672529468,-1.639471539425836,-0.8025935946271682
0.14345138295926568,0.1735234076436752,-0.08949593706364085,0.4231303079259249,-0.045224484245886494,-1.4912513271647376,0.4920878490166291,0.25165039912639364,-1.5881547616829566,-0.3701535157868907,1.3426069488476682,0.2189465219173513,1.3445236248073438,0.9336281901737574,-0.9583283724158596,-1.527349817612373,-0.5220797486481449,-0.08489491627222824,0.28330054279228656,0.782949435338437
-0.4649884080263748,-0.12517303626280127,-1.248083314243903,-0.47637845085793634,0.7334868340575554,0.08043685908774018,-0.3147562900142181,-1.4154253613354872,-1.4190138011936544,-0.17764420837041794,-0.1662554322744885,0.6616106924989011,0.5364450402139058,-0.893970432083989,0.17342535943940662,-0.5821542871040819,-0.573896007613133,-0.737970426839574,-0.7693266589767657,2.102034010300158
-0.14220821887444254,-0.9172847613266794,1.1220102003188803,0.776229235754046,-1.1603886688828677,-0.17446045053695888,0.4903253429146504,0.5853966777578244,0.8207335925978793,-1.6302998790365681,1.176165208853401,0.3629269616446637,2.050355699324703,0.6060345870869784,-0.4876489541404351,-0.2857855894156736,-0.057467200702870716,1.13260569550405,-0.22481314731043758,0.4648215997650348
-0.16025709287854045,0.8270609937042098,-0.03364773170610258,1.6671548984031273,-0.6799780083899497,-0.8096110430376681,0.5143757491577904,-0.9799377947994804,1.1629619299253202,1.359753386668331,0.13594677400727734,1.6873385489634727,0.12168368684021305,-0.5994286776687979,-0.4816218902705943,-0.9072957163626497,-0.25779952794142974,-0.5104730026033064,0.04666342565103538,-0.7169756490600895
0.7548606963405213,0.4550020404301622,-0.5253580560695186,2.328792924442943,-0.17120757360728683,0.4334039272947466,-0.7891278656395783,-2.4009899806156327,-0.411180054292513,0.7335183920725508,-1.2893579674936655,0.812661564289791,-1.240269677039452,0.14920989357544934,1.6337796276283414,0.9185674320200337,-0.8342203682745136,-0.3419975818818675,-1.6002474066232903,0.21911529081420947
1.9138300396951549,-0.4808531528582276,0.44131715477814504,-0.40466814156570663,-0.038461489091997605,-3.174312244045581,2.243264073336608,-2.7971814029060464,-1.4377845687504978,-0.9806204371180236,-1.9329897795187123,2.328478819435257,2.0060737825731056,-0.6213041956087206,1.3791426000466622,-2.4394866661784964,0.10923784143109887,-0.2648667557580817,-2.6256032702660725,-0.4295780949589903
-1.536769141451969,0.603990189733106,0.6552067901223576,-1.2370197655677484,1.4371043278113498,1.7149471958825822,-0.6169584097813179,1.0792798470990745,-0.03849495593098924,1.548763271880379,1.1818227427385253,-1.9214547102740573,-0.7019589167615508,0.424233400786587,-1.56828789741331,1.255676651812006,2.0125410229057477,0.19282495999040764,0.1433870338411358,-0.9807920133198208
1.134822819629378,0.28143531351468265,-0.6369122641000643,1.4486864095160705,-0.860748670260503,-1.4683393176742927,1.6941817302759372,0.13109902035258014,0.4577487502667154,-0.8284682235348919,0.5011557590837917,0.5554677281533316,0.19708793920635154,0.18339238547537154,-0.5740132444920566,-1.2137689328043666,-0.8898416723604923,-2.9025723717682115,-0.4497432430225942,0.6678523461241143
-0.4610566932437086,-0.37722347923623695,-0.8233832773851755,1.1195216683891134,-1.417444106966878,2.231510060080289,-1.2074532611309479,0.33378998052370834,0.48949183888598324,0.8638775091914876,-0.36643803408158787,-0.27721886831883624,-0.4327017196291998,-0.13377555701467364,0.9592383930106776,1.68786615329901,-0.4127507698045902,-0.35946923597300384,-0.08063589675094485,-1.0193813738095858
0.17053564299983762,-0.14986883657783848,1.3500346156532637,0.11366318820427178,-0.06107938716080076,0.168780288786442,0.9074663586531885,-0.22952354131424346,-0.9360441202763202,-1.646775604371825,-1.2536325776401318,-0.7685024005597882,-1.4705016245300682,0.7092207303755984,1.5384389127362812,0.7382698796770241,-1.1537988293511572,-0.8901830706552085,-1.0709685870546888,1.510153878516404
-1.7436529637421263,0.4919033356702606,-0.9942403975121004,-0.2101345559245967,0.31236108890175857,0.9140638347098041,0.11884694441296273,0.771652474748637,2.017542044954189,0.15873305970598156,1.5500162542233513,-0.5526583102640124,0.45345274806867475,-0.42938801210951155,-0.3381943018968507,0.21744526578558396,0.2597456422314804,-0.75892646334923,0.796026492446938,-0.4019098178165096
0.5198164020264475,0.17783362001060488,0.9180394505422185,0.9299439688109657,1.2297391659670056,-0.13723268742411926,0.431615908958822,-0.5612243160153548,-1.405631609473752,0.6726128202817243,-0.9158942214980424,-0.16984043950942684,-0.6516147402985657,0.28148188660601553,0.17399395345415572,-0.4141281852264144,-0.048802153223835,0.16293060199549764,-1.0571505906363516,-0.589595872971875
0.08366873222094118,-0.1282923853404347,-1.7800096721968472,-0.5707639146071163,2.2450240410544122,-0.024162764355186873,-0.11305883797456953,-0.6870752213252578,0.9124416342005024,0.150446438737428,-0.42174599023485826,-0.9114546901404799,-0.4470477528472807,-1.3966124214816977,0.43536969746122983,0.6484008699069809,0.15266556128266287,-0.9714091837339515,1.5748273108283308,0.24377777987808952
0.8006310310512208,0.14300389370034167,-0.9738549882521451,1.4265857288763668,0.29993132869952416,0.8472493066420451,0.030683237649119847,0.3318568307588201,-1.9476443368408103,-0.434776421654491,-0.15470598563020538,-1.1700065573632545,-0.18709693704622377,-0.007373190046961813,-0.08344312948913216,1.0565158117631341,-1.363809171221578,0.45807164318293303,-0.7244734514285687,-0.5878908750962909
-0.8201743548790639,-1.488059530788417,-1.387336168402994,0.21682413250097307,-0.8949701056504618,0.46460595341921324,-1.1305720872977398,1.2983469458501442,-0.21852208827853073,-0.1972777921385095,0.2949587903865867,-0.17548855308180142,0.8695143133472945,-0.5241298808339879,-1.2697226065651352,0.5625800858785474,-0.2823335160955397,-0.7400597804139128,1.180703786642547,-0.15541746569638626
0.9363454563201764,0.9142710629403769,0.9528526063801648,1.6305966090141968,0.9023433526570693,-0.6725653000203968,-0.5895897986019359,-1.9244586174365177,0.6723920530230236,1.0864532637491826,-1.2190171132846643,-1.0664833678823482,-0.8696696328122931,0.3176379169491773,0.3112518701181999,-0.18821145563825878,-2.014734278708319,-0.5531227483775394,0.3750700740437647,-0.7702354200998562
-2.2069854837451843,0.03474669253037821,-1.2959232820341688,0.10845406527967705,-0.007897628126322605,0.8599930310669737,-0.25482978399047723,-0.1431335590938317,0.7215517159151735,1.6421654364831222,0.528813038327645,-0.19329736923524474,-0.6278016309185205,-2.0015076404920062,-0.013131210388724168,0.3306117204086784,-0.4888350491256608,-0.21136193553118196,0.7471960051320363,-0.6733250054276296
-1.6573268209561958,1.2893483775646872,-0.23692991733485805,0.7539500880773787,1.315661131434181,-0.07337620003603257,1.5077051537346875,1.6241878518638218,0.9488520597820351,0.19383299244554195,1.6442115269131732,0.2968861835653362,1.1323815491800435,-0.3656899791587645,-1.0336284853439375,-0.664264992558244,-0.5990552980782108,0.06322542634067262,0.24834420557615097,0.8006477716825261
-0.9583297909289276,-0.8155365833801551,0.43165864833685197,0.8858852951471002,-1.893857384280291,-0.7281040857097811,0.21745366307006123,-0.6344476850299731,-0.8377386430769342,-1.825939471145254,-0.2865535324759104,1.473197789789645,-0.6513707391800102,-0.539073384318481,0.7027564575808825,-1.1895423624215995,-0.9184319375825678,0.15757423473967622,-1.3100044710451948,1.313913836052058
-1.3447314939729058,0.4690342407556039,0.6593806193929608,0.2504900196857553,0.9024437414173311,-0.09883177534892423,0.4057421049814004,-0.48993541416395264,-1.2828193776420094,-0.7410224721804558,-0.1384905956493927,-1.0950298811895993,-0.33751639044209636,2.5466526705784056,-1.546121070632462,-0.29656858976235995,-0.7079731804223047,-0.6977375802916594,-0.667097279526743,1.802955227145667
0.7428011489672014,-0.8298894993987758,1.2018431712921183,-0.7726252113481916,0.0042166590157106,-0.3603137216189093,-0.4269254885276727,-0.5997503752435438,1.7984924068560133,-1.168911997942434,-0.40486934162004595,1.9057894533565218,0.17879972097159785,1.19906190324814,-1.0597508548459225,-1.0419582635600324,-0.015062621152939368,0.6415732896232627,-0.6876255607934588,1.7706956160510772
0.1459567074642859,-1.4672631444534714,0.8633700339138819,-1.9192664551713836,0.9674173453735163,0.8229365697286719,-1.8672236823426984,0.07747398487791746,0.8234186868477203,-1.7284517519292608,0.5538064620865472,-0.014290980395305578,0.8576079789273477,-0.3358697990177223,-1.051791538105833,0.41383183970518544,1.9019974375577497,-0.036665731547529314,-1.0481629640177028,0.6103869291710666
-0.36150451501718167,-0.5950311640908311,-0.011433037297046622,0.5752798307398188,-1.3449745548924008,2.5246235950438884,-2.0119398290074133,0.9711753002683882,0.600416289593145,-1.4619900830426686,0.8506855067386752,-0.9871431007985245,0.03834124532862119,2.3153787360219282,-0.3027095002846183,1.1228647087566745,-1.5328673127962946,0.5986335008211291,0.2655024104319436,1.2639100485201564
0.8431800103480647,1.419187989874184,-1.1885028450879278,1.3746686888809208,-0.3535409040191986,0.8922994813140859,-0.6713044467176235,-0.4225036494786564,0.37204747560386386,2.158292857945286,-0.14094903640779516,-1.7541854952904923,-2.3659904354571326,0.042317005228639674,2.0471384037277924,2.5755592994290653,-0.965234399816062,-0.8099495043264833,1.2579394122835583,-1.6585572231545709
-0.10099968968463727,-0.11853179668052914,-0.8601537143222777,-1.099527905450454,-0.5302382659478745,-0.12911225739248305,0.8338047617847107,0.045214439188755444,0.6787944855814904,-0.07146023557506466,0.5596944224348908,-0.32819348027545,0.9014253977482701,0.5453111141648478,-1.7546330020701852,-0.32989029077725274,0.6207450987187171,0.4648923098493542,-0.09762895493859602,-0.8484660522640455
1.9481793239223466,-0.25069426306195636,-1.3681153206969852,-0.9386528843055528,-0.7903599782561002,-2.5775202195470635,0.5523468530428167,-1.7864658695159528,1.1639489601198034,-1.2969266964303485,-0.061706196206045526,1.9036485024951866,0.31993922857046586,-1.4438032627116102,-0.23601604514082813,-1.5632610761235264,0.2291646496728912,-1.3261211963536697,-0.11116736994289614,0.045413475442519426
-0.3100417280595334,-0.4078656943549057,-0.15838393852105404,0.07503353076318298,0.11559661697402399,0.37279142122428904,-0.4184032091286506,-0.7321523185635516,-1.191522965927717,0.08179775925514646,-1.557660932604165,0.15354120492119797,-0.6216010148814559,1.3257827973194884,1.6124742320248682,-0.3337215488130032,0.5538974771617889,0.451875677591923,-0.8522021425802283,0.4223550385891503
0.009638935522394466,-0.3969788774141054,-0.24043386039129108,-1.2269439573762793,0.728349882679146,-1.3778487417517788,0.7987088231273436,1.1207939035773193,0.8422774848092718,-0.41901538742226946,0.7840254813152454,0.6632202990027333,2.0650493461363135,0.4893851770292957,-1.0715942442353654,-1.1449821241930345,-0.008061451403434306,1.0703662051711933,-0.3912970985724765,0.8313281776469442
0.24498593328039364,0.6094991275526498,-0.4657086492779723,-0.130863466102554,0.11637494396782719,-0.40917358495379996,0.2187747036217935,-1.6220727416382221,-1.5303416842796194,0.6468268409762917,-0.715656227045447,0.035719184916081406,-0.32945671607254184,-0.4514315612275609,0.8758116465537034,0.1903247344334283,-0.7304695102449058,-1.2567931012697744,-0.9284120087619308,1.266601364650053
0.790901885338438,-0.6644845452806067,1.6928442349236812,-2.509173720725843,0.05605306226360557,-0.7260721123292178,-0.9875565126505198,2.4251195281370324,0.06412458127770027,0.3686034249514398,1.7788426848233165,-0.6315033563319694,1.6045499475906928,0.26354365128735013,-0.35037457520970167,0.5044784277926602,1.2735188539808924,-0.8687438978256036,-0.5071587020107579,0.759469291917996
-0.5477672898494407,-0.011375275181573687,-0.2559454303389412,1.2355304235981548,-0.40462956932956795,1.3934586272380973,-1.7550822281616147,-0.4810556234608007,-1.0625236699677214,-1.5022289767600252,-0.7008099971788188,-0.31624757766345696,-1.1834229016872193,-0.17817973852745897,0.296068587148395,1.8906518532073435,-0.17569078915189207,-0.46588636648017756,-1.7072640854532337,1.062094511468005
-0.30416095502144075,2.5993582361343757,-0.9851642430004839,0.49011710254042073,1.0937783767006009,1.118672176995304,1.0753321477270705,0.25432749823755857,-0.6993487917953212,1.6011627294471433,0.5219375111267295,-1.166793983865434,-0.8025777279999097,0.739842868016854,0.37927825405573884,1.395430415091612,0.14153835474732585,0.18836262858187106,0.16666244462385693,-1.1826417429838012
2.105395576046327,1.3552794038232197,-0.06627743508474691,-1.762417837381899,0.09465647647837269,-1.5525042082640907,0.8555999766514379,0.7353650713404987,0.620029193370203,1.3942570772329352,1.1314299871012714,1.3671122883809814,1.6161224898217452,-0.35160017534917637,-1.3491236931994781,-1.9096289442353565,0.9716294817773283,-0.25501710715539694,0.0266627102186023,-0.4712898949623776
1.3295971496376864,-0.3829904287745966,-1.0743838239999135,1.1499810314584868,1.2481496040882643,-1.0685867489229535,0.37977398826351144,0.12718600615440204,0.10662810774216169,0.367390311171743,0.24885960584934874,0.2257883623985246,0.696890159215254,-0.7189386453162409,-0.6273990119201431,-0.6269806355550535,-0.6340018884745504,0.4381791294945353,0.33945284600911513,-0.09255952310525783
1.517114401576209,-1.6499196857931022,0.27573306111960116,0.18006342407774462,0.48780297913049386,0.6213877885746397,-1.026569965767362,1.5872625475728648,1.251427763704706,-0.6008605145200565,0.21764867041122277,-1.9708503431855302,0.5666261610750872,0.5418392041595357,0.08526832482733028,1.432721663682094,0.3818819888648353,-2.032417032970322,1.4444810097731517,0.23372370579065607
-0.5146869677081476,-1.61328966826711,-1.976244759740745,-1.3129699073216947,0.878998325750516,1.2693448117110115,-1.7791868021824124,2.5587374716711193,0.37649782226093625,-1.4500127996953058,1.4913049745094458,-0.13749652152119238,0.7224146139260311,-2.9938373727726315,-1.673398373827744,0.8663039381297478,-0.03215351992212774,-1.412481567832726,1.296012604057464,0.8349945449000242
-0.9724795196878205,-0.7402395750005093,-0.05869743211843877,-0.13930504699295645,0.6191408163906631,-0.8249961868054972,-0.0034755712062575087,0.6451601661259178,-0.03640176289811871,-1.4863269902705942,-1.2832557175785906,0.35837796563502206,1.200782589275812,-2.012000785790561,-0.5052631021643302,-1.0615601953611846,0.1527717010128895,1.329530803903162,0.4841316049196464,0.9247455902441113
-0.41931032516773165,0.8965154905210901,0.33743950411053086,-0.20672624153901575,1.1147399087534389,-0.8137929079429468,0.8301225721416646,-0.8620065847538245,0.5453877803807332,0.3810939268549441,-1.161726697231384,-0.06525301206944663,0.8563834245394103,0.8717079388814658,-0.409785184883406,-1.7504407011152612,-0.20399747397364507,-1.8118139133270064,0.27267479184107984,-0.6001557665713141
1.0316039905619787,0.3331029246560603,-1.81494929936911,0.4093331356819254,0.36901741550446265,-0.38812106342834873,0.31113643592550794,1.072251537793313,1.1186861158527257,0.8245928244980124,1.261046749080329,-0.8256476854122835,2.491074366710308,-0.758232346693215,-1.6637937304959474,-0.23920630547526117,-0.7599610272641506,-0.28334116712508295,1.5523717662330259,-1.2058517110307883
0.3916512042968926,-2.1782153632203762,-0.9893458672422267,-0.5443929420303804,-0.05340618848078863,-0.36239952146975185,-0.2750890998890595,0.8927188028004929,0.4581489635300979,-1.826607072122294,0.9554238919353593,-0.22772944265289527,1.7519802616377158,0.16832894125305184,-1.7157341774842347,0.26126955357328274,-0.21340300149914165,0.1924703460157419,1.1893940544060497,1.6780597287845231
-0.019851778250340745,-0.056433730781242274,-0.02075694578354574,0.8092179553112636,-0.4418255353461303,0.9617012757423563,-1.3542598337322522,0.2087893115378927,1.410485937570545,0.3268424322776788,-0.9127631672797845,-1.1138710187725525,-1.0920548208974052,0.43113379006320307,0.3096917978045265,0.7098639730212176,1.4996227414275916,-0.9226485126334758,0.8857053886609355,-0.32267684554400355
-0.92696125807482,1.3962372768156763,0.2770772288240567,-0.7597297655715564,-0.9913362566515969,0.6677743031551863,-0.04284442400702574,-0.05460188111118454,0.09096776052903041,1.7783989791471873,0.38217671234623896,0.6368764271797229,0.8148370050372801,0.03806081947429324,-0.09705743806744274,-0.31789220764382475,-0.01720715820761308,-0.05433533234530144,-0.08830772814353322,-1.7244850513261298
0.2966967401782711,-1.010377737471394,1.3439162027184117,-0.6570335612599469,-1.1091400068515762,0.8898378849320197,-1.8528150454667707,-0.790545327050987,0.8599168788264623,-1.187196045063723,-0.34079701445855787,-0.6497837049956185,-0.5683402663457207,1.3332756728879778,2.1273672782401127,0.7677584699416958,-0.5359810448100761,-0.7747202623301287,0.6033387528689368,0.00849227027535361
1.1243515768483685,1.2674774533316477,0.8109282211940151,-0.22698405742624853,-0.6872478367534538,-0.23716729772689485,0.3397184265930555,-1.0816554222041501,0.1249045169914866,0.4647060194992395,0.3217470749985489,-0.21638284752200418,-0.45447525836671854,0.6210326030272505,-0.39302249820080615,-0.2508924481613601,-0.5406588822996584,0.6099890749041756,-0.019286425489474474,-0.20140405517664692
-0.3550750866477484,-1.035251985960797,-0.3494856636194403,-2.5566951122446606,-0.3791278080190632,-1.1431011717286323,0.6409875598753878,-0.5694375322854639,2.22713141479886,-0.5280894505003251,-1.585924503530858,0.4346672168419317,0.49648192099859756,-1.0511967957240043,0.24554495907866125,-1.0484641662501741,2.1989585738823445,-0.5066816321775534,0.6729290172118413,0.9761134953627872
0.8842329041981957,0.5790473670485673,-0.9420761131344799,-0.05760204222378537,1.9007572846509908,-0.0394907408698622,0.15925953097182216,0.5085570372308538,1.141034586410352,0.6422184639182146,0.4854924923552389,-1.7204269203820057,0.3864186885504688,-0.5306020792467271,-0.10840854948161655,0.9461727129793961,-0.04181443068295253,-1.2693290128743067,-0.05627822484060265,-0.2667335743935936
-1.810779194849007,-0.9585104994174735,-0.6508465957146397,0.5149404701782629,-1.1849354784846815,0.9344855307344385,-0.46555591717554334,-1.3140598324053712,0.17185996024783848,0.6697750288671035,-1.7687177035052561,1.4023373469385156,-1.9879167478594728,-1.9342529554589,1.8848178150192532,0.3269958890395345,-0.1364902761891009,-0.39001178172850154,0.3345293277854391,-0.5416575837206328
0.2004728046143911,-0.8492337411445535,0.18069591345407626,0.9812333427389491,-1.0235589849538138,-1.7871583580755273,0.4901073466539926,-1.2640178611352708,-0.24578975204949632,-0.7730178904747882,0.8776132665701749,2.216439964594805,0.25858674426521416,-0.1938471993554242,-0.913429735938591,-1.6318912535174526,-1.2416496291179024,0.5682106342087582,-2.203006336683215,0.9989323549843089
0.9800997976282394,0.2890343870936372,-0.11716499653359322,0.02644758271188269,2.064068714173025,0.6593527895267594,-1.2218918792698605,0.4100589096429092,-0.8899541609612401,0.565725720980199,-0.7859812078385187,-0.5669853190305046,0.025811466447890993,-0.0907893206782333,1.2294985696363714,0.6736219623799956,-0.05389059438840475,2.409768845899832,-0.6348824372992511,-0.07909685012283527
1.4210826322572359,-0.7924292770074622,-0.5054873647840388,-0.5565850847082061,-1.069387418100434,0.10082499012909717,-0.736612289522622,0.5557625567494049,-0.42853497675148144,0.7828854805196045,-1.81960712422666,0.037382193267877416,-0.052610669444031186,-0.8759887058381763,0.3654976068130659,0.6307129571918391,1.4647770211231976,1.0241990319926946,0.41696309887260985,0.0779831429527933
-1.0613074348574265,1.4695468859776022,-0.896348730821595,-0.6407250301936265,-0.43925898570349337,1.1338070094393802,-0.18737977548849283,1.925555612066347,2.3729468410608514,1.0355543887418115,0.6690346883024648,-0.7922403688863235,0.16172508434066668,-0.27323953101580356,-0.19556450889341864,1.2761267496095194,1.5847137503454078,0.44676733887636544,2.2043770984162343,-0.42008547251534295
-0.23927380566550324,0.5456767893077662,0.9319407527423889,-1.2115345042838968,-1.0614237222735325,-0.8064250036959352,0.9226120496016127,0.3913166475342213,-0.5844429611840607,0.7249157744970726,0.3777583745019167,1.5561997596275443,0.7021720882926594,-1.3755223082405141,-0.5350983078310194,-1.0671653551436082,1.2387456817393,0.39166181142721423,0.7458536400767589,0.15727066735739847
-0.03935724310906392,0.9881256860028316,-0.673633951239437,-0.8592511332969286,0.10184733595386496,-0.37035285886297864,0.6564883249796284,-0.587061145301925,1.3878611918611947,1.4860743141300101,-1.7258069688124533,0.08376093644956024,-0.20446327491712402,-1.3098548706153432,0.32686139574624656,-0.5050625472664662,0.9201522080647314,-0.3839140445253225,0.796120248421602,0.22903994665746893
1.174583427362545,0.3261974331049574,0.38320058613529245,0.5288096216622182,0.8599906290596521,-0.2715915561832972,-0.5006002720796091,1.9166702048660396,0.002392391210424681,0.5044025083802912,1.8091006482731091,-0.5290480656713465,0.18459734346959017,0.1415710697082203,-0.3024607203812128,0.6428767427861563,-0.7114463940400724,0.9141772856448591,1.362436264303704,-0.7374704705199957
0.26929841227423057,-1.060503506973418,1.0247080063199367,1.38184190940807,0.952817137576542,0.358947339075895,-0.6594963771275517,0.005431682759197265,0.8927110529923424,-0.37097028468446935,-0.20411504126299249,-1.174643954829773,-0.1576632836150423,1.2947938558593965,0.2974732969540388,0.4241445445986996,0.12661417704109434,1.4922899671354495,0.10867255513447013,0.17934108473703575
-1.9107405445701917,0.593224818582095,0.31404138363232653,-0.3227498022810688,-0.21524253889876938,0.8287277388932999,-0.49754339091418504,0.5711561115716927,-0.5354666817680611,-0.8163826505447354,0.767497482471004,1.035438277829566,-0.40733003697188297,-1.6215083521855818,0.07859509244734464,0.3132268469167943,0.047296616246816345,0.2835411065173074,-0.4223312628877908,0.9389842314088936
1.1320033200337238,-1.2497599232983219,0.6744945202985566,0.569281580743575,0.5049848658693066,0.0954791580586652,-0.3970975664935526,1.1307816888095072,0.14384013014078278,-1.4321841109198798,2.3502157671535056,-1.5537761325753954,1.579209140915578,0.18382863625847842,-1.903852506665898,0.5561448793154076,-0.31450414467704857,-0.9734297644498878,0.08780597123500516,0.7071505293966225
0.3571537042751139,0.8291033870071747,-1.905731204121012,0.7609343313447615,0.16406623509853901,-0.06440607171761271,0.1337639310934979,0.511315468136628,-0.03006098611294411,0.560830466306049,0.1360059990773113,0.26671827560898115,-1.1082513965471024,-1.6132165898938775,-0.2126923392197253,0.641054487631584,-0.5088068690252672,0.25485046202543343,-0.14903001868900242,-0.01783944794228753
0.0806826451050997,0.7281065082559016,1.214495302017625,0.8298735284599907,0.39993791156638825,-0.18928596709379691,1.1859746164093479,-0.6246460275530828,-0.8003887138231603,0.544945789060976,-1.0529504900675988,0.25086934872891314,0.3970952431114995,0.21754008954904672,0.035836592780815135,-0.34857813432061485,-2.1903532392864036,0.753222315196558,0.1624096911879434,0.32454005436723715
0.5317339661436297,-1.02098465811397,0.6050300424100405,1.2475373523330244,-2.164638643285183,0.10123824496601819,-1.0652385310386474,-0.2932592089179704,-0.689101155814006,-1.2167642121699103,0.31053812282152926,0.6414105053537372,0.12212787165088679,1.3200102081781342,-0.5933750342860691,-0.008722520211669454,-1.587577956776903,-0.8716129842946592,-1.02069955826736,1.8973946345423178
0.14980899835642353,-1.1687290658179805,1.1752893180803892,-0.20208359858791378,-0.5431327331388917,-0.5582561915024294,-0.1691842401884742,-1.8181307394597928,-0.9277436484035441,-0.6023385615161237,0.20555248838532844,0.10985168304728397,-0.1850676563260497,1.3355746066959602,1.8888885503071406,-0.828549892542662,-0.10388211352169427,-1.406297143133121,-0.2549925067978659,-0.42819455566157694
-0.4357785100688025,0.5575802749605457,-2.0337591976186333,0.9565611716685511,1.3590895166879864,0.7040422592186517,0.2422460094361642,1.9047669606460262,-0.49619994654948346,1.580559461473592,1.9784743490215144,-0.7622302784865143,0.48052841519399314,-1.7961120080812785,-0.6240321523166923,1.1299109013509088,-0.24079328195018662,-0.833460834397234,0.744162506988921,-1.0525650942444897
-0.7489342935055598,-1.463722177698445,1.403373483255535,-0.34692812068347667,-0.16805863049789035,1.1496508726679904,-2.4252816062393507,1.3862900910971412,0.3757357516575994,0.33280340917854906,0.05845135713803408,-1.107140559977549,0.22324280324741153,0.049018045402582464,0.29857891294169514,1.000781207230916,-0.26700699010796514,1.5981463252143409,0.27831653983318294,-0.18300774281976828
0.9832150023857418,-1.118454403384303,0.5385283985264825,-0.7142642057928709,-0.9462911964443417,0.4201901167226691,-0.619318085934181,1.8871414473699495,0.21775006212187792,-0.5151139144809338,0.3354169465814576,-0.6488691802171296,-0.2521566335175203,-0.5512515733441091,-0.5491516705757246,0.6212007617143335,1.9286048295832467,-0.07961308613659092,0.5358575758727807,0.41768054526469167
0.2835673841421954,0.8507489389502779,-2.1220383893228334,-1.6044964270743747,-0.017579452136651574,0.4102440043573546,-0.6421263522347954,0.2849767504875904,-0.7340593595500686,-0.09781753743308383,0.6113181658329827,-0.46722122486245193,-0.04403508944808711,0.3271366424185273,0.045638920379242755,-0.11596506499373364,0.05593292122503614,0.4370862056502992,0.42199138833517597,-0.5462709916389453
0.04607968967856031,-0.8496386737142014,0.44122355485301445,0.0133684449754201,-0.48817141402136577,-0.15149207892531943,0.17042942540515454,-0.4130736183089366,-0.4978570014945945,-0.8372988598991865,-1.9787054703451266,0.6873896694091582,1.2881042923650443,0.12969335562596995,0.003439222330804933,-0.9874840210662644,0.15358854507782776,-0.7168449107817018,-0.5422379410303637,-0.17805219699453495
-1.286156728543846,-1.174208373582092,0.014160317332291752,-0.814648875206408,1.0564402792114984,-1.1716751020678684,-0.7073015394837184,0.9999379160858779,1.5356108800707953,-0.11969148520828034,0.1076846239280144,-0.024769132680858532,1.3924645782996627,0.723601114340635,-0.8555678495358573,-1.214781624839295,-0.3570666640042894,0.0610085782203785,-0.4283145762312678,0.29113782723089743
0.8714151577395886,0.2589003606408647,0.9758604555877561,0.5968600278727703,0.7889409441768752,-0.8171075857862315,-0.1730520836016754,0.3934318714363429,0.9734520795021351,1.1049205173404872,-0.16338063486302862,-0.9858886985686838,1.0971012104954434,1.430564787643007,-0.264216734555251,-0.6799048739405137,1.1090877543872872,2.0032918509877105,0.2369343266467232,-2.0142753227208328
-0.07054035590192505,-1.2273534068582121,-1.495135765216419,-0.5364357442038319,0.6630460624840433,-0.6331358166989409,-1.0886729866221758,0.36485657389394316,-0.9624875313660082,-2.172904409075147,1.192278630656202,0.7438883465617442,0.8437076283975402,-0.9137032328144875,-0.34838803863834095,-1.1109575746114628,0.37917002636880554,0.5022608818083122,-0.5639539498254356,0.7240494230917895
-1.4665172474990305,-1.0320759786136717,0.46506531255510375,-1.7935612415860391,-0.3414007183261886,0.2913697685982531,-0.8574239085750788,-0.1968822567287444,-0.373090027215959,-0.580254609768207,-0.048843967259761936,0.46600345787864517,1.9620957873427611,-0.1883071444172288,-0.8369403812210235,-0.2436548059252732,0.5327554436709917,0.7316641125614114,-0.30649253899513335,-0.7237759384756648
0.8403473213929192,-0.2518022933893452,0.4053406859633371,1.3733022306636526,0.47348370124426936,0.7244368863515172,-0.003388404635312164,-0.0561341413075066,0.2498485107868861,0.7905302791746189,0.2247456723087488,-0.08782506770524756,-1.8083569254979492,-0.6271252371104482,1.0842239206911841,1.1008659088427888,-0.3572621851861583,0.41997497045161414,0.45184048725149495,-1.2713804169019298
0.6913201533894389,-0.3840439837426921,-0.5137335802472577,-0.9606147080197772,0.045150252897552014,0.21410440155122157,0.7996907880673779,1.2004334644908863,-0.4130536012043917,0.5058155446235847,0.3049580259107754,-1.2746477262782792,0.1731136122472799,0.724300435097726,-1.369294105224106,0.2008367221573621,0.5223820427516356,0.6264293491262584,0.8574948626696807,-0.46748938615575014
-0.6795959843863587,0.15829837540338254,0.6603867255062046,0.9461384474596066,-2.6421565990548106,1.3953372166428994,-1.0609922751427434,-0.6458983354743374,-1.8631654769468504,-0.44945108456338256,-1.704596077793553,0.2670621216981394,-0.9153534302814108,0.09406719715385391,1.8488301890372276,1.2399783505511572,1.1245671275790445,0.42413880629119305,-0.8332007815050607,0.1461165313797338
0.9724303098902609,-0.13884850238943136,0.6243935240490043,-0.5488768997890882,-0.5718599200875911,-0.8010880143898291,0.2805026853527079,-1.8904027698549342,-0.20268626427471925,-1.385334297948728,-0.2705405311228173,-0.2208297123426862,-1.0297469654026867,-0.0629681845641757,1.3769101079950412,0.1864437189748763,0.9683007144941145,-0.46216353936587,-0.7666469387556215,0.04991246923254819
0.6539714880448759,0.5863608720347037,-0.13321384608531156,1.2606286204572064,-0.011182425247304862,-0.45669768307583175,1.3250723580143604,0.1716620253937698,1.2219609682886232,-0.25014755929903904,0.05668265732600251,-0.4916112178207598,0.5520829697273435,-0.7144206936023066,-0.11296676462568506,0.31219211094514177,-1.0260687813719773,-0.19639828990749414,-0.3796913541046655,-1.2303550512702421
1.372281746799277,-0.7199142027808129,1.6938168142448224,1.3287309641542266,-0.02839996232066466,0.1650182652155601,-0.2664754692365247,0.09077500475621313,-0.033553675820777035,-0.643142256690283,-0.5164075569050204,-0.7163164772248773,-0.26210992339712647,0.8193156254693901,1.0346190838019096,0.34712204140934916,-0.42229514377192906,-0.8632162204884415,-0.31311637093400324,0.15718658351846104
-0.294079297895402,-0.04326343567022138,0.2889189368800093,-0.49805636481839477,1.2917823541622573,-0.26985204082612907,-0.22458321410965867,1.206008518062449,-0.544747487986332,0.46701346977835134,1.9782321703825985,-0.7981792958492634,2.2673246220050105,1.0425508372072432,-1.2176093405748918,-0.3286902622498813,-0.33710853333596386,-1.0389607536522805,0.3640046586209272,-1.839074559793643
-0.5489453792396055,-1.2179569138923427,0.4799523701634133,-0.44641984571668675,0.7640422222357969,0.43870049905124414,-0.7252626330754771,0.5146473963735567,2.2929534369058353,-2.4652689085593114,-0.506906591319805,-0.9261966546771859,-1.0988079533267396,0.09805328587995281,0.8461714573840005,0.7294680538095132,-0.18790058034447293,0.9130909994513018,1.2209649531166762,1.7845182380891131
-0.7962960314923314,-0.25994667725313664,-0.759050006042773,-1.5004063391748597,-0.17066623400071831,0.8963098075574875,-1.0145354393484411,1.371403687240301,1.3562216271260799,0.17559880587201607,-1.020424627223632,-0.001739717835015459,-0.4344463831428169,-0.7647286871707126,-0.06746696687691468,1.2856322176748616,2.2049575892180315,0.3571290329088588,0.11164364700756085,1.8733420462768313
-0.2523565232075373,-0.14578510535312977,1.4628187197909424,0.8517917379220818,-0.41373835144885673,-0.44686125119904585,0.05554464802238299,2.158625692227679,1.8149925690056392,-0.48906204966469463,1.8612210374044222,-0.682920112147647,1.0381291542064695,1.5337768382101469,-1.5716336156193218,-0.5415285046431956,0.9015911304471877,1.246610945146795,1.9172617437965895,0.8019241350642676
-0.575214808203966,0.8344877078980206,0.3522052375747724,0.2826632728450665,-1.389840070878331,0.8353813165560534,-0.3318508414146412,-0.5223786928666413,0.8312933350553147,1.9203084924128824,-1.4302561701919605,0.16217240109881725,-0.9654384284643454,-0.6912151895248976,1.195989196076241,0.8460019632204863,0.9639692541079204,-1.5700523939448956,-0.849313904347296,-0.525321565963683
0.534253401550138,1.169018575735438,0.7345259868026917,0.20192499825926913,-0.34631782756042745,-1.3260564296659219,1.9331978289562886,-0.10395024427935343,-0.7281560708696073,-0.37493549854401104,1.006592824370569,0.061464802660454475,0.9534084880975341,1.1560597264143404,-0.674253041648465,-0.8498238119814275,0.15063837649871134,-0.8750470449064961,0.07518171435013637,0.06513644574571122
-1.2147537914871,0.26022056375497576,0.777392441288932,-1.0969964036223496,-2.273550045714348,-0.6529386797188237,0.18488578074328604,0.48006776358154224,-0.131604727433095,0.2929059980504495,1.3220346670472627,0.2626859189980907,0.4886171967856643,-0.21057737161542248,-1.0654206049656263,-0.4667845933469401,1.6436432925071478,0.5386418067228812,-0.10028752258812657,-0.7764350513779095
2.3977458931461104,1.3541689809288335,0.37415881929057776,-0.12470853160953102,-0.3247306578070099,-0.3826457197078903,1.5424331553245416,-0.12184815582412939,0.5800150516550178,-0.38563580191825597,-1.806718067455476,0.10892299029142112,-0.2312354624606202,0.9861622329428468,1.1328415495630135,0.2914536589798835,0.8217754861618876,-0.3473772162054929,-0.35311451369472596,-0.5426540205806776
0.2858165000767514,0.3352659714120758,0.4894483685294355,-1.1733906893239132,-1.127709249575542,-0.39799178724571754,-0.2797214295037518,-0.3648326046831568,-0.2472024998347666,1.6232771794489782,-0.10980168929251165,0.7522143204061799,0.8476898467391102,0.600635081457419,-0.6007789107177557,-0.8708894873678384,1.2836027796753493,0.9359735603937137,0.34152312622948466,-0.6344825754088896
0.12422229676992992,-1.431865165340361,0.3868401750572369,0.09157876257652275,-0.5563916464543105,2.633343889022849,-1.7841159730397875,1.5792265823164693,-0.09091487970403818,-1.296251520093917,-0.3909712605860968,0.3023500767251171,-0.7136305505204122,-1.1947044382077023,0.4463376763947423,2.337934887998642,0.2497813056681376,-0.3305019145276662,-1.344569699795565,-0.07888670181078339
0.4300508052194027,-1.421706933536695,-0.3617637196060717,0.9696191460765425,0.7618566303863946,0.5642823829866151,-1.6470159132838593,0.24433165958543177,1.7974914103813593,0.6870920968651414,0.8585805375100852,-2.0453216344860454,-0.3187986792303634,0.6137163702592692,-0.1114591535551539,1.4577100208945384,-1.0617190161896144,-0.7169828189774858,1.222461725973324,-0.010798606695943135
1.3577485599346084,0.6198656628722508,1.0138337381835507,-0.15328809808598917,0.33860998447560176,-2.284634909194917,1.1838884464927235,1.3779637162387957,-0.7245340789753993,-0.7014143837856289,1.1439284284736089,0.07621983853047853,1.1394606742312272,0.7698470781323612,-2.0656859318768013,-1.1665351218712534,-0.8006634629471431,-0.07661560942132215,0.6585445411019005,0.36972144894420067
0.8801037524413696,-0.0848321186546818,1.3678836811754826,-1.0241605440611499,-0.21278442235348766,-0.8048313076420813,-0.27652229482203905,0.8732000279117759,0.15322838553094945,-0.6462607122194273,0.36633101598599044,-0.5509422610395974,0.1688426545990383,0.6078660592308043,-0.3478945106460976,-0.5597304572894471,1.2069884085030702,0.7043850785855562,0.020919282895849965,0.05260553711901121
0.4014250043268002,-0.3889874141660049,-0.8659168409580283,1.6102595515581075,0.49701253261136213,1.1089435160513357,-1.1245789880074144,-0.8536531828381323,1.4204577612123592,-0.9090666215428097,-1.0096398681292453,-0.8795987263896299,-1.6103881855305437,-0.4657952597319173,1.3675663902723554,0.9563587810149526,-1.137253484614041,0.10697043689263173,-0.004843169899403253,0.765299571178238
-1.4274786015527383,-0.06765610291095699,1.0871644806122176,-1.6774351122454143,0.48083186214962065,0.30708977796784787,0.7820977081260448,0.3496408903146306,0.10055035400724846,0.16086297808444652,0.2332091293309354,-1.2077523142446274,-0.7329419773073051,1.283159705859402,-0.5165702469252632,0.42442599141833903,1.765611093951029,-0.8223339807154093,-0.29683745526774263,-0.4432486665204217
0.5657042795660737,-0.4353851349061848,0.02919176827104209,-0.8727138849005318,2.0342267520187263,-0.3311854604587576,0.28967450375382703,0.46063175388759675,0.8724711788744444,0.4870944793875636,2.1484907528827324,-1.0481736306388278,1.2354560019611793,-0.21129820449665077,-1.1034769910024769,-0.42277748500686785,1.2023303956801283,-0.05414321787475564,0.41319981329918,0.045772255057644554
-1.1284659509850798,-0.26688892075198056,1.286547777870865,-0.383330272266294,-0.4867971858443235,-0.9524762981154041,1.0976544194685465,-0.36949201039043145,-0.23630743972876075,0.4874286110536696,0.1415318622114404,1.3790349874733798,-0.7730042381951833,0.8166185442047156,-1.0034471601325485,-1.2172788316886332,0.07054821637196299,0.5028003253291884,-1.3960258619652741,1.3414001946553347
1.4026825723127396,-0.845473450656781,-1.556677645932738,1.0848509781568978,0.2999815953564565,0.5756616119615762,-0.20106141212329354,1.4325350509645358,0.2964623119924964,1.0915126843153105,0.7530021425089002,-2.5708228692017725,-0.3361649093568029,0.9936061785105896,-0.4051300057748461,1.3482679684033088,-0.3398765099936417,-0.7972473928312107,1.076425057067169,-1.2062476993433677
0.4363989264891746,-0.4833947615993137,-0.021248775524586285,1.6706899623366906,0.4346020763759944,-0.1882115283851035,-0.009816170693316693,0.0007585414133404174,0.3307572209412665,0.3762251908820285,-0.11706291576351106,-0.4481098727246656,-1.737828484168335,-0.564112485269936,0.6692917507493172,0.4389677667636396,-2.3221663612757597,0.5136294247246803,-1.4457707704819955,-1.3005363634837213
1.5959211476002002,0.4498682300756674,-0.7805120450551409,0.39236740825723104,0.12309358307305616,-1.3030350359767826,0.5012887655946928,0.0009575031104365031,0.48865151054155126,0.10660504465432667,-1.050932890516218,0.9758702835725208,-0.1768190726385534,-1.0343683423352712,0.44351142354574913,-0.1743100044977341,-0.9678266483016074,-0.3237814492534573,0.15792327119798913,-1.0052403601660518
0.3184500081924044,-0.5279185021502155,1.249651867911891,0.45295180953484604,0.5042216181949373,0.14402452973006372,-1.011258338538206,0.7847183926209992,-0.14408559119240757,-0.14560949092470454,0.831052088378964,-1.3790326169345222,0.661956409252149,1.1311627716471335,0.2019714138690369,-0.3426416330971367,-0.3382454504678271,0.06625487332160392,1.195957341093121,-0.18458148049662526
0.31934218259217956,1.932684868735559,-2.6370955660618978,-1.7097230449262293,1.3382777764327645,-0.45890694535821136,1.8317068937986616,2.3774271921401677,1.282922037752703,1.2903244298177166,0.49221447885067815,-0.14716310323222107,1.9966681560159143,-1.6039433116210962,-1.200641722091356,-0.513532729340557,1.5115358290134122,-1.4475530687950193,2.410182880837833,-0.7502166166439224
0.09132087182962477,0.8214911104799224,0.21093450373392897,1.5552569618401884,-1.1430831877916572,-0.19283379496448258,0.16010896320309229,0.30096245778559705,-1.3474953057005261,1.1249119872896725,1.1255214213769698,0.4155586770597733,1.0747544146430512,-0.5372126718890167,-0.8566903096142523,0.12084178379690315,-0.9258564359670355,-0.17824884474937538,-0.3230431172147098,-0.6266374757606711
-1.5584553423936536,0.0674353602175036,0.7464988762973086,0.0463527066127141,0.6905990521283372,-0.5738168643561926,0.8641437295960969,-1.6423821289680611,-2.213797629489664,-0.9784524705224716,-0.5730368435686494,0.32988332373698886,0.4855341437785413,0.3223112230164905,0.020311142790954827,-1.2805320256301314,1.8348190474455615,-0.4557371274279627,-0.6464469451606293,-0.20390716530749897
-0.7163548407134032,0.2275332122377073,-1.247675876466685,-0.07921511266110262,0.32927412573214504,-0.18982018239942564,-0.34979622214244455,0.2107613476272363,0.8712541620311974,-0.5086507898614424,0.7150152259908866,0.5004705022469829,1.0208008043558303,-1.0500529562604386,-0.3210366235669653,-0.7736434979376071,-0.10251443636786475,-0.4353342062694927,0.7262077875691154,1.0295815516415903
-0.9705761972186893,1.256500781719672,0.30079835509639136,-0.7871589983830084,-0.773643405181659,2.5397631048051728,-1.274846296519077,0.46475776673368874,0.09210528628628478,1.5762171575391801,0.3414245220066089,-1.1659184523789359,-0.7317595455182109,0.8682517910016736,1.0254390927804347,1.3563662187613224,-0.21429832660797096,-0.3865371007039763,-0.5853620488842207,-0.6789560633142276
1.4468401456650288,1.3636900115377864,-0.22704945026392728,0.11915976926139099,-0.3902785020104367,-0.2910596008859538,0.7069173545329708,-0.5868145334478181,0.5202496683071826,1.5727954488468214,-0.1565932161099354,-0.5910768313873754,0.13666938860795197,0.4010500923001342,0.16387503642444995,-0.1441672874545068,-0.866258361925668,-0.027207396578488148,0.13814145139557601,-2.185504632800398
0.6943040852833067,0.8793723780818179,0.023476630770243794,-0.4328336952334882,0.4301955635868624,1.0158648884694954,0.18174862580364176,1.8022437296613438,-1.1491690614603758,1.8084787519757697,0.4735537465922267,-2.031206878141681,0.9747465056649681,0.4269786394892101,-2.02313790253572,0.703189279925302,0.8875282015979502,-0.9520086995588053,1.8159427766809917,-1.7780398995155218
0.4075301840111603,1.0400154274332172,0.9335789067300576,0.04071112318675678,1.0199580547660085,-0.004018794986850005,1.0028473358251566,-0.46822167423547356,-1.0968955736215367,0.7907903182902609,-1.8498180580465498,-0.17626708631624788,-1.0637243740259186,-0.02396667552973335,0.9981706553171331,0.4692779748602313,0.19902579948291346,1.349454035540141,-0.6071019061987032,-1.1983221042586891
0.4347484549439201,-2.7266852483169934,0.2589569754647743,0.376527960200953,1.3376385857983473,1.652011115993766,-2.812288138853493,1.4970404821037355,1.2171173082387858,-2.047558555943579,-0.8523898353352808,-1.6387723931484537,-0.40746824987814495,-0.570460980842687,1.166809341103453,1.9208134080540014,-0.012674114795062825,1.2832011286650926,-0.4643501494776174,1.5132883636122019
0.40772214511338334,0.6658740969327105,1.5510728734041348,0.5159691020602417,0.2780681750233239,1.0497616018241078,-1.0235697167349067,0.6041309873110239,-1.0359372169931245,0.8714157703678223,0.4298816257962364,-1.7956487125320946,-0.49558377438707457,0.9375863666597192,0.4436643995778392,1.9399182875004113,-1.2173978427731245,-0.26480815020019116,0.3948393225495861,-1.3052904361447193
-0.6867735873257818,1.4586483920759814,-1.5002422795820827,-1.6035470563094618,-0.3499225205930526,-0.05079610589158943,1.0008428895542272,-0.2940083163766312,0.049987146263294396,0.8333973272829763,-0.6011323629892926,0.09004477295160235,-1.0686469291771703,-1.025152956407723,0.7107860208410227,0.0009191100553355817,0.8214751433744599,0.025710741150638188,-0.04663829412065,-0.4000296835945329
-1.240297279464415,0.20390707999481922,1.2379548793828061,0.0030115022440669404,0.00723363598752939,1.9013231211946962,-1.7350718605238944,1.1874952217699584,1.5258760674932816,0.08625099966324522,1.8597725082962084,-0.07637313038011417,-0.42487151550356733,0.3108825062916907,-0.4654847986764703,0.4013961431840864,-0.26381484307535735,0.5825281239589416,0.4022792307290231,0.5602075784784718
-0.19528283062470816,-0.5552632870875841,-0.45083502942467735,-0.765275127463304,0.44113446215141333,-0.3133509037284708,0.41483866074810305,-0.3979494753936382,-1.0247984853117986,-0.8053098854940223,-0.42649517119402985,0.6712032645185564,0.07946550427532942,-0.8755064426205018,-1.2640552907059144,-0.8499778833784917,0.8015936885112447,1.142206437505074,-0.7924625480681453,0.4376469741057595
-1.3366773835032244,-0.7005815866503775,-2.1390661226944943,2.132567736224197,-1.6084822158125966,0.8718227567510083,-0.8875660061129759,-0.5711142076865471,-1.4124264131613569,-0.5952441044222382,-1.352644313987515,0.9817919294165748,-0.2816290583696184,-1.803652988322421,1.7136238625287807,0.19011961868426808,-2.4910948907755146,0.2039952547611025,-0.4999006052529599,0.47572209531582765
1.6989278547939934,-0.2909376879023859,0.8602069074086978,0.5891563466950813,-0.9675116757387457,-1.2325973114975373,0.0962985324812827,-0.8719415908477111,0.8663520044643531,-0.8220503795896513,-1.343633969895878,-0.5946482471783844,0.3250047587878934,0.2993513093081729,-0.0409387197263855,-0.2140619729040622,-0.6725102031855656,0.6532682293345073,-0.6910697980060556,0.6080136459671399
0.9457622064630263,-0.5333871890819513,-0.37550085293524493,0.851245574700443,-0.13235356523884634,-0.14127990236076335,-0.5672328324805167,-0.6389787798590224,-1.3439170099730005,1.2769418281944285,-1.737516243615299,-0.8182297385076364,-0.6473199195834649,-0.8902132218042929,0.5929852726795332,0.20323402466923196,-0.6732954109772491,-0.19517021159774234,-0.22739836566614527,-0.7766684500289812
-0.44250658794374453,0.19509088055094032,0.6484087741709429,-0.7152112922567732,1.545095137166745,-0.2929853787190882,0.5788856716908461,-0.36465836205258906,-0.20835245137878677,-0.05568123825371904,0.29606210224668034,-0.6228091051632219,-1.4124482596323311,-0.6913044632322723,-0.1781490707197904,0.023687320622188975,-0.04593742552447047,-1.0445218472657662,-0.9434517958703307,-0.11890077506620667
-0.37561920346721034,0.8546655645533516,1.384759390849469,-0.7471204430408512,-1.1036493414804602,-0.33116843414199215,0.15646473420239446,1.80268181534429,1.2178713034707656,-0.13842562926501745,1.3740809452094456,-1.92250111891092,0.7157058008280511,1.689271344111485,-1.602611228947844,-0.07600228670726894,1.2430432114461243,-0.24126262008381744,2.0446531244393307,0.05910814946535445
-0.0035871124127053225,1.1558851161462347,1.1241933213807562,2.239662858310749,-1.2544604652390072,0.5514305399067212,-0.21180917489601256,0.7344408681598916,0.5709052603969149,-0.28597708395512345,0.7289733824395268,-0.17526271681071126,-0.40593360563150604,0.16734903794755698,-0.4568823576103967,0.4868473185959548,-3.0677366111817985,-0.6318237715234719,-0.06626663460711862,1.1358807365132326
1.4437542142252004,-0.35850345996476396,1.3717723757957414,1.6604686849332828,0.6418575252214673,-1.125600229618006,1.3328405054286403,-0.35895298133737374,-0.9708301067701324,0.2530306128560121,0.5982384172129533,-0.12035718201161856,1.0927702620535966,-0.5865032085510336,-0.41398432070801156,-0.8078337196452964,-0.8962501947156009,0.02099967063795746,1.0251717004638314,0.7699502989446864
-1.794676102368231,0.11978177936686325,-1.4236640113627828,-0.752382822148088,-0.10177697748784498,-0.9322392161344057,1.044651501775556,-0.019582148612147344,-0.6117229457386794,1.2206836935299292,1.0566035418309105,2.0090182617845316,2.8007779541835647,0.05889671718702902,-1.2012100906039649,-2.2990086875278983,0.23417321914327566,1.4361305345790272,-1.2049927469047585,-0.40677180015612435
0.38057376353564293,-0.4053382505929717,-0.5740424532319077,-0.5999337566021085,-0.5737541963523395,0.4121759052655529,-0.20954202690865856,-0.446236941579604,-0.30721194811430363,-1.7837238054260562,-0.7171594497745605,0.2672400238250391,-0.13956613340877766,0.46060067664091325,-0.24232208141113648,0.7901177749941942,0.6213136496857808,-0.9935600605554388,-1.4385304817143663,0.5130859293733884
-0.8963802288031893,-1.339224007949715,-1.29442880752937,2.745649594400474,2.1493300513596365,0.256851798819696,-1.0409473774658604,-0.918941910077277,-0.7075343578578389,-0.8263019273883542,0.7825580889283691,-0.725844418706907,-1.301421808429593,-0.6440878023647164,0.600545276050312,-0.08952592116397158,-1.4548577393932478,-1.2407312312040828,0.023042628393036273,0.380238207217251
1.0706756186572806,-0.19401173021711152,0.7614543080975723,-1.646445077006168,1.626002825091049,1.1559373459514846,-0.37512876889164987,1.4105376480586727,0.018895087644397155,-1.4938669242969598,0.7257817982435523,-3.362385815640169,-1.8217336709562808,2.2531045561869427,-0.02565147228336412,2.247167907320075,1.4916171782749055,-1.1829763420889001,1.217007416921263,1.0453552732452744
0.12427540220317007,-1.1271794738643355,0.3432360894181224,-1.1228164874374948,-0.43331774988273336,-0.6641008411926621,0.2822219092983955,0.3234385405233896,0.3904667571604632,0.45125295143336935,-0.24272806772321628,1.0147096225668404,0.2563012363156183,-0.6252076486078072,0.25175619022614804,-1.108986176160855,0.2115394109168014,-0.4592712064410254,-0.3399151092619806,-1.28375370247464
0.4952001442929934,0.9413367839323759,0.4602972251744664,-0.9919151285421607,2.055494200377011,-0.36344366536306816,0.8005660499576192,-1.94863498820006,-1.9496444448378312,0.5899384915858956,-1.8218867508071752,1.0050058378819522,-0.5763349143585129,0.22334798601650652,1.362140359802954,-0.974719335733097,0.6504168912605109,-0.23733409007725656,-2.4723366835968976,0.04423169119743109
0.2745175673022027,0.5751047310136262,0.7133678456794431,-0.5629206228727719,0.9059650759192664,1.3918402312840281,-0.3044798510669497,-0.1667482048984688,0.7190152400383285,0.37088154968323633,0.9511116481137872,-2.853626258698772,-1.3574648808412997,0.632569104662542,0.5644123722641929,0.9594664459638261,-0.7128059605167597,1.8273541103617694,1.7945026079092399,-0.8089318553133737
0.49837932388096956,0.23523780370946254,-1.0063904858282957,-2.193946586571334,0.7459338709544713,0.4995880118501787,0.3596707225050374,-0.6666265728079488,0.7226890385701213,0.9657253177100431,-0.977076169424908,-0.6282652796573456,-0.33395423408183533,0.41286212464243405,0.35725674360835513,0.09112012388868984,1.3655152945221056,1.0486576405238852,0.19043240311752122,-1.9430432571872525
0.2886860424328062,0.4812723591036722,-0.790973992704671,0.3661081774849892,-1.3307868536356329,-1.7095584571619502,2.1249085167882837,-0.134911585871891,0.008394605467058598,0.18429948315162756,0.3003278033075856,2.228869752763227,2.6864008161826836,-1.1496146474146018,-1.1140305542588962,-2.4495851804441577,-1.2291176507585422,-1.4282822089855194,-0.29735104312830185,-0.4509598854015471
-0.4847500663452875,1.1314617203774202,0.8955311302611795,-0.48872175849605665,-0.924190257020395,0.717743738929129,0.32819749926577463,1.6067081452485343,-0.6641139812863599,-0.4440592126768465,-0.08841016219623524,0.46051927311780655,-0.21824189992738807,-1.3216206813611644,0.2640563821589515,1.950855434832329,0.6063770457139146,-0.7516899506632025,-0.5513713258028478,1.5506109530240841
0.4130988799089921,-0.16328808044401394,-1.5451931212615064,0.4991816586871382,-0.9212098698567827,0.8593474202066282,-0.5184927268448354,0.9623259178314292,-0.9134320765215522,0.4259627932583583,0.27294039373532936,-0.7811015700192773,-0.046110799122826916,-1.0365073687523363,-0.15669167034104278,0.7428849995154809,-0.4932719222315211,-1.8471934680205775,0.48061228900916997,0.9655005895696264
-0.18234778765049925,-0.17034940271398863,-0.023873869005443932,0.14109109676933376,-0.046330702778316815,0.2779305750792261,0.17400547423938936,0.08061554106885718,-0.006513091597888163,0.7405026594708801,0.042080582053647474,-0.4789651801182415,-0.3648749071842966,-0.0543872266227778,0.5628191202863764,0.9892285044594773,0.3039494518902985,0.8535563725891558,0.2384111962538473,-0.31107453080340014
-0.32449075879869704,-1.4120694307376163,-1.0767911625250888,1.149690902988093,0.3413996181066993,1.7965607137481172,-2.2886450732660917,0.20593621742362936,0.15596443411762184,-2.2324627177571568,-1.3288922956940616,-0.5931516902753936,-0.8126289050695406,-1.1617477792132613,1.1836101323397483,1.957258950545393,-1.3902332702514812,-2.8178508711997443,0.6980021225468298,1.181928230162088
0.087343212080895,0.7399879131281413,1.4755377025124317,0.3717462201131015,-0.5665010970072866,-0.053798652502795766,0.4202392998124374,-0.30858320757480573,1.0557134123532823,0.7438935379079553,-0.03642321051491661,-0.3910500659209338,0.28799047215055446,2.0912859122245795,1.5802762633079477,0.5215471572334289,1.2205112780984042,-1.64950813220962,-0.6799008011781132,-0.04602888697848786
0.6311532277624547,-1.0554543953893265,0.31030130464227385,-0.1684545232762061,-1.8421165749424424,-1.2924272731931212,-0.12659814524073928,-2.054605483706008,-1.3009570850266348,-0.2084076274592417,-1.9993285239713952,1.580364016177605,-0.35963836938111116,0.4239894018298966,0.6641120120378543,-0.8004342932055826,0.9784685649093706,0.024603016417361175,-1.8915623737437846,1.3099047436467721
-1.0033886155505232,-1.4432826897356383,0.27100919417198865,1.2444268111738612,-1.156713925486848,-0.4366789575871685,-0.6688900035076215,0.20415933510621687,-0.8533108281129842,-1.3893976619555877,-0.016827777886291105,1.991555430220142,-0.5055000605630843,0.7657984382060964,-0.03901388291579755,-0.5391431723833102,-0.5024523836543413,0.21823151543113944,-1.2098962090638519,0.0228489394900736
-1.504138846168341,-0.8684784125865244,-2.06261763822196,-0.7910276203351286,0.25813053243773787,0.5742929519992365,-0.21157771952890048,-0.6971417661742169,0.8827037434239916,0.17548633527840496,-0.19524773785070934,1.3435619292247907,0.8027287988028413,-2.2517194421547364,0.9733160227432327,-0.0828623166011842,0.12128301374022071,-1.1577944605455488,-0.668571179249794,0.17155641961233276
-0.5385061180575325,-1.1152823731305348,0.7916123835506693,1.194164728550313,-0.142786282129569,0.6937719372134304,-1.003355978281257,0.8182396517578824,1.5241126270165812,-1.1042938176335162,1.3452572055611283,0.170850550296604,0.9382185079780865,1.0586787686906145,-1.1694863424530522,-0.07290199369174778,-1.2741494910117412,-0.0894228177876926,0.11383754245506722,1.3024452380354294
-0.22283577682195263,-0.6699572215493727,-2.477324695578314,-1.6907412449117645,-0.2903804203414621,0.11966999831181604,-0.6525831707811497,-0.5797331854786947,-0.1137077363031421,-0.7906389187981404,0.024361531730462464,1.192021793754795,0.352739582594476,-1.7213617394947123,-0.4437675656478709,-0.04136147101417228,0.470082044028126,0.8122884146984518,-0.5134474216110404,-1.3751022464521898
-0.581470288776218,-0.7277371725788667,-0.7365964556240783,-0.7351279746762482,2.991181230146739,0.13562406024806936,-0.09151556304256993,-0.7996699197691423,-1.0362342960620758,-1.0658984669163323,-0.9061653931618675,-0.8018292285161093,-1.0603797053854394,-0.9494054248655982,0.26272785818834504,0.042057906774437666,2.170024999269367,1.1443286901567438,-0.8544155833922996,1.3580307307853496
0.4880570437175991,-0.04274712548922259,-0.3031717208606383,-1.4588170862987961,-0.657155034893743,0.02891063988402972,0.15393892210980295,0.4319294449761631,0.481155402005728,-0.4619045824186194,0.2236132843697415,0.2793069160010886,0.8519316643331225,-1.1373851896070246,-1.0653678523244945,0.23149920548331776,0.7581667374107721,2.2479838221995814,0.36993992001461584,0.4293340129815799
-0.23630552382374745,0.4846904771125781,-0.9236378530497509,-0.3591920385388652,0.7340573350962816,-1.7024741761191284,0.7819559226346862,-0.4952231928854766,0.27976964173397617,-0.35485174293636684,0.6830829010931715,0.22275330163296803,0.195272854291901,-0.1982310230140637,-1.7599463493303755,-1.4497909230739328,0.36998602068134917,-0.8190287933190268,0.1844882185701924,1.275822045445206
-0.23481158605559868,-1.0597769109108452,0.5254151796527939,0.8325110121939451,-0.5784038070575246,0.913584271818396,-0.8862291509969717,2.5742805787524263,2.4048078113943014,-1.2084194244516102,0.8275914183706481,-1.9258599748606384,-0.7040998174479539,1.4162588867020063,0.5954099550996826,1.766414279634866,0.34012368027877254,-0.48753133157570433,1.5362199875661122,-0.3421412056923109
-0.50332650960103,-0.3591089781339424,0.325926214470305,-1.659997145833341,-0.8653643823867895,-0.9939778090676952,1.4932669715127451,-0.8529692831542397,-0.7329023319670587,-0.5936581374599704,-0.16929433309803163,2.3192940471476513,1.1915591687393559,-0.25850829495750455,0.5114929021434418,-1.5225096980615787,1.8485604597779217,0.7487133667617158,-1.9513382220811304,0.3858943494735948
-1.320585815719132,0.558903938163935,0.033187032299961776,0.8905527420599888,0.9379166772600576,1.5892642220078936,-1.2175026466527752,1.0454027126517513,0.9667904356645404,-0.5641507435323029,1.0008497628942166,-0.7848231242759106,0.7499600427141746,-1.4998988686620305,-0.20634809211282673,1.6555154644899899,-0.14954529250797066,0.04814667943051106,1.8993997127811126,0.7778154898768799
0.025750379729661443,-0.39530603786453206,-1.9026865121977805,0.0714817041682536,0.06901567878607713,0.6930505208173177,-0.9923150517282547,1.7278367386598497,0.7506850101413899,0.892276218204014,0.7046014178188575,-0.7262579117619299,0.9903964707126682,-0.24694195524022497,-0.9791289538720406,0.283361411749586,-0.06650211606824295,-1.122764214601044,0.9719436577834731,-1.3815369453577062
-0.14423765840778927,-0.021609456430225275,0.5566110430657358,1.4853233034605056,-1.8785588753347038,-0.0024791710306768153,-0.8111253623979975,-0.01854144365937468,0.2784255294469285,-1.0806699556643493,0.7578668386075587,0.5764752282172327,-0.6628495066348344,0.7432572912444038,-1.9228680707847872,0.37125057974565806,-1.549477793368768,0.5128346426784524,-0.8653507503069313,1.5528926360585504
0.709390465130621,-0.6919251110028071,0.40564883989658157,1.1299313782141567,0.3083686968180418,-0.05324675022341118,-0.8355284640471738,0.18742745806699765,0.18555673349555935,-0.686469865291646,0.036178310667037125,-0.7399814999238694,-0.69908895981625,0.8236854889168095,0.033746004826368664,0.7902913469900493,-1.4540042961345463,0.6299252183371493,0.29291819396552393,-1.1126996007569867
-0.030127647570389483,-0.8590812250666273,0.32890372507320487,-0.1612628633559705,1.0318621174606908,1.9980495802541465,-2.621203373545811,-0.42417954036055755,0.7833593296564162,-0.9795156940623649,0.06178666720882109,-1.789735151825952,-1.5587340641459517,-0.07741512785301297,1.3326057894761683,1.6173740889201638,0.4363662398855633,0.41409846689264934,-0.31994911417081984,-0.20996950557602975
1.3259094805594285,0.4462209654361238,1.7914015395220855,-1.6016397793740782,0.3263813661371615,0.08520801565900706,-0.18361201497628335,0.48013577396047696,-0.5243092688956816,0.04607971255972031,0.23845203262489817,-1.1532470776205277,-1.2403105342449317,0.313402776326126,0.4138225156737496,0.7618616919860196,1.216551108518641,1.2890735593199654,1.2750994994109583,0.557382029577771
-1.1253782532312326,0.11023183751162184,1.167815692841022,1.5987949092122924,-0.13574515617849722,-0.18162289893657188,0.08732807684465657,-0.4735826106521878,0.8626688336358829,0.7819472677321515,-0.6941484878242216,0.318214693288104,0.08441387499490997,0.2120256024647727,-0.14470932823425464,-0.5682467342951462,-1.162980504659095,0.053786355698557456,-0.2336665484568348,-0.13363437605446488
0.41778329363344463,1.2078621923062824,0.48581908390178663,-0.8368248852223843,-0.8909138197185443,0.07201591964317654,0.22505387574554658,-1.0245806109765343,-1.0458679678128506,0.6361651032422161,-1.642793512266945,0.7972595856721895,-0.46080986275499386,1.4844157254783676,1.7596402348488305,-0.5248117269331891,0.9191186253604648,-1.7928588028363603,-0.7976326903555017,-1.0412837102079053
0.23613635346460765,-0.32198214467977143,-0.22790233384045486,1.0758450144663354,0.2816424609786099,0.22052080950292924,0.24442704361674866,-0.6603761063493216,0.5628287785574319,-0.42414311008199823,-0.7433333646136736,0.07202455126411338,-1.5008529713445762,-0.45163680614320134,0.5926706552748199,0.706400012489972,0.24224888896530167,-0.16190773116082646,-0.7615487296877343,0.157126450709577
-0.47375098386119224,0.9215143171156448,-1.7503610386769326,-0.23733600581616074,0.7598529105583511,1.0091773660987604,-1.2110953998654883,1.5086747693149243,-0.8379136266726365,-0.9836716599939028,0.13738884071807775,-0.4821925715406614,0.1297791369243813,-0.3551394598547482,0.18558784953847607,0.5621522432010141,-0.2356222458169691,-0.5349006633562352,-0.3325629745419046,0.1472342347437421
1.480676825435849,1.0826755823147616,-0.41136996090629097,-0.8797636544296525,1.1016598131993098,-0.9622568933204819,0.9999995495553944,0.042629054451601145,-1.485673506944958,1.1634505473465917,-0.12792486145750354,1.1399218683265335,-0.20229284064668113,-0.6783956124609114,0.8280676188027749,-0.26098228769356674,0.049471188254855004,-0.9648107153566596,-0.46998852947156655,-0.3034776576069193
1.6570008153684042,0.5198741363687659,0.22828730024203403,-0.07067245167012594,0.001974687505781323,-1.3522188125585333,1.4057645314859868,-1.2661878440125605,-0.6216520305550648,0.8678591746395038,-0.7585073720658607,0.030081318480035448,0.09907550923087727,1.2225179054641726,2.284700084944672,-0.8676431920880607,-0.43682703375734677,-0.5814594679945072,0.440977802740679,-0.5286511771415098
-0.04123235909694787,0.9352715025059447,-0.011186192485956176,0.42702633671669704,1.141289621686894,-0.7842676063300137,1.244559284411007,0.32227721707964185,-1.7192303866454564,0.034078555928881926,1.7392898447352336,0.9712676616538982,-0.7335687803916208,-0.2990793690293137,-0.37308794944316037,0.1809989934046291,-0.838186218770149,-0.1333872003865237,-0.9091585635396203,-1.1010664877980987
-1.2232907088753515,-0.8066679897514164,-0.48176699536031237,-0.34104482444668915,-1.7955049915077337,-0.3372829131735878,-0.16945923727238926,1.0901358728904513,1.0755136537195162,0.5779159737744091,1.682796032019227,0.25872103333530916,0.9715528845951059,-0.200270832633081,-0.39156082402250153,-0.5132683375085099,-0.7668042758844208,0.986506645837428,2.4181673442289604,0.39571145364899935
0.5569598836372609,0.30798481734524075,-0.5083268567567972,0.42279683529730366,0.5241342294183177,0.9435381384262965,-0.7217233511633746,0.8219753523487991,-1.6395831970838257,0.9993456763211184,0.548804931544035,-2.107329778574907,0.16684473554580795,0.24768989833333893,0.057197836428283015,0.8665756242976329,0.0956955051902419,-1.6704679034589258,0.4788517093091119,-1.2712666318222827
0.7986297537338424,-2.0419596323830276,-0.7966680875803738,-1.3565402604369377,1.244147213731806,0.5626240448464914,-1.687637402204326,-1.353419610197323,0.6500124786193192,-1.9400534546972596,-1.113381137640623,-1.0622151792934476,-1.8829912580025412,0.4592471969858148,1.4561267168730654,0.46044920864878075,-0.1917493462565321,-0.5404534476491576,0.5984804854428294,2.407946410979205
1.0950013606773479,1.6987628197265303,-0.467193332233947,-0.06715732287246866,-2.1799081863523893,0.2818280912683381,1.6993468417310282,0.41791704585697903,0.23045283146499745,0.7215620048172516,-0.01315952349020099,0.5252927871783684,0.9818685032943218,0.2794056388167703,-0.44681871152264585,0.007103943229621163,0.004008838468049898,-0.5878640793375483,0.9019989022459637,-1.7190851901543482
0.5048104070551411,1.1812117094218635,-1.037041856414613,0.5217528696484858,-1.9000950346340448,-0.1329145605475445,0.12538577225060882,-1.3968383077578537,-1.8794239126758763,1.56933319236629,-1.5570120634332434,-0.05839158816128414,1.2089510517956878,1.968152513829025,1.0249744971580232,-0.1331415437334061,-0.3723719078927993,0.9080984726768292,-1.0101458519535842,-1.2396677425713196
0.9099028513509765,-0.17424257938697146,1.064860509288957,0.20609311812079056,-1.0345790689215422,1.518588688135331,-1.2516737260520499,0.1279950786090901,0.019018388063942657,1.3358047725692705,0.09708705191081854,-0.8901329553830148,-0.7203422771319241,-0.11338967286207904,0.245327669048598,1.5143307741602312,-1.3791186282266457,-1.578200991853425,0.22132693087843391,-0.8489846932358127
0.28297820954535474,-0.04124453643855811,1.3660109770592825,-0.49478777367415183,-1.811598471276751,-1.4990253449040127,0.9321260462301495,-2.574107545999573,-3.5017483632743374,-0.6256250015862739,-1.1270732227931568,2.1447381150604325,-0.22412491775431595,0.04500764368777686,2.233612974563406,-0.8215690868500294,0.01804041669331566,-1.6387764682150345,-3.3947651615582783,0.40348522801248315
-0.38745185621244593,0.5621459318172168,-1.5989972476223415,-2.6418436258060023,0.366932352932887,-0.16928667717493218,0.544683263790151,0.7010703900079154,-0.45769251482507445,0.6902075457437507,-0.8863767577601489,0.2621924246429451,-0.8610877416671872,-1.589151705264985,-0.10423266215097726,0.32271970084732615,1.2460898783882262,1.3689662409704684,0.32460232083974505,-0.6619036103017121
0.451602604589173,0.07556808002547763,0.5332084087992486,1.225613020031099,0.38662187753390315,-0.8499543924770486,0.8045262586728201,-0.008315733103505106,-0.45917208771699997,-0.6548779660486618,0.6924790016735087,-0.1297068651130093,0.9816888253134374,-0.32451439001524723,0.21178115871697145,0.037426731723521366,0.027990984673837975,0.19452737974402468,-0.10630783005376905,0.060453847713325265
0.034161612608085305,-0.6533980150763979,2.4903943698545428,0.8949860025427804,-1.4697659298818102,-0.29999429061345,0.08201535577279208,0.8669621406800113,2.5115381473761462,0.6235153669773278,-0.4075594425713447,-0.6179071074627075,1.6104094643838074,2.5067576077961844,-1.2793672669478142,-0.5123571440530669,-0.5563368371173445,0.4590265077480518,2.0676679231738593,-0.7673757061328218
-0.9165049854062639,0.02018553050997948,0.12612793426276947,0.6365780221565519,-0.018915735248823902,0.8644030730614167,-0.5722539057346678,0.7425862752307564,0.7985322240865446,0.30971704782831483,-0.5527455648756204,-0.6199942525359834,0.718308026747168,-0.29342803826653086,-0.027641144392502717,1.3992595962607963,0.4585247817073691,0.5034692774155968,0.7481866680537667,0.208713175552716
-1.9274649316326804,0.7442512130107075,-0.5235431704492683,-0.7272013033878619,1.257889854323715,2.7599048188847957,-1.320977252477848,0.6868315142959467,-1.0300349887081586,-1.0848831399866654,0.9021086779994572,-0.12059073469066607,-0.39780071664741895,-0.93569162472017,-0.059558963161696184,1.2417427918945512,1.0628918470946727,-0.006958588527553326,-1.597141632934247,1.2107069999840583
2.0636056099005384,0.28649815414507074,2.370141861039002,0.8432230939313319,-1.6659060119455984,0.16097701652140367,0.5503179344113591,0.5459861925213136,-0.7440660932653537,-0.9578539715367169,1.0726235063984286,-0.44095423653482335,-0.8720993268115511,1.9468448286817546,0.2821131974708523,1.2476828784155807,-1.7141937165286074,0.6595843116543348,-0.502355333980326,0.45479173680259277
-0.5085286785363387,0.20150873857281112,-0.9550433627995075,-0.02133518967804411,-0.15365569406838098,0.6789089156908195,-1.1207672730653142,0.7259413170736256,-0.6371633821677863,-1.0066443041013993,1.0820016328720088,-0.8082138383036304,0.2743926361806372,1.4321006329027226,-1.3289173727551808,1.0233108418073553,0.5453320769580277,-0.1931322064967314,0.24280399814032622,1.0089589347170553
-0.1625707851476939,-0.10527777541192464,0.9884288914078269,0.9854107981957001,-0.0113575022312837,0.053766210154208544,0.223483481803173,-0.22879063603232294,-0.9223192211986384,-1.4335957234037322,0.08380860637009875,1.0945193350951248,-0.049518841590754634,-0.6944910082351027,1.1368900693210435,-0.7350881952475209,-1.1543999763298496,-1.1779935101991805,0.39169306069806076,1.413234386432553
-0.8738187388218724,-0.5195838657956834,0.677167793073776,2.555820645246429,-1.3180044973067766,1.1135386032957162,-0.6624863618227856,0.6126992064789284,-0.3664946562003597,0.6046866745285099,-0.04413349764854979,-0.6395952607806169,-0.644762783034575,1.3725775724719318,-0.48233413884235443,0.7574345857429503,-1.698140647970356,-0.5982916077282558,0.05702611544062644,1.2507271526766721
0.7615784482025394,2.257815977582148,0.5978951006473451,-0.563662266546449,-0.9480094804368364,0.5883877418340723,0.3625062609409878,2.1759707650156024,-0.4744919121137432,1.4655600461104652,2.442613451920713,-0.5430589380963196,0.583341383017208,0.5208382549498836,-1.002817533799508,0.9524973890429451,1.1379634514006738,1.1431450882744283,1.8459597270577839,-1.2857046982923046
-0.035361458951806056,0.9596934965800242,0.3125133891262061,-0.38361373119082715,-0.8566045514190033,0.6267505386587938,0.3947338049180163,-0.22477068843400302,-0.507462592229085,1.454978366964024,-1.6287857529280758,0.03769635029114338,0.3499076208916513,0.23033523234959322,1.5984592167477283,0.6766811814101035,-0.31309440022732127,0.22422500094413214,1.2246796799871227,-0.3713102891221962
-1.4714266459226977,-0.41190483984798154,-0.429049920562322,0.045469425086967975,-2.212474375675234,-0.7245883386624297,0.3441690947701951,-2.206161052202391,0.7439470408344201,0.2835985970274026,-1.8334369852719015,1.286959781866755,-0.10708418132779388,-1.4015185736023197,1.4411888217660498,-1.509204751427332,-0.23879107504824293,-0.7764061864731788,0.9549858426563981,0.4531805718833632
-0.8472580996971458,-0.21787318953829846,-0.22702073824721355,-0.5112850222710873,2.053319682859313,0.37707682639758594,0.6559354177259704,0.977299637576515,-0.2818065244878991,-0.9399803628726894,1.577295685280425,0.07905592482495671,0.18787097189894417,-2.032957104333413,-1.332556672845876,0.43679700152008544,1.1378633041867063,1.9095123036878634,0.8328081012998549,1.9963352646862131
-0.36164274125314305,0.9350752628602321,1.0581957801037112,-1.5225647070976083,-0.9249805293235088,-0.01770681651325649,0.5687309252336626,0.35911939786862945,0.3212962743469879,1.0900311088504526,0.5888869589409982,0.0662741696744046,1.275408373534198,0.9020252089638582,-0.941119649457875,-0.4200916959496472,1.1470664911306103,-1.494924567616474,0.633061399183617,-0.006514266512968597
0.5439097783850458,-1.2319411770755615,0.12157490875036356,-0.6643536133457147,-0.23591582055840934,0.5405845666631864,-1.311903172477545,-1.4472354749445964,-2.2752918922099368,-2.0313033046350997,-1.1070690410149002,0.24585981158302067,-2.068508841966571,-1.0376961268261056,1.2632973847499909,0.37654708269156784,1.0975248781117783,1.5184541465024204,-0.6209208012349846,0.010222110655050682
1.3080993461764892,-1.0168989222321234,-2.073319934178794,-0.6335346049249052,-0.02046908624778681,-0.3306942235599607,0.03884716900950987,0.3146339769555189,0.41196017949373265,-0.6093832554480201,0.7426852208269361,-0.006743674547963891,-0.9374888068776173,-1.164117979087684,0.5492185302401272,0.4053885075923914,0.49507888822643825,0.1598379784828028,0.6298521037965601,0.27808966157643983
-0.628979756418962,-1.0679599486012585,0.6900030112711759,-0.932255441229749,2.169737666062133,-0.20277284028558573,-0.7835020043611963,0.6557333307886885,0.4167043885953743,-0.5294573619409936,-0.24315854035158935,-0.46614611305189974,0.48970911180044524,-1.6317590913944044,-0.18141496692168235,-0.24341476781538526,-0.31954514042946075,-0.6608705826668031,0.4404854358911615,1.1451631933272508
-0.5862548321527803,-1.6892468807891043,0.5474994262951469,-0.10602718656483479,-0.16969538059255596,0.24758409710814874,-0.8163965834121362,0.8647774296525979,1.9791405766650154,-0.6922113250758869,0.875661815501151,-0.1502251289655715,0.7160534273462493,1.088186784814551,-2.0890375259437963,-0.7424131669928472,1.2282088080320055,1.389074220115757,1.1702275508611957,0.8887848844121943
-0.5529943573697804,-0.7333814545878514,-0.2404934198857669,0.09103764430791075,-0.6988546162752671,0.14239635761963196,-0.6211150386536569,-0.5552227041794834,0.3248073472770828,-0.6488602403206216,-0.13693104103520864,0.5468705592930216,-0.31714227187348637,-0.5335520680287693,-0.5805782954490072,-0.42179388122874856,0.4452648064179052,-0.3407956312314187,0.40450696618950926,0.31737712076197383
0.35383981031140604,-1.9374688203400439,-1.6596480102302031,-0.7654316699805742,0.9181812285452734,-0.7790676804684405,0.009775798035994524,1.3199946957825455,-0.3960496757236212,-1.3895164890710308,1.0598977297168337,-0.2809057890053273,0.7367381236099513,-0.21306280607734226,-0.500157341392985,-0.17005165208653042,0.6254020780256949,0.10408645320442333,0.4282678070154687,0.47225787830748844
1.0849766018938996,-1.5820372138407919,1.3522917495984117,0.7348873980637172,-0.5393246150749307,1.303361207626614,-1.1501497976630828,-0.20000522012863658,-0.23486939682708124,-0.2559680032916579,-0.6578045373632576,-0.6753388706339806,-2.0502997478128773,0.38566938671469464,1.3510762001616479,1.8854838969784182,-0.8601280131724062,-1.3428892937455132,0.5486480714108616,0.13784083473705191
1.0299079469752477,0.9401842766483621,-0.6504676093116063,-1.8470977836010571,0.8545893568060681,-0.04771072733237319,0.8820969905287025,2.1347085359386804,2.06713982095595,-0.011026274030975685,1.7101023834355924,-0.8318947172409283,1.0869320839293632,-0.8724887946449912,-2.125871986894628,0.5715171952163537,0.5082569091080197,-0.24024286927325458,2.449758968689685,1.4324339390033984
-0.9101886856801151,0.9011455040492545,-0.9664179946824677,-2.0493825590458874,0.5798609031154734,-0.1765211999863385,-0.14269498281968357,0.5442125268003349,1.6832562710148526,-0.5689325423997517,1.3235006429937461,-0.37278110715446394,0.9422046788329838,-0.009115944573254731,-2.1166018132007793,-1.0010488530374804,1.477674599018397,1.7576102134865694,0.7519033779227116,1.9920635751281335
0.4594892221217116,0.13293799990200542,-1.0428559866843188,-0.28844936711222846,0.5210163486324632,0.10093362597438077,-0.3046834222519172,1.2807619422085657,0.2869886506043098,0.20910292871004638,-0.4768406619047499,-1.3336394679534724,-0.09089602587749092,0.2449811093539106,-0.2668634650594771,0.9364041205301519,-0.2914119815548986,-0.5934822123128277,0.06993972651138478,0.4716319245412306
-1.6774468100668387,-0.5402603670775432,0.7636859625111848,0.032676972453887294,1.4034261029798394,1.8748429578654278,-1.2350543388461355,-0.6955644291494627,0.964078298788516,-1.2279271676473287,-0.6440984164257929,-1.628492920092038,-0.5620837915060684,1.0322759528126333,1.3815767468304512,0.9108580405893266,-0.5404593142343829,1.8231589856319854,0.2760422146973768,1.5461341841181795
0.06791184172806208,0.7712729665683729,-0.7315598451928894,-0.07274426750987836,-0.011629869141633116,-0.2900768884094911,0.22134704691487114,-0.7560967072579271,-0.46594213906177884,0.6449940767822518,-0.5595880902960375,1.2625037281717737,-0.7129575939539041,1.6727071815242438,0.7580491259293153,-0.3992573344462685,0.2871656388652634,0.6708386604213096,-1.5967712862201395,-0.16933934556895358
-2.238203411962466,0.14202951139543568,0.5769508400508323,1.159199686828417,-0.10684908575957533,1.671691897371833,-1.7011053527700324,-0.49627160618343014,0.5450751816513254,-0.986258417346884,0.3035865517938205,-0.7651013006443588,-1.7951638592557908,1.045228093199199,0.779739720977126,1.3495098994904784,-1.4887639577527612,0.6488935676572193,0.07912843716035325,0.4398275485924434
0.928095025883163,-1.1178278695354233,-0.22425214084358322,-0.8051343846162966,-0.8373219252895153,-1.5333435302673937,0.25227587018160536,-0.9731105935256267,-0.6787061949151975,-1.0607640620576313,0.573099087581322,0.7447038638965621,0.11726072178945288,-0.20282581391559454,0.05018482115242075,-1.108912841736397,0.6926741068898598,0.5991075046057303,-1.8555117511511021,0.8989391639567512
0.21874276271147813,-1.164145757557641,0.04924864700832259,1.1937002158165917,0.8842389189180504,0.5771153506366266,-0.9944600634300524,-0.31103433798006197,0.23025720941240796,-0.04247279654661319,-0.1102973007372897,-0.8647976241562241,-0.8617115579575179,-0.20926386345697043,0.38100138866359773,-0.12150815488089879,-1.1025163832277405,-0.5362762447888663,1.5211115331306584,-0.6181266743242574
1.202080108590162,0.864080353854492,0.5141147486440811,-1.0103333446359357,1.5424096669602807,-0.672336352793694,-0.48352485115285926,0.9093851828835262,-1.7127948987187571,1.162854894645349,0.7756111254747545,-0.1927514987489452,0.5793717845420082,-1.2380795824667692,-1.2014647210973635,-0.2987611400250168,-0.5758697122720217,1.0971608288749148,0.7204978402818434,0.32474071531205445
-0.3085620528729457,-0.25349095887128714,-0.9325285778039571,0.28504072126604485,1.0191278945517057,0.3472275538659549,-1.1488275660345482,0.9601352563210587,0.8860607115018824,0.7332550645871111,0.06300613100095159,1.3729163598858356,0.13489137537641246,-1.2711888940884237,-0.6783165342326734,0.2606730262590399,-0.7486064685493662,-0.7148433378869062,-1.1562425096112245,-0.9855030661717973
-1.0816223224757195,0.15939519561774373,0.4541357074820164,-0.935725861349481,0.33652964013357517,-0.7378684490402556,1.11139349635579,-0.42066619617884166,1.7039916637777255,0.9378854955207264,0.13160432704998828,-0.1969226451427123,0.8307275043725709,0.9747261046294015,-1.116849952013432,-1.2100779342748518,-1.2242465358743801,-0.09067369332924148,1.2249036475960353,-1.809341860354505
-0.8095490075325067,1.1496311974943312,0.5393187615651774,-0.37401836802705746,0.8309982251992102,0.6644570063040506,0.3754368261220839,0.36884007057129864,-0.3093725134015049,1.3793871311999613,0.47232711541746825,0.06337194551908935,1.07029916322474,0.04243891160223712,-0.53655044569109,-0.008148207730380259,0.003494775758047392,-0.8997308356948841,-0.22809171454469873,-1.0024447588278982
-2.636674392929413,-0.22879152764778277,-0.5755267640412162,-0.9895791020064096,0.18194871417635652,1.1091229553607387,-0.7294485208731881,0.45007053704053557,0.09516033093413583,-0.5206550136327317,1.595329435459836,-0.27807875430117224,0.09550929082617644,-0.8954450920113785,0.6692259540895944,0.0402606570239721,1.0840484091552123,0.05882252543918345,1.2329307022461073,-0.67320098354274
0.06981010409548535,-0.14301191304292182,-1.573880150416785,1.6343085028151698,-1.4749120529130533,-2.0153215829832494,2.2628356182372658,-0.33634870270541506,0.4440115132372842,1.7294930906623545,1.2709413222832777,1.6290547713528818,1.2369784309460665,-1.3159369936041125,-1.9730633071748338,-2.5222816912423016,-1.5480799533288687,2.2391467670248124,0.11944471509559423,-0.0809805997016997
1.3443837794765459,-0.05612055633533601,0.033431378432542895,-0.0019111686384087718,0.36231077789549393,-1.1523432582970088,1.0596671184956332,-0.7467082669314907,-2.2458728603685385,-0.2854139714073029,-0.34443850508182455,0.8579613158153948,0.031985462914266204,0.4004256524461502,-0.6148814211930541,-1.282556929973485,0.33851013947289604,0.9766724898848743,-0.5230617174408205,2.4484724047227995
-0.7390351440973708,-1.1068990993141028,-0.3174288693564008,-2.1327052120244705,0.4560234859918822,0.9873931513921254,-1.3512736606565803,-0.25345935732816255,-0.6820179796478848,-0.5842531774647638,0.20179408239411606,-0.34640499203727065,-0.002216944941669193,0.9901039020055665,-0.07504625540732224,0.3283121097444299,1.411615840371888,-0.11138689071564807,-1.1992084829242387,-0.7794368584593764
1.0828563802305717,0.7346370090741062,-0.5695754620103048,0.891105334627991,-0.13072950998662164,-0.4415509027800057,0.9905937960847193,1.847272623109573,0.7692703798945001,-0.3160439947750695,0.9834026204248818,-1.2955044805141336,0.30279844833054437,-0.4716760660954262,-0.6685946322467058,1.0621668060871026,-1.5585223102884969,-1.3406805831066106,2.926091312263414,0.4376791746867186
0.3057528214417104,0.9210596769912804,-0.25587154438372794,-1.2654581815218757,0.11972233037543309,-0.7210237631552177,0.7936105750525883,-0.6817919002586881,0.5196421546294689,-0.21043314784421274,-1.046905390768479,0.6849804046161624,0.9573120042500959,-1.004667385626602,-0.4045319454713812,-0.9716638010182193,2.362432854144274,1.1307407330909858,0.3462010634838691,-0.32211119204337724
-1.0018642657044814,1.150607832496937,0.49629578612009734,0.8794813412510097,1.1287870118555643,1.4234866492240508,-1.2078814761135648,1.4799117740860521,0.611164000659954,0.2542220712067149,1.4098690254640731,0.6965122861924385,0.3798876127541057,-1.3285267457550614,0.019754157957780866,1.1731785770869376,0.2535906766806368,-0.7199402434447052,-0.1872479988254577,-0.15289965589211182
0.9109842643189694,1.8164732597473083,-0.2625021428855793,0.4716889603111772,0.5427038034750867,-0.5725171527987245,2.0592429632589373,1.9658162163947226,0.7520802799209456,0.507245903819487,1.1039191065969074,-0.6466697195799309,1.7956904829731384,1.5837169301753282,-1.2270199539050168,0.3979421203108088,0.2405681807584998,0.6205927856357714,-0.1306706616064671,-1.0707788719574027
-0.09742040002390032,2.5030932337837033,1.8047698867037236,-1.0088764305764768,-0.16440589260769037,1.0707580773431167,0.5622590965006834,0.6118392503350704,-0.7354985677958178,2.5683913436310717,0.22166963275235857,-0.7487481128116462,-0.8781766303006935,0.1774073142326081,0.2602718705024385,0.4977727788779209,0.9379052885901926,-1.148152248651479,-0.330791658086993,-2.367795045416429
-1.7540566454832107,-0.14783821444383702,-0.5404446990796009,0.939112689344598,-0.5465115637134871,1.1702055901841113,-1.2469898905138124,2.8767110777158917,0.915242432780398,-1.001921579186843,1.9882789604595839,-0.7249670338916948,0.9430699430833527,-0.19412582681028048,-1.4310200434880085,0.8872190466269713,-1.0560670377802648,-0.04919558841389802,1.2024431512654767,1.081161366009974
1.050155117310417,0.5745937170896074,-1.0347230328087234,1.2116931585848072,0.03977087461962939,0.21872123816414188,-1.169213694036176,-0.8968904976341712,-0.1418281337345536,-1.5939289811595907,-1.2952600654352473,0.09084451790398604,-0.19757331435551914,-0.7689911224916541,1.4604301095446606,0.5388458549321049,-0.9100032853341813,-0.29690883360683595,-0.7745451517616356,0.7906945874263658
2.1806538986536057,1.1060761371362162,-0.5612667540349678,0.06159263348535121,-0.4907443055824569,-1.3451521314703465,0.9505955447985351,-0.866323075964521,-1.131385830439478,0.506634654732749,-0.4488188332122012,1.7183461830323488,-1.0088597546507725,-0.458214651612111,1.0287122206431227,-0.49402949400903856,-0.01282710413572336,-0.1823556685285446,-0.6807428585257563,-0.21038365670227174
0.5131645159154501,0.46371417610115545,-0.9566858905781493,0.2284880590978273,-0.2932237450071576,0.9292198593863122,-0.7678469454825175,-0.6027300219193836,0.36952596833701906,0.007635424683251898,-0.13083082170505653,0.3036174731440401,-0.24584971814878473,-1.411884182814933,0.6579869417175184,0.6274952146208841,0.52663965998393,0.27143797229681876,0.17999114416928286,-1.7304201971439126
0.16587686788940287,1.1035705937117883,0.9203990253731034,-0.981175160441349,-1.5609584957671185,-0.10878057934739077,0.3229653686613182,0.56254363055662,0.0649494666215959,0.6675904450629082,-0.6046100879494896,0.5775441310499764,0.33796910514772993,0.6762437646702665,0.20021197000176846,0.12557838274899774,0.9697046643178142,2.816454531360488,0.6275918579128013,-2.0343710393279406
0.49984447851210423,0.8977194509415852,1.5694645084161165,-0.44038577954349767,0.1781749136738459,0.06470416519791464,0.5547247058888302,-1.0063453795190742,2.072750038220643,-0.932973501759468,-0.11443655292307307,-0.751728163134562,-0.5233552216846573,3.1150548306656476,1.6704284587833307,-0.7891185341476442,0.4164491009298948,0.854169338818519,0.5884103320365512,2.1152261331831
0.21365769936597925,-1.5063353540014872,-0.2958383855113591,0.9192104660335382,0.5753918275132436,1.180503510750638,-1.6166066385642845,0.012221048010360325,-1.4153765760150638,-1.2952230096325945,-1.067511731148987,-0.736134364765356,-0.1957013758948564,0.4606731191730896,0.44888529367962227,1.4032942168786096,0.02275356717600289,0.21580358066195762,-0.1064938392150459,-0.21830250745396235
0.48139468046098755,-0.1490233004738081,-1.2197551248197378,-1.2586237279141321,-0.5873721930605865,-0.48205930148236775,0.3987088564238546,1.906498302889785,0.6725107491512142,-0.6838535634567658,0.7407695784611364,1.062601019903249,2.300983610609522,-0.6589164630519033,-1.1758747239584308,-0.7092843996221707,1.5806046466286112,-0.2901824577546342,0.3768528575090536,0.4330108151372987
-0.8042130062153193,-1.8787471963275402,0.9364379735502738,-0.979297813762354,0.01570700077050318,-0.16851600018539023,-0.7951825641688294,-0.773929209356432,0.7400877305608247,-1.708220314196117,-0.6312536352505611,-1.1661291697421958,-0.7722502994839379,1.9318033035664237,-0.5200383511801788,-0.2051075519186536,0.12225532152927386,0.13639476949014162,1.0826610251289128,0.4497702070381614
-0.1736284244195953,-1.8241146180198322,-1.478396794653832,-0.13429157973871308,-0.29917676827350564,1.1950657186939158,-1.8740029450563922,-1.6035408487974787,-0.34311375596539,-1.6528142977075277,-0.26521592970182245,1.2091439891583056,-1.1336300371571488,-1.7148335826526455,1.2607122633709194,0.6876340159542521,-0.5240915550248453,1.3409758036556358,-1.6604833887912316,0.5018623080116663
-0.17022474793377607,-0.7639131559181921,-0.04144342490022729,-1.853713575700012,0.8207684039516557,0.2757405129257023,-0.6892249510507422,0.11350797945748184,0.5045692334168909,-1.5945911379714774,0.8915775230192479,-1.2857410006755645,-1.2869357093556013,-0.15681687285455367,0.8321412331791328,0.5930174406704203,1.1733766858758583,-0.20259186375723784,-0.4050701031195919,-0.0215434780473674
0.4481652825415834,-1.147560598238605,-0.26644662722514434,0.7020325442401047,1.1079726539336918,0.7537737598666197,-0.46779246907107286,-1.3840151008945265,-0.36988337626426643,-0.6190766924059531,-2.303181232049501,-2.16115344802755,-1.3293308757364524,1.108178751699274,2.411124442366546,1.03548133515048,0.8429812097671868,2.7121879422824406,0.14134367521878483,0.2120500216925424
-1.8597366735790901,0.40743102509366846,0.018624146910965776,0.32754383064359255,1.2813443877907125,1.1072253863350316,-0.9494559526581912,0.2517394624806894,0.9468117216220199,0.5657987225334897,-0.583511002284289,-1.4862826008936803,0.27574776141055085,0.6427336138415763,0.7746759401520451,0.2836048647478382,1.611468839429043,-0.7238288259577599,1.4107184775383292,-0.9457709067806775
-0.2975557097729184,-0.15880801222090465,1.471053627240362,0.6114635682634408,-0.8651844888150186,-0.023724068360962216,-0.5287793649055657,0.19915801697794117,-0.24495453866294153,1.0195522482140185,0.4525971961395593,1.036618595539317,1.286102563213251,0.6453344880492156,-1.3048951605489025,-0.7491465424366731,0.10983787020266149,-0.4606958551604227,-0.17196629191926954,-0.54129314574615
0.9874331368718218,0.9271252001897042,-0.6504842452329211,-1.5752062376503226,0.472627052132716,0.8318692156510827,0.08115947715996144,0.6608682280124847,-0.5936289391235233,0.1926640103606382,0.5125164260020939,-1.099625470160553,0.9958772039828307,0.35966541438010563,0.03362498684318159,0.09085022780648506,1.4579481912625025,-0.07067348032104433,1.572718340172689,0.22769215804905102
1.0551639591343023,-0.37961852589802025,-0.4285548644714308,-0.7114489382108286,0.6696623418133469,-1.9754663694288046,2.0065593570896216,-0.5289705940488034,0.665995510803777,-0.5887403489768106,-0.44252373125907735,-0.007404307560824097,1.496489987105682,0.48709373057572175,-0.5080981607630737,-1.6901339683323007,-0.015130783879505358,0.4945475816637414,0.272121424116543,0.518874027076642
-0.17374235286021839,0.19189025676869897,1.2178767133188881,0.40506183777191734,-0.06766597643256192,-2.913991137896868,2.6133666835484886,-2.424738565503282,0.8175489680124663,0.29773463931418825,-1.1221099493913604,1.1245841394746816,0.38001362068258693,-0.43472054987911496,-0.05354047390611663,-2.5393919959856244,0.19229234939638207,1.6234203806124563,-0.2630641235714225,-1.0925270359171388
0.6426203620901166,-0.5537796779656534,2.551750396197045,1.7011220611244091,-1.2081448996762456,0.2561134696604717,0.1493447693242451,-0.39939386289698575,-0.7537682525019025,0.460759195828134,0.5427153188002272,-0.7254948318697667,1.0675062267944704,1.7774809025498215,0.18571323033617304,0.32719684295972984,-2.3681450148308123,0.7173964789757582,-0.582852322979454,-0.6492661620890876
-0.049951867324658984,-0.5073881090349915,0.5975988351522366,0.6206776750775165,0.03601958290134014,-1.0025905878161279,0.4738492813149471,-0.5409456172122026,-0.7719370490206608,0.07248161985632902,0.08811527277733093,0.3047306757953733,-0.6180830422644612,0.5477715338548755,0.05755386008525492,-1.2435706748199367,0.466664120756146,2.169421827882532,-0.2990646357060022,-0.7176299262832323
0.6495955209696912,1.159022933805987,0.38656045098392267,0.25254683948810225,0.7391066902726914,1.2812427034915843,-0.16993134305727237,-0.22021431147650658,0.02310500408196037,1.477512810869209,1.1875894346125648,-0.5614708610066954,-1.2196399160229456,0.42920710000387835,0.1706267527818989,1.2808785755192071,-0.6452947981647762,0.2424481154101643,0.6541715392196406,-3.141270125979361
-0.044757220825360426,-0.03810539363157479,1.0179785728267574,-0.25785316007708897,-0.4673193792903025,0.039841489066949856,0.5189886875114987,-0.8744770587236803,0.3783665311900096,0.8239640285869473,-1.3746069605832651,0.17672902850079092,0.36206352369407496,0.6711727723215394,1.7862766865384563,0.004929731103794053,-0.0027586266665855837,1.24676095484703,-0.7446488177508267,-0.47716907596798536
1.8660721514203704,1.442279068522095,0.025023212451623953,0.4247659246411303,-0.5649049627877277,-0.902514207476194,1.680176621456106,0.028754526294199948,0.9910061453853534,0.06775589132856692,-0.23796661252438903,0.38455333216711074,1.4110178478579818,-0.12336086041750237,-0.22365238374670043,-0.6960033138891094,-1.1259186161754993,-1.700490243266829,2.2639075508624704,0.4823243910193411
-0.36580029180730045,1.3185246678307605,-0.5946602819253091,-0.03804326879663239,0.057743960187159944,0.4570609335600433,0.07166822262635371,0.722078493097093,1.1516804820574402,-0.8082315328380718,0.6417631107165386,-0.10014342036079239,-0.3957405276001304,-0.3753736801594333,-0.5515835665824622,0.5970440114411226,-0.6991701652393978,-0.575569709736949,1.891906822912893,-0.1996334408441367
0.2543331665433868,-0.06381342274521488,-0.8592469563138327,1.1163268077265713,-0.8560806988777989,0.6101140628173465,-0.4822490288553898,-0.9608283554898227,-0.2593713874405427,0.4461092940669402,-1.2435986880458927,0.6329420135290371,-0.8007755664028603,0.1346112433034816,0.9727048731433567,0.47690484574576053,-0.5454550534846339,-0.8552980128966688,-0.5424851284778754,-0.5680656671072568
-0.702788307834959,0.16247051963545886,-0.733058841995052,-1.829532355887565,0.5583440668434904,-0.9029555008304917,0.6947574612473566,-0.22127916035808062,0.4036297057277692,0.509384520025694,0.8729135979399822,0.37171401379689856,0.6360032546851391,-1.2550140726867598,-0.28940067670985603,-0.7316509468126704,1.8101298795236975,2.133516338011254,-0.5749447175743589,0.7106320948266301
-0.6624463063094851,-0.5214833662041587,0.5266108194091476,-1.1984403985009844,0.7266015358087199,0.4095678155525031,-0.08838104489816356,0.8189054915650286,0.45549327022389474,-0.14824565775380882,0.39413048820056695,-1.7504867776858066,-0.1653765515191281,0.6786330139056861,-0.14139893535177933,0.46841431748718204,1.2699330453980395,-0.4536123469716211,0.19689753889687597,-0.19573160149713223
-0.8884046021174639,-1.2731776685599878,1.0072870894361117,-0.6030862570702271,-0.9344728406009307,-0.3955135635162693,-0.7588482568311777,-0.5119572345644174,-0.13972809330244504,-0.8912882965191581,-1.103631214286321,0.9450159995044183,0.07630739245827263,0.07921205297512328,0.15962185414401356,-0.39715337363523423,-0.5859941049739718,-1.1361511115815626,-0.20008862907234384,-0.9161308341074212
3.0557309287682477,-0.057788068298372665,-0.890624134723487,1.1217376508944092,0.2489903153073083,-0.5473601563528746,0.19664789373189315,0.44564813478391097,0.6483351158996753,-0.4128838302391526,1.064850755242818,0.27133247190961407,-1.309851344912537,0.2844340969514473,-0.04595307694137973,0.4005460967623291,-1.0373650388510016,-0.26515817967965505,-0.7833643432714894,0.16135149213359684
1.0122792693722618,1.7253539174623649,0.12381763441140299,-1.0111822550457312,-2.844642362804266,0.34339553646219567,1.6525897368096907,-0.947047254429703,0.5578342285554254,1.4329724754350424,-0.3111416727113127,0.5939305916152117,-0.9048012210893599,-0.14205058069303642,1.4966398305113822,1.0647020260748548,0.07526602419112789,-0.47250174320804683,-0.3967072450610534,1.4931734332516435
-1.2375425062800642,0.3719820056225132,0.17044897559047578,0.7059553859419688,0.5676904057351458,1.9697599035084083,-1.8607354039262363,0.0894383305631384,0.6143715885557656,0.03079657239942981,-0.3711965306616612,-2.462399741728282,-0.5224625425405369,1.4325273062757455,0.727726185400999,1.53475837100987,0.12548686738831902,-1.6177296227001134,0.9745699175523538,0.20808111818589764
0.39566845002726425,-1.13149365957718,-0.8079352095835598,-0.4860045545311378,0.3224009629678524,0.25456844153415786,-0.8207636769554645,0.2859093826177378,0.4151048324580427,-0.39510334463401764,0.18016023938917047,-1.0524060318410702,0.03124213804043859,0.037544710089105746,0.47040633057451486,0.5288622738866963,1.0943677910031746,0.12705545023025874,0.9670778159011286,-0.5528537088653841
-1.6971160218356114,0.20892969771327946,-0.700948200204008,0.9370040873783559,-0.0032482810501539183,1.913242698325045,-2.0484687756902784,0.9990167415500872,0.7786727029091601,0.6827040891978146,-0.5788574128834006,-0.8191153047275416,-1.1896731579259328,-0.60551726033247,0.5961863133184255,1.2653606312000072,-2.0174915604456953,0.7055757130326294,1.9722960495063635,0.09211871729916504
0.1838817171214018,-0.7421658825268329,-1.7260472141306935,-0.8141045297763623,-0.08860367978382788,-0.6401402489236525,0.6168339813506427,0.44251037866372334,-0.22209841830112037,-0.18378156215471914,-0.38029994149805213,0.2365274358844726,0.5224998717008996,-0.8382347848748185,0.3046102498758755,-0.10422072051888562,0.15318223311069526,-0.7332924982902952,0.9029426770710486,0.3486256074100691
-0.4943475755724321,1.0133029014602655,-0.22048420761419188,-0.42375684425382204,-0.2832757793618606,-0.04460494682101969,0.7382536601525946,-0.27257111988950555,-0.9870925565650156,0.6621940749233564,-0.2202325318206323,1.373135083941975,1.2714219860756937,-0.3202739880421747,0.4477201522813573,-0.41164070002963715,0.8888592757312423,-0.07064023765772727,-0.7250950705247321,-0.2476591117757897
-1.713321026385493,0.5089087564350488,1.1129953302544253,-2.6070138542713623,0.487685347523484,0.4046295502746508,-0.7818470712448851,-0.5289529036706301,0.13641194650544985,-0.6103179409063497,0.6127677428535075,-0.576244779511815,-0.21520463118394806,0.9629953279826363,1.0327407858538533,0.626364325846382,1.7810472803611068,0.4251199358841576,0.11412962136088389,0.5776108811078657
0.3274744207515296,-0.44932075762649143,-0.5108022098160118,0.05056957621370208,1.1913987259383247,-1.3232043287542934,0.41963843820368585,-0.2674503940462504,-2.3032198014125966,0.27065816388646785,-1.34546353224449,0.6807475834595598,0.11792572524752185,0.46778842222058614,0.25218515796064905,-0.9450420065481097,-0.33777753501906815,-0.016575110912524338,-1.2354782651838132,0.4343723813127525
-0.21931946181731854,-2.3351657326143602,0.8907862462101437,0.9436326910189973,-0.5119288404253635,-0.268852856101421,-0.06465612220163437,0.020039724829283317,0.18453319334328047,-2.4632695503154465,0.32074208389035297,0.15158855762838633,-0.03096394739182389,-0.7935324021831955,0.2335342744436974,0.26193436348314336,-0.24950451470655266,0.9608881377572496,0.2679823253956446,1.0893141650330744
0.3353225068758609,-1.6096845143774459,1.285806014532272,-0.6827506179375723,-0.285564130526753,0.7025307924560344,-1.7501081709177875,1.1625899860658595,0.8233576489508635,-1.2450428330504566,0.9654334624397388,-1.0574436235253366,0.11393604491124362,-0.030576714808569282,-0.9870490207489968,1.0029065835022672,1.914928561423328,-0.9266114597787333,0.8463475491146286,1.000381445586922
-0.42303554125072645,-0.5732300073778197,-0.8166788594601391,-0.315020326955028,-0.18553432388315141,-0.9067828197196625,-0.49464346131915604,-0.36249585105612103,0.8779142325504675,-2.1179661259378535,-0.5053578216247416,0.129321796475393,0.7873662832837386,0.5549271461318055,0.3507220493081781,-0.8325664713458537,0.7368990420574146,0.28535243625280293,-0.40856562082061443,1.7072360591313391
-1.9378183179101205,-0.9483612465490754,1.56255480892925,0.561112849117344,1.5056022075972595,0.9500934164440713,-0.7236089046809416,0.2793931496537246,-0.5940121948435617,0.6331192800043458,0.2096394769517812,-1.8696741151172251,-1.0545134200645006,2.5627547317165913,-0.18302435563527844,-0.10299930546630034,-2.193965889876796,-0.10026642868157946,0.21570444140891723,-0.44161415658464076
-1.0207737405840953,-0.15786501855894863,0.8478686801307985,-0.6725025592282796,-0.22565841396151753,0.8622319502325048,-2.247909216347867,0.6414454091086573,0.11114909761941931,0.6107254279462019,1.0396071357861145,0.6260386172220184,0.1812206166528497,0.2819966842009291,0.06951977385675236,-0.2604485499545751,0.8734803052037298,-0.010018234799744192,-0.12046473332561879,-0.047192634569281335
0.2017238721568795,-1.37511912554299,0.6045866289234146,0.10249093745944947,0.3614875653908829,-1.206647787380998,0.2009864567135827,0.43689610077137675,-0.5943081721982875,0.6513803689562863,1.7831667681450039,0.3162507444712938,0.6568792292792349,1.3706892074435506,-1.7630050386573168,-1.1344107350897776,0.8568225197443514,0.8399581809926283,0.26926583323141606,0.009533620627676823
1.3076362827508121,-0.02718198860025413,0.27762177616016837,-0.10738444848902069,0.3399870865733782,-0.6589268467416125,0.6110326604074882,-2.0939088607317884,-0.5572448584231374,-0.5336834982890902,-1.1069116096650433,0.9024967044196418,-0.8476153223629331,1.4889006913576315,1.902855583931355,-0.0013298977686656973,-0.2823343892703434,-0.21411221975884212,-1.340490734685688,-0.9309505398139892
0.6161315116498937,1.2303249859828211,0.9292689331650948,0.8278714681457372,0.31571738550695316,-2.2320721055525157,2.0770245106401624,-2.2306229738775483,-0.41689975378754507,0.979877534798508,-2.4170495616534384,1.3114871777460846,-0.5831193449310199,0.6963990227961127,1.9564585228915894,-1.4429024652922278,-1.2206262297480004,-0.21093405165291992,-0.9074612272850324,0.9156121339749674
0.5868022213760868,-0.27321348201933326,-1.0288186079922603,0.4260146828747302,0.714724610037101,-0.8520195014731083,0.9590702363958633,0.7188701731997791,1.0103254095137715,2.750883260024784,1.4908242500608766,0.5535340774942994,0.583086314217293,-1.7630852988250663,-0.989143341266882,-0.23733405967958876,-0.356970116722912,0.3195859619165445,0.12201381569245431,-2.4205089303760143
1.4039833947548213,-1.440161908025111,1.0645749318675224,0.017619316473232612,-1.0842290752462338,-0.3893952292893551,-1.1211109255409573,-0.638672082862475,-0.361672532826527,-0.8791814828832164,-0.0023927056834182826,0.8259661099529135,-1.1258621929485502,-0.5911680932906667,0.5211403620897954,0.2793261670155642,1.6687960404001283,0.26657245820739606,-0.2812813099916894,-0.535493074096018
0.3108472380850152,0.15019042121477416,-0.9666071502260783,1.4653399709302664,-1.2508126094716705,0.43267741853444974,-0.18844332299292574,1.567128035642055,0.7051434665634413,0.9476697271071907,2.585616045822359,-0.7080213460976819,0.18123732200936324,-1.1002635677303725,-0.6932717433546187,0.7245795436455009,-0.38891679645679555,-1.2277645057823208,1.8453543941330781,-1.1724599667748048
1.2162427240731257,0.06951103683163695,-0.23658962396982683,0.19230754637750958,-0.25407018344466564,-1.2208981440662547,0.1912543081818806,-0.49906339397675487,-0.07776134956194672,1.0795629036538752,-0.10666210299946355,-0.37847536985574437,0.40411658212694096,0.5454201919511631,0.17468383828839834,-0.507629455166916,0.03310012881626162,0.4615656157275939,-0.47175191189976234,-0.033926447517377285
-0.8028474513530262,0.13039979329005436,-1.1312731437274857,0.33253763545733156,-1.6942253620159733,1.1965974384744866,-1.0568382391139173,2.5203120236513517,0.9876043847980265,0.21306987992620713,0.7616802077410685,-0.27535944976405635,0.3465660207334897,-1.0493030562109842,-0.787190841386865,1.5229338017757126,-0.5127672755901997,-0.28419665562915025,1.9646223978996835,0.8328109553526175
-0.9945867895219462,0.3109342693603237,0.4268917859086433,-0.8436598133722468,-1.371552344808936,-1.3570099977929817,1.3537004912488702,-1.3079725062648302,0.6979462804470657,-0.5436800015110911,-0.6730663598878129,0.5045338627760905,0.7455649782886421,1.049449108835626,-0.5047324943269991,-2.162896417052497,0.12906316683843927,0.9035459963795239,0.8229862834852947,0.06997954393458553
1.3261739619141593,-1.0639382586164117,0.15766066631493267,0.9998139956951778,0.16224142067876954,-0.5005834194129614,-1.0103173831050427,-1.754132226509813,0.8886802948385828,-0.3181130055369138,-2.3185931515367404,1.0047007779280506,-0.6289509112905572,0.16382611800359392,1.7382480738732227,-0.11658346224443532,-0.5341275306738265,0.6990733217398248,-1.4327420928119963,1.1463730268350059
-0.7224627441501412,0.5818889318166399,-0.6178731282847818,1.0976384192699788,0.6027669325057802,0.06157886639421178,0.7797384107317802,0.2830090288952235,1.5634036562741944,0.29265202689771547,1.5083531955544784,0.16619651776939157,-0.7476228007060697,-0.3979688072502722,-0.9329762027436262,-0.16904443115337123,-1.5506588455281836,0.8566392521512022,0.3055086515199973,-1.476019500256609
-1.0404507659014137,2.358387541673676,-1.7223659111815357,-0.885424100643878,-0.13309274763396567,0.43951140299152397,0.4811157613597376,0.7524558377169203,-0.259348156367809,0.8911653375555187,0.7171682751810811,-0.21291210686667708,-0.7525932323542673,-1.0060898291372087,0.759670094806518,0.5130766823132406,0.21342537026975297,-0.3510621259764157,1.2817318321234679,-0.8755557418124564
-0.059861821323376994,-1.6468780430361094,-0.21875311700150804,0.3122674676518659,1.0898560976332283,-1.2725465733085928,0.5698989628319064,-0.47314642665106116,-1.1828070848466883,-1.4964212900275067,-0.049025766382569114,0.9489849211999385,1.6023984756586265,0.7468945176232219,-1.1224734728921495,-1.6560099601836704,-0.5448845691203799,-0.09111410311399763,-0.7137432701082725,1.6998565062964401
-0.027057995587061623,1.9189346465161043,-1.024966772400211,-1.3057325384064737,0.4361698372274709,-0.4991907027123618,1.4727205343574208,-1.002700778586969,-0.8373549648911788,1.6669175532429856,1.274667317205393,0.4653268765437917,0.715813941416161,-0.5631069952605363,-0.7308418896373687,-1.7609289749942594,1.0140413002649038,2.5391193528232616,0.3771929521071485,0.38668090598032806
-0.7489335226143486,-2.054771484441144,-0.19835023648464328,0.8110741283835591,0.07502776541650476,1.433604061339954,-2.491420212020227,0.4360054503596131,0.1333552319505274,-2.054275589497023,-0.254087635537558,-2.317796910386837,0.5645095855807031,0.5190185195738786,0.07524587979669002,1.0168892192408885,1.214231957961961,1.0333412221913798,0.5065745997054064,1.375893279145228
0.22913712441157943,-0.4106752773107112,-0.5840228637614203,-1.6571734100771005,2.0507909321538618,-1.3237616298982,1.4564089152104658,-0.7990255656901963,-0.7253037168208302,0.9351514922756249,-0.8597492316440504,0.8314650986283731,1.5916947453226888,0.23758068437938185,-2.1454237510043006,-1.839266954220338,1.574922565454321,-0.474377515224083,-1.712941031295886,-1.4889663374471362
-0.20281038041022073,-0.28434953287919684,1.9118107527960926,-1.4249788846665925,1.9699720488121186,0.5815508276882366,-0.9908760365660532,0.884805847065628,1.0470470103028566,-0.1761415599650341,0.9013017190458528,-0.2514702659500659,-0.2589197663738048,0.8678238596879193,-0.957042834763227,0.10870696590447264,1.394005323948925,0.9535939309126567,1.2181569180132579,-1.1751397768106895
-1.5685180347640122,-0.21425558366785835,0.7656898487882716,-0.6295761727632784,0.5505911126447658,0.7550246362003138,-0.2730541648793824,0.6170900998279414,1.834390179282212,-0.04236774115116008,0.5465451025649481,-0.06328187172076744,0.3012640028933965,-0.06854060553909322,0.027090038433822235,-0.0690844269930631,0.6947406401272167,-0.5736019557337846,0.9344224178055532,-0.1375849212298777
-1.7529715935477002,1.0572209074604813,-0.2478347662277375,1.0453617749563275,1.6576738378167777,1.6612941949550568,-0.8681105769400045,0.2595935017800248,-1.1111447836099553,-0.04852771155944373,-0.18454665610043133,-0.6110336499879913,0.6539512743086818,-0.0933973582458604,0.15113287897512953,0.13751986069371153,-0.9237538694038127,0.471525623082444,0.7715248724645146,1.008949227554794
-2.873835711644881,1.1197279598831664,0.7607410150365811,1.062606080225184,-0.5908382663293235,0.28554473837621014,-0.15801173084517364,-1.2980486099260367,0.3871209182251125,1.418806439143012,-1.5269747159030158,1.1673251573627452,1.020042389268891,-0.5018468200803147,0.4595098609492974,-0.5982434193510989,-1.498851079144248,-1.4368753272944088,-1.442866691279043,-0.19852933602654174
0.0686925980043353,-0.505719036150409,-1.0663659043484144,-0.11103096847888667,0.10859094136695269,0.13465438167879087,-0.9709674882754747,0.6402173320242711,-0.7710770667813671,-1.3441853263724008,0.06961047712920258,0.6442491514497698,-0.4320561831146371,-1.4879526078323848,0.7353163277436167,0.04914966851291176,-0.31119329963630593,1.3513491230332983,1.1107283970989892,0.7135377270223683
0.6699875266549382,0.903929121617675,-0.42064775281369793,-0.07861155018852513,-0.9544300984924733,-0.6295537111683088,1.0487657149290868,-1.8708591290148062,-2.021633756179782,1.0507228300099063,-1.252967858896013,1.3026859318094821,-0.9652396985614096,-1.1349224271378753,1.0126554692016567,-0.08265758650752204,0.053137464909237715,-0.29445402087777894,-0.0736615587351328,-0.292666405646756
0.06347987399603149,-0.6123699323788183,-1.6045477554158492,-0.005683495128794303,0.243745439464855,-1.132483494532881,0.3891804153635085,-1.7513806310017836,0.6188824960864505,0.0672694439250406,0.17909978907123633,0.6537172397959278,-0.46681043597606436,-0.7303897219707405,0.6968699876828037,-1.7916207147281917,-0.05922285771458569,-1.2758659255782077,-0.3705617783307349,-0.7664736567070448
-0.16421489198150208,-1.2911956542479377,-0.19042692425822697,-0.1911906156979612,-0.11719074287191536,0.11994072238259108,0.5713560901172556,-0.022004171171070317,0.6144466249409862,-2.0865226934944867,-0.0595845497552149,-0.9286365153394995,-0.4537734142119493,2.3565519250000424,0.5033895198453725,-0.29198496208253927,0.1400665475148321,2.2567683256668114,0.7233144027255729,0.4519526839815145
-1.7578834046813316,-0.5677383079011011,0.5252135972657926,-0.4555158376166893,1.7739609766126436,-0.19716792593684224,-1.6118569755716654,-0.2963228117000436,1.1502648397331559,-0.27828751607714286,0.7083937944452879,-0.30868084164677345,1.1274029229465212,0.3013549357274421,-0.22940775486736129,-1.102278500034829,0.8695424522235189,0.4488943148014264,-0.06260802437614148,-0.8147278138952239
-0.10043582055449153,0.8213193977102007,1.115745224708271,-0.11109302591681854,-0.7790561788912607,-1.240214325366298,1.2092418881199918,-1.3077576568543106,-0.1680279098874935,0.6463775821787037,-0.16817491240038868,0.9611972043461481,0.7334828909498672,0.3770628374613865,-0.5692266268128545,-1.6733726703355625,-0.4302655462302001,-1.755827319737276,0.02690322620561409,0.1466107336759225
-1.7983621844606847,0.8088948971132287,-0.22118776700861348,0.06475738921343716,-1.120021437096927,1.3578403957732426,-0.924752870619033,-0.11559226890111479,0.9748646528307962,-0.42951368360260916,-1.2038665071347892,-1.2859128257108214,-0.3219828016234379,0.629459546532613,0.8085553028188377,0.8492017757682446,0.04631305105064195,0.8590435731332406,0.668756293403305,-0.1908780747591944
0.7071110890768445,-0.3701905513222832,-0.3514206632378879,-0.8158486325477512,1.7681338087269474,-0.6600413558549412,1.3557815817877714,-0.5903672513460457,0.8929315913039655,0.3359886863213223,-0.4637196614432268,0.08642982906651697,1.122974133142805,-0.9376788048570028,0.6299711879852816,-1.1445492699348465,0.5676487020090226,-0.9959152593718006,1.0055865140193194,0.21906244256672622
0.3468795754579022,-1.2666908507057972,-0.6857992716957894,-0.8256364655797923,-1.8744426065713136,-0.5964703592810982,-0.27637671079059645,-0.03688054021616615,-0.6611118360648112,-0.10074606913000528,1.761907393110012,2.4322761093982495,2.1163114704252997,-0.40082293923924045,-0.8324129265888431,-1.6454105850987053,0.9659576193757043,-0.7351193112174547,0.13656618284734168,0.2830127828988602
1.668259804266185,-1.703505818985567,0.1080767333945654,-0.5327341007841495,0.48722030928589044,0.6086513893105646,-0.298859282565159,-0.4710085268504298,-0.6536526627778922,-0.31940674502357647,0.34441061019088903,-0.44944383888287753,-1.9246926518348821,0.4718746774159847,0.200391890555239,0.20684899096821818,-0.11702848549221094,1.042504202951767,0.5353229324845219,-0.5323324652299823
-2.007994272220369,-0.21162721503943727,-0.9157329745664762,1.0110918814689882,-2.0685928789013754,-1.141151344937086,1.0050032562330393,-0.4088741550082507,-0.6669878071130503,0.3124370037221311,0.4795547415484849,1.849390613351202,1.0212133523604279,-1.0389433861230395,-0.5792296717534174,-0.7597844929769865,-1.0213418157835907,-0.41952016444519846,-0.7369020014801324,-0.9745803083094468
0.4140915497562932,0.9246909233722046,-0.5617008329450478,0.16873591934570942,0.3668038294827652,0.009540492113763878,0.5148630350967857,1.267123894724837,-0.12676028274677484,-1.2111876146124219,-0.7390565310300473,0.09680632920145579,0.7852861360316036,1.388045399838483,-0.45820764551067056,0.29664930967573766,-0.24728165799952873,1.031386224201997,-0.025760105175370137,1.0480786747557365
-1.415744447684157,-0.6638962617231219,0.9955584711301895,-0.7708764329117694,-0.7677497481232133,1.802281950186829,-1.3917044453690173,-1.9344459853320968,-1.1099966594144888,-1.4796721043979328,-2.640246345738875,-0.22749967836209478,-1.9414704523991457,1.306857981693075,2.9711346079599235,1.0403553966871357,0.7257580706016401,1.1907052738123134,-2.344828830582465,0.37869326704334233
0.31334429740616915,2.599007202399485,-1.8933841386932584,-1.3076626397150242,0.13918944984536613,0.836684288495649,1.1894439970355744,1.1288956327817903,1.086608800699353,2.6793583530427307,0.18324099327817112,-1.0612171994305537,0.6492456734275001,-0.30913617382463954,-0.6290011327000888,0.9932735550842059,1.4128125720361857,-0.6774040279441238,1.5478663149836762,-2.412303623495645
-2.290150868902213,-0.2358328100860169,0.29611079946290175,0.47094269106984427,0.018343026756513735,2.61159299157074,-1.5230968159498837,1.5987250669728237,-1.2545101672910843,-1.4090276874102192,0.8592965850717674,-2.111125431214331,-0.8864410534549534,0.7798265756004877,-0.3476054445100982,2.0688880179610543,-0.2966731950207473,1.5414309975014728,-1.1481850796840547,2.074199262430926
0.8368137826729055,-0.14446890384292177,-0.033339609743263804,1.3346937347791492,-1.3020335111908983,-0.6682278926203541,-0.3750655989834405,-0.4164859126901392,0.2239217494342798,-0.1640371716947359,-0.5133851699292759,0.7596813839805289,-0.6957272986028448,-0.2706617307737652,0.5911121332743952,0.23770412678182593,-0.5650558588449331,-1.2591033907552696,-1.5528834253777337,0.39079194243338317
1.1288146534916383,0.1575340945722782,-0.08744907723583424,-0.42801480401263453,-0.5041476768394265,0.8110107975209163,-0.8848904439112432,1.2317455505818777,1.4564754103415294,0.13033981988844512,0.5895797926503293,-0.5292546486096665,-0.6730284847075584,-0.39545591765307075,0.24687014951074976,0.9848821356523237,-0.2526245439246625,-0.32917987348193634,0.008602286635955518,-0.13305701375061302
-2.163896224897323,0.5693016761440338,0.02351143545035421,-0.7691805510239783,-1.101019898578577,1.925183873420265,-0.860151006954457,1.3956786080321486,0.9098549610043655,1.4302533709734442,1.0036758900398566,-1.1137456900917324,-0.22953656909882267,0.5705537938691527,0.8381743825985086,1.5468532853803378,0.7518734857408921,1.249578748550798,1.396691850495178,-2.645114931418875
-0.20592422647857753,-1.8600116452761055,0.3014023924054118,2.0924635996996255,-0.8831027399078519,-0.1568620293149097,-1.4177594962645728,-1.3981494783564683,-0.25062630162646526,0.09212968665969423,-1.1699033730827078,0.7210642939044439,-0.18372618153752718,0.2738017191947991,1.607568428235044,-0.2642377647631161,-1.269572945702677,-2.5780730751686485,-1.4541054297754081,-0.709627656450462
0.2113292157366861,0.7668096802326406,-1.5061454888425188,1.474782206654787,0.2743921533451567,-0.7533717080776885,0.7117847738793016,-0.1345428501642244,0.23002125997421802,-0.12747188947993596,0.07091882598292923,0.0882950031402074,0.9145205710099645,-0.4401140144655677,0.9900754835043434,-0.3582196461755122,-0.39824186928766303,-0.0736920327561916,0.07587211660090946,0.00840879663752991
-0.2071476210628528,-0.8280847985897002,1.2285229264866302,0.14392128185413375,-0.7130887260805098,0.6166691428150233,-0.4887808054974231,-0.8299042870651235,0.22651841842502635,-0.5378810994707212,-0.4732846514865278,0.1855481518344696,-0.7203695285133965,0.5869946673507673,0.3219971249877107,0.1763287936716003,0.5884385875360159,-1.701725137874466,-0.6906101797196555,0.41754894545366433
-0.7276560716674727,0.427082723342692,0.27979666696908223,0.7479430885553784,-0.4052301389095363,0.42106206615209374,0.029492630652526355,-0.46902838295924165,-1.925202276640745,-0.34523523465529343,0.3113870948241583,0.0767261887988559,-0.05943201827421076,-0.1705425087470513,-0.4898100773277857,-0.28679583700159494,-1.0485013105952257,-1.8605789748857022,-0.9647011027884028,-0.7098344079758124
2.3575671979947384,-0.8088639999297168,0.7864517502848197,2.9538042319484408,-2.3292006611923037,0.424644095019567,-0.16541105689915406,-1.1380104994114868,-1.4166716050511978,-0.35803414110488313,-1.0304798145951333,0.016427150189970027,-0.5366706638805042,1.5301187106776963,0.6166129722166687,1.46201984436634,-2.8955329114643487,-1.6082032281271685,-1.5664431127846579,0.40084521005256846
-0.5061092020934791,-1.0382348701490245,-0.10478531085913509,0.5230205142529769,-0.5559670774636772,0.34906836924850215,-1.5354193013903852,0.7754377573680962,0.23742449637394628,-0.21794742152044322,0.883414659994185,0.046750535136108176,0.5663764101666106,-0.5508969765349996,-0.5421388500110905,0.6558349452560466,-2.5981712620971664,-1.3338909429464725,-0.3935385631863397,-1.3871303016627206
-1.0737207540671143,0.27944922907694497,0.37668082829358535,0.7034697483850891,0.11294955024038883,-0.14898289240057044,0.03608595656480158,0.34432231199130997,-0.11387670371406955,-0.14582951846136877,0.6501707553608156,-0.8555746248456196,-0.524581511979764,-0.7233965794407471,-0.9476566379898057,0.5855579239605001,-0.041812022375162794,0.036180229833310665,0.18099790778858207,-0.9001577553718466
0.08595675299284997,-1.220269050896669,0.19387395645301816,-0.055887923606455676,0.1587279095619794,-0.8843645380223943,-0.5480965535499297,-1.0832021437669292,-0.757604307058257,0.3201701595928504,-0.18015706426183697,0.766443483851324,0.9326205488046235,0.10843875437875343,-0.44808843114642494,-1.4469356683870134,0.3640900324618293,0.4852419808474764,-1.362424941539757,0.38252138359922117
-1.549319937070536,1.420495869025458,-0.7339843586465091,3.4494529984211777,-0.2991133982329699,-0.1365025308287263,1.3983274499304585,0.5001811400442226,-1.0493463853018645,0.9581766929251194,-0.41050432108187734,0.6797868687011794,0.5208275021776545,-0.8748396410348508,-1.3709418297282276,-0.7822808885388367,-2.2828979025932963,0.381664730539893,-1.0374852249430853,0.6953987277576127
-0.5866806539691155,0.4664556258549023,0.599708616141723,-0.022451169356439805,0.8068224379958262,-0.30901507937802647,0.05183632001659767,-0.01472678002055289,-1.5615926138844598,-0.9772223434786564,0.14103864878127365,1.0765654650891523,-0.2590300777468444,-1.0616162702503185,-0.5014477230622212,-0.493181598850363,-0.1450135472620502,0.2589324398769136,-0.9893235157317163,0.6411479117521068
1.573476784706655,0.06865368269230684,2.4974052716195057,-0.09673463413172208,-1.8612132705139697,-0.5637274751933996,0.04586514331225645,1.4609460480959944,0.2399603320429281,-0.22314841183738512,0.6147333571964151,0.18317328762606838,0.8314999942635071,1.7446757706235267,-2.1779623710708456,0.45618775056274713,0.32692017819015146,-0.9660507066140875,0.11832840661785451,0.23260988687341178
0.8404527752621604,1.338058807588707,-1.2854849585542034,0.14572834339102067,-0.034289260116869565,-2.098040973041401,1.5106476634839,-0.7357183770076988,0.02444896444745434,-1.0316711396037372,-0.13061029550798883,1.3566379006961236,1.7513563564654744,-1.3394931165196216,0.513518799786111,-1.8537725498106958,-0.4898137726875071,-1.1352693383600874,-0.8416847928982484,1.2489492856501496
2.0875580680689603,-0.705941622982396,0.18183698329561862,0.28631355938701625,0.363556974196768,-3.2305457541565494,1.2630848208685603,-1.6615711133129774,-0.7420001801244972,-0.2562345011207682,-0.6483569086528169,1.6245724210121997,1.974601716825278,0.05969717189006498,1.0418581351973193,-2.479431701185737,-0.5611374181656945,1.6199164781681763,-1.9758577203606704,0.2997148242020435
0.5094536042176917,-1.185996418246907,-1.8626520792625059,-0.7159595912090193,-0.9642249022693316,1.0889260039629385,-1.8164814439229813,0.3161069972881796,-0.8808875168527676,-0.2235391447616172,0.0096817276267467,-0.051362645947340885,-1.1883347931441874,-1.457182040973888,-0.6723757835244087,0.8505289068943047,0.21422063573967196,0.18691689475381942,1.717958887980403,0.4279071907046874
-1.2157165195171395,0.36666593477407305,1.6874490102424902,-0.4312987010287071,0.015750931429346735,0.9337297963060635,-0.777072452003999,-0.4708938880983291,1.2678527949500296,0.6432285066892689,0.015960668871222175,-0.9530813460648644,-1.2280778549585194,1.3075979529958373,1.07320282708398,0.007838043344475434,0.4366265158196704,0.2644792712057955,1.1259312557754677,-0.8375506299651189
-0.04181396682149844,-0.8108593597173827,-0.41049107031366705,1.1712476435624752,1.639046806967586,-0.21412188145303696,-0.09879317833919847,-1.1592139280960496,1.4053329189041264,-0.9076535788365455,-1.8290646913059487,-0.7436166922764336,-0.3526025720032497,-0.1447205402552683,0.8218208474494638,0.15935502872442425,-0.6250839304354124,-1.717511530444903,0.2587302862386913,0.8360120681363044
-0.07492497655760362,-1.696507140978098,0.5105289136408901,0.05823194018111888,0.47598535608864645,0.061399488430413346,-0.0038439126697769493,0.7530403725081654,1.6022176303237543,-0.5407441844967232,0.42020219782978263,-0.5111371520351065,0.7267158345068124,-1.1006712785975288,0.09568912858357977,-0.6228994131740688,0.6701046097603731,0.9221349831663268,2.6326823501442984,1.2036178194977565
-0.1543947504066403,2.173246582565978,1.5785418667875344,0.13352575644630796,1.1596135277009951,-1.524458878360098,2.841576513838377,-0.6776783159359072,0.6144357174679698,1.3131159045129979,-1.3438092299708144,-0.8198201993340987,-0.9161232897282063,2.0553419316933623,1.6431919796274468,-1.2434761227219997,-0.8307570393601431,-0.8154850823789465,-0.20769500893924747,-1.1066214586417116
-0.49995699553924106,0.5633753640962829,1.1448586467308712,-1.40731355803242,1.0094951264216483,1.392661623404868,-0.24193656357431206,0.47186565961959187,0.38343718493958245,-0.8526440327778597,0.025238215043114822,-0.9084955843399732,-0.4487447475893525,0.7676671248199473,0.18793458590216713,1.146210996034523,0.7886724132838214,-0.3936995272910168,-0.5289983941248685,0.8392046353212955
-0.38053178765510837,0.06493952256178494,-1.059897857400674,-0.3087091548688723,-0.8447040762888548,0.5149801984820126,0.641462741268856,1.4701522351255318,-0.13056069855098051,-0.3869993222965348,2.196317622679976,-0.43989639091351324,1.097870118598614,-1.0162502855330977,-1.8717240456496689,1.1824760816579558,0.015473159504087532,-1.4402002390938269,0.17688541817435185,1.1240473321541036
-1.170226768421383,0.35093030172930356,0.8326731105811156,0.40885666505965507,-0.11847837537814256,-0.08681229877016008,0.025674210171685925,0.7287047525544392,1.1804318942535783,-0.44305560015818607,-0.6068947762629245,-0.8347608237817327,-0.3161792002575446,0.2905788289846141,0.4256966434067635,0.26295767711232615,-0.9344226757054362,0.41236486380577647,0.547373495403737,0.742081890703732
1.5799366410903912,-0.19037430717797052,-1.3981816708955837,0.3768038806490441,0.07080822003113403,-1.2103700481156086,1.3804319974001602,0.7566684505874552,1.9267715907412317,-0.8467391080841072,1.686073887104425,0.27440969910157076,0.40229032077032817,-1.639440021956697,-1.8506639249816441,-1.1874102302013911,0.397447231189754,0.6479668485959934,0.9406403004261508,0.3121702238111729
0.33127506403108026,0.7911137545191643,-0.6090803802262328,-0.7083733034850294,-1.105671818990166,0.20497312496728787,1.3608916316272415,1.168298204943504,-0.9360618692397614,0.13163920780681249,-0.20579391561509153,0.5511160582409048,0.4648568701596549,0.8231943111628345,-0.7590203152124454,0.5392662395757598,1.3713669297333149,-0.6244589903838327,-0.8161521821239973,0.4854944718673658
0.30600665856962767,-1.4421838666395603,0.23340842321847433,0.12018342603080631,0.5331948831075298,-1.3760833883005965,1.405293426960408,-0.6682635287437919,-0.36109367023948397,0.05279825444359941,-0.3169609628000009,0.5639613833308385,1.7275151101284145,1.5883369082007988,-0.6125340922993885,-1.517698777348583,0.24007606752590493,-1.0834189975433806,-1.529873231640788,0.036867947454687064
-0.27119389825800294,-0.8950653440889493,1.095629259550766,0.06922142967398445,-0.29349804480854397,0.48934099055466773,-1.0402073358647805,1.9830044356634202,0.2375675284607661,0.8733469106284423,2.4214214261943887,-0.6919106044895226,0.8186108143526675,1.0854699960673435,-1.5967763839931528,0.6178970800460492,-1.6273494999868519,0.2491008615330881,1.1884585582538836,-1.5470238042070872
0.9661008929739636,0.5397327145460179,0.18547622088622664,-0.8442339041995093,1.1562541943770097,-0.7150919655856797,1.4972117293841622,0.7876092328580478,-0.35751191126466453,1.3180012567290786,-0.32436926497929824,-0.7001983605160288,-0.8840949194039381,0.7018643600937827,0.52932245676117,0.23379882192916884,0.8691327922099734,0.5493136352139305,-0.5035642178352375,-1.7247497113961372
0.6355427450714869,1.2734832372952818,0.2570053291591504,0.09163860594378144,-0.6618439717593048,-0.09816914380171252,-0.031731192692246474,-0.3125278338614624,-0.407732246647647,1.0567842498866713,1.272852619216706,0.5348025193882665,1.0029929317979303,0.4909901843795474,-0.2891153467028019,-0.255030622295199,-0.5902944768892733,-0.7791244569848093,-1.0740772265901473,-0.9761770542061324
0.8734277946919661,-0.6602534548065132,0.30155778141110523,1.1675390809189863,0.6693933583265391,-0.21244046793160634,-0.15434320928712245,1.399177156160631,0.264159063351443,-2.1645943433227903,0.14679382669833407,0.2507856841642443,1.6914059270763626,0.851241046985518,-0.814271210200179,-0.2694597847538143,-0.7855891126115115,-1.485496466990546,0.1472292033020462,0.2548164381074444
-0.13268159565139326,-1.5575997696062096,2.021753775460912,0.3597515606071649,0.4352631673931546,-1.3509031674545726,-0.18243670077734783,0.8932440006693307,-0.48909990013120935,-0.3122318559865495,-0.12989080102040224,-0.4242222992212056,1.5821210146188394,0.5914924783157303,-1.094814779541512,-1.360374278974582,0.018494846268448273,0.8518120643861017,0.8011221958160744,1.1294622392222102
-0.49735066500548725,-0.6947408216557752,-0.9291137265153551,0.17952487050865082,-0.5909080489521444,0.35226292985034013,-0.04258135548284597,-0.09036521487202812,-0.26881772390199377,-1.3492761691488098,-0.08248470913523769,0.8232195777806482,-0.8786969793206981,-0.9416058780448436,1.296767463814959,0.793705012362498,-0.6123409036585435,0.9333414884210174,-1.714214360125476,0.7023678694969446
-0.8280584627580323,0.8132042487196559,0.7376560433496864,-1.302063209483641,-3.0563732891244655,-0.07756101642963249,0.012196768793950874,-0.4554333753890105,-0.4610484234250364,0.43807927872521496,-0.5475408738411548,1.0683682705800834,-1.2148372911355352,0.7381520325594415,1.2287833470047016,-0.05841318762427829,1.6388410630347228,1.3439647065741585,0.18532317169751011,-0.694298803860054
0.8134141211480209,0.29344093738657007,0.13227741490580336,0.311274759442355,-0.2929261752220296,-0.8065550156068418,0.3187947282787103,0.7442695183096973,-0.6709036855581353,-1.3456350010358087,0.28327176237504487,0.025807708542588008,0.622625116356619,-0.6543609494768999,0.4872102525454901,-0.007665864084057426,-0.3159709205291366,-0.5331381568836552,0.03458398561782213,0.12634891991311142
0.4896226684447733,0.8262228655569284,-0.11342418778006083,-1.3461860418445177,1.1359561598379482,0.31259835281888376,-0.04382870509742085,0.13040838597759258,0.285275024986213,0.698763886878162,-0.7029342243684042,-0.6846092090115202,-1.0535762912113058,0.300333744968861,-0.48707785321608094,0.4571109253940784,0.9281514890252546,-1.5266462931205458,0.8772784174986422,0.590332614413129
-0.606677348420308,0.4902820234625701,0.2744617544780945,-1.2616497073960915,0.26768479834062986,0.8429183954800519,-0.23329323263907292,0.8509854158854933,0.11881858791918984,-1.2490639653959557,-0.37456656726398757,-0.26471651273889996,-0.9896059141670681,-1.0348718782782842,0.19105741077930732,0.9935182318693923,0.5683150043176823,0.6024796388651109,0.17414386962304132,1.4015508175644502
1.606654549959696,0.58443104448935,0.051946928210166596,-1.145542608096594,-1.737288417113889,-0.509724753511044,1.4433524330872964,-0.3658269040264869,-3.2928368744307934,-0.16199749872888092,0.5360646282543501,0.6810290028658018,0.45420801440762276,0.3235657499459799,-1.2082786505919512,-0.24330887909015245,0.41584648065012436,-0.034651961518318466,-1.3681219258603081,-0.6363005258751603
0.22614705870549742,-1.3016501120798616,0.16850156885021686,1.109120168695675,-0.5034152623544708,0.4116394929701836,-0.6695344417815421,-0.6777627352621144,-0.1681149330564941,-0.2896476723301219,-1.0404090251507347,0.05299061486994546,-1.0762907000800486,-1.1080816054319969,1.1805238862262395,0.9353052024790153,-0.21906276989189535,2.620353189993364,-0.5191197068452478,0.42894161929089586
1.9502051651360865,0.7665715626946673,1.4236829587825675,0.025259959981605063,0.48463742671239796,0.11242770690581709,-0.1089346050645198,0.09658640334851587,0.6977415752399831,0.21451559663196382,-0.2059194462420022,-1.222510297045896,-0.9731273764445497,0.9031723582426858,-0.7996890788502928,1.248988901601187,-1.696405326168892,0.30562769487673597,-0.13651628804537147,0.7078069148791739
0.8219654883295515,-0.7857625271954509,0.42205499726463547,1.4207877303716123,-0.7741028229638701,-2.061527814555192,1.305562731001237,-1.4892525468323756,0.026802586407873422,0.5545253279256994,-1.2844632466347026,1.3597838625342742,0.05003760901639561,0.506886576758893,1.5712129751941288,-1.6141552273521864,-0.6117881379434639,0.7506944856261223,-1.2751855424555123,-0.396746112721336
0.3832248735536592,-0.21433518237100588,-0.9848612053464644,0.41427294614807325,-0.38813038371136704,0.5701934696006986,0.15103494227801445,0.3464999169456162,1.2932606311330417,0.23431047120781914,-0.06762141099083054,0.20436328952469682,-0.3944473814634024,-1.1284459557292272,0.20118768741694992,0.6150793399294313,-1.122981071354768,-1.5690494644115625,0.22284146209282493,-0.30160827792761996
-0.9883354855627702,-0.3874953461464232,0.1033075652234766,-0.5709282428291657,-1.1368671620175528,1.2647881083743489,-0.5914105297766772,0.22886535245738815,-0.1896631460890048,1.6055782921419932,-0.1726110421411895,1.434190248341986,-0.2072152614618911,-0.39016973331467836,-0.5788386674242719,0.6267392886358706,0.012121086188076639,0.14650894207541168,-0.862833787228464,-0.8024742087447339
0.9455629240963175,0.27848919509692466,-0.05224410725754793,-0.42600078298988736,0.07153008536518962,-0.5448353121699785,1.7088575262987395,-1.3901473567088345,0.03914369770668867,0.0631962862046613,-1.589956115225087,-0.10992361852718531,0.07777832961449431,0.40099795862770393,2.056045586717808,-0.08995319119750358,-0.4206203808151396,0.7830457878943065,0.2677616028113963,0.8369544796535578
-0.9474576965679562,-0.8053923214686731,0.17639103469454806,-1.0292988043556615,-0.22833797528287886,0.1104335043261717,-0.7306563738346074,0.8239776002060356,0.8105822291095497,-1.5856419696297108,0.20557888463139923,0.24610078122691637,0.6479015897571151,-0.1494598026819559,-1.2378571385431454,-1.198320137706186,0.6854715602009437,0.5742513973537536,0.843349495645181,0.899569058595052
1.3478497945905004,0.2340259212638248,-0.49494368915343245,-0.2826106795302297,1.2037702689151681,0.06414229962103649,1.0163719948133154,1.4658132805455597,1.341875310312758,-0.5787638290886492,1.7611798531039422,-0.4766167027888477,2.4226913978510947,0.4549584952283546,-0.3540657971821078,-0.2604810369562025,-0.9140385756305269,-2.199599542477703,-0.1457288563367923,-0.39436471423790015
-0.6823930211704561,-1.4367603205087534,0.32389879655947496,0.7449217755388015,1.9800796137233778,0.45048995606381703,-0.4146628395732188,-0.6765376500556728,-0.27932730442030757,-0.718965029831172,-0.7403910765615594,-0.9201836258263649,-0.11435429690807472,0.5811626853341605,0.120181121917878,-0.47019249529146173,-1.3783613435460733,0.454198281902326,0.20089710517293474,0.7031847061503484
1.1656785666539522,-0.7941534679915025,-1.1559621014246986,2.068492331322875,-1.4044516111172338,-0.8693776657733429,0.7359260496963305,0.40498433878000545,0.20686074962736203,-1.5450306040069803,0.17790102521613782,1.8773197720272679,-1.3278177882097086,-1.633867648513772,-0.28910249917270026,-0.07979463891205889,-1.310851351234632,1.2047576471227475,-0.9453101103495819,0.4715998042711544
-0.3045985126476493,1.8451948747610802,-0.46236725874790874,0.8349452708271409,-0.5656694658887074,0.024747228092077647,0.7058462248839025,-0.22588584991069904,1.2665892251645945,0.6108384222243846,0.8989072639783353,0.34902151229816747,0.3159335157747302,-0.19669948791707142,-0.938880303530035,-0.1108011780085227,-1.4601591713726398,1.119366139146452,0.8673290036771556,-0.17067697982926316
-1.4153893259720558,0.8473969210712705,-2.058181756890532,0.2642424884645426,1.3290172423539754,2.1501959800249586,-0.488565525766333,0.04235999927229148,-0.4907468095728193,-0.4256030075297485,0.28368731792397744,-0.8831505678918837,-0.6418559508408878,-0.6271263269185812,-0.2717039618323878,1.0359697618675827,0.9774807042552313,1.6090901854300406,-1.2128046918626978,-0.09123381467434943
0.22726897073946245,0.07273946413215045,0.8295935600504549,-0.17263139707615763,-1.3593706426004042,-0.3488847048308531,0.5504555719219241,0.15930313950786598,-1.8893848095010488,-0.35753753386394227,-0.5104105171340729,1.2169685344570895,0.1279863935893489,0.9030260324191629,-0.9741735911894503,-0.22529692531848763,-0.4134350745508444,-1.1422104063428429,-1.542188646645846,1.7941767441592156
0.6410056829355987,-1.47515067761142,-1.9479457675815879,-0.015494180573939729,-0.9339815955601996,0.17984434818544529,-1.2377259834320855,-0.7890617046551887,-0.8713352732291039,-0.456042512300115,-0.22268810790800783,0.7045509776050317,-1.8609433329687248,-1.8181379004252505,1.090214018985056,0.6221162091175854,0.8734134456744276,-1.2620213840007721,-0.5218976513778676,-0.15117593761628584
-2.6694453123143607,1.9766382322285045,-0.4722599168084302,0.09052694285449506,-0.32871895778027055,0.8178670404594475,-0.08610412166710862,-0.34202740411272625,-0.4716853734683766,0.6615989887313254,-0.3890272775438105,0.020770867521780364,-1.0208406245097519,0.4657240416322493,1.060504579798169,-0.03786606821583508,1.1298949730591177,1.4587240481792783,-0.40476919632658753,-0.0312561910535828
0.7785370619685551,1.273030454071825,1.8645268922036362,-0.2787328673668824,2.1120259019675958,-0.0873092201609782,1.3229117888567383,-0.44685992040579287,0.8917554470575974,0.5574161945459116,-1.2607008088129805,-0.6038040096067754,-0.960858134743226,-0.7587927669374462,0.35978582511404417,0.4022830521040757,1.183687804791429,0.6907390474764399,-0.44430251978227964,-0.10598152041269528
-0.4434131544677846,-1.0525735108784284,0.0835827649941047,-1.573588260079572,-0.2842820961826301,-0.07045248466856387,0.17312335885419386,-2.3702482870003756,-0.17101837073258613,-0.797831072018074,-2.8770033046267347,0.6033504324808902,-1.3216788255650869,0.5026023490363656,1.7859098496052457,0.4772353419983653,1.4591416905794998,-0.5036606694610684,-0.04684856005914696,0.5775461900490603
-0.7200463053901947,-1.1880605165772344,1.1493070464950816,-0.6259673597963358,0.5780212863916578,0.4445021816746151,-0.3399025236439624,1.7532194324192394,-0.5708443318602503,0.9650936679452417,2.1065087214288676,-0.8114295671432585,1.3834652902143212,0.2552838184701265,-0.2700720809684438,0.7798097608019744,0.9882167375150969,0.7497686779196077,1.9939125683025996,-0.6621900432718675
1.3292129013890384,-1.0454568962150739,-0.9667090687149382,-0.6343557190624208,-0.20301589173432516,0.21543656891078358,-0.2255906940733987,0.9845336251905085,0.32499540360348594,-0.7411077503649555,0.26842877052787834,-0.10096425662383243,-0.4821564117811129,-1.3719861859302365,1.4836560512262644,1.0413822409041278,-0.006788099352945632,-0.49647793858402817,-0.8781281538999761,0.28956360536212755
0.05050175678544278,0.5538548467613555,1.3433388322037965,1.2910554218203456,-0.5937590062233579,1.2201690323124046,-0.13031552410108047,0.7198275354871679,0.6168604137043406,0.9861860970129074,0.7867580727152955,-0.10864765064639464,0.17711307830177184,0.60924882562326,0.22341058639357103,1.390843997895267,-0.620488900557646,0.36287337338735914,-0.502095385603112,-0.3313184178995361
0.43734894086037857,1.369229736156154,-0.5338498675702501,0.2994992104120606,0.3910662352363566,0.7249045694692607,-0.014409930615633249,1.005048221078668,0.6140959323412291,1.2668015592626982,1.169562676757766,0.39659596977924827,0.24392420734094522,-1.693791479732149,-1.3594769352205394,0.31376959949829764,-0.33229261744021243,-0.1984473213607588,-0.2456444396748848,-1.0689030785474718
-0.3006985569045071,-0.35094493063045334,1.1798963819681265,1.8257946146643016,2.356414114529396,-0.13903183938138242,0.41371492711654456,0.6026429484869269,0.9448580120102523,0.8406130217647203,1.7485891691628517,-1.2470052475491935,1.7147887487360212,0.6134337709090142,-0.7688790526127703,-0.3675482840486272,-1.060495577396424,-0.8792590450872136,0.5602920283838517,-0.2952210163177461
1.0445583979665516,1.890251816226501,0.7862607822161559,0.20090716737796047,0.41689483324733617,-1.122025869182689,0.8942334075919223,-0.34477020751903537,-1.279037087444003,0.45959181870830623,-0.8950757973621936,1.6216919447464349,0.4106082707039573,-0.6424973196549382,0.019128529488341674,-0.8183525873741104,0.16315587853002464,0.39132421603586315,-1.330641727600922,-1.4949031212145412
0.3513390884778791,0.65801470580888,-0.33503287615359606,-0.29160653842296164,0.2847495209633329,-1.4889368204651474,2.0187893438875317,-1.4745093102174258,-0.06706021839531343,2.6369291727333253,-0.095208472810703,0.7114410483336407,-0.6085265966081084,1.2771322810405166,0.39622357650391393,-1.1872368453797046,1.1188644817560598,0.36497674094642624,-1.4079541355758893,-1.4806096632917245
-0.5773689756315704,1.7550732052226397,0.2565840443544038,-0.08054436337704501,-0.6135395254342996,0.1307040230618748,0.41900355309083936,1.6709107778495071,-0.22530266665530085,1.2055889930855004,0.5873723864942333,-1.5010966900244764,0.43651687203979006,1.2334227638165713,-1.1174046708539551,0.9627287026700458,-1.179859565605942,-0.8970994302875952,1.570418095647116,-1.668253837562597
0.0029860508150804793,1.9296750790324242,0.09358514988609887,-0.2770610628826113,0.2951055453129372,-1.2951582633848375,2.064216882595072,0.08387596066148281,1.563109831728103,1.4395865573681634,0.4705708956259067,1.182060403880219,1.6555010144258038,-0.08973902153159197,-1.6745271217586173,-2.111764767863361,0.780275489658832,-0.06689569607853484,-0.29060870141374584,-1.5235900120307213
-1.1735535855080073,1.9110780845681967,-0.14990817502804524,-0.5450697891912647,1.719776979622358,-0.12729555197872466,1.1248114375305036,-0.20091588352048712,0.58375694704586,1.380316087670449,-0.7226383245115499,1.1206016851045844,-0.08775740012548089,-0.38845439085903943,-0.003941564271283493,-0.5443650946565876,1.726898017430924,0.02623070073624721,-1.1367840174349035,-2.056645437980401
-0.5467537766020145,-1.425121496576047,-1.2807593155401142,-0.7791700076183585,-1.1446329985528267,-0.8778777844926331,0.061550912608304954,-0.4511657684190307,-0.6638298760632381,-1.115794606385897,-0.8090961777297645,1.1937992296520181,0.11165872592395044,-0.7782198678040038,-0.8234591897033685,-1.167109553479271,-0.04070418826847716,-0.1560988275110951,0.2407899861282246,-0.26900017520444036
-0.4860144462451634,2.0363836886694164,-2.9108337257789456,-0.28540494490865004,0.3378236159269434,-1.9145518683663834,1.4473897694725828,0.6507278726188946,0.055295954485597515,-0.27190449442929926,1.126385259850033,2.999022797459543,1.9328127507488588,-3.516649321877439,-1.9001615124634714,-2.4330528559883073,0.9724284131625472,-1.5586857886841314,-1.0491270908979418,-0.7380509484762569
-0.6917676201036821,0.12598845293619979,0.8641789932230164,-1.1837247300732185,0.23882319286316275,0.04450622897647356,0.7838301798838836,-1.256072268675361,-1.8928425228685972,0.15197313818087047,0.5532785506631118,1.7345040515996446,0.9772769703671627,0.6225414131768449,0.012468189935024535,-1.3783092240054104,0.5701398378981434,-0.4697304617184732,-1.6272729297337196,-0.025184206011376633
0.3975450957067797,-1.493791850162957,0.20680524292080954,0.33491126436943974,-0.2189864546492834,1.3942836568819983,-1.9512427897678815,-0.3313817325014612,0.27015953997898906,-0.3319650162823336,-0.7888060326671097,-0.560022438724828,-0.10651368646914756,-0.26178093508953926,0.2623915307150713,0.6504318250620322,-0.8036173878624489,-0.4422478938667717,-0.013254229931622442,-0.2270008101258711
-0.2329377882761013,0.8639729202584165,0.1713513984595409,0.43076194584692934,1.2795733545393106,-0.6148610297110175,1.1780546482637753,-0.5697483277425354,-0.4911678131603925,-0.4573057669158315,-0.46583571501712234,0.8048100852649384,0.6052281018720586,-0.28756373179140693,-0.6086890114753805,-0.5273803717782839,-0.023200875224877154,0.584023562240222,-0.7208241032062012,-0.5113152090538403
-0.06265261809833912,-0.26452315406807153,0.32260635696701867,0.5332510148579671,0.5122307264417401,1.060923611138648,-1.1385899294700697,0.177170660186266,1.937428956038829,0.15127979946374245,-0.28144549828684,-1.481962573809317,-0.07261700604129502,0.5334562464511441,0.21799379619776815,2.0087035783970486,-0.9107398777952783,0.6478339139339722,0.427435743650932,-0.16597097186137308
-0.6078534551159898,2.3395530633332515,-1.5699837595572919,-0.059460996897417934,-0.49395163993297814,-0.15958696510325648,0.565554672975132,-1.1393746138164973,-0.9818709979163659,1.8614252990516456,-2.2601032742625744,1.4981196813963464,0.6335047721749706,-0.2976925427541072,0.7118614879367277,-0.6599910025631097,-0.16699236415753624,-0.7749607303686432,-1.096250712556208,-1.1109282654251402
1.3884365613386829,0.7288575062673176,0.6274068696434782,1.300048653008157,0.14359087834672382,1.1358593438263955,0.09125671377903805,-0.9097544901307917,0.04251672541772458,0.038974654158967836,-0.2855605489895269,-0.8907955072640944,-2.7379024701334274,0.7380043535815379,2.1470843657483605,1.7706378186168323,-0.3559574109730337,-0.3863997413705989,-0.5706313497175912,0.1748798893502962
