X1,X2,X3,X4,X5,X6,X7,X8,X9,X10,X11,X12,X13,X14,X15,X16,X17,X18,X19,X20,X21,X22,X23,X24,X25,X26,X27,X28,X29,X30,X31,X32,X33,X34,X35,X36,X37,X38,X39,X40,X41,X42,X43,X44,X45,X46,X47,X48,X49,X50
-0.28145892302822045,0.9770880467550226,0.09163628582964921,0.28142340343185746,-0.09026013803883715,-0.13484227915556501,1.9117433841836278,0.9639788987955914,0.837847796123171,-0.147743100607858,-1.5144774425265175,0.8351370262568711,-0.11666245042858046,-0.8468509824665887,-0.3158461271203154,0.645263453833765,-0.7951269304160055,1.372191886406787,2.6338058754073352,-0.6870369587022065,-0.2913252193453546,-1.371561253932083,0.8598347939746971,0.1396777491283837,-1.5905513572366727,0.004009954143411392,-1.219563551103658,0.9164630528109587,-1.5259911870166674,0.7478166656306524,0.5223641801695303,0.8021185352373555,-2.1979453102835897,0.7957582000500419,-0.45050926788400436,0.7660026703351185,-1.549358505119463,0.04973874444170455,-1.1323984676438936,1.2825827694065186,2.330395349603844,-0.07991199049238089,2.0247107087962033,-1.707738664420747,-0.5001406788020621,0.01687729742203172,1.0568417808795756,0.5356173288084304,1.312987434122673,0.22961090607364867
-1.051185516503456,-0.27544035410983214,-0.4511976450641443,-0.829122198367202,-0.7839411618275642,0.21121389980835703,0.20865726131231235,-1.0897917800560122,-0.2082000970217165,-0.16885579382528962,-0.8069237968779498,-0.8237312672079445,-0.17885905004988337,-0.08650747758334014,1.238899121830488,-0.21196840666784347,-1.9129377999177632,0.1351625408569291,0.5069030539807635,-0.08267032220822422,-0.25061042315265236,-1.3556166205155575,0.038114156105000054,0.13608607764114966,-0.12208057541589779,-0.8930228945070113,-0.1705217103483142,0.44420061395634747,-0.610882912993498,-0.07206659709561107,-0.4730610341705874,-0.7852666854530672,0.062045478433666146,-1.7832661835081438,0.0349449611988042,-0.8524506741758738,1.3201892142115923,-0.25742695359093637,0.06861608570222533,-0.6828707305410349,0.6351176192786798,-0.1184158166005697,0.1027153611504592,0.49984884114695405,-0.02454680988469542,0.6325720739852981,0.43246365664982195,-0.5093058922499017,0.1988532072134402,-0.7089628474143351
1.3586232862843481,0.32210403854992736,-0.6625122143145786,0.7568807853599726,-0.5465023911034268,-0.43045240648880884,-1.140339772452664,0.5345729227329596,0.47898481379409474,-0.4944681820711447,1.3200773688252994,1.1579005648873113,1.0078774503952508,0.2711164111177468,-1.2248862543763093,-0.6602790942665139,0.49465239877399236,-0.9705783013471079,-0.9227221352524727,-0.3183745904238538,1.3954837148826287,0.566989866964154,0.10667377343438339,-0.9671402707129368,-0.15861884813624835,0.8483568615493616,0.9507075954236734,-0.8218445604524521,0.841501762057005,0.5854259792748393,0.8970254075112838,0.46627651320549723,0.293164973886043,0.04660166813656801,-0.2060467725360084,0.09521896820373657,-0.9437779625832944,-0.9988664710760605,-0.13822432729589215,-0.6164584143512652,-0.17968812614566856,0.5613412030796595,-0.24002950671609588,0.3251718148831114,0.5380646983770085,-1.0297969632070039,-1.662265441504826,-0.43307701880683874,-0.8929412736620921,0.008989644749446222
1.2976760093276365,1.7798929300689403,0.20608849698854204,0.18113838281382746,-1.2278705378020602,-1.4398822989874203,-0.43158655037041677,2.061192033056259,2.3513861933052826,1.0012890843319973,-0.4016561801606272,-1.3239478920326941,0.6763509568472589,0.12557030601800792,-0.5305501730317794,-1.3184090974888876,-1.2792110929228209,-0.29101810396414857,0.7649428907457254,0.13296725557462158,-0.715437702594581,-0.15227870528429108,0.18917035861677162,0.5990476876602852,-0.6462101220339348,1.6772694137957915,0.528387137816404,0.43874931096624525,-1.5573931641163694,-0.5042949936404689,-1.0702949364163152,0.1572984741334247,0.34509846508290637,1.0629930950043671,1.409443606067556,-2.301001885599062,0.1635152265465049,-0.7882867857913607,0.4932279642634527,0.04179509581722056,-1.7788070298351337,-0.060168696202471304,1.619357105815171,-0.12636546835610188,-0.01403011699037013,-1.7455685761867776,-0.714428137990763,0.4466339393847118,-0.9674694433817569,-2.470535778943768
0.3570260580830503,-0.1619962516412406,-0.4426088197212209,1.475542092648646,-0.9659285625439156,1.0551157125417154,1.0023539384197802,-0.33530351547617016,-1.096243137432032,0.07235718091247126,-1.0834949686892914,-1.9997684903734512,1.3848118546131423,0.6960540984328853,-1.2827033047369742,-1.3057016677705853,1.0242559158465523,0.3364379509035096,-0.07064104655824098,-1.3238090045118045,0.9699159589223995,-1.078857001493363,-0.38994014762681967,0.2375403113551952,0.10703454980396253,-0.7391980561460705,1.2988540722034483,0.5770461246841042,0.4547949172525198,-1.1575376256181227,0.6679850560122903,0.18388467278039625,-0.8998858904980269,-0.6111266917799872,-0.8992517185118759,-0.637635067122788,-0.08144316113973739,-1.2711518817536698,1.7504696072204589,-1.0301190427506801,-0.7236498806503112,-0.16715025034178965,-0.12037991703271123,0.8063815192274133,-1.562386297857765,1.480456953886701,-1.300016054137918,0.5639867788898574,-1.9652702285459862,0.15905445591373185
-0.8228295906595539,-0.5426289186227812,1.0156485013257037,-0.4502574432819472,0.2665037658825752,1.3606232137708125,0.625588491054707,-1.0334157786311482,-1.9464272578770743,0.08174298791523675,-0.36430936061866565,0.036052433179664146,-0.7658431051200988,-0.15358712488370427,0.23601550035639102,0.6397059613370992,-0.5992894702905746,0.42510714188066073,0.6382101871011816,0.9033169033110472,-0.05688911358458509,-0.5758079243116885,-0.5809672817579205,-0.5966894421844297,-0.046071636207047136,-0.8785348868638183,0.014414114358656242,-0.30267412259608656,-0.16345241700078667,-1.3435793178783124,0.004553258872739102,-0.12131939352562127,-0.19508709471436048,-1.0507552069192045,-0.07329152009809566,-0.021724274188436702,1.3357182453591263,0.5496352482791537,1.9801810751709676,0.16177153043596457,-0.33049002275867567,-0.6716926928458774,-0.6729273764187664,-0.09262015972264052,0.5114405322065563,1.1742088548940663,-0.03900804590212598,-0.11705438067879932,-0.11183347750794534,0.15272019164370462
1.050991631885512,0.43348348292789307,-0.47569002365163565,-0.9618026242836915,0.8310253380090616,0.6241680373712963,1.178090625018822,1.2108094966198262,-0.059467454374501336,-0.7634075256588296,-0.6948750396137903,-2.143185460355481,0.6710172053830542,-0.8101797762311553,-1.0636961111756442,0.703009406542095,-0.46120696685079726,0.39573872503795715,-0.7547237523343281,1.3656456138689093,0.9404816831378467,-0.9909997282511043,-0.23434517631583804,-0.8005837387498659,-0.47020356998698315,-0.22167922438235968,-0.1752556490007767,-0.9068809658920649,0.45925847331870906,-0.03528933420734035,-0.7319515398888577,-0.9900792480275412,-0.6656077648940599,1.949818368047388,-0.0652558871973998,0.7190761744332369,-0.3603519086514544,0.9125016564647184,0.2677141073541203,-1.1833375049190413,-1.1336056741978002,-0.24134682915861166,0.9849702113229275,0.5308736074913369,0.8588563607175612,0.3574476414994656,-0.5924335738124873,-1.4288546476093684,-1.4128407797988238,-0.3911978471561433
-1.2277311367369383,0.32086503173739417,-0.32277736878176777,-1.114560496839803,0.15531940884950932,-0.770770169962875,1.0346588160656662,-0.05516556765990119,1.3632507678924615,0.8190492948921649,-1.3485120232087087,-0.9102890988848988,1.135819272837164,0.5040738419878971,0.3738308453373789,0.7419138927216751,1.2482393523152966,0.5966293829647343,-1.1411144036931595,-0.3324417485540129,-0.11187178858179495,-0.6972758593497346,0.5231455837082236,-0.1327529323737093,1.0214893375057068,0.7039157776782993,-0.3148961439096281,1.6510088961502971,-0.5307079060191183,-0.7421337031613278,0.3427261125524639,-0.43209045780206484,-0.8918279987635462,0.5528507661452562,0.22336400059195738,0.8704472773522506,0.6551215380870058,0.441769691745965,1.1119644344780035,-1.1705680318711031,-0.24499427746352578,-0.547634230943854,0.9916019400620031,0.7705126406822882,-0.9335805845684547,-1.0782004258183309,0.03575394482032401,0.028507093371263743,-0.5113314493191458,-0.20990830749088465
0.5995194543369767,0.6909339909936744,-0.24597906371262518,0.7580410205147345,-1.6208598726852657,-2.019679098283807,-2.404727503136776,-0.3318011780691093,0.6597175740840497,0.4206999661958113,0.2733488785170773,-0.43516094604484684,-0.04518704482794847,2.2715913970232524,-0.39332073079110824,-0.6935273572622445,-0.844274514283576,-1.4482151720445648,1.1152428987641998,-0.6308740698558054,1.439498972518965,0.2590881166516836,-1.8739529953509002,1.413244804751494,-1.179351196097505,1.6873078518325588,0.42374938263104883,-1.3385798317470272,0.7875913524743028,-0.37222804796266495,0.05594101157718947,-0.8819264135068465,0.3564797450750444,-0.32207278543889745,1.1991965951604286,-0.9484375304510255,0.9573149955185731,-0.8240001655903334,0.21873327284284524,-1.2609817421262401,0.17163059870925584,-0.558553775975529,-1.7335933624382232,-0.38149149836030216,-0.2844290632440465,-1.7805156669510613,0.2374965556282073,-0.4087914491344997,0.7670384753501179,-1.5007473809358947
-1.3823376301644672,-0.10712669872429759,1.2727402111940695,0.292093595237023,0.5897357859872978,0.9253953408500273,0.6412893944878392,-1.457021930622893,0.38578891296290624,1.7510571804355437,-2.5523848132467366,-1.959528042456174,-0.27938944783323794,-0.9919516418428986,1.4138284353519124,-0.5970835260798922,2.7179926956580163,1.2031090088792251,-1.858187149956487,-0.6741011087106634,1.1405404731864492,-1.8923444047669786,0.2522916393876902,-0.1371107097127729,0.6338986789976264,-0.03547957623014571,1.177732906103109,2.016048076111852,1.8299007298855448,-0.6363573640112914,-1.3355386565122789,-0.8127405887799238,-0.9415875702879823,-1.8966752915326048,-0.3708827413215248,1.1988296714718236,-1.408455105910056,-0.3596858565503155,0.044762597643783805,-1.7145797309718047,0.7418872708789354,-0.8338437632979173,-0.7105814577341767,-1.2697080131010539,-2.0459424098474535,-0.1773068577243129,0.5202622244715683,0.782146556888776,0.6464491777692918,-0.6073117358878408
1.6012108198477688,-1.361683743214082,0.16494912795847805,1.957764076186455,-2.422262483887851,0.8409527619882804,0.07626142072698538,-0.04618867578746501,0.011392736310966265,-0.4601857726060852,0.16601908868452772,-0.32911101917365715,0.47925261082937404,0.06189106384466677,-0.2239191594029624,-0.917328442352953,-1.2300374710469246,0.44961662279927184,0.773437372206247,-0.2904946006181996,-0.9462987777425315,1.0474635108395713,-1.1000783927711903,1.3378311987378029,-0.9078380242456472,-0.48156092533365297,0.2962405194070182,-0.0742813001249598,0.8295364040588067,-1.0878385579786274,-0.5185891546579225,2.174251175107212,-0.19501324417043417,1.3647978883557743,-1.4632398299530431,-1.035784067739652,-1.5623424144403921,-1.7553296242830647,0.3007043088077808,-0.06751855791231604,0.014844338913864177,-0.13152286092993015,-1.4961972627395013,-0.7735604315333939,0.3284676753293647,0.5823510876677256,-1.7404416420283062,0.10020741993187442,-0.9161399935805732,0.7346583746917128
-1.7335691415167036,-0.0033822803392102173,1.3779930744263391,-1.203417674129886,1.2034082975857756,1.454895103424,0.8246850950533937,0.9797371147733922,0.9771783740701008,2.2138050172345385,-1.1400878037781674,-1.892332317561808,0.2965170684803906,-1.5095534550797811,-0.01993966301518795,1.2059342328468874,-0.4121155281596478,1.873154793944341,0.7125961517890248,1.7629138715199324,0.392310412915007,-1.4305028168362515,1.448878124388451,-0.33382188075439406,-0.9617038760986633,-0.5181285006418315,-0.6879142851649578,1.2039225053370317,-0.3598627790098398,-1.6850469367034688,-1.6222357270330083,-1.114273005237254,0.4398529667887452,0.7080607621723808,-0.21959742310704014,-0.17218003807267127,-0.42402218539261444,1.8445146518091253,1.0891661801376407,-0.7048850933561122,-1.8491231236267784,0.887949227444586,-0.11573181015248486,-1.372302525025565,-0.7038185685515937,-0.33087362990031477,-0.14300234349402605,0.4878346933612369,-1.5122785510149659,-0.9262068651490851
-1.0371786347680385,1.577185651839601,0.559275065500486,-0.6671405474833692,1.6127059475378132,-0.17324675020580851,-0.731057990004157,-0.2561901001537807,1.1572529657309722,0.9869304470489075,0.3663632873942453,1.0991826877747748,-1.7210977566098717,-0.1436207384317647,1.2185170547153215,1.3780375800418605,-0.17404558250410335,0.5854009162354739,0.8820618879160526,0.6094400274479469,-1.0629835319558343,0.7727620447485604,0.9995064330162481,1.9377991853544987,0.5285729998220067,1.0707641663366394,-1.5036691858060285,0.5447775869313684,-1.106100198521194,-0.6177398427166212,-0.4189465846295127,-0.6649117395893644,0.13872221505425048,-0.5929805927185786,1.3875197069064353,1.1670152842750319,0.39021154726474716,0.7524309294190021,-0.7782908023656167,1.4496075768537513,1.7777501211104387,-0.06350807229374454,0.6885732501868288,-0.8932681150241876,0.9365475281425606,-1.368305043258433,1.6616803060364413,0.6803465912475068,1.8093269617761123,-0.44908899504771943
0.644701426629889,-0.0489434707144648,-1.0203293683072983,0.2535781920932726,-0.3252136012262437,-0.20597562026790484,-0.9905299859369536,-0.42301916016267754,-0.8155080635529591,-1.1352728650497959,-0.024341323829576905,-0.6062131177331284,1.156155176265813,0.20984589110001922,-0.5492474603500545,-0.9653319105465011,1.2423070255693986,-1.353711780080109,-2.0204012612301905,-0.2262694817963796,0.626100554946903,-0.032321063462323565,0.22399109110684776,-0.6422535313746008,1.1582950834166448,0.13010829241811744,1.2004177054746545,-0.607114294329213,0.8726949581005559,0.928573468287557,0.08087447365796889,-0.14011134633982636,0.6374813033409817,0.4213547450253447,-0.31687076105491446,0.4845670036242312,-0.15190406905984222,-0.1416673572191354,-1.0413558334323842,0.02627983304610267,-0.03706159776854045,0.13202946614927857,-0.5695475029509661,-0.48369802569537274,0.12772704761547105,0.17408231665556914,-1.2016489010888025,-0.8760031745504984,-1.13540412833159,-0.47914647361509527
-2.269040948510434,-0.8854528500193675,1.061986126601513,-0.9933655359368349,0.41956278880551234,1.4104041452180243,0.7016865314095907,-0.17718578635508545,-0.4299776689520205,2.1205347767793494,-1.6109888016602925,-1.1052745126788297,0.8178709431168872,-1.6395995763816296,-0.4703380141667821,0.7213348205036962,0.832793097047479,1.6317672604550846,-0.8600002810791376,0.35036849954160176,0.881164369658173,-1.2621307818700327,0.2588793988924366,0.4585247982806684,-0.583779982084115,-0.6189203399553227,0.5150803750297492,1.3919373286516206,0.33783747629405664,-1.2979688538616818,-0.4593442095169314,-0.13531197072151815,0.47874116932434563,-0.5142444168576709,0.9594041983062683,0.637059937159603,1.3440503186851946,0.7820325931735378,1.1417391083457518,-0.8149558361784945,-0.9256280237232657,1.0880963980664557,-0.5327239231537951,-0.3164334424717721,-1.3133144245555737,0.9884075052122268,0.41916253608448667,1.5353537907644703,-1.5582518831610261,1.0604841189930914
1.0027092075353234,1.233082324549356,-0.4489797489328463,-0.8417022112463337,0.2305964399672798,-0.1765586853866476,-0.7518517780295404,1.7270160342688547,2.137961565864583,0.29684925993561767,-0.12761228544987122,0.7758089585779038,-2.09371979711419,1.2055137352600689,-0.020669689885725397,0.8504918403542049,0.24368281592165272,-0.11944512784798686,-0.343442703144353,0.37700254532321026,1.1153105611229577,-0.8341893718709236,-0.24237440095265134,-1.7468921580272563,-0.6374428996790623,1.8205053250941885,-1.25590051400589,-0.3159086915251282,-1.0932864261777213,0.1441501588640382,0.30693917948651017,-0.92787652982749,0.34237797998489183,1.700069408267452,0.16910539350972606,0.8735366063341512,-1.1434827886554193,-0.10419653058152292,0.4573496022754899,-0.6613429546919645,1.7686021216843382,0.04073320856218623,2.0126194438049976,-1.2293027184423673,-0.5145563572871122,-2.119269276263659,0.3826674096323021,0.1944735159539487,1.1745921779420119,-1.390020709944337
1.071443086252302,1.005238740055393,1.7556814933425555,0.1558692090184644,-0.3439734822762159,-0.2576508823728209,0.48022462833576013,1.619562411856035,1.5936849188264814,0.0018268772811845196,-0.027391489398816863,-0.42978379819778795,0.45076336027581376,-0.6469808068127456,1.1188733672605913,-0.9330389411890291,-0.030831127034229473,-0.7343754182304011,-0.26214995883506165,0.746326130000904,-0.5426125259113778,0.821098217706661,0.7892408047780058,-0.555643151347846,0.5390629767726763,0.9759176667365931,-1.2700346686629305,1.2865181155332635,-0.7583459854878376,-0.9599879681174284,-0.541596339658296,1.7358127130530787,0.8780362654551028,1.3438780306777944,1.3097585189791274,-0.7160195773733522,0.8718767752513185,-0.35433374794881867,1.417168747712187,1.0309961329164334,-1.4441509740961131,0.42251208511359395,1.153018258208628,1.0867257593482915,0.9320470498669882,-1.3238362112387176,-0.6118924407347307,-0.1231206223968255,-1.1406372057228131,-0.1304028053498246
0.16429125402143693,0.0959303206759946,0.28703644355047836,0.405470921361493,-0.20849344636903155,0.9000805145289302,0.011397171887154207,0.395519388270709,-0.11012203030616716,-0.19891713323896143,0.5325214650127059,-0.09210621433529773,-0.06816991231934968,0.5557821805079359,-0.8419881563959974,-0.35799987829083296,0.24114086172105642,0.3278587446968262,0.7011773904296,0.6591358551951119,-0.9427623508624448,-0.4321253512891522,-0.03196490890898653,-0.5030808439880224,-0.8391400886756605,-0.5961780144034756,1.0500148797036066,0.1340091541375099,0.034850220627827465,0.18312939822121696,-1.1322151120244495,0.7484994471279077,0.45626799750559893,-0.04222982649861603,-0.42272427226334597,-0.646995140385979,-0.39022065039412035,0.04238615174396465,-0.7822588237477672,-0.08408358699534196,-0.8320877622537263,0.8467175421215171,-0.5824904627125623,0.38435742613528123,-0.9339638835232558,0.7305870394321844,-0.33716497779853616,-0.3159643229515821,-0.3243826712906096,1.4446757182927827
0.9993567857601245,-0.3459784669174973,1.2291469651624216,2.1528016564495758,-2.784167290661454,-0.7130305286448314,-0.7430774271744123,-2.0271748430253025,-1.0920151781839589,-0.7202512306215326,0.051068204845071394,0.819971042043684,-0.07563292961524155,0.6495578591946198,0.495813515564121,-1.8274945093580142,-1.2613361586209506,-0.48992838334964883,0.4327304689423598,-2.239793709690523,1.4172780855491143,0.28396484601701666,-1.2383523098122091,-0.00825301888072347,-1.1271153304847088,0.15567965856201293,2.4432505048237996,-0.24629792336569387,1.0643710542370615,0.6806122995391761,0.5867727208135313,3.0981343919306976,0.6456001130023725,-2.6068101323160526,-1.3029166110989567,-1.55679765665239,-0.3718248546420077,-3.037952429971493,0.36709751945000246,-1.013471864189998,0.3774505577225983,-0.5694964446636069,-1.6893131841974365,0.25596244575088983,-0.39313799608966643,0.027974945179703614,-2.8912736943415527,-0.15725346264410558,-0.9694709890095804,0.436283468916188
0.5410224820246816,0.5937224739141178,1.129286999197722,-0.22366595821041096,-0.6230031185693391,-1.2842936655613217,0.5249081005405286,-0.4987961402901248,1.2346530595058227,-0.5087143075231524,-1.3365176015681157,-0.9368115349233945,0.5900198425681368,0.5055447465744709,1.9509261900133934,0.48942363178656534,-0.548240118379494,-0.25275953371978227,0.635137192084082,-1.2578992549679848,-0.3974907793301965,-1.6039172063551117,1.5952934825148455,0.588582785739344,0.24834130005482946,0.8188026031512242,-1.1726551877351328,1.9304069698359965,-1.2453287710075867,-0.28527677268255386,0.36969488215412394,0.31427714632075704,-0.187413939430203,0.7871712282877885,0.6670736595465567,0.02785758621429964,-0.09977429063556731,-0.34342050685306486,0.12601725406909864,0.23057535667029908,-0.06229099620998575,-0.6819855735915408,1.860597406324196,-1.1113820945585153,-1.3802853345592645,-0.463949453953218,1.2370851919260148,0.41177885971606926,0.42595939167412905,-1.2843465480325034
-0.9896491477947472,-0.02559977090186397,0.2559383978283684,-0.8402318859848161,1.081491959028686,0.7030688358817118,0.3354380667997658,0.18049438794607878,0.11794473097319343,-0.029495601030146732,0.7731298151862221,-0.4508005526462372,-0.04486641682043183,0.04471479265407196,-0.6286721226869252,1.5060314896460125,-1.0776263737369265,0.6028515712040022,1.9292929334702595,2.168378592032734,-1.5280123744783392,0.9247592548824397,1.0013511358194687,-0.36716962733282527,-1.1315538423672769,-0.2327118063791985,-0.6017069298623624,0.08608475349344143,-0.7340990950419103,0.006503696485196126,-0.24679140437379876,-1.2793316349084147,0.6819225210188189,1.0134986375581196,0.24737045491117085,-0.35087335745959053,0.25138227900613797,1.2939582286756028,0.5536733434451618,0.7310066109251417,-1.422278666930009,1.0189257281704946,-0.39713528176073687,0.08091800110291245,1.0444854656258689,0.538132153883912,0.23972182905157668,0.39747355530174144,-1.052462674990554,-0.7224924869603474
2.4225121218417356,0.5770476097005482,-1.1008866085753761,0.6877763829990942,-1.0743580071790617,-1.5564411380854213,-0.4931996884604068,0.5969453157395554,0.32700969504172417,-2.4116109643874113,1.966272705129183,1.7815794704937222,1.7399374049865335,-0.4388230684323337,0.20259606241515166,-1.4848801008904655,-0.9525764601854587,-2.291840773814263,-1.8372842945766443,-0.4811070850508168,-1.055377938323902,1.1009569801834629,-0.008884007547505755,0.5812600974768729,0.4718894154245547,0.4370409649589771,1.3550312150733077,-0.908638413788961,1.0046426781181563,1.8457198889123245,-0.4125099122453219,1.3978140452180245,0.5741503381400573,-1.173470479222262,0.718317639063822,-0.7373940962543489,0.40690968233896097,-1.5597819222988953,-2.54493411923074,1.519644045902834,-0.006731507105222562,-0.005626613445494791,-0.9411157197021398,-0.2937633485084847,2.2288432899642405,-1.2605560249289693,-0.9379580868481422,-1.7045043727190585,-0.755398636772494,-0.049943518337468684
-1.1596315584627177,0.3892148373484023,0.46616847332585476,0.7895109599824203,0.24531098156208858,-1.1754654761139103,-1.3520038773009757,-1.298951825130007,-0.208577720600237,0.3706736321973197,1.3251681878095738,0.1491890478886827,-2.5423293954904227,0.7492015726344075,0.22223092394084018,0.08042432863523988,0.669422044809918,-0.8376828459663835,0.9850923338768798,0.8303727215553439,-0.03261685820275937,0.8608697469429252,-0.31938927208660034,-0.34167348016219756,-0.169387642085909,1.6042283663038317,0.6079577146248067,-0.36025988718790897,-0.31052187393219616,0.05059700944579388,-1.1058266660453708,0.45875203695777156,2.3877350285842502,-0.94069488227867,1.1169612467870063,-0.0732032708723974,0.0557630977163396,-0.028110230272090923,0.8460493551515507,-0.6418815855199287,-0.5146710295843071,0.49592569088133587,-0.5518556050519635,0.5265091699650791,-0.39028388661034774,-1.0201059903654885,-0.5798070542742655,-0.017586743780468535,0.03744335191853066,-0.7387675209436284
-1.5768478585518149,-0.14925722872376854,2.467837315777696,0.17555838209109492,0.6350232655710696,0.32929276857886874,0.33144334251977803,0.12886398991945347,1.3920546658689965,-0.2944832074019974,1.0225229061402348,0.498093461918429,-0.9435476057980954,0.14849125564147866,0.3398872562743981,0.7412205818547151,0.27397515094186553,0.8139944869188345,1.3334312586407562,0.6873025770487429,1.4549438758502862,0.020026392691417993,1.3473179373825623,-1.7001185509590286,-0.9405138364618842,0.1501590630320217,0.06474333439496929,0.9170166232167901,-0.11894523175226682,-0.17567801256602003,0.47885182686502037,-0.06476365657046573,-1.2868466878702545,-0.09043395113092419,-0.8716924198054427,0.9837071201298871,-1.3344028850298884,0.6301519168077592,-0.33288611157231274,-1.7075589104373465,1.6224990773971655,-1.007701185876366,-0.5258605015979079,0.47861247210375957,-0.6725386667996356,-0.42012676285343653,0.39475756870686984,0.06490292011108771,1.1750548738222784,-0.8457667602565246
-0.30315285071714665,0.7219326366496047,0.33097868938112296,-0.9431312491339922,0.6340055597023708,0.011880173250475745,-0.9275035030787375,0.17914295752841952,0.6451294971185242,-0.7669946420065497,-0.6414597414596961,-0.574565958112526,2.1148359243822297,1.6287909169235366,0.7378085107941306,-0.06643336749060286,0.4120032583825655,-0.6955115835354208,0.2523138295125947,-0.1436620094912983,0.2041973763026185,0.02076329450819244,0.6763928210282629,0.7556161010293215,1.370266513445262,0.33305611471175034,-0.7677098605946572,0.43655937017028656,-0.8473096413432346,-0.5853662312343411,0.1489436979720709,-1.3269691580432372,0.20154726881520527,0.02901181376077807,1.7797021586935768,-0.25320683979705944,0.9662654458830836,0.42971334603770694,0.8349803773666084,1.2918403430204433,-0.7154261006812238,-0.7916864936872053,0.3119093695714982,-1.5623635365055097,-0.5679972216430251,-0.9418594578490219,0.7648783977386288,-0.08767557889145361,-1.1863424676937393,-1.4546575647071514
-1.3335841443001466,0.5319831649930268,1.446986790567191,1.218703031141986,-0.7900504462607273,0.13139309461318843,-1.161291780514992,-0.2322959975744505,0.3708436318467016,2.32620366773312,0.6931637141057717,0.8285276407395336,-0.25811389443082433,0.7898043441257315,-0.3950198149051395,-0.42160053505962874,-0.5358604088000148,0.6464220325975886,0.7366200445486886,-0.44073618382444896,-1.0780306639389425,0.5015100567181516,-1.6439050493607206,0.23536164613261587,-0.23634513357429648,0.5634556319502896,0.3070046021146023,-0.262614314049571,0.09601559384189451,-1.6705755766468653,-0.41733993897750815,1.336991224188061,-0.10022491076675825,-0.673098417563009,-0.13270062090240695,-0.10827649100245171,-0.011173063551074688,-0.050302828112792075,-0.07146292450742481,1.37921056395517,-0.34980023501752494,1.6134582983938512,0.09206068800285026,2.02466834828694,-0.24814479088900873,-0.46485438917794825,0.6709972801582968,2.610498893756651,1.2056987152812109,0.9529104389633201
-0.8444742668403187,1.1208739522984417,-1.9867229415392014,-1.7512820991061286,-0.19798191099385457,-0.530773362173049,0.6793453712522112,0.2604285186388868,0.26508619546506973,0.11119724475940154,-1.4475284101013786,-1.3556090027517596,0.009355219791386022,-0.14732278564315843,1.365613866900052,0.062006672012806706,-1.4791655291068444,0.5500851678339138,0.35424695493352615,-0.41287059477263505,-1.0040447106196977,-1.587723420981521,0.8750595252474129,-2.898194088007054,-0.5999877375430906,0.41407938691669305,0.2771916069931778,0.9297185425017968,-1.0271836877305973,-0.2112974861037181,-0.18749173736442395,-1.5902438687072067,1.853777844540762,-1.5828695202841938,-0.17130278086732967,-2.552376896884195,0.7002881006550148,-0.70239991520995,0.01878576324213457,0.6655282637649674,-2.058453359022465,-0.0961655259807247,1.4707996745509988,-0.867382572014211,-0.7246415913709138,0.003895391725935081,-0.9870570628014408,-1.0601246345129798,-1.3484456615770506,-2.0228924102633505
-0.9963189187543685,-0.40925680598572794,-0.2435958276045063,-0.42930506055565953,-0.05897969417258612,1.5570226904579791,2.5124623030815445,-0.15649386119388584,-0.0845167435270129,-0.6582346161192911,-1.0071108231878543,-1.0395119387328156,-0.3861976080453627,-2.0595977103169862,0.3285891931907278,-1.1653337592772175,-0.5325459159269691,1.9396792091855117,-0.2747374913948218,0.7948851038177212,0.5263028726239433,-0.38750798342300663,1.2665050609912423,-1.330071853897026,-1.054449688753628,-2.0757356004799776,0.3588427057546604,1.8147814075546156,-0.610682780416919,0.6395609429667076,-0.7335794646208813,-0.9595775293022133,-0.9384421068560107,-0.33311545839309087,-0.9757911468014195,-1.33412547169241,0.045477141718455454,-0.02149201981474847,0.1549184299187886,-0.09821538055184997,-1.6420641375048295,-0.1788092777431596,1.1423915500697919,0.36434993600761834,0.27377724729845493,1.7287001296252191,0.021285421552102134,-0.16202597436911476,-0.779266410252654,-0.27969626990504637
0.3058062311054487,-0.2715565841614062,-0.34163329204634557,-0.4808471936178001,0.5340870096281507,1.2780256308522602,0.9528415739136747,0.0052514509558570805,-0.5288868687824312,0.6034309330091189,0.4150255279208946,-0.12251426064240882,0.006948641917772662,-1.4107442986626497,0.8186418098409866,0.10869701328107945,0.7780795114066844,-0.231898363473826,-1.2473520045255426,0.4608159285104716,0.17813619007900253,0.2750614043738904,-0.348621124542076,0.7581091943750708,1.3669355842395454,-0.34640326035833985,-1.121341333782459,-0.5141618002689099,-0.3542088104230283,-0.875781105703913,-1.2247270986131797,-1.0049284502171902,0.2565100508807948,-0.17758788569364756,-0.1620065758717361,0.47562501545363095,-1.9232432069719858,0.029740585740807603,0.21802733186641013,-0.10832443516155969,-0.16166574479465287,0.7461866230398003,0.20966372091588856,-0.798327176111773,0.46737853592799544,0.9176174210981956,0.9047731639890598,-0.39501469249437554,0.36614703336864796,-0.08359791339308256
-1.8831233643651089,1.7019775989426724,-0.8407935387528366,-1.307852331631891,1.6790638999281402,-1.2234351841066504,-1.1675555283597077,-0.20581334400763202,1.729327424314953,2.683941334459949,0.6142635219844719,1.4493626861471067,0.45157313498757934,0.24789271108080888,1.2635879280923377,0.8469662206909858,1.3796778360777255,-0.36929917762535613,-2.0229700944913,-0.05881452181667622,0.3599292557911375,0.5858222132309365,-0.0277250688502597,-1.2587136197647923,2.063429364040271,1.9831876323723732,-0.8698600547088204,1.0488691599361388,0.6700499299958129,-1.1461428662613509,-0.6831880189187195,-2.31257022118001,0.5552724821749773,0.25730303308728036,2.1756910043034092,2.1944027728480835,-0.10845416419463397,0.9291298989215161,0.5653960602536011,-0.27796108243118683,1.1857645753963846,0.8369554881443578,-0.10496563320245923,1.2738041414220744,-0.21900691905019956,-1.8219315183171476,1.8289948820406288,1.2485141395654937,1.1948459673371856,-1.8439167434517882
0.2401873503842705,0.9503028215070842,-0.06461564094133963,1.4244347560849633,-1.6062561066593544,-2.425410194694662,-0.8764168430333142,-0.9057148159583961,1.3417501302656423,-0.9202262106950025,1.119938109763759,0.897287931630103,0.8545027767033221,0.5888961095871112,0.6280119356820615,-2.0492955467687763,-0.5112633682658814,-1.9485393412760028,-0.996780174351958,-0.1348377706787222,-0.19190697233711584,0.688892954371538,0.00032352203220379434,-0.7733963299962721,-0.4782171863231805,2.116500511631464,0.6278800185336099,0.30871220967531776,0.7043474503749988,0.9893963996940218,-0.8313537108729228,1.9061793589152058,1.406078401003191,-0.4256410843258245,0.8102416119225252,-0.5786715438626774,-0.9118904523943352,-0.9582077621140874,-0.3787371473225858,1.4232816001321793,-0.7061286043985958,0.35378517839783746,-0.08722420998639151,1.9428357239470864,0.7921283845242729,-1.9865871161744066,-1.328757822946014,0.26662645146173486,-0.7482430733272625,-1.044363314086274
-2.1014392576670042,0.30801100140110305,0.8690726721203854,-0.9517115432727209,1.0934311179126308,-0.890886170249678,-0.4522999854930909,-1.039440779817329,0.19146166255483923,-0.15229168002256743,0.10493319903642351,0.5529782979613439,0.8500715902158831,0.8170089155358629,2.424635233760434,1.8152302913885936,-0.020208179503398618,-0.4884465982462458,-0.06906729052730264,0.9446943277581396,0.9083722421105864,0.2726181648526924,1.2856803410760278,0.08549863593227577,0.9665665546369961,0.991620864574982,-0.36023304696519176,0.7147413942921729,-1.506622501001295,0.06962117705932494,0.2128647156498844,0.49115959459934444,1.2716387409772445,-0.8348390274105522,1.55997743963433,1.0540152578572277,1.0289099639709307,1.6305446411681492,-0.1509698827497607,0.43955187748954827,0.8338331148823582,-1.196057046314414,1.195633380894832,1.6047849947610662,0.23962351988092323,-0.7992065574589513,-0.33439182470608037,-0.5924216994070823,-0.8563066897601961,-0.4410583633574847
-1.4501177417458306,0.8570038078974462,1.4146507781785005,-1.4601043144450574,1.9333362999239705,0.4913102987324844,1.3194247503247027,2.5545223460708457,1.302551077605846,1.0449566385180058,-1.9582199093990913,-1.1105437403313838,-0.9070745732843906,0.5134882295172719,-0.25889048181255475,1.8395399648355542,0.3389091616982054,1.1416516972632562,0.9993057526474315,0.4354924767495246,0.7225795967840094,-2.143341737289215,1.3798353926152895,0.26937117107225794,-0.5229687935741881,0.2779639511976838,-2.891588106148359,1.4211873018125403,-2.323314291542504,-0.2444953341454961,0.40998667221615726,-2.1333334549116008,-1.9054680067271181,2.004086051293615,0.6872118323023795,0.40462901618950703,1.07052552193081,1.7679273788240923,0.23385911988999422,-0.6270932777528435,0.8535105683996297,-0.70485601306934,2.2662182055518265,-1.5125606905765328,-0.8352073615796194,-0.5879489048084909,1.7528707063725,0.4961274429472551,1.0374467919372854,-0.8134117592500202
0.06609815553952164,0.767638932536698,-1.0163288978977394,-1.8287403740353656,0.6603093640825766,-0.03838180477688522,0.7622129844038449,0.9348701269041954,0.8497561449956325,0.41632410405289744,0.7776951547978982,0.08051532547616552,0.45337089677104814,0.090770881617388,-0.1929021687745265,1.6695357543335911,-2.715612972366403,0.43361405840575584,1.6376619144457811,0.5787058004365202,-1.3942724602242302,1.4943896685934763,1.2544028416264086,-0.5044027099198545,-0.6013405723331035,-0.2154898137219859,-0.20903090682437642,1.6635784465111445,0.0011025715775194896,-0.5305560131463983,-0.5083835200304022,-0.9613577771114646,0.41395380762974904,0.769782379295509,0.7721633395262849,-0.5711953617000208,-0.01908337224814731,-0.2392061336618006,0.778895269490784,0.7453980015433235,-0.21241963504091382,0.869085913100593,0.3276239832891207,-0.5448108096071743,2.0465934058159774,-0.39901146007133864,0.7983666415265437,0.5281533646027053,-0.5789587266770512,-1.085322979182233
-0.03759014788172846,-0.8125986672875214,-0.9058543150770434,-0.847046990411217,1.0228779924649456,-0.05318141760172907,1.9125732714478,0.4041786211867873,-0.9043027382625646,0.67289881453447,0.4357607448441556,0.8904801613669708,-1.0256782419850867,-2.346352109437615,-1.5739705960311843,0.9079378700713566,-0.500987977447122,0.7304670335707523,0.31385036381548154,0.860047399837077,-0.2021391325689149,0.29407947820529745,0.5791901403259063,-0.15731418296578156,0.2327243568736653,-0.7292361085450922,-0.1349477517187078,0.7796602201706494,0.6719490208754239,-0.12576968450660825,-0.3335426458181261,-0.09544865354415992,-1.1469053013762158,0.46366513330258685,-1.1596382869287196,1.062672179910549,-1.241197761776182,0.024006648406865283,0.5271130359602203,1.361645411669103,0.7223749979981045,1.5833178326375177,-0.22025432422416283,1.7342674860680978,1.501394606555439,1.3142614788120006,0.004110894412563228,-1.6869653202752457,0.027987523706999543,1.1937837881850963
-1.5468522473362543,-2.6268392419765787,0.1817183828304286,0.9788605698626385,0.40876333116303254,1.475660703861464,0.5030251536997472,-2.3103007794758947,-2.643875237238905,0.214055044051699,0.21547357953669768,0.7497023431298248,-1.3377050763764216,-0.9512708651471476,-1.5559940559913485,0.09832264083208138,2.989547446799179,-0.20624696666657835,-1.4651484645265296,-1.3353799384392278,0.018445745038460193,0.9397959255597134,-0.9641755443578185,0.7650927095199525,0.6767116388702019,-2.6104542750338524,1.457127063617147,-0.7414038390298192,2.5906166001588633,1.8503764714471111,0.6562773623242937,0.7293069062132346,-1.300360295542169,-0.8252496589597325,-3.2985208512997883,2.1774173176797915,-2.4060234040361257,-0.011744974190749677,-0.9179986931586428,-2.087745083233384,1.5057083101900635,-0.4694954930224398,-2.460267337826036,-0.5125226847341795,-1.1434559831269733,2.4534602110710786,0.3079175603169643,0.05758486388527161,1.5987292652013538,2.3246242159630865
-1.1002117540159118,-1.4135367935555034,-0.07195356544284869,0.1101440450349588,0.23549415351989994,2.1056561562149647,1.104310932743647,-0.05153035420802375,-1.0038602078006424,0.6181163391663033,0.732135481308364,0.8113726377173482,-0.7360627351061857,-0.03512029149950939,-0.7999109852463391,0.39415080805913844,-0.6204012717379395,1.4006088572404407,1.1398734530343562,1.5371819863345173,-0.1258108261229632,1.5199379975532676,-0.35366540717237904,2.1961934212733407,-1.4933387982764554,-2.2629220493291595,0.2450061623184691,-0.6057877975506657,0.4792217051173071,-1.4432325579763103,0.049056505614689716,-0.6691397081715937,-1.1625307452140667,-0.5794071269819475,-1.3481575585177177,0.2703090077703133,1.2605814656314318,0.5132318145145396,1.5308754483527922,1.2559311408326117,0.37808070671699134,0.09552195748002121,-0.16720136956794907,2.3914430714460386,0.8507932679108716,1.7896747484206756,0.012176710936124277,-0.8167013561166362,0.5044181323572919,1.1257643319715798
0.17288996520355995,-1.9738029773101764,-1.5382596829985553,-0.903416086321593,1.3751625486483048,0.2990409043942491,1.3595839749848138,-0.6685863014834381,0.1501504615103261,-1.6106955979018907,-1.004743329717853,-1.1662772267590205,0.6051110822257402,-0.6763528376916497,0.5645854583238592,1.4346286972526348,2.242482453440357,-0.44308525542609234,-1.5972785104631704,-0.16572151839430382,1.284041192705859,-0.08883932983369205,0.7837244864951917,1.4733511280389358,1.0678084364207372,-1.0852892959775804,1.0772501904737897,0.7404755097468178,0.5900827117282588,-0.9391274640264774,0.9912893707231186,-0.039353458250295105,-1.013041230259145,-0.6856325462315793,-1.7073652000178146,1.8825328089028965,-1.3999500611733138,0.7418264110403022,0.4301567673341014,-2.146158581468395,1.0155491604511753,-1.9860349893673244,-0.8750197454216687,-0.016640727746625717,-0.7120836822413965,0.8528443799181556,-0.298630486442134,-1.2850250417340432,0.5842449368562184,0.2013370471827379
-0.3783142770949561,1.2709603642992349,1.5505231813654248,0.10183761583617039,-0.45249250770016225,0.5749993416818429,0.9834410313881464,1.1742291754792673,1.055456750870845,1.2289123205330175,-1.131744439355269,-1.051215103843279,0.1492644155215758,-0.4822562543967574,0.19002793113380972,-0.6770674806003325,0.14728608784853656,0.6418323563879595,0.11961063829029271,-0.5792660249027415,1.8834839548604994,-1.0326093241507344,0.360611946666955,-0.14023049563911055,-0.0978102777099117,0.9148470666928625,-1.1623016701213014,0.9155933722089084,-1.5779575676715916,-0.6472345630879943,1.0904978954891638,-0.39540659583454235,-1.5047968389229749,-0.30837935221951246,2.172342306989777,-1.0554408899557672,2.0135790646580234,-0.6174541209605967,1.269029298481416,-0.9046871011528947,0.5990660214491111,0.01008799325630229,1.713829786348585,0.18943907284190992,-0.43460459270422547,0.26601799371064627,1.3027063229702522,1.3708006564806103,0.3559529149812998,-1.3824794238719529
-2.373482482428465,-0.5276611098900067,0.042822242369898,-1.7579487338218331,1.4206799035748525,0.7044387762734448,2.928296437947477,0.5690238165864956,0.2049725648739825,1.5738013552428909,-0.9938406197820716,-0.3643618892923551,0.42125944005301136,-2.2352070067732077,1.4536625353735948,1.258449999783961,-0.38355097297938,2.709588582609847,-0.40718909018443494,0.201057554377832,0.20351243726021936,-0.38754795196063063,2.4972033995148384,1.6904278462404685,0.29007326937541034,-1.2040640549926689,-0.9628406677021121,2.125047132559052,-1.8489873269281467,-0.49866148764082263,1.4040741142046602,-1.7241314228044147,-0.618684029656332,-0.22794915231582202,0.14745465466888794,0.4659932702889522,0.7370593105228119,1.3529486537952429,-0.18208922297334143,-0.3340412178758587,1.3576398967676313,-0.3297930209556731,2.2948669762220892,-0.24166731980474376,0.7107870934192393,0.7518267071243872,0.8966267788877343,-0.3951694383401454,-0.3197741523770091,-1.2105286565483033
0.7247102241789064,-0.4034208719673866,-0.630846409789527,-0.03826571979072636,-0.3007503597658638,0.01846086363920541,-0.025002667774907315,0.6642578160294722,-0.6980118395975785,-1.3910176681533437,0.10223979772073234,0.5910962189373996,0.15101113782352468,-0.2593381845566055,0.6805492678845915,0.37920452893036377,-0.6369247516436408,-0.4368905292042322,1.4458273485170028,0.2674297296051141,-0.48391028530289315,-1.0189997584553514,0.4490691479965171,-2.159904750800843,0.17837414103481547,-1.1138864037504994,-0.5735481686375838,-0.9946816405635551,-0.939568459318945,1.0843409618299944,0.04104681489203067,-0.5111108619604826,-0.006648580059194155,-0.3098730575224343,-0.8229695248006005,0.4210720313842793,-0.5763416982340167,0.6585215677781675,-0.7289778440107652,-0.2964898521538831,-0.18070512598241303,0.5674176146486791,0.7923082096885488,-0.9331931088146759,-0.12409301388602711,1.0609441044286365,0.09790823523972662,-0.4111938487168264,0.5755397058572487,-0.3740962810761905
0.7966407716453167,2.1411783110337583,-0.8529852690100079,-1.8462678131857202,1.0381400884487841,-1.4023427907345047,-0.6750855031260499,1.4910432633248374,1.0316514289968686,-1.0253528650676904,0.25028414071719574,0.3533996314774104,-0.21720297969715818,-1.1248711123540858,1.2420077206475233,1.109781880505038,-0.9859860577652264,-1.4026949257384993,-0.7583239301910458,1.2719293406113954,-0.6323348294371826,0.6864556220271099,0.6488755519284255,1.8167217383168512,1.6204981021543292,1.1037398516670516,-1.571374447636533,-0.9256734163903535,-1.6512709074911338,0.7511408416924434,-1.2632370399456694,-1.9612165629302036,0.607667036655767,-0.0035715079808113343,1.251226420484343,0.036206467223883224,0.4219658129812887,0.21860256617979082,-0.10744782875061869,0.36724940050554733,0.5342905442704958,0.38604960985636805,1.9297479216978823,0.2571439745543336,1.1304545924894733,-0.7548188549224291,1.2641652000964658,-1.8837526526342594,1.3281443326304316,-1.7809919947958133
1.0095946892773981,1.470119504755375,1.4479701593326852,0.46870975003566395,-0.18687594101387828,-0.3628594372585461,0.7002580047681138,0.48564194498234764,0.8791885858562717,0.3976622809156508,-0.24651147308752078,-1.081668343753482,-0.07558274562195684,-1.1055466683833155,0.5646581626307015,-0.8349739586885732,-0.3503297406018414,0.3938332134684733,1.0441012067972257,0.3120246700839626,0.07088424102978629,0.0604522159678528,0.31487581174208695,-0.2924237362027497,0.03988614737815573,0.07555200603735084,-0.953931369588847,0.2146342585716291,-2.203975257052006,-0.640301046884489,-0.5386182269664619,0.18592920897683354,-0.7369596312329605,-0.0006310880594012063,-0.4858114378940232,-1.5484355373380088,-0.8837917186297355,-0.5499818187902512,1.1946282106814943,-0.5986750478814579,-0.5702037912957394,1.4250792249015973,1.336730749139124,1.0463368964365516,-0.27450822778198186,0.37939221909776216,-0.7550901727634535,-0.16326213976923468,-0.16621190411368322,0.45994859620273393
-0.8130546969438153,0.4801698474403172,-0.2140709902004555,-1.3337163686947702,1.4824518552513364,-0.1671048337855785,-1.3518811612944308,-0.3344641655466509,0.6679741132548337,0.13668463979749582,0.662286424709161,0.07713174093394337,0.5607527952463238,0.8311132779411387,0.07557946236776153,1.682104040374554,-0.1886928133818673,-0.8940828328586814,-0.2064148155218994,1.4429380336813404,0.663254405521566,0.9027006264560643,0.5201307156384205,-0.9561283496595225,0.44739153043032903,0.9571703411259956,-0.08248242539288525,-0.5599326386185227,0.03455481180195602,-0.9114565472967122,-0.7309760672372315,-1.1988419101620003,1.118326552882829,0.2393961969748183,1.0605310847784317,1.2813166095204185,-0.3941822861463098,1.6740279391162043,-0.23749560910813153,0.41729143111617883,-0.021797712022507708,0.09276933543427086,-0.01987965571662298,1.263678053065035,1.0474846816599719,-1.0249683552956343,-0.028553671127862067,-0.08387497725890976,-0.6878384991367297,-0.1825779153623384
-1.3165058286237186,1.382633515397139,1.5188979062308388,-0.3442940384036905,0.5717581798081042,-0.5189739302084121,-0.941256506636489,-0.715617754476373,0.7677747865131508,1.1291513166174179,0.6396942186109988,-1.009536638716837,0.6195375453791522,0.7383542837641273,0.002522020521082737,-0.1646558762066032,-1.1843175724480604,0.9760946743586526,1.8491181919453146,1.5689343237122364,1.2459205672691818,0.863432539054958,0.7081587808650955,0.5973220193349484,-1.387174624708594,1.1687404415032194,0.7698070452428194,1.0290079152627147,-0.18206640420013676,-1.3574490208882213,-0.8984530843261105,0.16825524590938845,1.512216524195175,-1.030164129335046,1.6768553007305405,-0.8203688881636905,0.16549609184047934,1.2865056392895722,1.1690553990371875,-0.11170185798547494,-2.926353293947026,1.4215423421491513,-0.3479649132158366,-0.010671679991050304,0.14933902569682808,-1.154319949010626,-0.24178275193735868,1.6097003833052121,-1.3549487468572923,-0.00014370911670422064
0.8984019844837902,-0.5574033848693236,0.6395257199281515,-0.9058690478623868,0.36997238490277495,-0.7542688402745426,1.8022010588941944,1.168444293987217,0.3360876997120811,0.10362456655552081,-1.308067087952311,-0.31010907194280635,-0.8801551069614796,0.294879438397592,-1.9283559676782172,0.6018969447916749,-0.3773898957838167,1.5115974526898412,0.20900351162687256,-0.5637550944381939,-0.8057264491898687,-0.6601647643069849,0.08461634476413682,1.24182951284874,-1.5153857855105466,-0.7828582216908607,0.11797737114847748,0.11613171202811419,0.9996109530610117,0.8387956842760736,1.5005370723828577,-0.9858118755780866,-2.0676297121268514,0.14926682399429078,0.5460966920135383,0.529535967927434,0.9900389613292523,0.14015062299362135,-1.139149834752694,1.1121363146308672,0.290351347749996,-2.1326515377562925,-0.09190648749702447,0.1162344914920623,0.11968626752176807,0.4422529609403383,0.9250924836591539,0.26735448664308714,-0.019256085221062733,0.15802304752981028
-2.1154347662672075,-1.0338936465104545,-0.8083174657261605,-0.2888219705953397,0.991465631294651,0.6515982285844096,1.3789479173189467,-0.024403902299721846,0.4872946251611445,1.4481024525950372,-0.05945140583279738,0.5876615182865695,1.3329275194455639,-0.6578930955933968,0.7050987114549495,0.04369315520864235,1.2781700144274317,1.8144784431222467,-1.6406912701231722,0.21939790835193743,-2.653238961832634,1.5206696222159817,0.629211845810406,1.5824709215231505,0.3940837500025809,-0.8059561113041601,0.49585006583754077,1.516837658914393,0.8066199999122122,-1.9287271660364207,0.23013590975743833,0.4246419452592455,0.3940493217498589,0.6419870155277777,0.24540141486738393,0.631626382652396,0.2452534785048567,1.0642178196898413,0.5475823561174278,0.6395004521545798,-0.5244373540226017,-0.32776818212766906,-0.6583110316653673,0.687635329479916,-0.1498992006403053,0.06639242994496533,-0.45797735458192873,0.23484386811100824,-1.4871199345449164,1.9892125668246652
-1.2821059894068498,-0.5728647189810957,0.30346214027949137,-0.9866895720306664,0.8552225063069957,0.7310297615437272,-0.14552518847240076,0.17817049501259172,0.09732997805828428,1.0512996310152636,-1.6369544098512274,-2.5722836976167818,-0.7304162217847044,0.09155779711876813,0.024210928421135737,0.8473850583792059,-0.11526955253565178,0.051969520457839466,0.447355296838522,0.13707523772985467,1.934808517724593,-1.891312982196884,0.2912986715793224,-0.08351670503087036,-0.7620359170470442,-0.5157922877722907,-1.2786880249863148,-0.04307549944991479,-1.468161225787404,-0.5635412818563976,0.622801290339879,-1.0354247213636019,-0.27445521267218337,-0.298450482325581,0.4423624862465579,-0.3972125790444809,0.5241641001866028,0.7395288398814057,0.6078308249710503,-1.9461567720830097,-0.6631769919462849,-0.3491682571007225,0.5659106905039423,-0.4666279709875863,-1.7692996650513757,-0.15912931224818982,1.3844221537722885,0.512767069551185,0.008253214969831918,-0.24947055731716186
-0.6398958058804215,-1.3806496608220156,0.587294123824512,1.4118562547523905,-1.135272379782217,1.3873848290908382,-0.9111105869204317,-1.646795248879791,-1.4975060433384806,1.4250624268225864,0.6026586542571096,0.185005307679838,-0.09653439337368017,1.372841751269936,0.04636473363975561,-0.9411545997828258,-0.05522030722408134,0.3551406451333596,0.41289140522531376,-1.1325677616639722,-0.1148114700342681,1.0476249536141742,-1.5849887423850793,0.6167378066265333,-0.27415773545330274,-0.8144748945669513,0.7232679270585048,-0.21642329384765355,0.3752659508962634,-1.1933151795937988,-0.13993958826159558,0.3754988545138481,-0.153543598661988,-1.670238829558523,-1.7456320693620135,-0.5421951122266823,-1.1781988803807315,-1.651908956888815,0.6673180592475121,-0.7356355421092254,0.1956680132765439,0.4308824329121633,-1.2366595425811067,-0.08155059704354825,-0.3697461951426785,0.5306955516014686,-0.12495228443076556,0.17755965726676165,0.28774480064623387,0.2426670056738972
-0.4022515411380225,-0.9104858206394054,0.9449286646999387,-1.0227614856716924,1.3764336559425567,1.1692340032135697,0.6897714475818152,-0.41188293744570725,0.16569703856869983,-1.0029903626539194,-0.1880180313945967,1.0904449222281973,-1.4846813002743493,0.8599295304947473,0.05213915362287016,0.7019823910237196,-0.06270691131722644,0.08258058941857013,-0.1078652290599615,-0.2790377310487556,-1.8333819014781698,0.1464572969409337,0.6358183177205364,-0.3806285922717489,0.1482395637141184,-0.8651665702248938,-0.5304083184245596,1.2762935895456686,-0.6915874531748548,0.0962260993939649,1.2517281100115685,-0.6536021314676724,-0.9714397151804628,-0.39791314158301766,-0.10006247901948528,-0.22831339747503676,0.45732599933579104,0.6143239413229513,-0.09735967721217127,1.7603008029646938,0.4435774785692612,-2.192949274200984,0.13075805578564564,0.448564345281599,1.40665778855273,0.9871370329936664,0.8159118183495817,-0.886402492668431,0.6727696503616679,-0.13588043876327588
-0.799661021971551,-0.38062716959934156,-0.3572196205047546,-0.7855254098130252,0.5266462342299398,1.3726794062964265,-0.6319122299193942,-1.6700935677591608,-1.5799111263188046,-0.6399749044590065,0.8902381966339313,0.6966592687445202,0.013799825040542717,-0.2601933836696444,-0.21871940231379783,-0.17556620727507544,-0.01346821944256904,-1.4596630872298268,-1.7105420595566423,1.0239206795727727,-1.5075303208785313,0.6262647338387483,-0.8144366281331171,0.6175108422662539,1.6750807004313597,-0.9524751573363237,-0.03694860301373258,-1.4513289342643445,1.0508310490667983,-0.19067777967089347,0.3248280783137591,0.019024434222650162,-0.569819572545502,-1.0001048563201709,-0.4016787448252846,0.7935824752268369,0.560750625574211,0.1909370874001025,2.1628055159274884,0.8960617025745047,0.24266674215129796,0.2110229608853446,-0.9194573272948332,-1.0040903690836054,1.4181712461213785,1.3119482548710713,0.9504943374649041,-1.388863787380949,1.1335442363625656,1.403723963231138
0.389222173133536,2.059632277828782,-0.3650333554440292,-0.6992437495398579,-0.045258811471880094,-2.283085210887184,-0.8068957832573586,1.9126636780096076,2.3320647137144563,0.4402371659813814,0.5675815502182581,0.2823556011227988,-0.7736646541225917,2.2412732862391938,0.6648211993930823,0.7513680205270648,-0.5770634913411609,-0.7951673919915975,-0.7072813135815422,0.12393861263892521,0.5579945117070856,0.5476250982988238,0.9548064008470323,0.7439748333617562,0.6917907273495676,2.1202711355874633,-1.3302795374687075,0.917064294410903,-1.405050547246291,1.167634553131222,-0.48359904981499763,-1.228526001282136,1.3091774344234615,0.09806273436139408,1.1896971819045508,0.38007051965648264,-0.3552041425093036,-0.03781017491919796,-0.0777184267107864,0.5018467961542638,0.7956736757594658,0.31328366916370654,2.159295213630582,-1.5583361834113287,0.8812253323582881,-2.1759200035625974,0.724607196808771,-0.8478037401782917,0.8952919605099966,-1.6162083810796775
-0.8861113614112397,-0.6592827902500185,0.9029401389585455,-0.06295832687330744,0.005902425204488463,-0.44720114350209644,0.07104013125382273,0.4316086541303732,0.5133678349430956,1.5040245230533607,-0.17862344863016802,0.3649525249531338,0.522403739591325,0.27396134218151774,-0.2567487725387024,-0.34825086728894905,-0.33769924670915946,1.1296553844221897,0.9740154235790501,0.22468301395663634,-0.12178760230007322,0.45059461614311175,0.4645470694802692,-0.15690698160574668,-0.9806438035827986,0.39985683659804966,-0.19383521228037467,0.3279936363806737,-0.9203794223575502,-0.3055529305901527,-0.24023995043733323,-1.0415494560945469,-0.14083085590773334,0.03448703781236856,-0.029115863420868773,-1.1175008178235066,-0.08704778311637155,0.4064336399291402,-0.9922193264932703,0.22713840097068363,-0.630960036670004,-0.8609518514805388,-0.14023576589475,0.7493100736411297,-0.6370608599112624,-1.1145882738527821,-0.6127548163128324,0.7622519397440248,-0.7658716920563656,-1.1056216468431397
1.5489800009229295,1.2746091103881279,0.8210819554619172,0.43648058894733327,0.04964117751719706,-0.7516621185069964,-0.06073048242335356,2.4666060867894446,1.3551138503375528,-2.136198638658608,0.18835957241100443,-0.7984721494365494,0.9187579597595956,0.4045899183216142,-0.6484362386148639,-1.0201828516030071,-0.13503267616851128,-1.7730607879903864,-0.5834024545638345,0.1520038349069162,0.8543276410434731,-0.19263528825589193,0.21558620375162618,0.20914291210185645,1.227307556847951,1.1550378005432063,-0.5235765744690405,-0.3888442084848965,-1.7682238398954289,0.8679959753519094,-1.2439189742890124,0.5137876644475841,0.24781244275648298,2.19775421950144,-0.01984392632900894,-0.858838168044238,-0.26311874473605695,0.12545930776996186,-0.19135606406530364,0.5916052746454916,-1.4518153866305537,0.9445443119400847,1.4832847907765863,-0.7164363919114394,1.4496359352097286,-0.7354511722762702,-1.7586342468387386,-0.788212065251323,-1.4453057127553135,-0.37476053691851935
-0.9684260645417867,0.5517974610783665,-0.8418611829703738,-0.5270591243715644,-0.280869675298158,-1.1129245173308495,-0.4398807258636433,-0.3635220466243798,0.10669356761763944,1.0213144531496636,-1.2378813083008273,-0.8689495707608296,-1.1333677736237093,0.10571059933870672,-0.07057892450285744,0.32164481534202616,0.4119644619012052,1.3546502230241342,0.42865514178213066,-0.0778080108242125,-0.24078101173469002,-0.0781665061030163,-0.4432218815525051,-0.0058408344170289795,-1.4785263879645079,0.6460132006079439,0.8621454616786823,0.16610206473773262,1.377733074109384,-0.7446582038734981,0.7941999216562936,-0.5365642845467284,0.4016715732567353,-0.7473997353150734,0.7016190245699618,-0.025904498484089274,1.0102179219729557,0.5536426636751165,0.6369523438728816,-0.9128314489532482,-0.8723138689056663,-1.0468184492396,-0.8186008618810748,-0.10546968836050533,-1.7735296088833932,-0.0035371177365056635,-0.4014886083176158,0.6426202824446973,-0.5044911168605117,-0.5846197028611647
-1.6678842241352887,-1.4505055842092747,-0.7876225860275049,-0.9878115531455584,1.2675571728402124,2.287385736261246,0.957065035216988,-0.4637360478409286,-1.3961781423596074,0.8344044556450303,-0.07253364527620804,-0.680875946387728,0.5163700510665472,0.021032867523519776,-0.7450575894874826,1.381224337957827,0.509656747109962,1.114711795633045,0.19215754535553353,2.404028263549642,1.1580831236730502,-0.4199829265047447,0.7629295782376471,0.36096119851534747,0.21675168903030134,-1.8013020470197587,-0.9584323473533576,0.3100893478793807,-0.5784031040483334,-2.688750674067657,-2.286946722888523,-1.3797166492575617,-1.4027471042667436,0.7799602817382747,-0.5539759910478106,0.3568249313830972,0.4259351297241174,1.7933927086699215,2.100823895347771,-0.6140557711154436,-0.8434860323575976,-0.34400863969279794,0.3789618386558801,1.2232970976291646,-0.5543374168125065,1.5190929174510917,0.27116490910552987,-0.14117006895046177,-0.21854277281294762,-0.09750918008373968
-1.3811168620251937,0.2573061792016695,-0.13626722821719095,-1.5193645394462345,1.439322038084404,-0.5682024387345783,-0.5451891867138543,1.0922072668338194,1.3742747037738872,0.7613719449032301,-0.145329485292833,-0.08022911766958711,-0.7272887807189565,1.0775152451018755,0.6018733011505936,0.8930826632081557,-0.43484602759330954,-0.7535253167148954,0.19438262436612344,1.4730998397658477,0.1396537308294871,-1.7757545246876993,1.8546934823728731,0.5975711380194183,-0.24750347234757386,0.8578675587913813,-1.2064914749040234,0.6697431418505272,-1.2318768155186128,0.7996142250870519,0.14984147017918126,-0.6940645716054308,-0.36013201266785866,0.027274649249852533,1.0434808120370282,0.5739647112799754,1.1914046413857629,1.9332612390878063,-0.07605998554954656,0.3634042245848236,0.4269166838917685,-1.445772189070339,2.3999294932016166,1.0360648710293137,0.9291824892400554,-2.055053215998305,1.5917131260499287,0.33799116768012555,1.1605707552853357,-1.1181183137168802
0.4528263089511992,0.06000428220735631,1.2423947141112406,0.8519418070497388,-0.14626245887002476,0.32224532884277673,0.32455171044841935,0.8200853556643257,0.6626547945317789,0.017986004331666795,0.42424441645901884,0.07306989742330516,0.4407675764794123,0.08452674695812636,0.2740691695081743,-0.1948518443548358,0.2655841043963654,0.32335695554608945,0.7163151240534897,-0.10252068780185856,0.006672922862059592,-0.07019310270695694,0.856366315246947,-0.8671924861055313,-0.49619051576228407,-0.013873867877435532,-0.20573267295851225,1.119531563295581,-0.6017603089426583,-0.6465025842277569,1.7836891885770407,0.6735242328396001,-0.9568569381912522,0.37141997384176756,-0.13789573214368292,0.3091593402130501,-1.3161165582639278,0.012793066062221855,1.2561971862061818,-0.5647638678234326,0.09440339744991876,-1.2159423362980608,0.6780584376790957,1.3203688005326988,-0.4432776617289025,-0.4305158577572739,-0.7653194069714383,0.18572725778131824,-0.39026905249523447,0.002835703730905638
-0.01830662133211178,-0.4776405532935867,-1.4745015453714962,0.6818355359866521,-1.1313294742713564,1.3120365298075674,-0.2836552951798433,0.5134885462779212,-0.6130050605596801,1.2853517427410637,0.5511894845235424,0.8831064618924988,0.3511177631240979,0.27079119923169354,-0.9219910253706378,0.12974927645073317,-2.0906099341224422,1.6822118763557667,1.6602371194737668,0.4654956685674721,-0.33192003247347834,0.24794411912580772,-1.6008114000638731,-1.0455397959910853,-1.734666507276479,-0.28606273032666774,-0.7847358093581305,-0.8653735797897835,-1.260086040299633,-0.6422939873220124,1.5376065501529457,1.2040281766767982,0.8953592271263703,0.5755636174324334,-0.002003553185851431,-0.6805515169014359,-0.1938381437956131,-0.26839133855880765,1.5050418192372366,1.204125661022386,0.44108042052849117,0.21291570746308447,-0.6474134397856227,-2.236109662513692,0.6910967063490278,0.5474806549089286,-0.8236950157890138,0.9465211276409236,-1.5091495678915585,-0.42128783717908047
-0.06077026309421588,-2.1165885426313795,0.23652550010335563,0.1205014278456696,-0.4648695459346035,-0.23568524305157956,0.5737458067490203,-2.0271723388522496,-1.6803372753535601,-0.1491446893782816,-0.41476660889932176,0.6398225214079908,-0.7268676526034202,0.6471152155840332,-0.1804173376034805,0.5227486622274172,0.12528011833856614,0.5680423256690995,-1.1307564088315827,-0.9091344071141099,0.09537556894546416,0.19866170280364043,-0.5033280780064564,0.9347015274340017,-0.029850895299956524,-0.2597616245132736,1.1570157967902632,-0.55782889160773,1.9120606512256186,0.15429202926081936,1.191814524035439,0.08814131363622943,-1.103754631650881,-1.1687593098202556,-0.017092088716219783,1.3535196699638012,1.0689832742087482,0.01337375700541454,-0.0426417377638075,1.2890659380527871,1.889905964773558,-1.6694056845480176,-1.4096894304822527,0.4258555856121019,-1.3742396625524156,0.8695543929805148,0.9230035938267152,0.8136928489898312,0.4630102584635941,-0.10640925132243875
-0.7906373433675398,-0.13211926887336184,-1.7402294741059363,-1.2326031668187758,0.4084912927849685,1.0957309163926563,0.5111889784521421,1.7984731217115864,-0.08971807602259253,0.6874757416262116,-0.2626007114831438,-0.5574226233406043,1.129765975751053,-0.14998849744933965,-1.6632714085050946,1.1720992593355801,-0.8097377995182409,1.4513073569451398,0.9537897687778952,0.8125468477964106,-1.1665818195258968,-0.13098174322790843,0.7888085184125206,0.24402139440746912,-1.3890256879395093,-0.0026808499830286727,-1.6193593516550824,0.5151416744097199,-0.7960622155553478,-1.2884863228678816,1.3777123696846525,-0.7494939146166649,-0.5817418524684482,1.6407693672484842,0.14230350355595522,0.36227777439407655,-1.3647103242529124,1.8872272270971138,1.7855503688988235,-1.1682781286391366,-0.30922699276870425,-1.1862556053045172,1.8662111955780276,-1.0141740592780446,-0.7483385237330819,-0.18300306464543772,0.0684140367989695,0.7917397731286381,-1.2537014562272448,-1.1635432449203267
-0.018847393033416225,-1.1442671481446052,-0.4399762215071685,-0.9891247406940401,1.5074230667279858,0.38515885527733795,-0.42363433177820736,-1.1520945652429884,-0.7205436686472089,-1.44785746694251,1.6611814737699206,0.8559500543565443,-0.2187989433785323,-0.4633622241322197,0.22081660182160748,0.9494142349886022,0.6807513365631189,-1.6007134385325616,-0.771288929435662,0.9835544100524133,0.6335684898438623,1.0498333458482036,0.07682353821104619,-0.35754365936683447,1.52872196749839,-1.6248820861449953,-0.43837078867141516,-0.47761330476833236,0.4901539338426976,0.920462972340161,-0.6326804160887257,-1.5557158420574664,0.3855535265622056,1.2219682551400628,-1.0231387890231223,1.2412182986700004,0.6613111977183928,0.9895787264554174,-0.3409993648869915,0.4398531866092242,0.14624289993092957,1.840286424321484,-1.0027339412374132,1.6360242975695607,1.4136261526387255,0.6732223449470528,0.48800236185630735,-1.0452958973381228,0.27576929457352434,0.01999238490559979
-0.1421838136595824,-0.056255006280580756,0.37752354709272357,0.533019108504348,-1.035142790149939,-0.8203075876025414,-0.1384248019583607,-1.0990145212609341,0.1603753353155962,-0.0822781207214676,-1.8702897979470823,-2.1772217688936037,0.45717252850938744,-1.3650598724261556,0.15715227814551871,-1.3327503851221632,0.4729108150893622,0.16510380492034227,-1.2795249014515193,-0.20909335690070877,1.166166930291393,-1.6368421130845225,-0.04511105592756993,-1.255826443367597,-0.28527396511681546,0.3848667235222263,2.2013338398362388,-0.3577229357957529,2.327916006721209,0.4745018965494358,-0.4464471379505332,0.7189038031479315,0.2878714312126814,-1.9211081286518743,0.4383442062695,-0.4491118709956862,0.8415421094372983,-1.4856982931613285,0.7542687149889256,-0.46448486737215516,-0.9725082460443031,1.4162325326878629,-0.9941089173386422,-0.5564926509289054,-0.06098639240616193,0.04072937814868078,-0.8137338815273919,0.5551090876442778,-0.003856416252835301,0.4839806710424487
0.9735572055609134,-0.9120059075513619,0.04653410452732749,0.7609540970175616,-1.2835663310691237,-1.0414084499252325,0.1985906145219443,-0.05334209825680011,0.43343758510953134,-2.1204142656331593,0.6499261656485565,0.3499485045496474,1.0911477553319913,1.045346636629682,1.2623080158492324,-1.6925437317210692,0.6341510868267197,-0.8511306731063392,-1.6306361297966063,-2.4520809445423604,-0.49549847958813514,0.9191428881525189,0.763215922195968,0.14609797974997268,1.083622455659453,0.2443999452582345,0.739952370237738,1.31823942350294,-0.3719070144187197,1.5416129850519817,1.662137210937319,1.6674906913639904,-1.162804049896031,-0.44546206221073,-0.9024204733502165,-0.23078304628806168,-0.9830801439684153,-1.4206008007025748,-1.1171293944540859,0.5033593084529896,1.1083753007665946,-3.1086925662621336,0.1302461658737664,1.5333066530061112,-0.7571710398044039,0.1895444061086814,-1.1599599680815342,-0.9987034379946137,0.008045482243398565,-0.9624362521823384
-0.5882292237715179,-1.2935242684677617,0.710982761503525,1.7336989610511162,-1.345842217961362,0.7005138002096365,-0.403358524839763,-0.4396201332480341,0.2708073102859414,1.8112029498615556,-0.5556267595091134,0.07715010640463436,-0.5403497276797964,-0.5817075365141945,0.3762851369369301,-0.3049207951211424,0.06766006498394495,0.6176766503033879,1.2860669943179701,-0.8187587665432793,1.079605057812036,-0.3184999449000023,-0.4202647912420494,1.235008262252,-1.0034224044460396,-0.031616343449109206,1.0573324336051344,1.1911381017988196,0.5975016147079918,-1.2563108576565427,0.7721570995857432,1.9758674327515426,-0.20326841130079307,-1.4748843723564655,-0.1880697194289809,0.4114025285961765,-1.9558960628729796,-1.1065142383258657,0.13085655325868426,-0.44934693759784744,0.5777009221458151,-0.8711298486342915,-1.0653684647438728,0.10897740659524928,-1.1791898825226272,0.12146245016220286,-0.17181472047125365,1.6035686516065677,0.6252254404017203,0.9586258606887381
-1.6416735793894535,-0.910063915148129,-0.7898815982642432,-1.8337227370690394,-0.01782132041353272,2.3185781757291437,1.611422369019486,-0.7921413929951859,-0.1467302797017799,1.9424996059719675,-2.9855972087779263,-2.7159316588037914,-0.08266909579408323,-1.4101081978426342,0.2115998784743762,0.38974487174418165,-0.08533283304938095,1.489527873864555,0.26594683279885145,-0.05540620431748582,-0.43153534613124694,-3.2868015757803977,-0.11052145801879938,-0.6373092757809665,0.28834947445293313,-0.8144323069784658,-0.8882618981250452,1.7530024031179858,-0.13324836025099604,-3.27051884644824,-0.5721421611612956,-2.211058089693269,-0.2921979998777307,0.31160541771405403,1.1060100397164065,-1.2885819160998166,2.8449763499666214,0.2691888537112086,2.9491591901778693,-1.239734049779006,-0.6868961050446312,0.6191705226436175,0.31606742834946355,0.3456336011678383,-2.1042676533623696,0.47864831947963205,0.6654773368181457,2.4903137141808354,-1.1222754756004185,-1.018844414614389
-1.4590270287956062,-0.2320750790313542,0.32970044344223365,-0.6481373176506737,0.2566175902000344,0.6668454370940377,0.07733871755027127,0.8061033384356072,0.6730971095436858,1.3915737805190727,-0.7840898496236052,-1.3486055596267335,0.9929888879728794,-0.42060448402851763,-0.38904170040947395,1.3779217537810584,-0.2549202584433537,1.1686802208048455,1.6107087682693275,1.6172253325081432,1.1292150134149568,-0.32187853705105357,0.225527107859545,0.12645222677813597,-1.8689478386071137,0.09001559590886243,-0.18912605889818487,-0.3867608495479583,-0.5051243934518636,-0.6199900091134134,-0.39781974782804025,-0.4715657838266158,-0.012885371119569439,0.09590814926986697,1.9871009073782957,0.2849102505810314,1.2035231915583164,2.021000664343364,0.6500453001355371,-0.6052617955961427,-1.1646073833765505,-0.9561520837686035,0.8904204528028886,0.41828460224236835,-1.2422287187218017,-0.4715371021712046,0.02859961600367496,2.4750190118323827,-2.0092906214971005,-0.08855041726238988
-0.9319347695702226,0.13414764314652095,-2.1313737212218973,-0.5334998073432934,-0.06150176379442246,-0.15666370277722788,-0.05618277188118721,-0.5028061825493382,0.5742987371184755,1.0294853180586188,-0.8740275430357526,-0.7653817335772272,-1.178754746478806,-0.6983836210984282,0.8798292137306503,0.9858896931491685,-0.5914520041092716,0.34942076560112184,0.9955017622045524,0.5468227488744796,1.229398249770704,-1.1005241755205026,-0.9118983683473796,0.03983194348361449,-0.4436823496544837,0.8847695924772332,-1.0000462637288043,0.39942298399563775,-0.14337959427709096,-1.0004770828546707,-0.7551779381715514,-0.14174832781855756,1.1151142815630228,0.4603585132981129,1.0946931343510944,-0.19992387181779606,0.6018014274632518,0.6976905847527285,-0.2510865318977154,0.4079430536465506,-0.6915389850928583,-0.3668130928885069,0.10233189630663148,1.5666329710070424,-0.716893349356875,-0.9761439261394729,1.2054692792946045,1.0955593281754927,0.8701854684777056,0.3936998622912933
0.47361500923530825,0.9024672480785728,-0.3121319502100462,0.18400422631555674,0.049526385727238206,-0.9124786896246145,-1.303715345657586,-1.064183700152557,0.6289064070744539,-0.7650911206411664,1.2401107286037538,2.257623006574202,-1.5112219053727163,1.12043963583909,1.3856208231094782,-0.07135527402626794,-0.98937446009674,-1.0859357166196806,1.3935373987635824,-0.5579712502922665,-0.24031287148183517,0.3175488254829708,-1.2405676568702546,-0.9585079445346055,0.07684223457477363,1.3989602432623953,-0.03176452994158543,-1.3878946985689107,-0.963334158666815,-0.1544303668076838,-0.14389672915936264,0.6820534738961497,1.286908974619457,-0.687468479660541,0.637769900709263,-0.41066670933470817,0.6132873377568637,-0.6132084852714266,-0.04973852207557574,1.0247804360372814,1.3853114902546144,0.0661235879116921,-0.9609774495852255,-0.07504986941794588,-0.18572596831293195,-1.2212222683454033,0.051604973970556384,-0.1090759251591146,0.41315279758070295,-0.20501777460894505
-0.1814302284017499,0.5736310319050976,1.0780799790897255,0.7957274799725125,-0.57409904267809,0.44925933353106234,-0.6570277200451178,-0.8113311302298486,0.6757320313003709,0.6614895966233075,-0.399908312894242,-1.2771375427960636,1.1601082260777837,0.5446773272358939,1.3620910163104045,-1.4986453219069957,1.6283524990743856,-0.25295154400883474,-1.1770245289258934,0.5548395336028286,-0.9572685274938024,-0.6083571356103303,-0.6015837043579135,-0.8487797699496843,0.24061975478677095,0.7620949593291593,1.5124159602716938,-0.12402056578026271,1.0550203972258014,-0.45817455775185756,-1.747057668676818,0.9778225420485465,1.021746256411267,-0.8370179667881917,0.14058784115991424,-0.9398582101480623,0.2935325047985012,0.035376176480292364,0.3721667091978671,-0.5612075152239143,-2.1671181117623637,-0.12286501898421028,-0.6046961751165572,0.18327254794226916,-0.8947490840013248,-0.5989153345998123,-1.4373262619728804,-0.3593526169591302,-1.4865149882660993,0.16949295861361274
-0.39195881592388615,0.04318763519662104,1.6718927442105718,-0.09812664217447965,0.8239539124075976,-1.1120350659980927,-1.5643211453502173,0.3714769868689382,0.5347439326114015,1.2140581388391785,-1.8105412838428876,-0.179258084261457,0.2063391196858155,0.5276235936895927,1.5664037928188463,0.5216379187516195,1.6502258865770065,-0.6127310692155743,-0.6626753358061057,-0.6713364625169564,-0.809385193391127,-0.5053037949372354,-0.17226681601341837,0.05055430345461183,1.005613045240054,0.7577866800628232,-0.34047459189663803,0.014197531421982506,-1.2494411120199052,-0.6777387959569053,2.1971610328517923,-0.5889933286464568,0.7503784869086056,-0.8352030668627268,0.8584617163399226,0.6279207672368877,0.7248371961309048,0.7389341611569212,1.685908157786368,0.5762220386369981,1.1674006274934847,-1.4926042970692242,0.5958447918026415,-0.9793560252710485,-2.47663906790311,-1.0580311210207927,-0.20703137927336943,2.102121262462688,-0.038564571604329495,-0.19205442623821134
-1.9426335180591803,-0.5152855683041601,0.2554339135921087,-0.9645498073363004,1.4432004642506406,-0.5133204409023374,0.48817587051883443,0.5282696179731676,-0.3103165524336354,0.7680279947929207,0.25720009799286087,0.9403564257254183,-1.0465707060578668,1.0223464411398049,0.4860001315804662,1.2922492796545304,0.11961765742905689,0.3057914947236788,1.1111324901219948,1.8507813931511004,1.1505077186667554,0.34671548685857895,0.770749454420185,0.470281102731133,-0.19231389051348688,-0.003451938136529436,-0.2657624328220612,0.3766497243562847,-0.4359554629604854,-0.4546439370967856,-0.11859791207143654,-0.2710498933782476,-0.2779624693087842,-0.230799982662649,0.9894385363153834,0.4921883628618121,1.1508624779672978,1.862093007948005,0.9156997487475789,-0.0320515150335354,0.36196805078642924,0.11074314134209773,0.3848307893796009,0.5652351729701034,0.4073765000750477,0.4608164715805715,0.8507446029319212,-0.5997951400138425,1.2778446822054728,0.20832427529408465
0.5748542173629341,-2.2302747416335102,-0.1016978469053269,0.21424484227670473,0.7832659876594208,0.5469303144956117,1.2647905275883666,-0.12839541819749012,-0.6366497508013258,-0.9838452513159271,0.1322732206469826,-0.11033780512782047,-0.24065924544081643,-0.779033891348812,-0.9494176288620669,0.26314731951719406,1.4913001057279285,0.12354243446400115,-1.1116324457145244,0.5145653122634497,-0.16663836708465407,0.13697366653964949,0.42347880873550503,-1.1785014347678722,0.21450057250319235,-1.0659267720531675,0.46949578034485007,0.6945712426813938,0.6946048611464095,1.395567286129011,1.7954645439823604,-0.31737747108154546,-1.3624478671250781,0.6585009491892243,-1.3540709136642486,1.2923458393662948,-0.5518684421013376,0.8978543232346137,0.3668144470991931,-0.7001038276187097,0.574380632166168,-1.7123059396459173,-0.5608917054913529,0.8242724573340383,-0.10771618218768865,1.5064472336155226,-0.5797123298915398,0.07016729013615054,-0.18330307317032118,0.4822829364048097
-0.3690684720518005,0.46779516227051754,-0.010582357119916657,-1.1611434260217866,0.4187915082320067,1.06746593929865,1.2688305160678195,0.9375476877303485,1.27858579117581,0.41553404854220877,-0.039437750511614196,-0.4814610871916203,2.4001863187602828,-1.418096016882392,-0.020115524687353833,1.0322087537066562,-1.0062640130611173,0.7332735318350587,-0.029384672026350065,0.5191144834415825,-1.0442240479906866,0.030425023855745078,2.2782863919601835,-1.7128681131521493,-0.056305632165645735,-0.4230189774081874,-1.0976273218811812,2.406269968062052,-1.5804519092526905,-0.612930567490413,0.6877105535148712,-1.4213331932622242,-0.9412264721855471,2.028459609430864,-0.01665253779371752,-0.2914180865772472,0.8650134659384222,0.7117414072202243,1.0359509647928302,2.2053744854546777,-0.3156533425875161,-0.8453019038264885,2.063070176162156,0.028509661240052404,1.092769708886991,-0.30942667556567544,-0.6434205761860279,-0.7624931421018654,-1.2346512600347666,-1.148666286917359
-0.3799983402396673,0.337730517289724,0.419890165160853,0.9691195107991677,-0.5781571347034113,-1.5668106540479239,0.25290619717750246,-0.8256233918266453,1.0732923091508608,0.3820469730304639,-0.16058697291102186,0.8317679208180382,-0.12041998105808958,0.394330646521225,-0.1856842594893061,0.074454691193089,0.04305125935880946,1.4312995902330292,0.5021519427744014,-0.8425778835575538,-1.6364438279648625,-0.18405223307963317,-0.5129030769631855,-0.09964739295904615,-1.0034049509274046,1.2944527447459397,0.10210502161074325,1.3893303139638893,1.1604217737680427,0.7373273676025037,0.5916447303126751,-0.02124328491292564,-0.1279016494067939,1.2547500356645962,-0.1823877416709966,0.2989525308283094,0.0931226140520264,-0.2630386079701965,-0.7521958859131882,2.302451978788197,0.3404926360482629,-1.3652834839264159,-1.0180378305707658,-0.7214054227426757,-0.2743822146936965,-0.9725808654156953,-0.5631891666604206,0.7699122943251151,-0.016073869301243153,-0.4545904444860732
1.4142513602398146,-1.6924934617317042,-1.2423530351982475,1.0235656087571647,-2.0894441871548,1.5045605541051263,0.34829174679692865,-1.0543453653414676,-2.865054546284288,-1.4726365674817745,-0.8109703696895243,-0.12350916617342071,-0.9373805943896134,-0.38428832300990984,-0.4896489496333759,-1.7047170626682036,-0.3461600974245481,-0.5509314806766241,-0.8967886807468574,-1.1926464269439272,-1.8055390183117315,-0.7286865154118262,-1.8083993930535596,-0.02127624279685985,-0.5640231060086668,-1.7413852064980568,1.8175788665794437,-1.1498243115198141,0.49859081594215005,1.1421356668631322,0.06248541699793625,0.2852347331424438,0.4504577849686398,-2.1268051446842193,-1.8041651453188192,-0.9690037284382406,0.22877017956476106,-1.8008079997174513,0.5247543059538788,0.13796393695408962,0.3650879213122698,0.15653266694361945,-0.6190509974116734,-0.7430660648522642,-0.15094193159903413,1.9178680148894154,-1.3475181297318068,0.18226610289343215,-0.662615082398789,0.7123229044248105
-0.8821504878162808,-1.8953150030298502,-0.2320751799497536,0.8447245116430557,-0.7659655683194437,1.9128931508623386,0.3816438899999602,-1.6429592307631287,-1.3870177113121573,0.21705944862063847,0.3923638730078446,-0.9258936994957593,-1.320938377217096,-0.4286633174704556,-0.864668740581672,-0.3388000114478156,-1.6485082792114103,2.0016326370879676,2.886775847926028,0.6759050690845037,0.38472942252445286,-0.11594342022909442,-1.4052719719673612,-1.0541705047731185,-2.3589987435979456,-2.406312499863075,0.6983124281432351,-0.709635076918166,-0.05494646992485109,-0.37102033086654,-0.6274402170517933,-0.6334415672204212,-0.28101495237839275,-1.326129942891444,-2.0069861165776417,-1.8542549648969058,-0.312301198926204,-0.5186623606679899,-0.36131825049755195,-1.2708620326675701,-1.467399046007547,1.2852059556255575,-1.0191552731319493,-0.4082017434669975,0.45194417686561916,1.5905126074651144,0.2853793461159231,0.7205671280874366,0.338709700611567,0.17959935787375922
-0.6439064347981829,0.16982605381359486,-0.3788945531240528,-1.002773053332365,0.3858085494195457,-0.386067102700379,-0.6407508457111123,-1.9932698006759744,-1.1888480409007893,-0.15274073399140228,-1.1557375545688957,-3.0548752237653614,0.7840379659787805,-0.3029798590105928,-0.27671590132373347,0.20083947335532262,-0.6939239744264407,-0.40451849840211046,0.15929395785898734,0.9589986354036988,1.5967660807907607,-1.0667881592442423,-0.1828168206148055,0.07447935038981232,-0.6651710108645821,-0.6583345526897322,0.5837746549386799,-0.9957434717021807,0.548735546115132,0.5556712966867448,-0.8933275259106855,-0.5283857946753318,1.2774082049490116,-0.5109791977207228,0.3005142101156799,-0.7094907920647193,1.5042739543277164,0.9897264290583404,-0.33272733350626854,-1.8612667421926878,-2.604565144111192,0.6263255097347716,-1.0407604374946302,-0.3438985657314953,-0.724777836924741,0.9635184699606899,-1.1724169722842743,-0.9554994439004479,-2.301631448125868,0.246243940329733
-1.2374379829035622,0.6501970442695317,0.7415573168138776,-1.2656751391736145,2.339354215198677,0.31639314144648495,0.8314632111861919,0.809905266643953,0.17648943454559649,0.1846098037234347,0.63453540162882,0.47894768369024343,-1.1044615858877072,-0.3405691380977572,-1.4248868526985834,1.4473375709347036,1.6805791499735199,1.0271509616848205,-0.5530425312896311,1.36998992478599,1.1513079534400594,0.3942451745919671,1.8264971545483466,-0.4066240498669415,-1.1037901943959352,-0.31961675590392463,-0.10780460612202625,0.40654036940137533,-0.19968845376685668,1.1508736549601357,0.04342592704580591,-1.0619933320134645,-0.7324221007829518,0.4765835927805721,-1.3431752442936555,1.5582560810829318,-1.0077717320765993,2.0368974061525957,-0.5057140919730397,0.2716848986878797,0.2495778551628319,-0.037388109135238615,1.0029740829253933,-0.5921480281838548,0.41456488593126223,0.13211034584740713,-0.030302662954114774,-0.2585780655446416,0.7824335512796398,-0.21015440972078878
1.690599665043483,-0.03169691199493921,0.13160513861468554,0.6697660209436431,-0.9718168185696222,-1.0185551055039457,-0.6212492754386026,-0.017992597659200322,0.5974910006879193,-0.9440450860800824,-0.16085909560469866,-1.5360313226346827,1.5374137979783147,0.42238173340672197,0.2673497717231788,-1.0745238565943358,0.17201072682443758,-0.03561821344273681,-0.9688862878287309,-0.7313413808305302,-0.19852102015242673,-0.5847746637069595,-0.6314773873177648,0.9553152925202486,0.6864257395297839,0.4696047242117248,0.6768195707597916,-0.8622360979822586,1.1302407651225364,0.8310739975049922,-1.5748634503028893,0.524973971213736,0.6879148710116034,0.22919508918246712,-0.40181865638555103,-0.698751481431431,-0.5847069773435336,-1.276720651784186,-0.15888609307229962,-0.7434692506036699,-1.6265296051178226,0.39575101134868346,-0.8848845226636424,-1.001715583510204,-0.3720416595652836,-0.3728183373005102,-0.3229281550838519,-0.41091744212303016,-0.35746527629656133,0.23720227005088465
-1.1624871255205458,-1.749616523381942,1.3180900971530711,-1.1288729186668005,0.7000244916342051,1.1529643675767696,0.6025841619494462,-2.139356328000616,-1.7359570599391565,0.26143324327298595,-1.1867838182117665,-0.7506854397311616,-0.861064334220051,-1.3434730334128449,0.7502623941675477,0.13180751690571832,0.6533181551896812,-0.006898953272699249,-1.4975771273211178,-0.876647300046578,0.39832787796897196,-1.3527759454697115,0.020509827822545228,-2.2694610437689695,1.3582381619868138,-1.6335410943043138,0.5787584809974183,0.04282421480945598,1.424385604494772,0.2070117253352935,0.30592913068649236,-1.4499752913431392,-0.9914169639090294,-0.8310187467444448,-0.5589604263337126,0.6652269876595645,1.8638889820449005,-0.24625293410014018,0.12301247980805144,-1.1998416934951626,0.5434183129324306,-0.9108336028677343,-1.248404141150509,-0.9032090385516784,-0.4774878698542117,1.6588207264174795,0.6524553961621479,0.4291789139171044,0.9812284839804887,0.35911953577402633
0.3194902662028494,-0.1265696766523909,-1.4517271346149805,-0.06348176936912082,-0.6777126384030813,0.3216877879455245,0.00652785330237576,-0.08273579367412988,-0.3393226564277848,0.8976256393934718,-0.5148900972720855,0.3483441755594539,-0.8941732678958372,-0.22622672917231673,-1.6731327634809212,-0.12811424496837914,-0.9899239102229462,0.6913993444389988,0.5720788225823278,-0.4624191873337856,-0.5839198240580966,-0.2904695258024934,-1.195800824279549,0.23722982952198415,-0.7575381533089803,0.1781983341235073,-0.7562526219208033,-0.4216695594603331,0.053904864689992615,-0.7543807686895864,0.543107369071455,-0.5664614399769428,-0.5270743067609347,0.3398499677976611,0.12269439623144177,-0.8530830835239356,1.9718820537578496,-0.6246348890043418,0.8742024201501982,1.7364310908111986,0.23881637178883258,-1.4006070597791875,-1.0508431719554432,0.8331845836408739,-0.2615530915111445,-0.331370282528024,0.08101870092832217,0.12277940294591609,0.3077215894788339,-0.2373716652460909
-1.2706553704153167,1.1571237465225634,0.07929345108880416,-1.0001598626168844,0.2894600214051627,0.9791116366337057,1.1472378086326254,0.47273515578279335,1.3208587479592502,1.0920868171700553,-0.5406295683337177,-0.9556025892259451,0.8800376162518161,-1.0092295217446143,0.15363300460769813,0.8147601982217451,-0.33772089012880474,1.1586584529354123,-0.12666129824812988,0.20837460495052867,-1.9653692670563272,0.22370952369510774,1.0935979606877446,1.380229820883601,-0.05154456086739272,0.34828713132874345,-0.6076829944761911,1.71492819887643,-1.497433140834335,-0.8186599821145202,-1.0183184177649331,-0.16378669024896814,-0.8121091123595048,0.014570669014290443,0.26132360618459133,0.009895017709186313,-0.20791603351087212,1.030974914453591,0.030700531672213087,1.17969488486696,-1.3529980734240945,0.048586149936501476,2.2741093754482877,-0.3333656217699164,-0.21142758969275507,-0.734718146418678,0.5872877229428223,1.6640628005295288,-1.5301908984966397,-1.3501460143381256
1.1345514076180494,-0.4468515278596265,-1.518869653541204,0.9409261320220663,-1.0183627834682487,1.593512014951918,0.17541145076990575,0.46622168528776614,-1.5145930166963637,-0.9482978465131345,1.2953157029074003,1.0984985678789654,0.4980322910996464,-0.6511993749419457,-0.44235935922777087,-1.2306210946055625,-0.9675171109976668,-0.5057152731986162,-0.12228262089015744,0.6082958833095431,-1.7472533448295917,0.7976771471077713,-0.9974828574655238,-0.7166488804950165,1.0281947522163042,-1.2821350444186774,0.2345300083886121,-1.1758131711176083,-0.78391672977467,0.22085230908762865,-1.2531377397962946,0.661771300485877,-0.2701151208011147,0.29516101191087585,-1.9088851852673023,-0.9533054622290209,0.6684230893414617,-0.9073495618952299,0.33190379229356315,1.2319069297794953,0.5145901905610749,1.0718988437275174,0.29809172540958834,0.9426673596820584,0.4503843949132669,1.3406101894332156,-0.2593750779347833,-0.89938017699984,1.3814299774358554,1.2924063586074328
-0.17757062683997887,-0.49510210040531705,-1.303686017000315,0.48024350185608283,-0.32378707772222526,-0.13509339981972696,-0.9173749744173482,-0.7378143228223697,-0.039183980084759304,0.02682144269449226,-0.44208623234487193,0.11782156091646104,-1.3467784596153176,0.357964802271943,-0.7169987202134398,-0.16785212911996766,0.10306731726154886,-0.10706110590857684,0.05895792222508089,-1.1471083586546473,1.450948871035878,-0.32104821833326846,-0.1699902319204139,-0.3391054059375192,-0.7183102155975767,0.21003179312017733,-0.31231747259944015,-0.4385257664558996,0.8380020263841687,0.3081915122841564,1.0174700208482255,0.19747710467278215,1.0110900601284507,-0.00912317899700419,0.318492630026926,0.35511398154886925,0.3398287857512747,-0.7241251017304549,-0.5162444542297477,-0.46831563621602557,0.5860767185548961,-1.0399803494313025,-1.590262337666766,0.7611905897903932,-0.06112369260582007,-0.6230880674988695,-0.1594185091622189,-0.2742712346766277,0.13344161321697784,0.021579881074262654
1.9056963450567246,-0.7677755492945265,-1.05142379952513,0.7324311166932784,-1.0623104032695545,-0.6669263664332798,-1.4651448829032476,0.05162238711444369,0.4756125689969293,-2.0647337836994666,1.1417195731588086,0.6298664709991376,1.7924960533032916,1.4652308795032898,-1.3866480498352045,0.32520452769882113,-0.10616302647791571,-0.9293085773693858,0.024883923896965712,-1.4004069896816302,-0.19160188272765194,1.247374597554575,0.2024063068372275,-0.2955826875400474,-0.3010816619722971,0.4339085386419535,1.0552519895960286,-0.8746787662879537,0.3392645921241098,1.5558731490991717,1.9924739450188338,0.1865982266954002,-0.5487800211700461,0.46619635093597883,-0.6156258257233318,0.38079597417714617,-0.9461982426549649,-0.4243181584378272,-1.2057404522217579,-0.1283743536146994,0.2350675676160444,-2.2554616988818434,-0.661036813458742,-0.33882375463094117,0.5018728860080818,-0.9839630601439908,-1.5660531185603093,-2.0701692556626097,-0.874921919550363,-0.7278290179518906
0.34094019078140453,-1.0432809670871213,0.26714303575692366,0.5166853607254992,0.006828691985531369,0.33647207752744723,-1.7851864710105867,-0.57226452035578,-0.6211125709261064,-0.20314443784284927,0.6458217137440748,0.2224967007016703,-0.8757924038408871,1.0103695640799555,-0.15059641293055842,-0.5768060436116766,0.38116667007772453,-2.134773341248929,-0.6055781830367709,-0.5082036582323192,-1.4605995129140064,0.8564551339980172,-0.1831073488282105,1.0751452610197774,0.7047044345832296,-0.233898442608483,0.3425860020854755,-1.394984097776827,0.5339889418964608,-0.281570633020862,0.38911311821487427,0.29976226059159194,-0.6156457979430958,-0.7369738610431714,-0.6774038623976034,0.20309143700111215,-0.5996302014721019,-0.6892015157448536,-0.36967739269134264,0.5688251749630597,0.5857455713020052,-1.1461880959707884,-1.0817056054050882,0.5562951757446639,0.21148012783446204,0.2610609081035538,0.43854890925019024,0.46886664716639204,1.4553327836508136,-0.2208638388150528
-1.349697434868589,-0.8680361543321075,-0.695937800597695,-0.8454158161192487,0.5270227942990381,-0.35763033987170023,0.5906551517167694,-0.6783809495827117,-0.6582220051096607,0.8326217228440143,-0.9602592478728192,-0.25353850126995947,-0.15934693571113298,-0.12069444630720869,-0.03921976197126991,0.7119310052428605,1.3889337989870012,0.7591501373224664,-0.13669378793973322,-0.7662366915521152,-0.7789736061138596,-0.9269170340161028,0.3345000332051934,-0.026280238015206757,-1.036849858024895,-0.11984019814430491,0.4218536206053366,0.751493551060795,0.7237778799629551,-0.02965847326545239,1.5905920300220233,0.6134390430908309,-0.4436878096563667,-1.781237392524469,0.15657089328408844,-0.2799166396764951,0.012411830676640203,-0.2374552029923258,0.09167952474211406,0.4116562396927835,0.2621524963009552,-1.6880729442514204,0.5074798879403594,1.5887931567322948,-1.7975953534325746,0.45692297998186654,0.3116132787744254,0.9948105834953744,-0.5394575146157086,1.006482318503984
-0.5763649026016384,2.41720307674284,-1.5506203823120621,-0.42390256834654033,-0.32920389312920245,-0.1326437747041367,0.5979574598344888,1.3277094883042153,2.5118152149428834,0.8276344677599232,0.293680775595748,-0.06636524690544979,2.1056334608772627,-0.9451730244986818,1.064111330034004,0.5458491976748087,-0.989599294061344,-0.2388955613697085,0.5288833174060509,-0.05777188404185952,-0.12582385841294522,-1.1728351991539536,0.6093055064835494,0.025207061045704932,-0.01594656806636165,1.3722759098374,-0.4082400284815861,0.6192547092336997,0.07745566654137247,-0.906015831869006,-0.36583450053359934,-0.9503716503571535,0.928667884811187,0.8370333678042194,1.097615547316154,0.04370048618240316,-0.6505701480780125,0.07511208194415417,0.1634550205411611,0.39574452102053775,-0.659281915460604,1.817187021242183,0.30797277048903304,0.014660590108766894,-0.05659192297289655,-1.7919420532047623,0.08428087038126732,1.1804408766258734,-0.798972242509735,-2.1164023702797063
-0.2424017888346778,1.6713268844746112,-0.7974882091133993,-0.9740162975787439,0.34186588423680603,-0.5680559958346084,0.17733857079691934,1.6308743673876902,0.8936873290226663,0.7397156675518303,-1.5432636071417014,-0.6560097720390836,-0.8718622553358306,-0.7160422331461881,-1.9581257162117398,1.0328850455610123,0.4146331183362754,1.2174120078874269,0.22933406995319794,1.029226896827756,0.7476805062106673,-1.4262844963136845,1.249924064531478,-0.2099723262676928,-1.1633142683049003,1.3451352774547536,-0.1367539753485664,0.7413061842016894,0.3420560257323926,-0.6596324870864589,0.01303065914541208,-0.34968689249044593,-0.438190102255356,1.163308016983426,1.2906639299806253,0.7017189973161485,-0.16263204763433262,0.6887550567559385,1.3541377153296703,0.6690415866476476,-0.5049305908385971,-0.45791409061999006,0.8979252187657607,-0.26780623163432227,-0.8938848353694141,-0.6451797730781713,0.8707580016235842,-0.642068321849476,0.053703024828890535,-1.2958521776130065
0.72620759252434,0.4622650069902429,2.048907552877791,1.7637205235586673,-1.4822195332511712,-1.2583445391287806,-2.0641062164452224,-1.1929309246298467,-0.49840234302340874,-0.6907473827605954,0.4843214603666047,-0.1397817028453795,0.6602757041336428,0.3511264802969186,-0.6194360699522898,-1.9022940425065822,1.114487232115374,-2.4819648104567635,0.19410725101687548,-1.6121977755061918,2.9178750679322762,-0.3009647053605757,-1.1995119055586616,-0.02427075878168933,-0.28861426841891263,0.6916595878991216,0.9783058082077917,-1.732642749345818,0.7141512869220813,1.1382184579561254,0.27952174030890475,1.301074962301934,-0.6192375359098726,-1.1778053002289572,-0.32628453368479926,-1.7373743548159188,0.4430499694873531,-1.6360239334842617,-1.4411481395193626,-1.4660511316948364,-0.7005467780703327,-0.2448625297209805,-0.9694129310768334,0.3556059605495236,-0.8582652905737828,-0.4447567768603608,-0.7087341609255006,0.3322552451330716,-0.13274128150996445,0.6700943705364286
0.8123564639603917,1.2448457944712086,0.4767591876663687,0.8543061654324524,-1.1889879549178375,-1.5993194132390018,-1.4290565573870173,0.008431996335369405,0.2036246641638304,-0.4882414520608175,0.16961591630219566,-0.3465531268643747,1.1328711968890228,1.245442732075538,0.3354013056188537,-1.5402495038366584,0.2365493521521206,-0.9288472188123253,-0.05953770005432282,-0.6439569745383716,-0.6304130848338163,0.528384625967268,-1.0364073423168612,0.5949138675024283,-0.20872764106414796,1.0330362175510113,0.4419733455812559,0.007058729844186993,0.6511875536679518,0.758752103879627,-0.16306964987881617,0.9364770001978785,0.6687887353205104,0.21860304835486544,1.683310507959877,-1.2649439342162794,1.5159354493603001,-0.48437773568523684,0.03647070805055089,0.33334596661652427,-0.5219663488466185,0.033340303915354044,0.4859262154092039,-0.3992576073405094,0.19705836275881033,-1.4681486453318766,0.22616081828245635,0.3022499527116328,-0.7038179996074772,-0.14667080571362986
-0.7105379162276806,-0.23160298781135077,-1.0277071925255643,-0.15579537506642685,-0.21467474595462335,-0.5198987375898815,-1.0059612351486318,-0.0782888707751952,-0.8877084410783813,0.38132468225568183,0.9132130341004256,-0.5693307973532541,-0.36882048029803166,1.3035438137404682,-1.351309864692391,-0.3249382679612866,-0.01606978472667309,-0.6519818439071638,0.16954668684860483,0.8510207554076956,-0.60146511639237,0.5211939652899841,-1.1505699678487595,-1.4947541575188192,-1.06248523507779,0.2948685412034587,0.3100147770309583,-1.1816933037593216,1.2907585292428891,-0.4231747777162072,-0.5489027127981516,-1.193931250151297,0.03731449144842792,0.6252798093489085,0.20886560233393864,-0.49104951498084215,-0.16506797555231992,0.35614014007353406,0.8021813110985153,0.4602066253069247,-1.8114638039068258,-0.20524832751660044,-1.4363470084383676,1.401291046403729,-0.36746289069854243,0.327273224201361,-0.9560714484003889,-0.3024382254368584,-1.110039352723139,-0.4632768055069031
-0.16881329071517034,-1.475733354984319,0.10729214726406675,1.0640418112653163,-0.2689784455486296,1.8980038676312123,-0.3673986138960781,-2.055618812963786,-2.083480927348367,-0.9360300772816992,0.15358453790851825,1.0725430291843494,-0.5017047037320699,-0.22799009628103006,-0.390606332889019,-0.5254185355238908,1.7652182368909066,-0.48870475693648385,-1.766198802584302,-0.2012067358767839,-0.7652933795403962,-0.2157251137104754,-0.4383489479926861,0.4063410586664734,0.26060328712976377,-1.49567535146396,2.4478008664305224,-1.1380654184995829,2.504925316128992,0.44901852478661025,0.7012000271987399,0.5458584277459514,0.04333128808826881,-2.6007503240535725,-2.5816245208813027,1.179154192280142,-1.127970270512327,-0.67502581095053,-0.3091425496345358,0.8753002446453388,1.0886460149897164,-1.0543711309093147,-1.7297339499657143,0.3129894479336319,0.28463604503150663,1.3051761444860737,-0.8556587964751977,-0.6035000837167068,0.46930122113967826,0.9310606819102781
-0.2858600214099134,1.3543246324367064,-0.4888969755431629,0.4805336427580493,-1.1141256120039515,1.4011762046848992,2.044844981661062,0.7004838713986616,0.703466456415483,1.2871504076305382,-0.551332134836596,-0.15816912945751216,-0.16810658053117364,-1.5647258937555364,1.8175148337265605,-0.8872803464541453,-0.7082802493122358,1.6362352434743999,0.7114464321331434,-0.41840903927591633,-0.6649102071419697,-0.4431388483161485,0.13475983920989307,0.2991093769534702,-0.2038629067454753,0.02240898844778403,0.6682790963455038,1.0388650549502967,-0.33029075016342974,-1.960594749236589,-0.29742124739094317,0.6458465302576363,0.21847078289007188,-1.3827044271496731,-1.0508936424561603,-0.9090245046028501,-0.6101104231123499,-1.2990577953425846,2.1739872189487564,-0.22489562405179384,0.2001646261591907,0.29871572265819396,-0.01162561675231653,2.413879921929787,-0.4995149039584926,0.44419255763006127,-0.38242101702495956,0.6003529287543885,0.03555558633378982,-0.5738562817140749
-1.0289161993425238,0.7205567833512371,-0.6833561532326282,-0.7712752849791371,0.486955634121915,0.4377310256469903,1.0857846680209884,-0.6424016651016701,0.5574218072329687,-0.07538099720740087,0.050572176388333764,-0.14346595679178775,0.9616321812476718,-1.79051557107846,2.78964157114945,0.3024052349308644,-0.5446502448787426,0.3297133043126182,0.19488675856418022,-1.3688597818688866,-0.8893027074713209,0.8964068447307154,1.01757389943733,1.549142131142788,0.8867258076963898,0.5967028715910507,0.321371339492233,1.4843128113442425,-1.187432562625301,-0.5177082286811698,-0.24302270454003708,-0.4785091863028542,1.350906319675727,-2.1733363904647134,1.1813645363965861,-0.8207947871880731,0.4795631620976453,-0.7728466040264708,-0.11179236841533736,0.5561077154263971,0.5837172337730977,-0.7310991228511878,1.4778058023512277,-0.4126607590190023,0.1930013502533156,0.0685575284202745,0.6318958273854792,0.2584521876694021,0.2983864777699093,-1.0040493705827394
0.6726447438642829,0.8914744118481304,-0.6339181636715205,0.3178642165781347,-0.19580857610871727,0.8597006128785347,0.6083208101418922,0.7305292384218488,-0.09505633890398799,-0.22459992072891133,0.16584312140276258,0.1421188740097094,-0.09034470782494511,0.3829274451765147,0.8949907990780422,-1.2351218596148728,0.7795547031482036,0.9083553298760729,-0.9828342214284489,-0.3402575546798977,1.1851658021047804,-0.8642067866690093,0.2354520823463234,-1.2693414658533086,0.250406804141692,0.03965919529570572,-0.35430114698742554,0.4431375575313687,-1.328792716216325,0.14711260804936474,-0.41774782607133887,0.2048688309085093,0.7780623463332595,0.9994447619996664,-0.5183358400911965,-0.5219115422815429,0.1554588578639005,-0.5635490972825151,0.20631436412484616,0.18908647997357939,0.23142738198573368,-0.28153122559702004,1.4308114959162446,0.03797784649217268,-0.24173343704108932,0.09651648208018519,-0.254060562377026,0.5312907527842422,0.22295446991994575,0.7037886931280197
0.4112133403953515,0.4463037547386644,-0.03936571696500733,0.11323237875213277,-0.32583986063120157,0.8858707239368223,1.3757866548881468,0.7020597332918811,0.40262005925677163,1.1146875894111588,-0.40594029384023594,-0.1714360168305174,0.8528070991909726,-1.4852824691159232,1.3743624579444829,-0.9645818194131518,-0.5996712507323896,0.7378679016987286,0.7586465846349219,-0.3259444000730107,-0.28210961612313895,-0.6029228840479394,-0.7457515053999245,0.3801435718934512,0.6706295179232479,0.10886280899019221,-0.25024860872093463,0.18723789868292706,-1.694046114940557,-0.7729958492177637,0.4696541635690385,-0.38822931995180177,0.2962007447072818,-0.12019845382877167,0.10466395588464572,-0.8700541882146933,1.449798239955032,-0.45675603791523484,0.8624782275638734,0.8498516938348358,-0.35240254591014175,-0.10325355308817592,0.5956430400721412,-0.638547784422162,0.8115852185264066,0.7110525194815026,-0.03928168913510135,0.31116259285285813,0.6456305196627478,-0.4911729153021147
-1.4356448075968051,-0.7338543238413543,-0.3282320266976556,-0.2678321453574155,0.33699364685168526,-0.006067288775972145,0.2643214850583508,-1.1933070260321477,-1.1203496370618113,0.4502185596833656,0.38532635345660254,0.5855905038588809,0.8630680265655628,0.44326002482316385,-0.4199972611984687,0.6707827173628952,-0.5255184085637608,0.6539702944707148,0.30615404093013876,1.1793181174626943,-1.47378697899554,0.34160342002245575,-0.12400908434670838,0.0509187092284342,0.013849408335886569,-1.099430520739367,-0.5642025751064502,-0.71322058095716,-0.24300946720832453,-0.5470003807198999,0.9418315459527293,-0.2584207797806339,-0.8952946229039913,-0.2351343070558027,-0.29222738359589057,0.7376453660541459,0.7823462196603768,1.2095953846323013,1.629442883371943,1.6235519180325786,0.19445186161658176,-0.36977964077931375,-0.9073048158837423,1.403785745106538,0.6155170805513503,1.036043393855908,-0.5152023181610347,0.13768378295608902,-0.715316848136287,0.5110529330948778
0.0387968048460967,-1.2150149752301258,-0.3088272457845617,-0.3665872947835021,-0.9395049413306154,0.4457535114896921,0.7558393759844323,-1.7423028999251968,-1.8139674167522453,-2.0495423321598807,-0.899292501851957,-1.208191319636316,0.3001559599158201,0.023601624736021166,-1.9897945793261764,-0.4733574443096551,-0.49008747176951595,0.5679507921804728,-0.05111385697801196,-1.923766167671758,1.6478292156342316,-0.3213919350113734,-0.2200209736239635,0.713347579996512,-2.030547803210652,-1.1393336267753986,0.8500405666739881,0.9937278995833753,1.2746260073727358,1.0084885427356864,1.5304655433561862,-0.6406146285978347,-2.247773889568735,-0.3691561436084575,-0.811876043311473,-0.42681614961012415,0.5147590583090339,-0.8260187269725069,-0.30862572974129376,-1.0247300719140127,0.0025259742470414683,-1.0125936043267951,0.1636670996512186,0.2915387445771836,-1.3899962697493649,1.633089719106334,-0.33803131297171796,-0.4100348863556596,-0.21096365770576742,-0.9223498499792107
0.1967431144453622,0.43419839945667715,0.562244967581822,-0.6837424735827228,0.65761306774371,-0.465923202290419,1.5827501615080506,0.1769782076667148,-0.005499294354996732,-0.14264575246641947,0.6361816861100461,0.7395670830475932,-1.1285883013122093,-1.4404270179189855,0.19316666775389926,-0.37778955780761775,-2.2665287808798644,2.120574097885556,2.30663881679537,0.3329785521516735,-0.7831227068250057,0.0035376459613172518,0.7946316764824515,-0.409933162807594,-0.9834321576169902,-0.8278962130638318,-0.48287552927949123,0.4948275047677107,-1.6840366523102377,1.3589769849095517,-0.3406205042604492,-0.12130608110666664,0.03294046077633025,0.2653520134216675,-0.25860106006437134,-1.6732739393451763,0.6090887142073335,0.23191048073840817,-1.4141342250143412,0.8999962246425834,-1.244851444609023,0.9073510925846445,2.0241627519086047,0.5883833176226462,1.8830964887432047,0.7860092801169989,-0.29231994706721454,-0.01873767678109527,-0.23136078138172383,0.050094869407921766
0.8589875131904108,-1.3392231085932382,-0.25506496979989446,0.7860480383976128,-0.07179966123314535,1.6329457822016593,-0.08548220465605334,-1.453030076601306,-1.9214434895969104,-0.5497738344252041,1.286544981776767,1.0040547464208878,-0.30123600761455016,-0.28156991638208195,-0.40693159657892713,-0.36723161399358084,0.8507594755813045,0.08770995743748233,-0.7274943901308172,0.45855396913503454,-2.208081654363239,0.9301469944241907,-1.8409916270635882,-0.7422335326890307,1.292523603767053,-1.7175420816358316,2.1226696895662958,-1.3757861574950663,1.1770650611987503,-1.2166469752664733,-1.0355149501940015,0.948457185635218,0.48822138544162685,-0.9237532447238739,-2.2639956723885137,-0.15222559667100585,-0.20846838001854423,-0.526814285419071,0.8965597056984373,0.5679373658101021,-0.5117084019573407,0.9910272826764768,-1.2016715276975056,0.4177099514278407,0.21010388854449244,1.872826391984802,-1.4294142156004053,-0.7181969442261061,0.10936997979200389,2.972895932341192
1.5810957653088462,0.7977898697649694,-0.4548391605033713,0.6658085668987384,-1.6421694369337232,-0.19165339951457994,-1.2664097224238522,0.19598725344422827,0.32813739486573673,-0.25278219953696507,1.2306638006501132,1.301607275558321,1.3405590607632905,0.6432189530924759,0.3682003765368064,-0.9851182706483332,-0.35032511674576156,-0.7032083793350569,-1.7166210272847915,-1.5339680502450945,0.4725762913397279,0.7405812725801871,-1.5861369066994704,-0.9626091610663109,2.1496638125803416,1.0230309974047966,0.28180417528288276,-1.4348713524196963,1.3379605491868312,-0.40184585159892794,-0.11675234347365201,1.3625067860527318,0.1468995742943825,0.5426553584523416,-0.3146173760401007,-0.4775312974575843,-0.7231620035333483,-2.258081773340217,-0.0933164851718557,-0.5303955800521052,0.6105291791652852,0.5052750232375335,-0.511113052756189,0.968185290672207,1.069176707046372,-0.2817412745067999,-0.46452554385367173,-2.292086666244687,1.1051495853961653,0.5136647291382956
0.9625014391962711,-0.5393657087281081,2.514219939928446,1.6709287421318597,-0.7649595786816348,1.0282676145659813,1.0157476454735954,0.9364963651770938,0.0838941100574789,-0.5804940238189418,0.2850436461755874,-0.7262997888722336,0.32013718151884213,-2.156745585336876,-0.7480321399248906,-0.922766549923453,0.5621777477007772,-0.039871034071078525,0.802840619266717,-0.7598841487450577,-0.30200783931819075,0.36282018017215695,-0.5052065150358162,-0.3819660263437617,0.49355760857831205,-0.726240281678896,0.10524467807462559,0.18767259959527516,-1.3447588443787974,0.2993346870771528,0.11590286501008777,1.6027435948110251,-1.2126908058790355,0.8746592596297665,-1.4248748920730756,-0.4860639992815376,-0.9884847648876707,-0.33158558957078305,-0.15749879883404283,0.5104112093281337,-0.5685794191651182,-0.29849410889473454,-0.10239780356638155,2.0040434606097035,-0.15295056861865577,0.3692868258933465,-1.4210785965685675,-0.2899565116202159,-0.8382694469830968,0.7038705398037318
1.0742361688327546,-1.3070045614252856,-0.6868232867445837,0.7912713770455584,-0.9282402609652901,0.12916705485971186,-2.0043856152335464,-0.3145587588363892,-0.07152798340146337,0.1449955105867381,2.199153070327297,1.2667454571404653,1.4515789494390636,0.39442632747944384,0.8721601175393412,-1.0723301694049006,-0.7612424887614155,-2.6678628941837106,-0.5136630008499069,-0.9531847309179807,0.013460554506804315,3.1792617867601494,-1.4151220363980637,1.3279340964059014,1.0191789163837042,-0.14768581949723728,1.5206690553186402,-0.5723362153750193,0.9779331354207282,-0.45975976420932646,-0.538007998434956,0.48408725800922187,1.7923068376660583,-0.8383650228512182,0.5444693709707057,-0.8223185262728779,-0.3244087122272037,-1.7094215184752386,0.5865739611365445,1.5708370475823161,-0.6271660029614313,-0.32694368512195704,-1.7786460789176475,0.30302220066997304,1.3375470176817987,-0.1626356946651228,-0.942900562166002,0.1499728796113282,-2.2989586588374977,0.5732928277749699
-0.6592798889672111,-0.6595671107452936,-1.1352746471246629,-0.44326825222946553,-0.08894730686579923,1.013826422529629,-0.4170123550370787,0.1520181761386678,-0.4618910822873948,1.415267591125146,-0.9714081332257044,0.7257183517763462,1.4126187833089552,0.4447328871917796,0.8444063841804866,0.878517005995781,0.27675222989935966,-0.9066679355053623,-0.12358045013888111,-0.3853966949029277,0.09496825261558495,-0.8405965342894121,-0.6916324232866871,-0.9773035938187672,0.8104576086749328,-0.6720035043200464,-0.4054655321254163,-0.49282353271634943,-0.40122558674641423,-0.985298822456792,0.7496760943520507,-1.59372661643031,-0.000886209267839066,-0.3428713796877006,0.3808908872456124,1.0790663799677183,0.4168157932286595,0.12370948157089368,1.7045814046326624,0.5709715470198344,0.6438504263026446,-0.9031836669565426,0.05090244915935388,0.8025767594152493,-1.6681970745019505,-0.2588609947838043,0.7211812214918445,1.4306683965965346,-0.4198930457757972,-0.4997229938944746
1.7046642016865463,-0.1507087175082862,-0.5459477049300914,0.3908053262338992,-1.1656580320604608,0.18754211501900422,-1.5789283791394997,-0.5369061789241095,-0.29886168596651597,-1.896762603998267,1.6472077448963716,0.5596350001080437,-0.17284519314094204,0.6810979853556735,0.16029497931887787,-1.2684729710822846,-1.732601721051424,-1.8485592737898837,0.08240696061495618,-0.07595415569891097,0.6103856563607115,1.1009812326331552,-1.352842833179299,1.355907490970809,0.38925588595222105,-0.38008728177473644,0.9767316604330183,-1.2200221461564318,0.10637664705076003,1.1654986465455834,-2.2496886735432025,1.3109700436186058,2.1758306507768403,-1.4349420227569676,0.6168627141198825,-2.1492275037421127,2.408030415156203,-1.5884255331276615,-0.9941242664802064,-0.5148014933536486,-1.4333671024283428,2.03798062572627,-1.3753542129008236,0.5569564227711489,1.8740850518511276,0.037316439464907494,0.37801490454805114,-1.461849301847666,0.17559677518642985,0.7347148222036101
-0.16085423499556156,-1.132223517470643,-1.2482072198211422,-0.34527691849401493,-0.7029219464774408,2.0320852086093697,2.069686623195102,-0.707454266514402,-1.5437749220475312,-0.7629883226003649,-0.4418316925273907,-0.07460755830988623,1.5914334495891131,-1.6995356034707954,-1.2110023781396295,0.101479259105468,-1.8068351250475887,0.8389185070424197,0.19373894094573638,-0.3849363367033847,-0.5105021877429043,-1.1276739788369785,0.3580191431004834,-1.155093222176516,0.3163287737545901,-1.533341591162506,0.11522570519299292,0.7739818609237143,0.6990138182548222,-0.08314329796115795,-0.040967841962457674,-0.12583757082930816,0.16501010202908248,-0.12713658427908364,-0.3524707125243015,-0.6946338830921238,0.37868359994534045,-0.6017453507151919,1.2015006936853618,0.1453783063581544,-0.17537090156941637,1.5381719024405343,0.19900700408679825,0.12309062987585244,0.25737415802578534,1.6893204382390805,-0.7906025934444638,-0.2026430211203268,-1.838523747857402,-0.08587321656710539
0.8780393509944694,0.5552952831722393,-0.2550114260428397,-0.2163180244437411,0.5667113457083686,-2.3918684102355665,0.14538382231075797,0.3177504516852016,1.4161169401018283,-2.0034285901617936,1.4783657333889098,0.19514651429341234,0.8747768245944769,-1.120604328259634,1.5971370136387781,-0.022251955777825464,0.380150284022733,-1.6066344881862176,-0.9378182612047357,-0.5166254246251132,-2.035040881773803,0.4671735729196164,1.5899318039623853,-0.10399580123319623,1.5763033502393287,1.3672323168036133,0.4043451878552004,0.9339921075172326,-0.5447262437062368,1.4630772654309616,-0.7130181507204741,0.8560752736498375,1.2259790868442757,-0.4819214375129273,1.0902492096522955,-0.10575909046752147,0.18118311184003957,-0.4107204376342716,-1.4375881849290064,1.1618365299361157,-1.1024818911946275,0.5347645587828047,0.14673191325061413,1.6370724828436665,1.3581021194022724,-1.4341880514373109,-0.2304991601217806,-1.2387916958273724,0.3644303069984364,-0.6023343632232405
-0.9775203993771313,0.5244085270360787,0.20079707124447926,-1.3063210912454315,0.419537415449653,-0.5644039662090031,-0.8350612419855127,0.0422271023895585,0.6301304035235041,1.2812098525097242,-1.2507020383008003,-1.8274810075046493,1.420284694275368,1.1927522203435412,0.8273797165614636,0.40920893094289545,0.6658927306398918,-0.2059233046137794,-0.358043830548647,-1.5430093865943073,0.4630549827421029,-1.3332320521473575,-0.6985432609125807,0.21977015141508852,0.9746121529054834,1.2188501294595275,-0.524058355535592,0.4248013898692826,0.10133666566457494,-0.8471518257060844,0.307002053219477,-1.5921739780690094,0.6587839833140263,-0.2734421478331352,2.353422817676139,-0.4404435099945249,1.5403339270538565,-0.18285889184461324,-1.811818651174853,-1.0329105101409035,-0.663676667202473,-0.5367529360863107,-0.01611168432749117,-0.690395302176257,-1.9313804536180064,-0.37788615993158614,0.6177521861935783,2.0088881716522367,-0.6338035957197438,-1.4425249635278552
-1.2625128495145133,-1.4413941638862147,2.910721758838683,0.7258528003010619,1.3379087194435837,1.4509069361883886,1.9726658045196739,0.2855660585802285,0.36347227636750273,0.8637626413929665,-0.6978546124289289,0.5392059535849714,-1.0120598488014265,-0.4499281832968236,0.5000505437160946,0.6288501719893121,2.840250339914059,1.4011534485579729,0.2754700382138944,-0.5536032627883948,0.11946110390401651,-0.29056349039826634,1.0651844229066145,0.32699894879899116,0.23589839389043013,-1.6878633220241746,-1.7380655289156999,1.1286460744180689,-1.1207722855863977,-1.9153867677551444,2.891451177325675,0.2831158487112328,-3.4462354033777887,1.2195611818644791,-2.0780309211312433,1.8969227751678923,-1.817660807329073,1.1345935430170402,1.5997398955209559,-1.0223767730588031,2.505497560478816,-2.8840995286066855,0.7386176256971435,1.8615014785646344,-1.9004026676494956,0.8689529909195873,0.6371676748344912,0.9967732640358357,1.8518412942370286,1.4107228256166335
0.07187976951725283,-0.31722440652788825,0.7121818083074025,-1.631968978950548,1.835123372044618,0.49321035623051807,0.8729800222342633,1.7231770464817762,0.23356745311612287,-0.38303382900202754,-0.6665974976249371,-0.20838420544998323,-0.03045827374171997,0.006934285240238294,-1.0240138651291546,1.5253923264600147,0.8114608603333117,0.47764498753450746,-0.2696084029997588,0.9141910903461304,-0.02409902534892716,0.4898414950761651,1.1289782780250963,1.7363255973642584,0.1924064595730197,-0.009959741156337553,-1.437009891436356,0.6402177442524702,-1.6139526345536936,-0.31141458022492713,0.9137480311724752,-1.249036763607584,-1.2957939789668043,2.0127432205992286,0.9320740006648867,0.7229594357459553,0.9577009534839865,1.9522308391564627,0.7422457103502312,-0.046066557856560816,0.5020228660691141,-1.277414517058984,1.701568267958315,0.5136307909210251,0.23021233010234363,0.3153159867583694,0.21101247516347502,-0.7023316262393162,-1.4056574235258676,-0.22621915482318572
1.358880554515381,0.685252902820447,-0.12113195542014953,-0.5612546819899767,0.47130883790392475,-2.6610057614900833,-0.4018820826116313,1.0851090941313912,0.9063245464622264,-1.4779183024248568,0.09483161960403921,-0.6790146911903293,0.8029774827414502,-0.023962975804433777,0.2568118505748301,-0.21346743517346786,0.5681642281942387,-0.3914624655036096,0.08143274613272465,-0.4837879667597545,-0.021521626206575765,-0.31602965182408793,0.4615992555595152,1.1803017085818452,1.2105357866879471,1.0401500153539482,-0.4159205895486719,-0.6024272005304295,-1.3708914952498812,2.206750075164727,-0.7160443707020725,-0.213160616598485,1.160945979756834,-0.23236979044844952,0.6889750368215746,-0.9514608249938397,-0.8586083031186009,-0.15612119134294397,-1.5367310381095391,-0.32123478600016825,-1.9490029812849192,0.09033911777274758,0.6027961404964127,-1.0324867613636208,0.14950858604441714,-0.7497714534813056,0.26680560085611627,-0.8924735372750451,-0.819770932520664,-0.558972129628641
-0.9041676140199152,-0.17207493865791834,0.5084853528970318,1.020808453418285,0.26458053670378895,1.3622621424403796,-0.2644076058599703,0.11460185206231736,-0.6573653460153449,0.7761307272010745,-0.2000137332297455,0.2003991030941563,1.1871118067572632,-0.16455849526405864,-1.3317791682176807,-0.8414522786648112,1.8312775402726156,0.31869076871544166,-0.029449162319574,1.4609877463179572,-0.6309164020706731,-0.07507059656360399,-0.27520392621551165,0.2944190859544439,-0.3599680559117815,-1.1069054879898605,0.8623293463358339,-0.5640588259989758,0.2845682932761705,-1.5622405102695156,-0.901643754451981,-0.4449588884546332,-0.047423960586668854,-0.2474617849943593,-0.09681042905797445,-0.2664572499415645,0.36562388412452906,0.5635574268619664,1.3568461541853838,0.6723322991228092,-0.8438071128265057,0.8876988603983558,0.37317297577058667,0.5454855537967818,-0.19060726439734602,0.9409637285663321,-0.9552785576636186,0.3181489268929486,-1.779195626163128,0.1856336097030738
0.8123082509756732,1.2362359499043243,-2.595927763563877,-1.1231086083066926,-0.1583419636269607,-1.6252673838692975,-0.08214542552073886,0.43494809423124536,1.4936895588309482,-1.5734385535879818,1.9452216953510433,-0.8717403631224088,0.9285979246782198,-1.0681681145894275,0.45124162565332765,0.47805991037037193,-1.6577645990289283,-0.9046498808518376,-0.5767110276397687,1.912995695088972,0.037983531645275834,2.389254031038448,1.0933101971751418,0.9772956862207511,-0.00811854557004095,1.166324000030705,0.783929938948272,-0.1907908134690144,0.8940483811399685,0.5928588849703911,-1.4036441661130137,-0.982212267754907,1.9563119328888843,-0.258378872182864,1.5002701375856389,0.11638242139731206,-0.8215940724291463,0.31322322562082183,-1.0441413038645841,-1.2272054221299837,-1.7514316748590344,1.610858658935361,0.16599547339290874,0.053616013579195626,2.4777807846150313,-1.3358861338864165,-0.4430435758110719,-1.5538934769107526,-1.2265809639486502,-1.850815794000222
1.1740538871926214,0.3771363091260453,-0.4605723484004608,-0.7423438148041943,0.6364553334306634,-0.6433225805972689,-1.5363116772075172,0.5494464538153238,1.39807513429805,-1.1269492123640277,0.4201107711225322,-0.20527515939830163,-0.04186988264535453,1.0240641465686475,0.2610716293846529,0.007148191263930915,-0.06537491129227486,-0.8541180069445613,0.44350344098562916,-0.2328811521958565,-0.03280051799837645,-0.0916392718172922,0.32609685902092067,-0.31442534021310375,-0.04806329858929874,0.9737100678278687,-0.011395106881049489,-0.4581852451438571,0.024900028221020824,0.11333649433550953,0.3464071790826476,-0.27879027657648964,1.0554356916459697,0.6537362843267857,1.2199007532295372,-0.402837942158937,0.8349018239496367,-0.33316743753343075,-0.4461249899573564,-0.6902954909170749,0.5163376795827002,-0.4498554617636356,0.3817042746510659,1.539018738020801,-0.41639524604292477,-1.2867387203925615,-0.42339227813753844,-0.8882531985612571,-0.7464649513010954,-0.01285188482366481
0.44301351211533596,0.15788189284756446,-0.9473992477188256,1.2731020630594,-0.4495007047833902,-0.9209702480028331,-1.6460619099204739,-0.7191412659744281,0.11836036288454652,0.5266021248465633,0.8980516010595477,-0.05545082034010975,-0.545257443815352,0.8687471205563511,0.0276967975387714,-0.2663365183367274,1.252776150912236,-1.0594851527942728,-0.4598325790604979,0.24439159546032943,1.4375285596904237,0.8168941440346338,-1.012670123393723,0.7007548197361039,-0.24228791714835834,1.1445323635983207,1.259398175602687,-1.291064314829103,2.092352815955636,-0.3720618440375447,-0.8695783425634843,0.6345361074096046,1.0617492359682488,-0.1569235194142663,-0.48404494979782825,1.181004352120874,-1.286387639926305,-0.11165192068133353,-0.2055953610089474,-1.4012335768291186,0.8314400167099552,0.5999069514325672,-2.6703265988967373,0.8627404096943448,-0.6063211667492336,-0.22333075395588273,-0.5119124770158572,-0.4438765692700478,1.0929302008251143,0.06670795067859349
0.5187965405154236,-0.8131709365291345,-0.13626803593908543,0.5390747046879137,-0.6865549476873377,0.22833984872290075,-0.7811956477648383,-0.9167129810380836,-1.5496508683191628,-0.14522680537292001,-0.9366006383791082,-1.386453592337312,1.06802133290255,-0.794341812519992,0.40373002662761903,-0.753054543977171,-0.12086475394161855,-1.203950193055757,0.3379672836772708,-0.860361502469235,1.7054459529837047,-0.6192548447289127,-1.9851963068783796,-1.009094926390578,1.6864355948962437,-1.121571542607256,0.03332771312831899,-0.7992253798176794,-0.45304441465492273,0.10492084937904261,-0.5175994072770546,0.12102955802228513,-0.0695951731351069,0.2845358481863871,-0.7394579225070156,-1.2557465781225394,1.7792819062533807,-0.27929072447090825,-1.0883129205931565,-1.1075793332123844,-0.6771897516449412,0.642225790867358,-1.0987071276876208,-0.22385079827630844,-0.6458648218108699,0.6611195190395375,-0.14975857100663278,-0.8734223343710906,0.11648804433591449,1.5512529401597892
-0.8589249957478007,1.1752187176941493,0.4286316567225102,-0.9572231930303149,1.8425242794241574,-0.7981558828013712,0.1442119686310384,0.9953348866309047,1.2349155388828168,0.7791931549429901,-0.32387669899076477,0.30252725657350077,0.24899768400600497,-0.9618858674353798,1.1470723277028834,1.2175101999772004,1.5497472535211376,0.13645511703961832,-1.0988456726557274,0.5028249449305402,-1.4694306996938515,-0.7976836051572223,2.0798502031794706,1.023381043960694,1.94406892471436,1.2922534694506225,-0.7228285758602807,1.0988869137276174,-0.8772439207356129,-0.05889596599003181,0.10720054007984342,-1.0934121311623952,0.2192869140134764,0.6864623164929822,1.6757604099350971,1.5083708947562304,-1.041056493626127,1.3906993161041392,0.12200771591099195,-0.1480158920956261,0.4191216181897056,-0.2062691685300001,1.6418712162056575,1.2773465496941814,-0.7270449892991381,-0.8861118831120924,1.0384993599717167,0.4702712402696616,-0.14502036299103785,-0.9670858670552392
-0.1327754014616453,0.44327925529392,-0.9743217763923365,-0.5897923917663055,-0.3844069360873802,-1.54735727031304,-0.981880220119861,1.478869705902887,1.0645524954982286,1.075213829697061,-0.6015948658810332,-0.3943797635225788,0.4005688166273219,0.8893419087181528,-0.7176885327196383,0.4311432512505125,-1.294450356977217,-0.032813181112339745,-0.5240838963429091,0.01189894651050383,1.075314725862802,0.31791244551837583,-1.0433001596775107,1.2560071954641019,0.38581274800042803,1.366824519742152,-0.9913737484910937,-0.28925407896261573,-0.052044837156376804,-0.7821874960614354,0.8849174471928446,0.248923923009011,-0.3782866935003738,0.9916526222451114,1.748510179757434,0.2171682349981219,2.4235145812673506,-0.08776342754972499,1.8310760446198058,-1.8258415689556227,1.480656694783328,0.651554657762234,-0.040782045174495275,-0.21589886778698603,0.4628000300994019,-1.2801471226753434,0.8165010817047615,-0.6218268737307991,1.0484328002646288,-0.16008488928481593
0.4642339216341886,0.004850810506716838,1.1800350483938906,-0.43992505346001914,0.3236997670363261,-0.4598205822969955,-0.7151657685603897,-0.5468537235155375,-0.49468790958463355,-0.9841591043490755,0.6750151640104721,0.6187880720444233,-1.1326838965288764,0.14770462362544257,0.27183158479004826,-0.2130843062596855,-0.20050660239432663,-0.3565679217825974,0.5585381927429551,0.13277608561822937,0.3644788781196268,0.9282895574115133,-0.3882530514085634,1.1917981495009495,-0.2981671247825922,-0.2969585432741651,-0.5571655200078542,-1.0790223888246164,-0.752293156177903,1.2455088287465392,0.06344726494102014,-0.15431195379873847,-0.06602100836315672,0.4178992199391106,0.22396574486288381,-1.5051919567034664,1.5522442220976655,0.02441414035490741,-0.7940204332255502,0.053942077857610606,-0.5109437466513019,0.46965208010271714,-0.12106895154344276,1.640452552990026,0.17943641685622863,-0.11501791749634249,0.3703317193442693,-1.684527825152585,0.8266085364554793,0.3416886357777259
0.15057772559652605,-0.3883735239240509,-0.31145441711213545,0.6974054234713859,-0.5109053910870697,0.10673424555020602,0.45219404335495345,0.20554667178793418,-0.10034912108203267,-0.553123345342398,0.3139514733164643,-1.0866213740278023,1.3608984342111394,0.06916763983882188,0.5885058701221212,-0.9567905250556389,0.25870683391906757,0.5949552018108649,0.25298498635379424,-1.3787268253249958,0.9557205483427429,0.1352434917570606,1.1896854078967372,-1.4355658469430677,-0.10844552242441942,-0.2511760024304392,0.44521150855836394,1.0075191385672926,-0.4672487313854847,0.5900565197256148,0.6089112163834065,0.14892165284902187,0.5978074062257823,-0.4059296664016228,-0.21475068927485988,-0.5303104965830144,-0.5002970422187867,-0.37426735173932135,-1.5695163404876473,-0.456456910473451,-1.2261970611234114,-0.8083749911018886,0.9722543048521577,-0.3134575234766471,-0.6740495037437033,0.2944471983016698,-1.4346109456020903,0.12146609833049556,-1.5702276148413319,-0.6778175788318734
-1.2681269829215633,2.5419146716161105,0.5464594457870324,0.38623040875223674,0.3841004601301893,-0.3741707792157334,1.075947353331557,1.5596013361615502,1.5964336213266845,2.228085322643419,-0.20883922010292458,-0.5370509926806524,-1.0884550524427967,-0.740792142794823,0.21191919076090113,1.2510484124817656,-0.059391722653269384,2.726105437908939,2.2177535515055413,1.0499329516035667,1.052721448536294,-0.9430352106610702,0.22931915212251047,0.2743046408789235,-1.8893359538085404,1.2248107934901147,-1.8354784691948987,1.2789625029010159,-1.4998831853202141,-1.5446772211416184,-0.8775495293985888,0.35416436874634455,0.02030907079961354,1.3082221686036408,0.15766850077558722,0.3142888727063695,0.21495830414162767,1.2651800245476232,1.3939562727075248,-0.9793306867724367,0.5883398326049752,1.7506499673713942,1.4570948621140043,-1.3505982889082442,0.006415053222694239,-1.3123398484940456,0.5185437300914663,1.0781245013292453,1.1913959014977444,-0.2671835431519935
-0.6123582560011099,-0.912660695012057,-0.4246837230335647,-0.0740013248677062,0.2704760116907426,-0.782808570072634,0.7829439530976048,0.15818585989938566,0.3207218393247277,0.0263667365087499,0.022331978355771484,1.509937576583951,-0.5087207740188711,0.23894320100541397,0.3073411635506061,1.495172743092402,-0.9989960269956053,0.15671529480450658,1.9075675327908832,-0.6506994258396979,-1.2593167660827103,0.24778181830266371,0.5661291568771639,-0.43617120610982646,-0.5458007291932103,-0.5170292935360711,-0.22481974392693405,0.791076080660228,-0.13002699151637984,2.067195518675151,1.390407651600519,0.6655460498087562,-0.7734904596981182,-0.2540129119781315,-0.7088386376342849,1.1322421957106061,-0.381002284535605,0.3329209762212639,-1.5606488142272774,1.7494950698384863,1.801222467242359,-0.7361415216464335,-0.0299716131605939,0.9897272512807566,-0.003865315690073539,-0.2682837960464271,0.17888261889895704,-0.11783296583381456,0.35380255863123794,0.361547986737608
-1.8009370027500557,0.5728994799457865,-0.3868341397817155,-0.824032028458226,1.4420313290028826,-0.07844197934391671,-0.7713474341467993,0.49600530762846473,2.2939414729956615,2.173295184489432,-0.07064090354244183,-0.24914847965190096,-0.869556631678274,0.2555364602201719,2.8099344906335766,1.3619379226317723,0.4101915071616823,-0.47340656263877384,1.1886963229213408,0.04666019879769058,-0.6737556867765725,0.3360248423280686,0.47006935511032105,-0.9346105708191806,0.9870034060872761,0.5804155667674396,-1.2510307819278308,1.5167760311258331,-2.0070391521776245,-2.1137128043450315,0.2198623813433476,-1.575847811484316,1.8021469857909282,-0.18932785557058657,1.6453276320906867,0.12900236370259535,-0.2238800728393086,1.5450462434795478,1.6908616707065658,0.5631390662136362,1.1910349809804806,-0.2129858203619882,1.1564357375483505,-0.7285631127216223,-0.7301142410429474,-1.6218202237181638,0.852209179530169,2.814808010983636,0.39060637109073726,-0.1258251275597402
0.6537983976703517,-0.004705069078269014,0.060124857811905005,-1.113618361027412,1.8731386776962407,-0.1870630500305251,0.2269685938952767,0.6225195669461132,0.4170833645862539,-0.889936122080089,-0.6387051842399849,-0.08491389202937083,-1.844074299504483,0.1136473560393753,-0.5995068843878462,1.1186602469816775,1.066355908502448,0.6038498689810735,0.047464665474145344,0.7955648116621923,0.4680542801044238,-0.5601348906973548,1.502143821449414,0.8324284746080459,-0.9580168237100474,-0.15975678357540077,-0.4137146240779736,0.665248657416418,0.45404989500559173,1.0000910919454329,0.2508015753078814,-1.9517351268453458,-0.2415886225120004,0.4929943987195458,-0.4977828765085759,0.9966824466545618,0.5832383485785291,1.238668853803683,0.6743057736428135,-0.4557803672015722,0.6619263636912543,0.04448496270011476,-0.47201775426520504,-1.0645077371035765,-0.6548886318045166,-0.09552247935832056,0.8297634925816548,-0.8968909937965779,0.9022312983702429,-0.637608031142676
-1.5951421357310445,-0.7291930088703914,-1.4536832828725172,-0.7833268173287838,0.773246410232223,1.409098018837234,-0.14477909002798414,-0.41565863635280625,0.1072032710743103,0.8129069426382185,1.226705547020713,1.292828825322121,-1.2591039351910298,0.20335473501240056,0.00036727612054006457,1.8792375893406923,-1.1606385577804086,0.6892467843881719,0.7322343483045934,1.2130102193182764,0.14937362885934585,1.0119470810344204,1.285372048015966,0.8628456124923465,-0.9833150618667862,-0.8912319305412633,-1.2906990800574276,0.33026731599217163,-1.12317519021756,-0.09436701193477215,0.5335546446047689,-0.035710333984844855,0.07608378733476344,-1.069584107056705,-0.6182222264423821,1.0959697654024219,-1.5455572551304235,1.3482762077036146,-0.5848603881996233,0.4092478892870349,1.7868347299565317,-0.49245995761933853,0.7475198881778181,-1.3414596155134733,0.7263634916969652,-0.0015426623719976672,2.1608744272032077,0.8035329622795673,1.3517609267009971,0.35196249523689815
1.5201530798530982,2.898634582663699,1.4197284528632548,-0.9179575194755848,0.4499343847819182,-2.3270614276148955,-1.747751960196298,1.9201627961624,2.877979857579726,-0.11603726200579495,0.6535080336211967,1.77085945358398,-0.9624977302840825,2.053677609593654,-0.393506913666264,1.0844165756716286,-1.007598739429962,-0.6202046073300095,1.2991199815024372,1.3470521685139099,-0.16106491371135342,-0.6334008716239036,1.0599937530640247,-1.060502959588491,-1.7223227310275622,2.6730002329025657,-1.0462685194373604,-0.16262190933359252,-0.5547751504300132,-0.6888591000656987,-0.24072597080898353,-0.46443832865818474,-0.6608119065969744,1.9663204233631,2.0672809330717574,0.06575107511418615,1.9181218016244084,0.4871379357044684,0.715790500270222,0.4844297624498235,0.7890425555052688,-0.1461195035333026,1.5297010831033822,0.04594722132027282,0.5007482058001427,-2.5763436347579507,-0.06857077351230201,-0.5128269133335618,0.8538878286553014,-2.14961276154481
-0.3378594006900694,2.164115130497938,0.4440906292195861,-1.0628217527913044,0.8877539693641638,-2.2255788019554035,-0.6202286338673317,-0.04607201326664643,1.7648402125554394,-0.25128894995356893,1.2571518535495556,1.7998746931381149,-1.7816771395236655,0.30540748064950235,0.7183229364615724,1.123114242839777,-0.21962019449205697,0.0476145436833125,0.8228522467395109,0.1979687100068674,-0.5794635518653998,2.0715332011739562,1.1268583856805912,1.4215030029934528,-1.0860097372579975,2.797248437184349,-2.052475592741034,0.3658713106691119,-1.2551961215337992,0.8743104446445215,-0.04281868988706938,-0.36730368506971217,0.07274017366851114,0.628448230678549,2.6172636986604303,0.4210253546782839,-0.49381642737092274,0.6989084185598279,-1.286184166851061,0.4362341592948464,1.9085824149796877,-0.5928523516219388,0.7810788594707183,1.5295735577110376,-0.10121384994531854,-2.6450091869491628,1.9297831348089987,-0.49587874418902794,1.5610130007542704,-1.9380041301395425
0.7452305743279396,2.6571963433826893,-1.00006771235005,0.18782732476717928,-0.6140605268652324,-1.8142447038723282,-0.4533620703457112,3.3335014546218185,3.134318562668715,-0.04099548636577145,-0.888102434936041,-0.6519694758234226,0.9902536199297295,1.5113005532264,-0.2517577524843064,-0.04837333996565827,0.26040986053042847,0.225555130678299,0.626135800834647,-0.16992257404611424,0.036900692526962924,-2.1303046863693877,0.4948086036124914,-1.6404173568049163,-0.9305221649384414,2.693998376854685,-1.046738056699815,0.44518482317351943,-1.5578276242196476,-0.4388219745954392,-0.22690437456149534,0.0016355702043745937,-1.0086208431888068,2.484837264919798,1.0418660939444961,-0.3644516581765628,-0.45378112751314104,0.7666434462298758,0.5321239486382552,-1.086683881511041,-0.05184828722494214,-1.0663504401357395,1.6409880671792636,-0.8391632188472234,-1.4370139638866768,-2.138123037770772,-0.7632643183014175,-0.09957818768921482,0.3148976682922498,-1.6655444572822522
-0.7252626792029716,-0.48062580047561,0.9901803813128259,0.666695001634684,-0.47694820239983277,1.7816968105844795,0.13206812964621698,-1.2631605962762915,-1.431356948613886,1.0070598984570303,0.965481459331721,0.16475539228842517,-0.03938836873937882,-0.49987666255888763,-0.4315405250792927,-1.5999700208858665,0.34177060687273314,-0.06427235708110418,-1.557006959769163,0.6779097493488552,-0.04130554170754756,0.7549619340964775,-0.8715525210122556,0.14828822678879355,0.3927557751044225,-1.274125876781906,1.678963605077868,-0.6735905971223121,1.312451673014568,-2.0731616323812996,-0.4999481684250432,1.1544464766047717,-0.06061330629312058,-1.2399428306181395,-1.0374474286526867,-0.578938862763123,0.7320327038218187,-0.15326620797913773,1.813555256348074,-0.33764074739715894,-0.641632334970201,2.2768984921210413,-1.3552014821178773,0.1674975375791149,1.0279027127010667,0.935876875959394,-0.4675694783266291,-0.0914349005410338,0.00809487976390132,0.7315781637498935
-1.440341993297812,0.755048762866633,-0.045655843041945164,-0.3051590474233446,0.8979337671929997,1.0803069125165203,0.2758379848694966,0.43035925333280595,0.8990203377764862,1.8006144105014434,-0.4822160958011542,-0.04966027105903479,-0.22673770672066057,0.07217549436061678,1.9896796647041555,0.008463742224827688,-0.2221184140315586,0.9618384685089045,0.8746440316402924,1.168109308394446,-1.8389248291107498,0.05257798984219157,1.214517742137525,0.29032483566535433,0.1014470669193706,0.15396531856345474,-1.2358142340893785,1.4181516615996286,-2.0390325913620506,-1.2215931701385907,-1.0046752966460284,0.09388862848451716,0.8061721284557155,-0.31465927305098607,0.47943889408521767,-0.6864936721418553,0.266282150438808,1.0285026657959508,0.5718508763393564,1.0890213885610818,-0.7181490383738096,0.5391680166918322,1.238184832002077,-0.26030628248158233,-0.022605086047504146,-0.3300377112821475,1.147384362132785,1.4495362231571594,0.6506586264518273,-0.1832859966552048
0.8285968856825215,-1.1860984275371744,-0.5504904292705995,0.6049424922871678,-0.6348261331523648,0.35033046659845485,-0.7565669825782435,-0.20106591338941773,-0.41180416541113596,-0.6322690817094891,-0.4121473904184053,0.43509384243172744,0.1297780525574376,2.051645336231789,0.8061724531017587,-0.892542300821195,0.9202825256515812,-1.6137640477498527,-1.0001303915630573,-1.0443257155694903,0.7198563387626625,-0.5587742778405719,-0.6006981659660912,-0.049010597887958994,0.9183712960068301,-0.42657698915694664,0.9567919881037604,-1.219557649009731,0.40628752397265366,-0.1664545941182135,0.6405996376011245,-0.2561913217841052,-0.17379850371475947,-1.5297960692614685,0.20980491435946455,-0.5909011759894507,0.4472319461344321,-0.9906683071758378,0.2091974050280688,-0.17745234953068437,0.23995947031218984,-1.7752196130304976,-0.2745431008559002,0.41389404811229585,-0.7041890122949906,0.7849549168680012,0.1474841462735223,-1.0932476066567336,0.5398956166118161,-0.11260903331777541
0.5665806708084206,-1.9147632196147928,-0.03585066727634684,0.03825590278801771,-0.9179798740569034,0.49574755602979675,1.6690695429437372,-0.4187545958910408,-1.4019748104411893,-0.10942850970510894,-3.0755307370647453,-0.6656274873558357,0.31256170429683394,-1.2975799373553243,-0.8679065975424191,-0.1391651286177467,0.23532524526667403,1.1889160213429262,-0.7014031476454006,-2.040280123651338,0.6041481400756882,-3.4522201015796807,-1.161602834831645,-1.1720291427951008,0.3667440104926175,-1.2595307750903382,0.2265425837088447,-0.9619298999184955,1.3082554683560743,0.9002965428249323,2.3323871138383114,-0.28148623582821675,-1.4405441264423269,0.004655456834263406,0.6821213687015073,0.6283385291814113,1.020192769705237,-1.0057067783322822,-0.3674722718993301,-0.9359049702967546,2.648089894673622,-1.5200692927324446,-1.058562186032559,-1.1008373057405776,-1.4228286293093717,2.3543713727851454,0.4283199337528008,0.6347186406321558,-1.144788300203984,0.6187402364819303
0.08086003805459893,-0.35446699455716163,1.0229971691397797,0.3495633617437675,-0.21340806042371993,0.6101351143646202,-1.7210591686925247,-1.0636602797454802,-0.2543947769090011,0.053925676068887166,1.1956738271473,-0.21614667334282228,-0.08306061366432506,1.2342263007925147,-0.7005389912223967,-0.09754922022797267,0.36931922451803295,-1.4507671811615976,-0.5869761564870125,0.8404147895757501,0.02342970481245367,-0.7205417048409652,0.022492280250463355,-1.0235673313254527,-0.08001766540055517,0.44635974544192236,1.1659329857209058,-1.2362290295491367,1.2893648727124247,-0.29763184344938803,-1.6152986787026988,-0.054303059173876414,0.5157221974858566,-0.28118831941403777,0.1352466825313562,0.002531779466669113,0.048438089967329116,0.1151479095312589,-0.3250525489056613,0.8011238010688356,-1.2751411281812763,0.8223006970588713,-0.9278383570426799,0.156007276768083,0.7332451027653502,0.15106675874497952,-0.4979953677098372,-0.015944403243144237,0.583265138665849,0.2904712523135865
0.32043181629420087,-0.3119491335307639,2.8653044360821105,0.5407843590512398,0.18853618259937213,-0.28449953159337427,-0.41736900460086096,-0.6138504502670233,-0.14121639087120688,-0.5206709422548639,0.3094685057744652,0.7100989217385473,-1.2997787683902042,1.0754464074770638,0.36443576069202716,0.3123735464208887,0.7271838427013847,-0.6396273529164808,-0.4658065154389811,-0.12426888766250853,-0.8912597658255593,0.7814850498750928,-0.6304766624502488,-0.0007852179375393925,0.6047217979105306,0.06904617034943983,-1.275789491022312,-0.3097819970863981,-0.27124240841447467,1.2552120437523304,-1.2141098752192423,-0.32183075789144217,-0.027044986510537206,0.9359385597955333,0.3029839922822159,-0.05962550664872513,0.39438999261302404,-0.09314171450696282,-0.5347236290263795,0.841881365779293,-0.042912198216142707,-0.17438824830316654,0.25091453656779045,-0.6041242157468127,0.08181347190686661,-0.3701036852299217,0.916792274981857,-0.72724584382894,1.4260827134591227,-0.3010195396157927
2.262662498508953,0.2783360811994858,-0.21251173835503084,0.3477890947988676,-0.9420779847022221,-1.4456962365328057,-1.3609399728592375,0.07122485720142453,0.34842088377174174,-1.412172032263475,1.5127213940929434,1.9285010604326063,0.4232880217035839,1.3697497253082516,0.9374831658723802,-0.24925256164370668,-0.2785396839092204,-1.2184415880622006,-1.1796216457871416,-1.5010900113696493,0.03391533021373903,2.3538930274749164,-1.0776495619132365,1.7212915097879051,1.8512715110752562,0.8297696755682351,0.4837036518857699,-2.4554324093683664,0.5017779735265454,1.3820517589871322,0.31491211234140276,-0.12605768755754165,2.0539900915200593,-1.2242776290979693,0.47413655588835163,0.4034605728261213,-0.696873253628326,-1.5784947476895612,-0.8295873520665349,0.983654893150789,0.6301988995627313,-0.01926081221429481,-0.19249417947893674,-0.35772846405904407,0.5809504677255769,-1.2843297828889781,0.5603790162831371,-0.19490729772292453,0.2537420213746039,-0.7813481549184047
-1.0967118847789878,0.7561802281157711,-3.0378093441299754,-1.3741297017032577,-0.021966214820397904,-0.021618146007712682,0.29433249582168486,0.16151654287895206,0.8699989805045923,0.24871532298500168,0.06752625941028356,-0.7116871645287361,-0.847844384012196,-0.7079899561464965,0.7727069977903989,1.2099749670884672,-0.9607363884473433,1.0171712131943345,0.5454526307631504,-0.5683759463754485,-0.5347627127193672,-0.6196313014959093,0.5569907621413404,-0.1160188412572935,-0.977010716509954,0.7046006288388643,-1.34319422898805,1.7446823786072299,-0.3688283709920097,-1.427842241018701,0.2831125867993894,-0.8082459715994095,1.308562155568518,0.0810218481752396,0.903671708638584,0.05829807830107769,-0.38741412956117616,-0.003211949934901575,0.3627919010157645,-0.17108240380305054,0.12501075940849252,0.2535601264414981,0.2551191667060036,-0.7349940472966872,-0.2348815202805829,-0.6315755216551187,0.6641975964493398,0.6483782786328999,-0.04331144998532837,-1.5133309897041127
2.081754423139714,-0.18428199419282842,-0.22961752975340682,0.8196486539491354,-0.5083307400741788,-0.3674065895289089,-0.8036162765439206,0.18434473629483025,-0.666014541683223,-2.096376072492613,1.4159556094898473,-0.926055160541296,1.799277862097132,-0.817041041854137,-0.05005599186217627,-0.34904856056571465,0.47852069939090197,-2.098917026772548,-0.4699105614058412,-1.1302772172889766,0.18483115602919836,0.027805134726516856,-1.484821389015057,-0.5740963411061493,1.6857463246914832,-0.7442699139322021,0.9992525266354534,-1.2002583725594551,-0.21926794675043862,1.4930770541475635,-0.3628541305287111,1.18045185416485,0.7937560893013751,0.9547432240766357,-1.2666828744341152,-0.21238832722068973,-0.22998975372173283,-0.7063040798964485,-0.5346277199115649,-3.136947099674001,-0.8682832009135966,0.4326282850880562,-0.4263837772823273,2.124783150684619,-0.968954869837397,0.5799640685590051,-2.1629652125479515,-1.8107407792892947,-0.9915728657070351,1.1929661775941756
0.3419569144699665,1.5825490021215756,-1.4544164033288756,-0.8503462799638034,-0.7376077680370555,0.4960701534326589,-0.015091103276314802,1.201271301398961,0.4397956710312925,0.3501011779812437,0.014679923204767732,-0.3872059285403148,1.3287674555319158,-0.4591337931517472,0.3662203269796889,0.18871188665344815,-2.037884470870991,-0.381824098429877,0.2960006532169449,1.1031629325698775,0.24788764494795767,0.2578148174200845,0.604804756759243,-0.8389867492495447,0.7459738672830478,0.13484395298000365,-1.002295360760593,0.15998106999948822,-1.196030316558615,-2.0936820939370526,-0.7520008031287464,-1.7394594196942899,0.46200375477114103,0.930456412370412,0.9558290425524625,-0.28538283025949746,0.6439020112319854,0.11068885781440801,1.3875373986236892,-0.7078084355988536,-0.41022163949785945,1.081950439863978,0.9901965634353477,0.6480935365300159,0.553631857766834,-0.8297474373293612,0.4927917865714597,0.07051185333365145,-0.7716343643589898,-1.3286929543153443
0.1622429531702788,0.19781789715989873,0.235730305065515,1.0432067947052137,-1.3592509809548265,-1.0512330216966204,-0.7942139800419576,0.4873408580011062,0.021812752967603155,-0.03793140568130394,0.42288491280354645,2.619009643014716,-0.03760837136543364,0.3235748848717197,-0.27343735499047517,-1.2279976390339293,-0.2506877601177738,-0.3699755238566467,-0.8443741528188149,-0.8814245453788425,-1.9352179667045268,0.8701976246906509,-0.7253262687734812,-0.5000158659505864,0.14125467353669263,1.2608756109905743,0.9219132062064995,-0.1564541280417657,1.1009865005980162,-0.19014356590811915,0.9545541481793522,-0.7223124013489225,-0.7685848993212911,0.3498879939660807,0.01117276225972998,-0.07022965247044102,0.1749836180791798,-0.9680325761096852,-0.9147465943197745,2.9778450780985333,1.3242776313212838,-0.908174387655123,-0.23753261872985038,-0.876762990054289,0.7130292843383512,-0.3994854952530756,-0.6321391948397941,-0.0796284910659113,1.2586300655782356,-1.7808810262307075
1.4400059542210593,0.18945041169039012,-0.8164510046161575,0.09987827443799933,0.6183580035043316,-0.534493343306194,0.649364609183069,0.017708207064344242,-0.7263736041898403,-1.655472112854299,0.8998019820220677,0.013129477665177568,-0.10803373690237984,-1.264226879034344,0.8767863703147588,-1.1413535305943692,0.7270562573474525,-0.5599623558866283,-1.8906864269253159,0.10511199665122271,1.2749844333312705,0.3584152843111803,-0.2600730921562433,-1.8279251132291157,2.0488934100626146,0.000264426982066998,0.07285578505480854,-1.2109021929862502,-0.5641220422492453,1.7906364379257547,-1.2735631870021549,-0.12093156408265175,0.325817166786188,-0.6981814620536465,-1.0991394194345843,-0.2853201721611206,-0.46188648144709166,-0.205786885019947,-1.7398783885095865,-0.19739198039992492,-1.0747005755026993,2.019192578405353,-0.6612419269807212,1.1168173507874737,1.1849163370092208,0.16828678142899312,-0.9528696864033463,-1.7373930573261664,0.87123233432641,0.13314345454744364
-0.057239662287859795,1.2314439029649629,1.4338877997293302,-0.3689143952876732,0.006037699174527672,0.8490302131675209,0.7037495402145251,1.2272820363394232,0.6664053900772615,0.3801180051128162,-0.1530677158987215,0.40499029732229486,-0.6592188762443265,-0.934553523407414,-0.06021556220616859,-0.4908967243819082,-0.4041814620258017,0.19878658369285135,-0.24800993789009018,0.614764818561759,-1.1693829055517369,-0.1485737108133329,1.3862671092612042,-0.9428993478943426,0.7839130939469777,0.05015466768126468,-0.7680259828142015,1.233297616107772,-0.29713812668487927,-1.3393776205307575,-1.4393443315126642,-0.3315663856583237,-1.249347140804816,-0.07132169219934775,0.708488980343329,-1.1159720339449164,1.60452754794182,-0.4416180729851424,1.8023366653930784,0.7390391956753709,-0.28272665616187737,0.5874125237968328,1.1387284387316083,0.4291028324544405,0.40785605773899025,-0.07413728268375623,1.1896328231904512,0.9069529386302079,1.386437359790007,-1.2291287252084124
-1.1214570113146973,0.239701490083803,1.8397438879738899,-0.7412417313356027,2.2080140618069874,-1.2719387180798054,-0.2827064087237011,1.299492143273594,0.7063190887481354,-0.6820838793707256,0.2427106866489364,1.2204436011742488,-1.7048650172010664,1.1959820911248582,0.13289408328027164,1.373142071007951,2.1154373526459547,-0.31328279141335447,0.10194023906025478,1.042876811186262,-0.36081396539760885,-0.5763282412278901,1.4841621220354675,-0.16772178581780614,0.09184808312152483,0.7007648235799949,-1.7032680219129088,-0.17468833705021475,-1.579575352539599,0.9358399767340829,0.5514157906347672,0.19019525449110022,-1.1683557526772548,0.7563907157810152,-0.6058528158319259,1.7500012261348556,-0.9328367618680561,2.1890740200856755,-1.5380228770328317,-0.5066479379646953,1.5109666737922862,-0.9907335829308244,0.7960063726680141,-0.702699499980401,-0.1426063303585695,-0.4175873247926613,0.8403661521911087,-1.0359948235916823,2.0488183585023494,0.016881892538566534
0.8421611085389247,-0.725619291795658,1.0552400081676112,1.8369567691966884,-1.4554065801208407,0.22738152777621495,-0.23039026071768465,0.3091234203780891,0.15563111679422612,-0.7193113262595574,1.51001116323642,0.24539225576697693,1.7100208730319117,-0.4226944452700204,0.10918641055961383,-2.0057976433512814,0.5646518148046147,-0.5195347142881254,-0.49310652715332637,-0.4388010315101917,0.2272049087017698,0.9192373692966139,-0.4939934627977886,-0.0629761405231422,0.19352845945254457,-0.6118278998111527,0.43491413225483244,-0.6072486865001456,0.49064733303626096,1.4449810800666603,0.7436907799986674,1.6476125743801804,0.03768302404006059,0.3713044840622619,-0.4881395541335112,-0.390953005053701,-1.6931122368875202,-0.818265553889491,-0.9841319676344283,-0.20559189375056366,-0.397248288803866,-0.4068040834592843,0.5931277806846101,0.24325488799126505,0.38176711205523245,0.4157765436440845,-1.2742601071392667,-1.004111245361266,-1.403999421536033,1.1692379210256498
0.3585402832929485,0.7817537567268752,0.6455498938643639,1.7581427506973517,-1.1750806041569841,0.04387035509788879,0.31402536537587294,-1.3860763696501552,-0.5342553182737725,-0.20476859367633152,0.27737683650513195,0.14062073147592147,0.604457529565129,-0.20962695021001126,0.20231108427892217,-1.682730149871048,-0.1413285910537157,1.6725247119146258,-0.27533905971397604,-0.29238586728526267,0.5809029231257733,0.7182102701643236,-0.9355637235640498,-0.06554199573688416,-1.3606889570133867,0.6054444570740385,2.273505232025614,-0.1855356642398532,1.1288212343168162,0.5229542608378335,-1.5635008987862988,1.1894371089255478,0.4980418683465997,-1.221475518412266,-0.8378415846481816,-1.4745470773223748,0.47261049087645396,-1.171130172434913,-1.4085636852076637,0.877966767746423,-1.3831076316225241,0.994786128170214,-0.8152531030999918,1.737662479232943,1.0496701062213096,0.5208417030754078,-2.6127816567228974,-1.7095088170194341,-1.3841353453644831,0.4006217872624363
0.4450648034135839,-0.10141722563099652,-0.9441799601040612,-0.4716021757858182,1.3135810267121024,-1.31227833564107,-0.7733341026093973,0.20056600563475843,-0.22441331840545908,-0.09046025245394719,1.9989171717241787,1.1656111144521546,-0.30380521108329805,1.0463966309626604,-0.16409959127194723,1.5308542552894182,1.2075212220650635,-1.0398062827855183,-1.268883609276956,0.5798081339790191,-1.1170829518971062,1.9516049436700507,0.3338251443662672,0.6228709480393949,1.6044633246344913,0.3986184505224196,0.1762564182232481,-1.1346090523016503,0.8792096979648519,1.3242325880559735,0.5266289399208305,-0.11629478275668444,0.2334909198991383,0.8345898256627335,0.3112257193579191,2.276711216363095,-0.6601724496943986,0.8443920061899718,-1.5884754731118516,0.8029981958422111,-0.04342459764320238,-0.9777319968542392,-0.9021311066253215,1.4605747978867523,1.710188714243569,0.09366619303844573,-0.01838998750831343,-0.7909894007156031,0.6057638240560527,0.026039464869663007
1.1260764451341647,-0.18302145395714708,0.05678056146851615,0.5470365969587057,-1.158000028306381,-0.37654404203900277,0.4148696623016027,-0.4485178121739077,-0.26744770413460295,-1.0937009135291431,-2.0188625760645826,-0.7034951425936092,0.03160617106902329,-0.38026686816075733,0.2065474955096457,-0.7837374152737785,1.1683854375683758,-0.7753321510382508,-0.9740884457218476,-2.398718951612855,-0.6314244449316949,-1.2748762645047416,-0.40074588949304346,0.30329910645342634,0.42114586186492164,-0.10005039489239517,0.19422964979786486,0.27390657708807853,0.5622291848579342,1.4668708875688945,1.6261698933879354,0.9774908153693628,0.22802501062750632,-0.19911610802941115,0.3924763806786926,0.14711412001977253,0.6404185551170749,-1.4174093124712936,-0.7798649599122528,-0.01992776298394181,1.347930925351069,-1.2038660928530351,0.04054774834735411,0.5983383975155887,-2.074701971206428,0.5351127051244189,0.3882422758402664,1.053762162527789,-0.41226223170878284,-0.08611119006616301
-0.4612680160065399,0.04422514261312522,-2.103751182343793,-0.8868858033904022,-0.31478768322238193,-0.0522613657111974,-1.4459942033982816,0.08935594085668204,1.031550432039967,0.5698269813210329,0.579139451482846,0.039841081157816476,0.2867028625469132,1.7652228286207379,0.7689115667164026,0.814307389824368,-1.808692614003118,-0.5401594114927215,0.6959554209197427,-0.2017726363941361,0.2321652606420161,0.06841244669297818,0.20437643097981192,-0.11172305271247164,-0.7648259190244964,1.1430906657901572,-0.1036685772880062,-0.9502578519514061,0.8364757006893463,-2.1525135374062705,1.0288571435809195,-0.6897008162623447,1.978582141197319,0.027880406011910563,1.4310793562492354,0.6093923497059702,-0.27906798355926055,0.130482401831566,1.1690843059862068,0.20980264771780902,0.524040742258508,-1.1366756387859287,-1.4921099984830464,0.8559861834983615,-0.3024613902983163,-2.079345294796953,0.520824479793057,0.8063025984923633,-0.8335454838034712,-1.6918691239759034
2.0075483778503624,0.10563012091832356,-1.2035994443189886,-0.7254641400516268,0.379492195986707,0.3926374257703443,0.24534066640896224,1.592544264665602,0.30657251509128847,-0.7205078999461658,-0.6155573549612748,-1.122458401880739,-0.1850888736727457,0.07864990262410096,-0.4858798331227033,0.4696202940661248,0.4094587479868394,0.16738719037592226,0.3735873366669562,-0.44653626687775333,1.013892531449247,-0.6477113796022739,-0.22413958085439145,0.15093719704589528,-0.5945753897192847,-0.4171977078321445,-0.12292537699081367,-0.859819675926371,-0.24739703837101149,0.2336558130591618,1.012540719287693,-0.6939709180302438,-0.5767758707919249,0.6826446131582949,-0.050180752751803386,-0.487807428051358,1.023641970781774,-0.23584506881512993,-0.48436310122383724,-0.729507193214274,0.02116560988001947,-1.0206960373177865,1.6097516209169145,1.4373911498809624,-1.453950058571344,-0.40823112440660064,-0.03350898682142765,-0.4316117881691525,-0.5100216251640474,0.18751167996289925
0.4728294876907712,-0.8640739888457242,0.36887934870874045,-0.016639301797775407,-0.5102357028138466,0.8360262386749439,0.3581684924286942,-1.2136571489811026,-0.9735509286210107,-1.2267751024909952,1.5815170385887936,1.3395310497508675,0.3203410369495195,-0.33365444866041105,-0.28999781046395634,0.7092121250459273,-2.089475851629247,-0.4292263532801543,1.0011172884989554,0.7747316555209414,-1.093361894519056,1.4505484103629616,-1.0367933178897324,-0.35171883178555235,-0.44224954530449395,-0.46297443157978485,0.9600698040139407,-1.1181459944589576,1.0335137819553797,0.12970477441287354,1.0446285455989943,-0.0773623609978621,0.28630024430070855,0.1635895605572545,-0.5110992147845888,0.14705805651358628,0.5824003436984106,0.17152745316805543,0.16194482304570287,1.0748920141399658,0.40581715754629155,0.8616078654979207,-1.8278835010113157,0.8989652068107803,2.4272063499509304,0.5456499227456926,-1.0734678094395782,-1.175825031179656,-0.8905403512620336,0.649155125817272
-0.8423771867477063,-3.046891220112206,-1.917808096203228,-1.4605089666512707,0.27360340363149016,1.5199002129905954,2.0469345825123315,-0.6823603768979102,-1.0485181312027259,0.43208186359702483,-0.1140281614442283,0.8031415663550523,-0.28694116626880245,-0.583909595511683,0.5028498213807312,0.4838537445802142,0.3291630480690897,1.1074182383552662,-1.7477040430037167,-0.7466543815192221,-0.416104720124556,-0.2765737355050951,0.6569815771462799,-1.1850631688013833,1.193779311579609,-3.258255248441622,0.7566761995345295,0.970631546450403,1.0484808704392172,1.7140910588671978,0.6782562245262881,-0.6875434015086193,0.12360175769145833,-0.8005916685650752,-1.742119859697566,0.8294432314862124,0.7793555770224251,-0.011141694496188152,-1.698441394097275,1.4263510492240163,0.4526263405681086,-0.8784828637397473,-0.8011980939930061,0.5668496306395656,0.4633243881892984,2.3433869067825013,0.7436939435992042,0.7930675748897524,-0.08250877658596477,0.2890343655901756
0.9987914906177713,1.0041417707869071,-0.020141262438258284,-0.6924268384709112,0.7439281994016658,-2.450699611675609,-0.6495287613410347,0.6086266718508168,2.082076522540731,-1.6489223129415387,0.47450504486648903,1.2559375908800539,-1.6048448553946375,0.7722761981311037,0.21048481802969526,1.1967771234686109,0.8650835821132882,-1.376777866351055,0.5689426242566774,0.29725632936959984,0.6861799662589777,0.432835639041108,0.5605235739675015,1.1299501064790534,-0.04504355492079862,1.943825368171719,-1.9818621510011274,0.4795463529798144,-0.36736105898021904,1.0944884479453396,-0.017409077662659426,-0.17245365021651735,0.32332823184815623,1.6962072916545268,0.9287086326346755,0.6622248097665481,-1.760623083667358,0.18607982113908056,-0.06074602434649318,-0.6003050915809843,0.5832714791280524,-0.20909576445048048,-0.7532185347830723,-1.513158156740233,-0.8121209230268348,-1.8949580474293304,0.9217781926095964,-0.5006297936747773,1.0940712666623766,-0.32854944128697766
0.1353411347188447,0.8589548523914583,1.9315397192402626,1.3657813252545934,-0.4962093051235408,0.3823236979744271,-1.3592468243236497,-0.4253108866341846,-0.9321102258040126,-0.4495690324510486,-0.24784634548726325,-0.7395714831324657,0.449408825450316,1.3786490249426164,0.5480135723819016,-0.8333712361638281,1.3260410994660066,-0.9879902713837942,-0.7353700821827194,0.04417933196960879,0.4091846299080465,-0.5007840787580232,0.4200605667399131,0.3892297629327874,0.21372403980320664,0.4813585882062269,1.5461341075355444,-0.41365760533471857,0.5971899613071253,0.006438672920943023,-1.1368042067164421,0.2925714523949142,-0.18502605108015427,-1.6881194204772467,-0.6591027298904942,0.723127520090045,-0.8411379150465222,-0.9078934912782157,0.10301716346549233,-0.7394655842290371,0.7851342457308026,0.09664532603069606,0.0903619910624604,-1.118790462198234,-0.5299701082356684,-0.5004609128107961,-0.9401854936333587,-0.2358964092523348,0.16638190197041314,-0.4944581450662857
-0.49777771360992784,0.592033773273716,-0.10115605118221978,-0.33416053948950775,-0.5235416288328377,-1.6438162450128964,-0.3720120891180193,0.3049004723360756,1.7869945540832912,0.5509105414400916,-1.7653258204587317,-1.1190413416936846,-0.5482193247995224,1.2738840980005632,0.760938941982542,-0.28940536189845373,-0.7316276023410215,-0.35843612665878327,0.3704609536935528,-0.7992498606111198,0.9798796203886034,-2.26472022605208,0.3768033811447295,-1.4931528225177833,-1.7883949738725287,1.4540651751038114,0.38252920774441385,1.4846094351489418,0.45404085323556037,-0.6382086547805653,0.8053641561440344,-0.28989923507962734,0.4772171304792496,-0.20267383790589974,1.65933698199076,-0.5465246041550401,1.128213779728867,-0.04976918681407975,0.5464074876956796,-1.6026793464651845,0.6997873905963573,-0.6717965481747329,1.1353624496932175,-0.735840409879975,-1.513927680336589,-1.3881916622394779,0.1937696142102166,0.8134914287718675,-0.22524252636181363,-1.476971127999392
1.284093999802907,0.8323418302781348,1.3143703424753068,1.153964635149067,0.25879193262737216,-1.732364974600437,-1.288618584098225,0.9710193804588644,-0.15946319004062656,-0.3012400541274446,1.050828849300533,0.827873265392992,-0.3457070423181336,0.5198886190459039,-0.0066105544778307275,0.15370358604546924,-0.2708025934015941,-0.5757957207061326,0.4395000046515533,1.7693699041504902,0.5721986326862432,0.09277318889600658,0.038922431928425975,0.3767633512416647,-0.1936736916604885,0.3976763198489505,0.005835037606009551,-1.6060258084076975,-0.42886074266320795,0.6648539211270446,-1.1672792103612168,0.6356999796291533,0.15731960026356448,0.44841514387368026,-0.5549181001291387,0.27969292852846944,-0.9317021446041294,0.7070838943655782,-0.0479955605266064,-2.4095420201402904,-0.6294911170694864,0.14303299802743047,1.6726126941189108,1.1584857137639932,1.14666307740554,0.44692591898032547,-0.29632106626468563,-0.7463302011595675,1.291618625072799,0.478059595380221
-1.467216078622468,0.48591659355034866,1.9066469563926167,-1.084347009010807,0.8061678377576232,-0.6593227785960575,0.04113687065686732,0.22808250633529611,1.1021755401702886,-0.49670992013366777,0.42178784134258135,0.15021809453371943,1.1320672299683325,0.4263170065099956,1.1903281686369551,0.3216284106670099,-0.9585863835879886,0.06299618616882065,0.33898773359989015,0.8233671617360497,-0.8665225859768245,0.4538854573831705,1.6979747588769591,-0.6870268303693601,-0.6035480076337333,1.1424144928352018,-0.44525163037538523,0.9194036196974434,-0.3717552105263781,0.2689614517102476,0.7216384960467548,-0.6439549786490604,-0.5256746238076884,-0.51448188668637,0.8684475016884661,-0.28256125962406287,0.7494357764440824,0.770171630683839,0.038122082023546354,0.44973991851997264,-0.4541675867811089,-1.0720288659971646,1.259218487664546,-0.07373807822177765,0.7260123654149593,-1.072316057417275,0.11264243065820562,-0.819685381951458,-0.282433135408309,-0.24078691082944037
0.16027462020201597,0.4589260927099234,-0.6763077805712926,-0.6358150327943148,0.23917102206118235,0.12651550163982142,-0.35683196947631596,0.8304649786062002,0.8804931797225792,0.8135125622268071,-0.6506757610054249,-0.23936302898822787,0.7698640249627834,-0.42457620054574147,0.6387220603835478,0.43758554082683565,-0.43992545147718726,-0.1757028974081913,0.2049283295633419,-0.6910905191297259,0.23646584279596586,-1.115319120965601,0.4834273058286964,-1.270664455254778,0.807327329656491,0.21048482463864734,-0.576897391130204,0.1261840735138024,-0.2110275599805116,0.3078867987535813,0.46363056918603957,-1.192053849361562,0.6217673746928292,-0.2599659327884191,0.6133310494365999,-0.11933037499732058,1.0251874544551909,-0.14097938973858343,0.05556633154215698,-0.7053115053395732,-0.27133370917312916,1.4316967437536254,0.21640836149956844,-0.7300988744087166,-0.3007646617446775,-0.4572524337511537,0.454956517006453,0.43228720777307306,0.34034488394311335,-0.9951890478397261
0.13143475674900804,0.10243271774374973,-0.7075801202295054,-0.23582447272833704,0.6380394953485001,-0.21058846460160474,0.4518440036688344,0.8771707704555723,0.08906068064246785,1.3542409239165254,1.5047772624217728,0.5690873516966165,-1.0880105686418202,-0.13714059265752876,-0.8699512521068689,-0.516833067686029,1.087580277813459,1.5736206651101732,-1.124362604217954,2.280117785100002,1.7533380634064548,1.3945099182740892,-0.015939442693676763,1.2872065851720431,-0.9444490760662237,-0.5478841535858189,-0.2608371033905159,-0.12559428740769393,0.5924137516324439,-0.9304619849797755,-2.228805259763165,0.06655949787792226,0.3974736167061673,1.2570679927024895,-0.2742727413965429,0.20178537265588417,-0.45623726665947684,0.804201249526584,1.1631981434465057,-1.2484754112681458,-0.29974858435029433,0.7791841634725013,-0.3346112522018317,0.7048809343960598,1.731420345981915,0.41769990418634056,0.7059686645734501,-0.47007700371453687,0.6616140735552408,1.26082756456497
0.9140045034530044,0.9871572756149469,0.8901672685185955,1.627616841433568,-2.0346576146732667,0.8228933283843555,0.5755523524184664,0.4444209913470707,0.2536618281206691,-0.027873949799650282,0.011726161875608604,0.4776473426621853,-0.43710036135595487,-0.46020106481083445,-0.4807712137498149,-1.4596810489670264,-0.649520952393516,-0.478372773074314,0.10833338954733895,-1.9598163529678052,0.5609726153399096,0.18584728738888381,-1.0978259980988343,0.7429621273143163,0.3231875088734955,-0.2871219118814379,0.3205801188938345,0.7226387035943822,0.19669898250222476,-0.01582177596392676,0.39578177617506816,0.7366725951988603,-1.6242999466959227,0.09003127133970297,-1.2343909128672013,-1.0126277649613848,0.5114657897313305,-1.9053356487669288,-0.08758380316014708,-0.23500066206249118,0.868102508817848,0.274446114343115,0.658690910777833,-0.5794573475070898,-0.06035529986120575,0.1821765395200151,-0.8820063361130153,0.3366174867919402,0.460461490294197,-0.18261441762420527
0.7510873065870871,0.4032695396417057,0.7177646372468145,1.1974650670597267,-0.5621986009220947,0.8011380436711533,0.48435297390288024,-0.24492737690078442,0.5697122897930199,-1.1069688952823693,-0.7261450472675574,-0.4016407529820373,0.5572438472508306,-1.117354146400385,0.7548742432241482,-1.5665358230816182,0.5329933332964348,-0.12222698797467114,0.7753338336415299,-1.0975618838775807,0.8507370140086258,-0.24635859176596756,-0.12715974548585607,0.2999197802464959,0.2578005633419054,0.627748069082935,0.3715272738172815,0.5990840726122666,-0.16614369393989298,0.2807735118358807,-0.5161267725857552,2.1115117956296405,0.9420531054963183,-1.1333799666302857,0.5559692691372873,-1.9342645823582194,0.4899177502132464,-1.3286264776979557,0.6348456351398564,-0.2620193590272829,-0.7113708250753656,1.013973580130796,-0.7438424377331156,-0.81020284070947,-0.7771526679071691,-0.8092873598019618,-0.008778477001385475,0.5163074792928162,0.1572794938478359,1.0845694720105066
0.08989160498049494,-0.42356009869368666,0.385364229678366,-0.7372524275513082,-0.0179622138851049,-0.31189682219213133,-0.7122806974033491,0.4663647414828432,-0.6986865935187391,0.4607246253863805,-0.08239608280303501,-0.6603929762819245,0.8042086721352202,1.1072817975597313,-0.42281586031272667,0.6196540268412779,-0.7241815796014126,-0.29065399050110446,0.8459801334554926,1.259177679585913,1.4762320314015072,0.18118600260794804,0.11168649840355942,1.5096179911348135,0.24513116609328683,-0.07080017861723129,-0.7950619929117732,-0.9359807432080572,-0.17445733964279797,-0.5719074558705879,0.6854436184176185,-0.9420488447669446,-1.2761070078227088,0.04633652724481993,1.257657755976592,0.45597845221407274,2.432457591764426,1.0341624818965964,1.5081279558257232,-0.9155600877342049,-0.08491976030003473,-1.2123209874456489,0.3131913302956883,-0.1418805565889773,-0.03320971510420818,-0.25362335966792715,1.1463142497067242,0.8021524193099301,0.07251521577873003,-0.9718643617176682
0.6538312688072446,1.836291533754526,-0.5636486478159299,-1.50979812886683,1.5212188852577602,0.1536712887093253,-0.3865572183052857,2.711616566428153,2.171926758053162,1.2077178229431518,-1.3362524046353474,-2.5992411047778545,1.5806436634283885,0.2636517312748681,0.5945632581157386,0.7818568210419484,0.6484954270996439,0.21907644069009757,0.09490349207496351,1.5128672469376345,2.2649057474285157,-0.7706332323189296,1.4638338933981432,0.45181046517410767,0.31282720876149395,1.1767519087947897,-1.4768685831717505,0.42165394686123725,-2.0816106712341838,-1.775316525839205,-0.06822788178022128,-1.5833134560573177,1.0481921721503105,1.5363880490991872,1.4455624526024344,-0.29891253288481334,0.914117145687389,1.6438570553018015,1.2581834330966792,-2.174924371254513,-0.847705964841342,-0.05145689375094076,1.481238142845366,-0.3024825100827803,-1.2503374380617047,-1.669438736759087,-0.014485084875536309,0.6210418857690693,-1.8208928435247216,-1.0220784423488303
2.017519853518932,1.3651878971478095,-1.9690664905403163,0.8356191720120807,-1.6287546427200037,-0.5316168724725747,-1.7428869225176875,0.9066843232833334,0.23272643214282973,-0.9099791188642805,1.3668921218086292,0.8277153844986989,0.4171232905424114,2.303602686757957,-0.331995223758784,-1.2095297681565926,0.33502905884025136,-1.8632449634383257,-1.27925288511312,-1.1447680350597498,0.6420079945058023,0.8432536936193152,-1.4522207380048813,-1.2606396627086287,0.615380692257614,1.3928379933133082,0.7989132432600241,-0.4552300651754286,1.423929216934084,-0.4558139012552359,-0.20140846372981983,1.6536829519177814,1.0314837213487416,0.28927519610451197,0.22824993204093016,-0.4108894861912191,-0.6022189852212274,-1.9378869225206035,-0.01968043076300318,-0.3179313474119674,-0.1568050538301814,-0.7095774197636175,-0.3472598513496587,-1.0630248775866407,-0.4895943035437053,-0.8024356820858157,-1.013886017369589,-0.6674774989789424,-0.3316750621369682,0.7195090269965456
1.0042040413182163,-0.21744055446065758,0.3954271181524924,-0.30982438988879557,-1.189264426348054,-0.07537736553936619,-0.3440593128614539,0.19135158663415522,-0.605605686616335,-0.004231038253055413,-2.030282119788887,-0.5312119450454754,-0.3239194849111369,-0.03272135654232307,-0.5163680989334122,-1.3524723618831245,-1.1022648852044699,-1.243035440109003,-1.4531165020653942,-0.9106583580006671,0.8186668015703844,-1.4697547186027957,-1.29153910922691,0.7618374111956365,0.7947780879462247,-0.3507918993306127,0.03395623580594045,-0.8118917055593563,0.620033717523032,0.10751623614603678,0.48577003771588273,0.651804126198233,-0.6924730487457644,-0.13015909263739792,-0.15102012158027123,-0.8664392664656166,2.205556448833562,-1.3337914756617586,-0.027570681401191666,0.45214213435858464,1.3468642066839076,-0.3753346071680267,0.016691616052299428,-1.6653362312116127,0.16832309672996004,0.6683694127968508,-0.11854232983797106,-0.07835278990344423,0.4801863221360748,1.4047872778675257
0.2754271048803775,0.5953693152443595,-0.16797400586213382,1.2578265265217916,-0.4254806255974318,-0.38938975334859827,0.8729974207125866,-0.9125311904256576,-0.09366486485241025,-0.36840312291970156,2.85518756736899,2.687787404618329,-1.1749394788705487,-1.575059475629936,0.9391524836956222,-1.082838247563117,1.0244457454180036,1.1598141219899554,-1.312485384067538,-0.30209663488504596,-1.233729611667842,2.9581412264328204,-0.7227946474316607,-0.43389375486236137,0.023497986116622866,-0.0034428304917501285,1.2494487137144956,0.3649221523823289,0.36941944075437627,0.5396009024381415,0.5413440103626035,1.5145564787867885,0.9594901640430009,-1.3386017129765801,-0.9375311605875671,0.146049890368357,-1.7230308903650837,-0.6123563471053953,0.1401314482184101,1.7619601826271802,-0.231586960944324,0.6377382963751245,0.618594388202633,1.7715846044596284,1.6628364633664274,0.2021201281476615,-1.2100779338729142,0.04468537112811348,-0.2666954489740955,0.74784046733394
1.5697672881288973,-0.1306924546013327,0.7082542041223517,1.4929772734045383,-2.1675313407316827,0.16726257621776483,-1.1185616515929737,-0.4897929655499092,-0.5358275129514917,-0.4669115720789836,0.07066462196619029,0.9962986057462073,-1.8004693861307406,-0.04981251126096929,-1.1907545553323031,-2.0501116142069638,-0.3187724448324649,-1.3927463004915566,-0.7813966526896488,-1.2004575488279783,0.24685237470365728,-0.7745252396744327,-2.508745320476781,-0.6455739412318299,0.07885886947262392,0.05402261684350204,1.8738471345843442,-2.2510102043799924,2.219445327681355,1.228777741362649,-0.04226559658419214,0.5785396468275785,-0.27379313166713065,-0.09450433215000638,0.6774902128719256,-1.0379109241326312,3.125448603366574,-1.954371323829769,-0.9487341851005434,0.736516386537073,0.15421082707026146,0.9104417657429985,-0.8842976257945858,0.8161605027833979,0.9224167928750467,0.3049729702600205,-0.38872323475036014,-0.7457601534167052,0.9979414854121209,-0.14703959346253553
-0.9585066640082386,1.832819830149988,0.5975626715462131,-1.6775289083363047,0.5473917649778108,-0.7368248142510949,-0.6218035256828705,0.791809562414912,2.4092753258325996,0.9041023668432587,-0.7888790345205049,-0.37226425259538426,-0.3413042080298393,0.8033447194396501,2.250937310500269,0.8292001065820591,-1.2542832259328782,0.2038799435376879,0.6406940737833945,0.12535518756638814,1.0159217511606748,-1.0412370190285989,1.104723148716459,-0.6713912943407597,0.3815488950580193,2.147920179705637,-1.7033564266600765,1.2697629809021076,-1.1640405667215727,-1.9901678790138797,0.89568636378417,-1.2847503324927447,1.2896323908651819,0.6552152059977361,3.7155814694912457,-0.15126171306893274,2.0355779666570126,0.9344016271229074,1.4456833527274024,-0.7567588077182067,0.2600754292506843,-0.2434731643383725,0.5711074355680797,0.5220153268706257,-0.32112959293596666,-1.955181875935395,1.8850510495448516,0.7260077239614893,-0.07141397649098433,-2.489448894186345
-0.05550358853945732,0.8101839631328105,0.14019092862884294,-0.4789595310099993,0.7654624883463185,0.17854193884304403,-0.6022714603776359,0.31503396742894924,0.6261722895587679,0.1803942666802637,0.16661213690696314,1.8880908136357872,-0.6733828735633338,0.6450781865513059,-0.17039253118185324,-0.12187538050592868,-0.4270437498831418,-0.41336355646970274,0.4433304508763399,0.6718882263479332,-1.3631027089498573,-0.4077844573763814,0.9998327641222012,-0.700571141599479,0.220604903924869,0.18246073907945987,-0.8540279164280229,0.2745639866033098,-0.5782333666425024,-0.03637103253684341,-0.2847067951857457,0.024846152110308866,-0.15400441944355933,-0.45915262394999595,0.18355692392520218,-0.005982999079192256,-0.6003665610729726,0.3883277565183792,0.1138008432284147,2.4334352052742423,-0.02266098191099814,0.14969717269540644,0.16839922425235765,-1.8666093673419817,0.37876451237957476,-0.2473160331008772,1.2262746863442355,0.8552575349531202,0.8673139064419855,-0.1303868250495224
-0.8509481566133826,-0.5432816869589157,1.8881785333131966,0.17386729577722806,0.4436637968215876,0.9970772085922451,0.6271020225895874,-0.6397648574447017,-1.1664748507079676,1.5782244268285708,-1.0383000690959208,-1.2841500768310712,2.151278686940307,-0.2659710520814028,0.27252311181466576,-0.5034966913356059,1.787468234763515,0.6549502515852635,-1.2095128877658,0.7772596879716472,0.06904613888400155,-1.263708859465394,0.1487686336781494,-0.7154175156690596,0.6966599215288514,-1.056521375148308,0.6352847365909603,-0.3257050103664788,0.02944958194190207,-0.4065203789779202,-0.4915266755209088,-0.311790527800789,0.31111845942025973,-0.4537534568195692,0.2567187372064673,0.22680625664339457,0.8950870781963254,0.5502460133692134,1.352581153743131,-0.6071420666152075,-0.4999081537042278,0.16594425918722025,0.46397401907835634,0.8539335043560056,-1.3350486463914228,1.0077975053712287,-0.6714564250110859,0.8643662592899363,-1.147323212611169,0.1948551537324053
0.1194322862847443,1.0836078961118345,1.2967400481369018,-0.7095611912840762,1.590558481323454,-0.07141479358589956,-0.029740296684644375,0.9386441292331056,1.0310425678204471,-0.07122790051592838,1.3598327916704107,1.5965366596461767,1.5946265955996286,0.16038851980729515,-0.44977171531764054,0.45387875409220246,1.8426738617986895,-0.3795596734236143,-2.227529093311856,0.8116218196930829,-2.385547155085358,1.70343322001668,0.9660279315992643,0.7311519216741067,1.8614000020533994,0.21799035835106484,-1.0367844191098294,-0.3572928700002861,0.045815200525919454,1.688303274555346,-0.5164112102865825,-0.3680898708672405,-0.22029132155036615,1.9852519368726682,0.7532485234948398,1.536741978864281,-0.16559221789043205,1.9027295987757717,-1.9692029404344118,2.1954120654888976,-0.9112724417644604,0.6689987251293501,0.9993067823191452,0.44762486631789505,1.3086281843901582,-0.4878058102243604,0.6590912357861026,-0.2963418527632119,-0.7250839101117248,0.8535199206581916
1.1021699279294246,-0.9389013901807188,1.8903221636313123,1.233741187682475,-1.230735838178515,0.9838293490818661,-0.17425238592416498,-1.9231724903166363,-0.6861597458947732,-0.4924619653705999,0.5257944971848972,0.7965957894718856,-2.266774014487726,0.12968205428665283,2.8092860270180724,-1.6612204647810165,0.5357587781115204,-0.923617909327364,-0.5816699456124254,-1.5483888946794642,0.8942329108990409,0.4833427745641745,-1.1504584003655391,1.3692988937361292,0.8161686821676954,-1.0349682651628704,1.4279874487153803,-0.22739161206667072,0.21231271934310048,1.4408271770356214,-0.17805469932104495,1.4284899256751216,0.6102323060016098,-2.8806865466613027,-0.8724111702306707,-1.0401195619037111,-0.06263322232513151,-1.8320812374230768,-1.7817963341297216,0.6400012498696691,-0.10424076118596642,0.5831904618331402,-1.4497155176813332,-0.546347610202511,1.2895347042207415,0.5085994027864129,0.2159683593333919,-1.0524256461668142,2.183595135381362,1.2899382241356436
-0.536536567005301,-0.030070625035162904,0.4125297709925726,-0.12137780536641174,0.35265025319950377,0.6237929582211014,-0.3203869326057339,-0.4720226134582248,-1.0394825690253064,-0.43255567837194303,1.6347959450607765,1.1040392990749446,0.6398925319292871,-0.07058567873222182,-0.13973434484874583,1.2197146431883439,-0.6642782201023683,-0.8012014336590767,0.5767554467094888,1.6921982116277057,1.930310785751874,0.9073325465447253,-0.04780492593427218,-0.9864379099735752,-0.3121058384687479,-0.1953148703021279,0.613792601597158,-1.0216821157732563,-0.0688118712030291,0.07866738470702989,-0.6159582084805681,-0.580466265710985,-0.010285369380855431,-0.15747573577422078,-1.1422377604695912,0.86872673384007,-1.0178464078087395,0.9266587326171203,0.7808418948736211,-0.20411461448929893,0.05805730418821758,-0.013436639534625932,-0.5577102775968741,-0.704630912380357,1.0370572995565897,-0.01163202262565212,-1.0964956185348904,-2.211433299014529,-0.05217782867574147,-0.6627603694485684
0.03697338236987141,-0.2669849577294076,1.4820147744587007,-0.7082266380854045,2.806983383319838,-0.4653952841008923,1.3387150431574535,2.062751405694573,0.3256659367328177,-0.20066512532178007,-1.0910127479701512,-1.082897688952201,-0.5411673323378972,-0.813042473507294,-1.125745377939365,1.9162824730289207,2.369162317724179,1.4818485080026493,-0.20667664307593914,1.0873135306481836,-0.5614370487276631,-0.8234893320489607,1.282632657349417,-0.42599416697339776,0.3055687695940746,-0.5851512667211762,-2.0651919112087005,0.8229423233451882,-0.5866295823926422,-0.47358641255547174,-0.02011494129759498,-0.08701542391660645,-2.328257468280633,2.8667141192399423,-0.7468966765537933,2.2815487995825343,-0.6802504737573903,1.9563584092623068,0.35310926739404574,-1.5487085931169606,1.2080533823676294,0.3639998467911046,0.18507488064609945,0.5918404025666363,-1.061811532701817,0.3961596853851827,1.2372353759165595,0.5556745189454455,1.5224930127294203,1.271030501766296
-0.9407643557555131,-0.5495081628398195,0.5002452257255652,-0.9006641799198797,1.6049836196991203,1.1557477565236187,1.481780143336519,-0.15900834855065596,-0.7310353566528108,0.1630698922535253,-1.469864540766517,-1.5997348500556754,-0.8063272589728769,-1.824061583485922,1.6215068991234767,0.19355133951616044,1.221191959860548,-0.050718772512166034,-1.2717805200900578,1.3110154236783282,-0.6219241462496321,-1.276246224315586,1.1881921425372284,-0.8898053750893535,1.7121107394161381,-1.244239455126286,-0.3784293005052699,0.2564639339665293,-0.29324098692675094,-0.12588531488741567,-1.3002440926428334,-1.7444366882024351,-0.9867563824535961,-1.282209736855104,-1.0092600333249784,0.4622971876736081,1.0670958882657868,1.1936922875228926,0.2950904928332314,-0.47752014482165633,-0.3900967166035668,0.38230956618754774,0.6782693242253732,-1.838380002714148,0.18234119033005852,1.14892118595402,0.785942959527828,0.2349197791553334,1.553478915801606,0.009819273880573057
1.6143069713523412,-2.2739937009667823,0.8355929471796729,3.1850608038901846,-3.8805141542729285,0.17990999511178526,-1.0272773947534963,-2.2659341774440462,-2.384957672278619,-1.4956353747976028,0.4386312442570312,0.9084264362091041,1.842862656997237,1.6813275808120711,-1.1954267530173577,-2.552413131258547,-1.5617811528933536,0.1813473779023567,0.9476517896076184,-2.9772550265595847,0.02960336357945211,0.5191357139358583,-2.8658575438448017,-0.28540522632270937,-1.3387060630710261,-1.4578419847229012,5.063248467052616,-2.178050042681126,2.8408807339391813,0.5880546007052112,1.4827328576826595,3.052336261406145,-0.2815302132021818,-2.4547273532813603,-2.0946694181826593,-1.4950055558361843,0.991898936626926,-2.982436420936918,-0.9748605617084486,1.3150897000715862,0.4889700628288272,-1.0418822167621182,-3.7433752080998617,0.7376021300951849,0.39739350788307604,1.2612659797954482,-4.261685908464267,-2.212477601668544,-2.253668712292863,1.5323630231420324
-1.2063712356489509,-1.0460631589364555,-0.753224523875749,0.26671409065427293,-0.014889097974790844,1.1608421008964778,1.4638034001651092,-0.4845577796351121,-0.6350987660061039,0.9310057148333766,-1.3512642818009828,-0.9088289100642799,0.18963855126399987,-2.213978531895966,-0.42775876252614164,0.7189258207971612,-0.05851614397245166,0.21446917039576086,0.7269109195668247,0.06743516153282932,0.4236813258471564,-1.1328636999223518,-0.4543963015919837,0.05171072369305457,-0.09606835479625726,-1.0948907482717887,0.6261758569358192,0.8698947361164747,0.5566222499890066,-1.5180845354982084,-0.5381801492174516,-0.37594505581441306,0.30119156653180773,-1.5998875868969926,-1.7975646357578976,0.16458079436215542,-1.6042234748124575,-0.27191255381043355,1.3705832086387395,-0.7925995000852251,-0.7739956906329721,1.0471920239355723,-1.0739142751743438,-1.6802215065277353,-0.6219631372562267,1.0936255055469901,0.2047760471585672,1.1646948764699387,-0.011729175774406544,0.12297658264924398
0.8631823815994646,-0.9934634675202666,0.40931900638164537,0.6799744111351409,-0.4749990517377455,-1.00750719964228,-0.09201110145394764,-0.5577738795904889,-1.1782989633303984,-2.6579369885509228,0.11964462376258993,-0.21384721743258198,-1.0847871597014789,-0.5153767259031545,-1.8835806733000362,-0.8282438453592832,0.48767245523902397,-0.34960974732043903,-0.8287641525057743,-0.2458187447501888,0.5080099918858181,0.18352322403484708,-0.36671865018604766,-0.10094825526963755,-1.0872884838968873,-0.7585109235012445,0.6844493313503495,-1.0497127405261517,1.6440781586159614,1.4148357644295018,-0.17599432999094602,0.5589894844318345,-0.8102619741860597,0.7816676558257015,-1.2837310694562705,-0.07507900251732978,0.11980919068184773,-0.5710888216858211,-1.2039311202182597,-0.8349911007198534,0.1737650447853291,-0.049359069815948765,-0.6527015563544752,0.612121907122958,0.34802462645032506,0.9842689622787689,-1.1153943144416432,-1.0454181939188278,0.2544670380543557,1.0478060228517203
-2.6855412164467345,0.14600485389931003,-0.35278955330263023,-2.3435587402920866,2.5511563310586145,-1.5874749756622006,0.26160408963239373,-1.2042047095589001,0.5978466000677447,2.406422386119504,-0.636839700959514,-1.003828529870036,-2.4906445661711065,-0.8779675286268197,1.243293853294976,1.7873354114257969,1.057131071124959,1.1460957010797124,-0.16520687273019122,0.7779445107731221,-0.6832335141736056,-0.45829583535008833,1.92697399116849,-0.6694794698933506,0.06019464869130736,0.8643615244044113,-0.8245402994321904,1.9967267842016496,1.3745443543588818,-0.13824292874582364,-0.6414659157443404,-2.299917317943218,0.9806128193450434,-1.1845558421296685,1.8916710846050873,2.0195981849882307,1.6442858542228576,2.1421285868543785,-1.4511730934390024,-1.276734786253192,1.1473092879555622,1.196525864162464,-0.3745769847527831,0.6177302844737603,-1.6599893113326292,-0.909226688397207,2.692578910031482,1.7771273467555218,1.8736908908087606,-1.8655707457818465
-1.0792202545163492,0.8015018858677444,2.3128273694224886,-0.509935193747526,0.37637323077856566,0.6025326326106719,0.7874721425404487,-0.12022443386287089,-0.16586370145343854,0.8432570397047106,-0.9770141843657014,-0.40930352499636996,0.22761990418834976,-1.084736068675398,-1.0193139658553692,0.16869719932138355,0.03456007507742012,1.9269494699759477,0.7643099899190529,0.8751769691948637,1.1778423871420192,0.4760909261821915,0.652156577702692,0.7701820151430288,-1.1008087782471336,-0.016004068075698798,-0.16843824852129796,0.8205005651606475,1.2571248163189324,-0.6036397567220967,-1.1258254070464306,-0.4557798027192456,-0.4382310132153019,-0.9208270345508075,0.7247265827955155,-0.33992477200572585,0.42189574189571233,0.6181331250575233,0.7722076813542993,-0.22751242402598224,-0.6981081189686064,1.6099552589596167,0.2840364826988168,-1.5643428284939975,0.0500689143350565,0.2977428629060791,1.0468600836512982,1.6836123842367212,-0.5516811414670652,-1.1855101048119299
0.4996579420181383,-0.5783008491693936,-0.6028832033973527,0.453567489441716,0.35666662884147365,0.47296658523040114,-0.6049097765688033,-1.0980382374942135,-1.6816707244201776,-1.0830598625526573,0.9190540581640989,0.08043868026370728,0.26744473583907913,-0.15651712670212345,0.06509076110488948,0.05464957331360025,0.2050282437560188,-0.7188281314861623,0.12852246432604836,0.8173241724994891,-0.7185496399946506,1.1593280563454087,-0.4554438760766133,-0.46446816538477703,0.9294979522020196,-0.3972045479118757,0.8412712837608363,-1.3732067498501455,0.956630806923194,-0.3645552610263951,-1.1472265143167748,-0.3436976499559727,1.5850955526563977,-1.1489367375989552,-1.2875877870422137,0.08496908930327272,-1.0768954919648228,-0.45069994200831565,0.42249526086194034,0.9904695516978265,-1.106318127174021,0.4271847527285157,-0.9277585555632668,0.10326188453763288,0.5854104000007182,1.3328863793686472,-0.5500994609045938,-1.016113243111714,0.051593061724073706,0.9842879498862545
-0.09494293214160177,0.028504457516340228,-0.6701420300964961,-0.7530239677896562,1.592748482192458,-0.48723424701273155,0.5279180472110024,1.0949570687905674,0.6006646130490508,0.643819346820694,-0.19451720252516044,0.11165519078316143,-1.1016968565858736,0.371749343874675,0.6975726040608714,1.1466043709707336,-0.3530262696363801,-0.4000481007703931,0.28015689748343403,0.8572691127501825,-0.08320575569942092,-0.3494193397575649,0.3726904031156591,-0.38025430885129863,0.9272582842746245,0.3827857393724532,-0.6818773991755972,-0.4727062747126773,-0.20418539837012567,0.04534399075254433,-0.5495679689134437,-0.24054514372848476,0.2568463532723668,0.3996378281363185,0.38044488771025176,1.5882350907261413,0.5903964132263466,1.237176293832657,-0.026131366803739137,0.7761329720362576,0.6800541666491152,0.6585113796597549,-0.1488781791614297,-1.8991654096554114,0.9362291813083169,-0.82774238563548,1.3120863527238937,0.13549804368705548,1.7467587814483994,0.2510312155194503
-2.2702969484180695,-0.7629000515666965,-0.19756660221419384,-0.13218966977558858,1.1546422635587368,0.7422684029375339,-0.6286734713512527,-1.3640922106692324,-0.4937836594138537,0.6192201230411207,0.5140979739502581,1.1194677363580836,-0.5661317068284919,1.3512442301403547,0.507670675965525,0.6322824598706573,1.2312128850563204,-0.10996562533322868,-0.48287358925917784,0.5434145338184675,-0.7625676034584845,0.48340680691673965,0.48732220239606233,0.12975406818848395,-0.2014700853996813,-0.35348498987368165,-0.23989816188713708,-0.19484942250525003,-0.3292418708467154,-0.6816601536873473,0.3629903745957714,-0.2681240035062214,0.5679578176363012,-0.4846235600105003,-0.38915699102231843,1.0812794990452832,-0.5151472699439488,1.1825705785221012,0.40575657904142376,0.17251438255842158,0.8789174352313902,-0.17791129065761754,0.2140637737166152,0.7236835721654616,-0.01624407925803837,0.338553242262722,0.5666281308123262,0.06789923247752583,0.842246172922771,0.57763110463897
-0.5723108871829066,-1.3657316664697827,-0.16398014793413088,0.5395519418730365,-0.3094757320471451,0.9816043717006181,0.618528794364806,0.5364952675031255,-0.8411650425419432,1.4645953553879185,-0.8210581029792788,-0.5467490214584533,1.0431137148903569,-0.6707637028967812,0.796942632413866,-0.9062438788296733,0.9864266571601408,0.5275361223031902,-1.3232741888988744,0.24924270216162264,-0.9991115522093577,-0.5913331858005062,-0.919318675818365,0.29391297324404075,0.4386189045949708,-1.2472317872614969,-1.0605955377289604,-0.517863747679023,-0.8270500309991687,-1.0319882855079396,-1.1402418536914412,0.17917908934458807,1.418557375705554,0.8693918048140012,-0.5401390963939545,-0.4382338850383943,0.14469133354714173,0.18624369435739604,-0.6348194217118274,0.1155920372075712,-0.6730625491827501,1.2725976004482809,0.8809715631693544,0.23814954876054267,-0.4872850524113541,1.0586098809347935,0.08323746068615924,1.0724503067070472,-0.7780111087786444,1.6484553911210553
-1.1857659007663468,1.4626269659169895,-0.9143773343670655,0.9912143226250334,-1.1346838179108818,-0.9974708642043475,-0.02901431668790743,-0.21906902746347218,1.698030366980414,1.660437814676152,1.130333785869401,1.6970191308972766,0.3063313558088011,-0.3740940222489852,0.7217181179217702,-1.5089024841588767,0.09377426749019062,0.242057121785524,-0.7338072568909155,-0.7980156354304353,-1.4508014519909127,0.2392885180554201,0.19915680290760107,-0.7904401349567024,-0.2985840981918736,1.5228716242096294,0.4090736678761066,1.7141828576083513,0.4576269641999713,0.2794162691406537,-0.9631576422565722,0.993229821950901,1.1581806137676396,-0.4602861265228721,0.9513444562196464,-0.2451269773611078,-1.3122989211513505,-0.5616256900680201,-1.0822895636711047,1.4467535436222434,-0.14292685950485734,1.1052106380576676,-0.06538881062125844,2.46379410267154,-0.08740329180961287,-1.8132204526955453,-0.602525717882624,3.4304515779269997,-0.8971837734298577,-0.645751095650411
0.4476407716054762,0.43790265945735285,-0.595336927573365,0.7375209490951586,0.13559040395855013,0.23788489626355552,0.5847002175497211,1.4534083157236344,0.7135329774992605,0.547041757660293,0.8989360150296456,1.1258689150272423,0.9092969821949078,-1.4866490817206959,-0.3303866071163693,-0.11924001017339231,0.8874854996892232,-0.5061704245631251,-0.6425950612268766,0.5056418428265854,-1.70654745555125,0.9458503244292034,0.41277162445824783,-1.3953332915466374,0.583083547281152,-0.05030148609304524,-0.8748144858889676,0.2866867454785851,-0.4570343606560817,-0.4618053010097111,0.19998027692745104,-0.31564904810829053,-0.1846895464866398,1.8751576908998313,-1.0827473023474095,1.2464243540724762,-2.8228687930236247,0.5389773347502713,0.27640390212770954,1.044782863427833,0.5542806106580596,0.40702512946892955,0.6533144884991167,-1.4522729702546169,0.6092137761636939,-0.4430671679783911,-0.7176412870221146,0.2262840329967464,-0.3021294391570376,0.11634494755993169
-1.9704027792904903,0.42883410371144576,1.1546774203192987,1.2068289825893819,0.41898925035188006,0.23790520177365762,-0.9830008799481923,-1.7056992266346638,-0.7308991946359427,0.8882094634421631,0.47593902436050267,-0.8606599195518608,-0.8947233730736577,1.1541816766100412,0.5985013746220195,0.04072659173979757,0.43367403520440223,1.456484707617848,1.160381146093036,0.7694020163677568,0.6145972693384337,0.4322892449553475,-0.1780900417606657,1.5238479401487506,-1.0002522857622174,0.4444108246086602,-0.15367104292927442,-0.4339363352482858,0.3959969903793483,0.17359373992883276,0.5924167284470482,1.2747027113550644,-0.4164537901261749,-1.2661600295449178,0.2309375264896545,1.0343904375593562,-1.563004300707636,0.7553274021695137,0.9821681336790387,-2.5799531437295338,-0.5023565471291035,-1.2581153224903603,-0.8593381618884448,-0.23532433351592907,-0.9457941129161389,-0.48022028543499506,1.2068976237192166,0.5062022234293156,0.7543069206122855,0.4504517102261052
0.5004822098170502,0.7280049962036881,0.35228006268585543,0.9063771763311225,-0.0032777811143975305,-2.134601107265646,-0.5808062202804676,0.5048559375141023,1.1290453640283398,-0.4760601787909806,-1.138151200593853,-1.816188926311121,-0.7650255053028284,0.1307523601183234,-0.8046599903048116,0.3320718266144584,0.5398353017982024,-0.8072510973228857,0.7483724432216025,-0.9010723984056295,1.7779603234686794,-0.5566160065841238,0.5813057639226663,-0.1878332370278488,-1.7470314478631865,1.504608881487197,0.5078856191303521,-0.09914092149458525,0.36587694661573666,1.1605113480856677,1.4056579176672732,0.9622638118711629,-0.9198932339966166,0.9197077106929592,-0.06564849867246722,0.5597753735510227,-1.055323602894789,0.38513831915687213,-2.356548770212068,-2.0356874355214516,-0.15910356841146545,-1.827586730693605,-0.030135307466150882,-0.913348798865112,-1.5353164904531575,-1.496997580993115,-0.8188336670425784,-1.5952154842614068,0.9558494294101728,-0.28834677896454086
-0.8740075566190408,-0.9338899937276307,1.331821342702758,-0.19437406469729615,1.9138404118694443,1.901148847960643,-0.04552534085269076,0.06924358235860684,-0.13990592040320174,0.35289225529297413,0.6851301985788033,2.349643204559213,-0.671890403540282,0.8623406661370357,1.3166350605697565,2.057059155688656,2.0464729449487953,-1.165974903373045,-0.42008034864377447,0.5284176609372115,0.4131093867400466,-0.40650858192493217,1.0274747226340966,-0.4986269943743515,2.030991067414593,-1.276444336922912,-1.2997334758697139,-0.07205686577136844,-0.5839880713226074,-1.0864605535133647,0.06409195309288893,-0.13678675066127183,-1.6278440094565871,0.40922455565741983,-1.3199548908644076,3.1645075270994223,-1.503884929549,1.7074744470746295,0.9994222714980647,0.7839989899607156,2.285657468660339,-1.2110838004004583,0.5237712938973567,-0.9147419929913593,-0.417122319346436,0.9473199496647697,2.1329251167816135,0.4115032359180569,2.895024420468964,1.4383002199250763
0.24857542647497677,0.0607676041649632,1.4325118913981794,0.3902443794378136,0.49395617326709507,0.16361637220751182,-0.08127656944021558,0.4726533656996588,1.220184710873882,-0.3680518152917915,-0.47114652207115065,-0.05757997184428316,-0.32992659649018624,0.28097434145852157,-0.6167526012308769,-0.16098800111151268,1.990080038109623,0.2191665365741336,-0.39804019719027184,0.15102349393541029,-0.398314543272261,0.1528896149180738,1.1826118319744983,-0.24145797301050034,-0.7380239680956594,0.6734404911519208,-0.21407502777269208,0.812587609337062,0.027109522900780808,-1.2573420352252167,0.7600874380922524,1.0196382919982143,-1.7788224776353059,0.39390579198567177,0.20075599155676488,0.4533952573232487,-0.19448195929009923,0.783475927249696,0.3826614466392772,0.30011530543670933,-0.02186110002122737,-1.9990557266230913,0.9712886379452278,1.2925953562760066,-1.788634222999311,-0.8869386396576814,-0.0443871814484721,0.9571001998135666,0.3405591208633163,0.09799256148747287
-1.0268189017502996,-0.8495218778396463,-0.4855057628183657,-0.7900407339851236,-0.04356871595516933,1.828261455161785,2.4212114094583344,-0.18979300914264605,-0.9234866750331407,1.4172513840059227,-1.0719809398842104,0.6671270236728521,0.07759279881528554,-1.5170747569498324,0.25588681307470457,1.0530305044034058,-0.17918675891913272,0.9948611167987639,-0.6628853335327837,-1.2749948329828333,0.9062522680514657,-0.8648161637092668,0.08657341757744436,0.9189235826637412,0.2809889762168477,-1.2712002515876293,-0.9929817948286244,2.00538943908803,0.4398848891727187,-1.0392380496667886,-0.03533069876672238,0.3840410608905595,-0.7863851547681375,0.013824639539134178,0.5653474868909273,1.397786915771662,0.9785473268920736,-0.1908552138713724,0.5581520924426068,-0.030913096964789957,1.2484958793215302,0.09669613512184567,0.055675738006802304,-0.5043540736435986,-0.7700019099736268,1.2272835239579722,2.0111171648366235,2.620520696524966,0.0631980170227688,0.5855941534207058
0.3651592438885356,1.5627615524487435,-1.05818347317893,-1.1796963860600347,-0.7489803464225921,-0.23718192378845682,-0.775420164666362,0.8027486763406289,0.42792303429053036,0.6758696402869624,-0.3713407947586508,-1.2396219128416357,-0.3915851145596072,0.2299277672565949,0.17770052776782994,-0.7571290763966455,-0.5639661141771202,-0.4834620171678397,-1.7714736805318185,0.30835547929680385,-0.43904435468203096,-0.20631182486191493,-0.011597868627470604,1.0815568197920098,0.5075425654251603,1.6031344288947325,-0.9183125614466091,-0.09744874457335477,0.535801517114886,-0.18966075692541934,-0.8349110712003263,-0.8017345259785672,0.025678351641080146,-0.38687791493593887,2.1072701037920853,-1.3866182724835499,0.5849593599019083,-0.9282110002834668,0.8870831675498276,0.2435516750241103,-0.4955862722225323,-0.11990773251850351,0.15700048415766635,-0.9993806986678907,0.12060177310862571,-1.4655724143458135,1.5584238547725386,-0.4186874317405039,0.3685685978848,-1.9187210772633825
0.2838286809192737,1.0826341294796833,0.5478264235745751,0.1479473252594302,-0.4359662248284532,-0.0611001535609279,0.5299179291052827,1.6791711337301651,1.3827734901026814,0.4579098466652413,0.147606266998412,-0.2904267632528791,-0.048572809957899844,-1.6801598318874003,0.5201135364210042,-0.4311354193293093,-1.1074894789126986,-0.23684647833098244,0.08409964372163849,0.05865692965367829,0.4248744621966019,0.29845076792393077,-0.1032251716249039,-0.3744687316367395,-0.18387965149627336,0.5930146525550535,-0.3471587312386771,0.6918787060822386,-0.5301767829122908,-0.4024961551297995,-0.9462986171274083,-0.11076518176711785,-0.2751029210012456,0.5159947023064041,0.8573194342477453,-0.42660892289904473,-0.12025307246805361,-1.0544401976386897,0.981319529222767,0.4984903701475182,0.17517839313645875,0.5561765686873517,0.7311586663068176,1.1413184301683652,0.6725934958709765,-0.5451613221318617,0.41668254945517874,0.6300050330769039,0.1871759989323552,-0.7376422769481674
0.18233530428425052,-0.574360645253854,-0.3939965073974095,-0.578509182858962,1.153726073304678,0.08777609851907686,-0.420941270423249,-0.42663675392553485,-0.8686738190586052,-0.10184801495863262,1.012309168969485,2.5512361153792757,-1.2574688755265666,1.3527364787077465,-2.2792031755850344,1.8349501443413607,1.0653423257836885,0.17076543764456878,-0.813560683637894,0.7860751709428216,-0.25401764467770677,1.729465910196067,0.004345823529079426,2.1624708448628116,-0.2900038989335095,-0.5231289259306515,-0.09595225486721719,-1.5774454850070911,1.7882321177453007,-0.2798835001859972,1.361256423772253,-1.411495047542873,-1.9580405387431365,1.4543240758497096,-0.2998798626822607,3.2667039206170454,-0.5707809880912461,1.6492095680191412,-0.04165467133456272,0.10794884577789254,2.3440632359998177,-0.9865797527595275,-0.7447972885016484,1.2074359249166717,-0.3615456324775314,0.42864091299496804,1.6865580754548632,-0.41436621420220565,1.533150212557003,-0.4398795603238811
-0.4397575000258126,-0.0808196475721301,0.23614958589616994,0.2275506079062708,0.012098010220067673,0.685266178097628,0.9030236526452344,-0.9308802641014297,-0.9699196789119753,0.25546912610416556,0.7510917950952932,-0.11991522362508113,-0.6774012592226438,-0.8700404365804763,-1.868408101821291,0.4332844887638212,-0.11836007123777226,0.8021198193810383,1.314935698684505,1.1141306980093664,-0.6094819777050627,0.8923006154493568,-0.2926161588914051,0.46201296336177733,-1.4373415053628809,-0.6578624067444702,0.31047548615454873,0.973810024886616,1.0208219837706893,0.34095193776229094,-1.7351952761811316,-0.09049390520506534,-1.0876065998859707,0.9275933095576703,-0.20038320464157017,0.09270417415777096,-1.2748079120617777,0.4121580729188563,-0.5916095662022925,0.8941997290442153,-0.7046129290619362,0.8718491079413675,-0.7983424927146281,0.7029687393191103,-0.03871185197966149,1.1985197359183666,0.39970190164047686,0.6102230172709069,0.4783483450617498,0.27527336932793134
-0.5373991696173431,-1.2892763773304765,0.5069662959949733,-0.013464857391435327,0.414283122635655,0.5062627026174195,1.3586679640431403,-0.2542634205473707,-0.8651843101073494,0.8354162367879702,-2.027997220684343,-1.1528231408885332,-1.3051743168325067,-1.2672133533466317,-1.1216895062254726,1.118082512945787,0.7461792833004443,1.3934607649218425,-0.17347644540903948,-0.9676195608976995,0.16418566224912473,-1.4945964602596056,-0.6002925491146484,1.1125602074046201,0.15240964072490493,-0.9635867898391878,-1.4541088899714558,0.35189132086709407,0.40937001529665823,-0.2714177063068397,1.0654052335368915,0.08928586917052797,-1.2470877541568437,1.4355997320130909,-0.20603155610007157,1.0843518431565817,0.4743865059102824,0.39923817165328085,1.1697217470130727,-0.5903244041463286,1.1730499855028456,-0.17818143624182675,0.3007841110478926,0.41037796831069934,-1.6834200780584394,1.4703281153526384,1.7096513407707772,1.9922762499514244,1.5507903893849557,0.906288305973009
-1.0964611733299696,1.741599410293679,-1.6535468308291246,-0.19330678277814756,0.05836476408960807,-1.7925927997223585,0.5181411419495113,0.8458626746375093,0.8553115089762694,0.053270580018396414,0.6599443858188754,0.3089550452692128,1.106479462266933,0.06176037567559886,-0.5067381617872643,0.25527678562035633,-0.8307631801934544,0.4168176358565406,0.5433472391615789,1.2974872002684568,-0.5864311019097419,-0.7120191503459212,0.8216107584252276,-0.662616110148546,-0.16927892338036712,1.6660140299149908,0.6142022923406816,0.7418500728718872,0.07781763097500709,0.6245264899966335,-0.266930091000111,0.21855062700659142,1.4550953050451683,1.090648467895341,1.5677614759512941,0.4932636490392291,-0.5777248969923826,1.408515977522499,-0.23389353714265215,1.3463513930737705,-1.136970024971038,0.7737583311501222,0.8570853212065789,0.1783963451779967,0.9256595070500575,-0.928187029836967,-1.2838285854034628,-0.07602584317132104,-2.60339406845796,-0.25069125442308193
-0.9158172713478553,0.05334076877847724,0.020011486673972838,0.16183754871238062,0.002818720564565102,0.8768505299036929,0.09666757861153863,0.1745632243044713,0.2362766502645426,0.4542065923924119,1.6471004814680064,2.523602109375962,0.019985100263962115,-1.201423192045357,-2.222569590924874,1.9478189083027642,-1.985107780803017,0.3668773746889441,2.1980111924191905,1.6280007559725929,-0.1705259559467302,2.808105124273121,0.5220012785896474,0.5916261519386224,-1.6849901428373093,-0.2550058468990077,-0.3879592967036271,-0.1620740738981466,0.40432488492736773,-1.1867233492937679,-0.12015633392081308,-0.13006788077578063,-1.9052569739059686,1.8025478635255825,-0.11273438765727521,1.6588445813998436,0.011963969442861315,0.9232066122188975,0.022400738796593475,1.2266602310727879,2.06064777458952,0.03764621185268222,-0.4780406022187843,0.36330580944653196,1.4121193065657118,-0.3942783262467129,0.3311352405780799,0.030349016965553376,0.42529944033994593,0.20245379670674443
0.011790845234053009,-0.34338639909387253,0.7139892284088037,0.16145493613633682,-0.912217206246355,-0.28747944301811945,-1.5844782532154897,-1.14155895771107,0.0162500875086972,-0.7486649965566569,-0.15384109007077185,-0.16814700397763588,0.7646809489346276,1.5901155749547748,0.6801565672566606,-2.3821425908463163,0.2792949912278507,-1.2660915270774904,-0.8832631753214696,-0.1540212757991794,0.21907036576251596,0.0021167871477364803,0.7590292758372175,1.8144062411637722,-0.20361094115610512,0.47889120615162006,1.0774206753280564,0.12396016553174523,0.5424162648132459,0.6769709027047539,-0.05022474269351887,1.2121367410370374,1.2411363597727463,-0.630570036857483,0.7657840341415747,-1.7121708999297054,1.1009800815079125,-0.9292053199041485,0.188771104462477,-0.6170619798576551,-0.39062627294807073,0.47347122837690814,-1.0095490560941158,-0.6083327297588312,-0.6524570280131036,-0.871685481393449,-0.6521735470510974,-0.8469935173179773,-0.31725346879761074,-0.13179952697008437
0.49922741787139213,-0.08936845810519381,-0.3535083504821182,0.2674571383383683,0.26884025888004354,-1.2875034006681143,-1.1972135575396787,-0.8342526781144113,0.43900276312201963,-0.8037911284544322,0.4992159142443157,0.34763353018585563,1.8435167697543628,1.8086311981387921,0.8972347801599081,0.13844866699912228,0.4307035896589291,-1.097701626992654,-0.6121173840627864,-0.08277744962258443,-0.027700908837907337,-0.19149798702312174,-0.3921195932366561,-0.11021369046789331,0.948872912138609,0.7752339341354225,0.48262859312988415,-0.4950280106771304,0.5659689895541707,-0.6529569321803854,1.4497989321815288,0.14927081113328874,1.529230145208388,0.5293449157021834,1.3113571301676232,1.0274398232365065,0.08171902939929498,0.4415288185838498,-0.11079234843476836,1.065339636428417,-0.33393727057360306,-1.877702429960568,-1.1076098694157592,-0.538836646254887,0.04886189378729186,-0.930727574360294,-1.2579116725727828,-0.1657274999787811,-1.8353864300998377,-0.0628273358997387
0.2893006826782634,1.099374570406532,-0.9921293018454393,-2.0634805724801293,1.4330408571357762,-0.6741168431923698,-0.505284753817642,1.4694431699909072,1.5307619572787743,-0.539397697806412,-0.7543166310699108,-0.2542791831223617,-1.0162959412732215,2.0722494596795373,0.32114095401999865,1.3199740642720175,1.608785365273476,-0.7849026593806738,-0.5712905926741118,-0.649379792127471,1.925568353996058,0.054411026554908315,1.9364818381368398,-0.24654694328778443,0.7538337224762334,1.55874385879644,-1.3152934491805819,0.6493449147104378,-0.9432338709710913,-0.6777408663870713,1.457722047117751,-1.3072297123905168,0.03520204425663575,0.7311324871744116,1.1766052294222995,0.2718682658824248,0.3325893055517729,0.26806259206093336,1.3917796698719354,-1.2566534888544918,0.7246593540746651,-1.3866390647440592,1.1085592097220487,-0.4597178695028711,-2.256075520574697,-1.4081899501417414,1.1382375784105023,-0.01607156902780578,0.8628848311722022,-1.9469171129861351
0.5318585643711844,-0.6711366535078161,0.34139554915870635,1.0340057481581206,-0.5299716835989438,0.8176498077599691,-1.8433618886152618,-1.5995748602761333,-1.474274532400352,0.8619894791047564,1.0703299280916743,0.7625398523356717,0.7204875871789627,0.5476566452986577,-1.2701308079144227,-0.7515990777704259,1.6834382668324332,-0.8851699151762447,-1.6248469800578906,-0.3967319800836921,0.7412158561929342,1.1966540717619532,-1.8038920158205274,0.09039428623070292,0.4371065099333363,-0.35863628980674256,2.869585398943682,-1.817884431764041,3.5115353664052695,0.2365069234147276,-0.7376450308201555,1.2670729563788834,0.45277303177932987,-1.5356651951786484,-1.4329204079518247,0.9987115667900286,-0.18410291163943077,-0.785870141031798,-1.0627141658583412,1.1791800539351576,0.1835858791869646,0.968814037266237,-3.1732958443145174,0.8313830138341481,-0.6311295386607113,0.44074198527810116,-0.8292884321348538,-0.207530910505473,0.01760696200109765,0.861744880193536
-1.00512385913087,0.37589007672665803,0.20816498448031467,-0.5447896944480366,0.5009231594790733,1.263039819381917,-0.21686751584287878,-1.764958513887993,-1.293972246463916,-1.1581800818832921,-1.0778063858181497,-1.0956303972756685,0.8082834210006417,-0.11036228096276926,0.32874345648132536,0.022147085577035198,1.2716624530569047,0.306063249104641,-0.8559128539830066,0.9769436671590777,1.116796478380405,-0.5665638222968148,1.2205018216742667,1.8840128207210682,-0.4454860530169864,-0.3740014561998288,0.662078178509209,-0.5057685102756767,1.2542446653720642,-0.48804643926697744,0.08526736795225896,-0.2008765988739471,0.9280221991035548,-1.5778720691100645,0.5665280173815113,-0.07790741437834127,0.6438796443587834,0.9009585566034154,0.8273467223832492,-0.5165465571417723,-0.5888388021768781,-0.05268640286507371,-0.24625631714036533,-0.2852909122074288,-0.9310331617326013,1.2857339176688751,0.03577003912669786,-0.35902189898075326,-1.0380161529897536,-0.3978989385744068
0.9726230538207801,0.6465003049871776,-0.47281934386953883,0.32257928731712515,-1.0470677842601732,0.9962143140204481,-0.5483178405394242,-0.5367927174472128,-0.054621097914624106,-0.3698035713886004,-0.08417972113346647,-0.8257013781768505,-0.9444960498195248,-0.30962262591424683,0.014283403341330226,-0.25328614085897533,-0.20865476429138205,-0.15126207212647222,0.22370998145488713,0.4239038436283658,0.9443094948981902,0.04651143022022559,-1.4607336529910357,0.7269860514135906,-0.4613818078232092,0.5737978537602588,0.6503320936530593,-0.853676728294544,1.6208946009060485,-2.0318490630581176,0.4194069322386224,0.1709582697962296,1.4301820143538782,-0.5067128534347123,0.9596149488654959,-0.15871377425775712,0.8179232175671023,-0.966023121585554,2.7806938678168693,-2.170462013818431,0.09786834211862475,0.21879274645479643,-1.3132658787556277,-0.7280163680083535,-0.7112222988868018,-0.8393304085116726,0.42371239538236444,0.025485047123485843,0.08943913695493964,-0.2948143041069909
0.9767124749035724,0.9011907406481795,-0.9525567474238329,-0.1775495526209274,-0.002403418106183123,-1.4681357478046522,-0.892522260699051,1.7102470165745494,1.5687117337753722,0.44563993894362736,0.6289085376519645,0.43006341181503066,-1.81605478639399,1.7679131383322615,-0.6792209105373378,-0.6494096175304332,0.9026780633889954,1.0228127994085796,-0.4508362430996422,1.0492016680900205,-0.921354234912163,0.4988681771535078,-0.8962882945326529,0.5569954202527462,-0.85549196017565,0.6796374947227598,-1.034993699358822,-0.7905808314738395,-0.5550132322027985,0.14673554956472465,-1.489724220641516,-0.2197438457950285,-0.2502040634597443,1.69713848550166,0.6845498589655361,-1.3576897835343,0.15563734022986722,-0.387335848199389,-0.4575273503343924,1.2012064553512858,-0.8936558762982993,-0.161802711620294,0.572024018905256,0.02161239610971506,0.19633708040693112,-1.5986022650832088,0.6961672880388392,0.16608351185192474,0.8051709314408216,-0.3401602121666052
-0.7760408863712185,-0.2664016334098302,0.260612551932004,-0.47462796444146166,0.30638058875498825,0.3432030914149146,0.9982001181828127,-0.13790705512137708,-0.17255640580138898,0.8221984016359902,0.7343936074690833,0.7525450915395759,1.2282259168592364,1.0330807107797106,1.206199576169498,-0.26204004379437656,0.07794615598875658,-0.9032079263600388,-1.1429567828042348,0.5365865426857805,-0.4457118421291275,1.0064474368070402,-0.4483460847122287,-0.5671888710451534,2.0915129154892433,-0.3620886691724346,0.44129126501111,0.2591899868020297,-0.11662683154672755,-0.2760376678606556,-1.3824506406695116,0.47095034114944884,0.003546761977635482,0.9036922441213706,-1.2309499127638648,0.43105578405180417,-0.48584338469075955,0.847385399433843,0.1448483737605897,0.16488271089165277,-1.1100646604252706,0.32935207070752315,-0.8718829951487459,-0.6153302643574695,0.9923144309756667,0.628719281958513,-0.5635470839812737,0.294766080848809,-0.22613954281257642,1.0111747711751082
0.5381189200787672,-1.4751589624865356,-0.40979497835318346,0.018808085416114086,-0.9066691754434455,0.4364337370643065,0.6399668038404336,-0.23295390675340408,0.0024415212022018307,-1.6825656116643486,-0.6088106164054309,0.05507862585916653,0.13962588340803392,-0.15409727607737578,-0.5873043377745191,-1.1013025248543156,-0.066316831376139,-0.45123037617428824,-1.6330766829032797,-1.0653194111984587,-1.1408870509046867,-1.1233610184379785,-0.516571072687827,-0.29077840969659463,0.44670090983870425,-0.5061021737486086,1.985076243908039,0.3585574127704866,1.862094856224532,0.6510130564251472,1.3597884209989068,0.32862116079712506,-0.9525988929482482,-1.2540995526827619,-1.2748376992178394,-0.35040171042920476,0.13750110862766737,-1.117369691370482,-0.9009192641171356,-0.3233991092125125,0.19928854028893686,-1.4657882260195323,-1.4206651711451126,0.5792829970489808,0.14424967822324852,0.022127091394507744,-0.7348813460047401,-1.0289554126179723,0.1727863965052722,0.27003212099733587
0.5549490270192547,0.7758656633594377,-0.2209754855770878,1.4990413620415437,-1.7137281180565047,-0.9679033855580497,-2.392807711847734,-0.5173662908118035,0.23308979773509494,-0.28417906899498546,1.952013014129612,0.0912910896334248,0.570945700868942,1.1535629495619293,0.05361761681474677,-1.4027350840654247,-0.5389175781597332,-1.558763129456648,0.5768715654654725,0.5062740205185154,2.0635985296918626,1.3190097429918475,-2.356996557857014,-1.5746230467234277,-0.7160306357849102,0.9943646248921204,1.3810435625403992,-2.063595820928467,0.802311032841242,-0.2905612185794591,-0.5899546520002236,0.8823905270933974,1.4656783852459578,0.21199831404686176,-0.3363614373561668,-0.9228833928038757,-1.0842366924256086,-0.6684824283963428,0.21284749449623974,-1.2480978422653433,-1.0226117555149226,1.0591303527233442,-1.6604324220709463,-0.014140092592529104,0.05006299263234695,-1.1217729560966079,-1.6552445968036473,-0.679577743949559,-0.1720728099092292,0.1928010566328445
0.4522528656779947,1.1896922005120452,0.6191205650691463,-0.8682456409079208,1.1294212749361745,-0.2737270204559062,0.008639628647017903,0.5611071660106349,0.271051770065151,-1.3735551237874022,0.863442391253933,-0.21149452731622348,-0.08599068300070818,0.23749961599962105,0.9121331420130315,0.06991283007113229,-0.2633128938903272,-0.9904799406370574,0.9489182389674828,0.6568585990858627,-0.10173841177223082,0.9328021854176414,0.844247336873778,0.7492325055326731,0.9273990946031159,0.5873663792015151,-1.5523492650459918,0.4692807580339582,-2.5773632886536033,0.7747491306749987,-1.6772486738100194,-0.906755406876026,0.3721073959263541,0.5952255976217921,0.3861706487109574,-0.9857688502042804,-0.5223441325189144,0.27834935426909035,-0.4580936996870254,1.6037386044661273,-1.2522086262774905,1.1159654500029779,0.9460169938857589,0.8730239648118303,1.7396845276277029,-0.019050757657224682,0.6029609742203287,-1.1597094101206449,0.30578237551145915,-0.4862207707523721
0.07254864061173308,0.5114342292166788,-0.1552526170659585,0.7537431425333501,-0.5764205261066807,-0.16721778375493174,-0.7239913925970634,-0.41297511232272927,0.6176859752756639,-0.10990962665057231,-0.18573836241344327,-0.8974575773807886,0.48565523902156904,1.548942708717852,1.076328451925404,-1.183089871360228,0.24968457861561044,-0.4819508048532973,0.006210404685186357,-0.1008890371592735,0.27402182341903825,-0.13552465278864745,-0.1884258361020316,0.13736341755579648,0.11735475213735827,0.5793112071748198,0.5127543416575941,-0.679668280891595,0.03956929675326621,-0.5096391628182853,0.5599627364739167,0.01439809981311883,-0.07717604941320083,-0.31720121965908366,-0.532914292413992,-0.5013819607190313,-0.049104433746225064,0.03851259153562455,0.6566889653747905,-0.6667520888705223,0.24239114505667153,-1.3827502947502233,-0.054617975023826384,1.6950083139709038,-0.9439292688090798,-0.43028761919290504,-0.2646082842609968,-1.1836425981114835,0.34728035287335507,-0.5623853460869961
-0.10682706751529404,-0.3443098918169263,1.4600266131052864,0.34306523768881675,0.1503299540241366,-0.9474686672395878,0.4815499301016195,0.10624597424511996,-0.13231675789724093,0.5186329959532409,1.5845753423974396,1.4434666412660344,0.3041074646407611,-0.5570038455035863,0.07206392815930983,-0.4453242086019242,0.24552017450610075,0.08685547193922703,-0.8367958422911739,-0.2247678907606166,-0.47093957154691707,1.977712111343752,-0.2716998810084794,-0.18402055394147096,1.005595730590109,0.32399016889959775,0.40309844285684443,0.2793854415940768,0.47496668432394257,-0.23360762393134746,-0.9951331402691238,-0.33578343899719354,0.9884644910399242,-0.8278158663642948,0.4591665950751932,0.3105512198807827,-1.2286946869855013,-0.9125423798058793,0.7893560201421879,0.35504928470107566,0.15027151693559254,1.8309847087655913,-0.2839935354848098,0.43089336654972116,1.4981832854978514,0.558056278468463,-0.5401766471544578,0.3106699327725227,-0.4638126766286351,-0.7709766724342678
0.12796709649681268,0.7035704953347406,-0.3114121458122217,1.4147888796959942,-1.2270164667074197,-1.0857823109816855,-0.6351030995345688,0.48069778879875574,0.480604955490511,0.4621271661646652,0.11511296843712411,0.16310758881186424,1.453105644248279,-0.5520778846572825,-0.2148347603983161,-0.42464881619306033,0.49349167083443035,0.07460113230671252,0.09849804370550698,-0.9656398231460335,2.0175849968487944,0.570297853218354,-1.630488931810205,-0.6490777875296541,0.3458317744203716,0.8734287862395511,0.04635828504584908,-0.47699469933111177,-0.00644270583491557,0.5136760389935491,0.5682408851664245,1.4067843786426313,-0.6251133679778358,0.08973292622661491,0.7484679615933517,0.04300274607645931,1.0193422221108366,-0.5710538746632048,0.6154198853528157,-1.8161505723235951,1.2793004582603686,0.48303294493027976,-0.48831107422393,-0.7111291917629373,-0.46464722977128314,-0.8378992743701725,0.3275692971674481,1.6135060466043563,1.082708310092104,-0.42624032028620096
-0.09866601205407498,1.6710752411081646,1.4634275476913374,-0.17605340664460575,0.5052857900629414,-1.2860849430338015,-1.7026628442396925,0.15840495942099786,0.43433465878014904,-0.7570642535085705,1.4339378109704615,0.8824749950207128,-0.6035490491659682,0.08163128439734121,0.4432824517333091,1.0025726449148271,-0.676904236238843,-0.41652808639446787,2.1796748246212965,2.182069883898064,-0.08012636212351275,2.0484262858228828,0.6901261096170821,1.0416528336167268,-1.2550340471090526,0.6918332458490154,-1.3274592746984608,-0.8705647383332135,-1.5297228914967849,2.1084476269970347,-1.5282209573208718,-0.0018837294619346496,1.5386608224407647,1.460632020657064,0.2496759425944201,0.35981958036614914,-0.46654455695998226,1.5161998952078468,-2.1651689087213657,0.10820250808368172,-0.6969707832780088,1.4345928317042755,0.34400014025971337,-2.280206136525831,1.2198292125030403,-1.177683801726059,-0.37080777529660597,-1.6493337349554669,0.17699556083686943,-0.35960676459736063
0.6237659059459983,-0.22948384895946805,1.2652046248392375,0.20177578440857474,-0.8787172995916233,0.016326145746471985,0.08165244585997676,-1.2288375255038655,-1.3903130555526326,-1.2919947754206726,-0.3005491988313873,-0.9504735342902026,-0.5837235288364672,-0.704294471772157,0.5481437519297484,-0.4830216940033357,-0.4501849243988102,-1.1272010882130403,0.4665947732101799,-1.5113851036682742,-0.6117908055942122,0.7897079691967077,-0.4104465069854183,0.40486365664292506,0.16468436142188908,0.03170197463511245,0.6862730246179557,-0.03163280414467854,0.14755363797898466,0.7853634628251205,1.0160895642115737,-0.21601363870696522,0.05587860377240665,-2.2650522270277724,0.49348752538493157,-0.8852277075291238,0.1272244035838114,-1.5496570531415412,0.15271862272490813,0.5334897706815758,-1.1562002022159639,-0.3668350621913542,-1.5949818832266855,0.6054051699463153,-0.5739977750039384,0.5835781404420686,0.5331787187443844,0.39902349904627976,0.12090097902439724,-0.15362388309043767
-1.375307579986617,-0.7024842673239599,0.6914373326200163,-0.43947872612573996,0.1728623979042848,0.7378822263565746,0.47126745734297687,-0.11326847043631583,-0.6687596502377138,1.0328102019374445,-0.07883680680476839,0.03120585849641849,-0.22170684569582927,-1.430665750098755,-0.19189637706667384,-0.5802713417527406,-0.27389013023960684,0.16019311213086695,0.11776494120160937,0.7544724337957038,-0.9876627216093784,0.8802383176628317,0.07764185532693858,0.7421857500953669,-0.7074006405365489,-0.6226148593184466,0.23159426326522592,-0.6276345367871854,-0.2128001556813505,-0.497203003772127,0.2903271472434706,-0.15933237793976468,0.10741700011998602,-0.004249345071047537,-0.22468541137478845,-0.9064165507746893,0.9189990594248906,0.8216648805174152,-0.518052848568505,1.704001027496609,-0.7468810807199747,-0.5259071229038038,0.7024420589979156,1.0061231042074796,0.1627076619972794,0.6324648198940744,0.04012330738595904,0.6297173810617775,-0.6846651811086532,-0.9135886486927502
0.20306281199912293,-1.0823166403609563,0.05190200353643295,-0.07537996083366774,-0.43328725725344946,0.011622450530909703,0.5448761227479788,-0.19019217990238016,-0.1523980155989577,-0.37697809459230974,1.1961852347259598,1.8981850093444341,0.920451935181121,0.780290978959734,-0.14609764415350254,-0.10096196480351795,-0.5383141633642273,-0.053743839701454243,-0.5810118475929317,-0.6345214618430567,0.13496251753427932,0.9091861620587373,-0.4300862449894191,0.5530848901676427,0.6506588719126324,-0.6514421634554238,0.8966764096900388,0.5732818066533374,0.46990990706671,0.6832126668085718,0.46452758930367866,0.7895952620246846,0.3553919147356698,-0.11176554740642569,-0.13186845048588366,0.7159368138571556,0.7542258948761034,-0.2233576742897738,-0.5837230877722052,0.8079688871199036,0.20301029788767413,-0.4478834609763645,-0.9624958996436118,0.6782079738346338,1.2476268028655426,-0.08557023116108928,-0.2594883895309473,-0.11712386968070318,-0.9449624457485761,0.7225471977664265
-2.49626073334872,-1.7298852265626252,0.11265329485603993,-0.885322371816907,1.4544218440473529,0.3373352892164294,1.3136256452073192,-1.31681081343925,0.3298596829855578,0.255227297517054,-1.8492396535050473,0.36681918902294913,-1.966417166202342,-0.010497895306990971,0.2620119234325472,0.4203568420729188,1.8512177357946136,0.8963177371286816,-0.6389845038542695,-0.8048253634447157,-1.3921964534885947,-1.307829042210032,1.3073572658624109,0.5609939017230064,-1.4371368582168145,-0.6162313835643664,-0.4350959277067072,2.3076437162399115,0.9091045829425795,-0.45402082658090104,2.234046425660543,0.619892519208711,-1.2682264528913478,-0.35366963783564753,0.12117378845828902,0.792820882334175,1.4186330169765613,0.6144289377739696,-0.3457226134875799,0.6597958234702568,1.121591926425411,-2.47986744351145,0.6871310825559264,-0.8353247219676083,-1.134430985965796,0.2766530257999282,1.0789431082173555,0.6280804257667904,0.2623539478610666,1.4391993962508283
-0.8958115949534649,-0.09041787495818239,-0.39598410671017764,-0.92044786439663,0.13164809602478333,-1.7326724590152833,-0.049157746425865165,-0.5251690993059954,0.5626660175852765,-0.23326161048889332,-1.4986319140698303,-1.855645681090336,-0.2971272834606917,0.36465373416443575,0.7047505842031644,-0.5151409458905455,0.898855409989521,-0.032149596540196654,-0.9339315249985441,-1.4578155173518632,-0.3215691560978436,-3.091053354700452,0.5459224245032056,-1.2040617314108264,0.10059916474923478,0.7794401594385814,0.06835155781051158,1.2263064389161937,0.22940852890232788,1.14747866616192,0.19153407988596258,-0.6674008386642039,0.10332848190286999,-0.40647850205988273,0.31790924217958855,-0.6484165232894286,-0.14578276016552447,-0.07958866643041722,-1.109924689803157,-0.4217060976728256,-1.2988188190599623,-1.1775192959381937,-0.29410465195461943,0.02594978734296849,-2.3536811753492146,-0.3456583532584028,-0.055734221006632265,0.7161218968266835,-1.042188331759246,-1.2920081619512493
0.496545944040908,-0.5954069237675312,0.693278752036183,0.8797549746262913,-0.007838582300508396,-0.4792789696141602,-1.1301279234009776,-0.9169522402642757,0.01725485430328239,-0.9005089500806535,1.178340004853184,0.9924422111250044,1.1647140180697135,1.4593990713599967,0.3133425433375607,-0.36070394988512355,1.38095822012049,-0.13125424516940176,-0.6454690082860084,-0.5258732637692881,-1.13048005768397,1.255450071254228,-0.8404553971077711,-0.5716338618772693,-0.22447402129377625,1.5200591870020508,2.77924447019411,-0.6479519783316593,2.068578034598646,0.5032867705610871,2.314790399699622,1.9871931908697167,0.4894035168059314,-0.2246202815654531,-0.5917729612436783,0.9010076403294832,-1.667539657833281,0.20766930927002725,0.024169079491054797,0.5676544942306316,-0.27324937753150197,-2.3945189276270713,-1.179014290333955,-0.6709166850776719,0.012387864035206787,-1.2299706588139576,-2.8691043835774765,-1.1444015304535977,-1.8546406092010026,0.39487940558161
1.1542049138149195,0.9802690669132049,-0.7046375287072127,1.2274530780607755,-0.33657858210953384,-0.41919542955777994,-2.2879474483587385,2.0960983081330946,0.6375886879862973,0.4935382008119493,1.4787681973651867,1.975998730196541,-1.794797204218411,0.6974350536772057,-1.0305781624312877,-0.16814372958417093,0.3379423992957975,-1.5865347821276548,0.1698684679011152,0.9070514035545733,-0.1815548053835502,1.5787057046253543,-0.8931099119387554,-0.5004830615170017,-0.39107672298652374,0.6822232169814171,-0.6755389634726727,-1.5451838132272337,-0.13073510417583364,-0.7520871136398823,-0.8510668278032643,1.2309075245831473,0.12552676255109013,0.440470880487503,-1.457685284926812,0.6143423891124714,-1.2547342656123872,-0.371074707699885,0.867287954475031,-0.33093946676177466,1.4957887203541114,0.3927121613960962,0.7660742893179546,0.34984796297937537,0.862895659275557,-1.0839886280061153,-0.592514216670031,-0.07688059033029615,1.2762581130743222,0.9098579503488506
-0.4409816947453072,0.4884259603925881,-0.5839572536381593,-1.6248066593790222,0.951481614171837,1.2607691866965234,1.225043918604837,0.4957106212744898,0.24804787006374837,0.5004463741623916,-0.06541836177473351,-1.2057951813162813,0.5341980439404326,-0.7386839051177208,0.25555915183140515,0.8774669257804095,-0.3756345455217474,1.1064233589330752,-0.6018485158592689,1.1143412734648972,0.9544621289705105,0.822572650408717,0.8812565278836457,0.6122123374408024,0.6151060379867611,-0.19164699533575233,-0.4099832991328633,0.2611961735698755,-0.29113446290141787,-1.0508913716175432,-0.9198027579939851,-1.6892002262647186,0.20163796931792116,-0.19788344257040855,0.7677522699560889,-0.22450033566281974,1.0134697694394255,1.1637962090238319,0.5413016066652075,0.5550336483661096,-0.5990750321895396,1.1359063425956406,0.7332968234499785,-0.36901558954102287,0.7523308826713915,0.41754184642459996,0.3657455549235505,-0.36763887567363257,-0.697771029381343,-0.3036718556284325
-0.4234519567179215,-0.6088565200569392,-1.059963240429536,0.23365427802381572,0.0029557108328645506,0.7218115773756015,1.9747797392362867,-0.05056489534944779,-1.2511922205644241,0.2854257748085686,-0.18904673068541042,-0.6307048768981723,1.155911840182762,-2.1640120260202544,0.6082183368152853,0.36154415478803686,-0.46516227889681605,0.4790277309585655,0.02735549203884623,0.07742691650150049,0.24377582906414438,0.17060463419844898,-0.7887167922579443,1.7578427150905043,1.4700323086119793,-1.5264529904819966,-0.3090316339986074,-0.1655486978491579,-0.3216487850375622,1.1515576251240902,-0.6768872023279158,-0.3854928080292808,0.08116372586875559,1.104172778858751,-0.9109399923147006,0.11392719377172207,-0.2772306364410047,0.4203761788019369,-0.940559970055064,0.2458067939223256,-1.0383521589153553,2.33922327967233,-0.3665985968439807,0.038517515694751585,0.7879902596951653,1.616911389767049,-0.118417630368562,1.0059440799247013,-1.0375027408752002,0.9145092797047276
-0.5240000177981006,1.4669872718869619,-1.5065952370948859,-0.8181330968340327,0.3324835154507357,-1.0073432910469118,-0.25463026718799864,0.8163452965159708,0.8730436262120108,0.19910429048822995,-1.3810857466402209,-0.8701974605515731,0.2757279326327907,0.5066438239757568,0.10149037257544989,-0.054506060469645366,-0.3108928828762189,0.25192586611853834,-0.03620175490752791,-0.5598213172321059,0.441406918242002,-1.3635900170154889,-0.12425795658211952,-1.191018209716551,0.49931910298613824,0.8865171383198794,-1.0222263855681826,0.9021184609953405,-1.0869601121897865,-0.2647164030106549,0.18717919357188187,-1.142867724678818,0.6602010921523608,1.139369906593252,0.8361799019198539,-1.3718086958677054,1.2296765724620908,-0.11984285901539564,0.41950537708639485,0.15344437436041,-0.31260622887125,-0.5300034874426477,0.5346750646017545,-1.6498364936689207,-0.2874395265513963,-0.7497542906802998,0.16504672668558443,1.3495785631008321,-0.20601330802447815,-1.3539322989540583
-0.06685960036523714,0.004879620016528839,-0.10433886970621527,0.7524846638083388,-1.032105681364575,0.41818213447345115,1.4406297237968868,1.1205957849271906,0.24203588813375304,1.753597768837348,0.8516677710112777,0.8593593225660542,0.8042385665661411,-2.3079523590344517,-0.8190625747488,-1.2192615468050199,-1.1934434552594961,2.0565704153817657,-0.3071940813190594,0.19701100921568257,-1.538995438336815,1.0364923083183424,0.007729635355356251,-1.0064136070308733,-0.008926742848867636,-0.8197939792450893,-0.7764094905687581,1.2799856127374651,-1.856461360721806,-2.086806394282318,-0.11358355533112284,1.1536281117679146,-1.5494562361878719,1.4808694150353772,-1.3413691168675228,-1.0583626621049649,-0.5118659955738238,-0.20606043572104046,1.3317218289197044,1.1676074526419913,0.08063065315859724,0.7195973140389342,0.9724894876793785,-0.5389281339330181,1.184530565716221,0.5602045833563858,-0.825777107617237,0.9695838422499912,-0.025422167300382666,-0.41229720608199955
2.253598362571826,-0.13531389155286638,-1.2344399484162494,-0.8569782630753172,-0.7565689625886503,-1.0399742247973365,0.31524669501204877,-0.13041938531680747,-0.3185482699724862,-1.567279724925108,1.2460614138360424,-1.5524300552691959,0.7096245318728435,-0.74178188921125,-1.5144367043222835,-1.1821404374180835,-1.6656148063996368,-0.330396850120901,0.4924143865899021,0.42535474962570424,-0.8992567325742787,1.2582232817161294,-0.4454331903312386,-0.8425556457381577,-1.2899607346560509,0.32273379934491553,1.2829708376877076,-0.40532705768126487,1.4038761840084946,1.0276209634020448,-1.9738929227935051,-0.253349148294339,-0.21284009333965173,-0.09235449722354694,0.5478699547785307,-2.868612996850898,-0.013007226206492445,-1.1148283951904276,-0.54285162638879,-1.274746581884407,-2.92064727207397,1.2265955907022716,-0.6187326035354154,-0.5457029372830696,0.5331336482792278,-0.05208196427961592,-1.1178628445660457,-1.022236202649493,-1.2031482013305246,-0.6935290775321447
0.5784384611373347,1.3540334684219024,-0.6854708805280537,-0.4966551783973503,0.8781078446832328,-0.1212893106174555,-0.6813065596017552,1.4266291728644487,1.5604515154022447,1.0203649401982404,0.2208976750996139,0.5262726273048379,-1.1167847600220147,0.7094929970228315,-0.6832364995485466,0.28956405493028814,-0.3668471021213113,0.009475196132531317,0.2706023352479861,0.3233041083598872,0.4705969411986704,0.00800538907232153,-0.13247463567149131,0.8422349999314178,-0.6557828328556691,1.1407713651036204,-0.9155440311711144,-0.039618598042410184,-1.378653821630235,-0.6012814831062592,1.1655034075105866,0.29474411066964257,0.6221386910588353,2.0378224569156598,-0.11821350837096814,0.6879296684272955,-1.1879891271053578,0.6598994552867744,0.6601667849135184,0.2282199900546723,1.1271864066133703,0.3374395096574977,2.337202731527425,-1.5582985320653762,0.5778272511124165,-1.1869523079510145,-0.20388078218919178,0.3088144709003755,-0.23420745449439853,0.449032396909229
1.1441679476446471,-0.3405335926328858,0.3085659859747462,1.477235417280406,-1.607208828993226,-0.14319130574381628,0.13037522109306765,-0.3473173519873123,0.061205744525703036,-0.7285607128599317,0.14855136946522493,0.41736755437151807,-0.4228669586694575,-1.6345763031418545,-0.14423485926218796,-1.1660638756360278,-0.22296852129687947,0.07938309482610195,0.20127071855734158,-0.055974647252508086,-0.3469080519406124,0.24495927338000556,-0.008983811627659157,0.31806849804743775,-0.7326836664894979,0.37120349925265644,0.06594824205370702,-0.15207255829239957,0.0976246900879741,-0.07824100260186999,-0.8722489829341584,1.2029381855372105,-0.2188884884415616,-0.14938038146201077,-0.5542506933341306,-0.6823698570272284,-0.7978367020389807,-1.5361326305165033,0.28795052614498623,-0.8818865591169204,0.6390289852954434,1.7157907680579654,-0.5244608096086436,1.8626292688616501,-0.3580960055086483,-0.38548031439229646,-0.7165200395355328,1.0681721165410416,0.5071466710760664,-0.19810037006149692
0.27836088556570027,-0.023646013110472215,-1.7674376179243105,-0.8283147041383635,-0.5771923852890708,2.053381606696175,2.023000172186078,1.0760893566474867,-0.46743791355798964,0.5525797661051906,-0.658235611896646,-1.9032403484616431,0.10143526020237537,-1.5706817073830994,-1.2187676676643613,0.0942197392304239,-1.2646873668882856,1.461477084265636,0.32628562460869115,0.9830722978489987,0.8218033006679009,-0.4178822493452162,0.7974371113725656,1.1551132927744248,0.547617237038077,-1.7964459361622778,-1.38405296124199,1.300633651440753,-1.009322949088348,0.495165850429085,-1.5711369825493438,-0.5950975636377664,-0.002886260146343581,1.7341702655260098,-0.4706133642344141,-1.0210739671332865,1.0443645308922738,0.17545820349029467,0.6024561700237993,0.38941704634843544,-2.2668616746613024,1.5603331388370458,1.6421782861111323,-0.954555619381153,1.2054745832384242,1.6086477819062555,0.21952205592879334,0.7166085421408345,-1.1330227249210432,0.18609836770137642
-2.6560115498802244,-0.714345354235029,1.0134542922374936,-1.0647537714267858,2.42543999142877,-0.2832437628275302,0.24477087158062238,-0.2959254478549025,0.46786457733203146,1.7440902362010016,-0.4799052673584226,1.2769587351745453,-1.545221285838015,-0.6553052488302467,-1.010606488333528,1.7486567041895826,2.23905203484418,1.640913461464914,-0.3885258069234641,0.9292519566418842,-0.09522104866386179,0.5900315616301153,1.3886522116346816,1.1972462132732178,-0.5617152931681967,0.162143505054674,-0.12119156607255406,1.2912048766714246,0.5874265947801871,-0.8825131314969228,0.9308076896784067,-0.3720148191391178,-1.820327755582454,-0.43232873079496564,0.29779502628121096,2.6451981164339635,-2.0882476507200303,1.5422526332695576,0.7994781451416343,1.3501944345907282,1.732663136640652,-0.5830156033454952,-0.5021174439819082,-1.0696979081093794,-0.8483017817887835,-0.5907015469033952,0.9266661355135015,1.2173536406219567,0.7789772196230887,0.48610719074684494
-0.09316833727899916,-0.7378933301703742,-1.3217480632268046,-0.33561419837592127,-0.04483797847755107,0.7424277524787622,0.7909807441895294,-0.3512236523464009,-0.04149221884794259,-1.4521015935482124,1.4659089106525207,1.348876726121106,-0.46530975080502407,-1.5577870734689623,-1.8231679460882773,0.587559883682715,-0.8300364020158908,0.659802562365848,0.38432964169048417,0.15074443581015803,0.756277199217708,1.1473266377515228,0.7512235163794272,0.22866244013216977,-1.3775556223511423,-1.6047384113296879,1.2850071279414168,0.5034132010881699,1.0624729344140231,1.2955442791632383,-0.6971913902675998,-0.5282308412580278,-0.7023999970285827,-0.06073599908387318,-1.7454516626482204,0.6123346576475703,-0.9639633880186188,-0.1455626963382901,-1.2085166442309647,0.1934295311932979,0.3126469691899852,0.8538090157570557,-0.6275209252235053,0.07940202593883186,0.6575202146303829,0.9648469668084834,-1.0521090995393247,-1.0227500937450824,0.1421884618860195,0.027647499805615747
0.921603421101645,-0.4201005331368938,0.27351542723205813,0.3725002289427975,-0.06529120712257207,0.8517184805001585,0.5843970062954361,0.5898666726258818,-0.2539332968773348,0.5273375791050762,-0.8698145595356581,-0.8763869763225159,0.8064844116726089,-0.43729630860988067,-1.6841389271838239,-0.12730460635049856,1.1630393845293123,1.09195044365524,-0.28880747935955614,-0.8496876542031266,0.5679474314305548,-0.2360174121720399,-0.443722208986259,1.9616541988963319,0.13699238233687047,-0.586355973392521,-0.5581408925987514,-0.34578822799813885,0.3486364148808373,-0.34807399160394065,1.6984375018278492,0.5178827052500335,-1.6414505172800826,1.1108207077520293,0.36440416517499036,0.4569506686582743,-0.45892730283060906,0.16954234208258637,-0.10072774084330455,0.11439352901185341,0.1952330347121691,-1.2992084582167212,0.2733728367627157,-0.18344155461397593,-1.2750309556232917,0.23930576223228023,0.691843254615387,0.5765447544764066,-0.6135821584095562,1.3222168116900388
0.5879601718821535,-0.9975765861777524,0.22439782563941732,2.0511501751645067,-2.513500957812403,-0.28109166518101825,-0.1003411808612089,-1.828934997026159,-2.065557299900166,-0.31717094904079546,-0.047330970744940234,-1.0242400246856793,2.323858449191474,0.03796983724087777,-0.5132773458083889,-1.8861609878667405,-0.5662369856861836,0.016899663193118548,0.8219734214206794,-1.1664210155854164,0.1921250734427999,0.44450184280027827,-1.0145518654736807,-0.07048697369989299,-1.486199977008319,-0.939747557534304,1.4987654713145127,0.10292207403632819,-0.06260124064379866,0.4911267351905243,0.46771738360461085,2.1821512161944834,-0.6460520726665361,-2.272233437814268,-0.49023066791828196,-2.0454048267323834,-0.011600337745917419,-1.8978737245036303,0.2035243022451729,-1.7320808867272985,-0.4905594145179388,-0.41829489306306017,-0.8032131737914024,-0.6345008566159905,-0.39853844061059546,1.5300530480159558,-1.6322720141774218,0.22890891913384115,-1.3224122983980673,0.21349148026534726
1.3780970123750984,-0.6418519935406048,-0.22046470126666662,2.2317311716420223,-2.8940216225280007,0.3354602260401578,-1.1438144672405886,-2.7649301814639218,-0.2922439772385429,-0.07014037217975476,2.392965733150404,0.8741438404544782,3.460989927481316,1.055426644074598,1.1943924242809152,-1.1017168644376076,-0.8544796582225463,-1.377883782743025,0.19643640878884072,-1.7657623857563582,0.6642178363972776,1.4951507609717485,-2.711187941653116,-0.38984830215557553,2.042214354590627,-0.104699231604493,2.2064115487173077,-0.6652180947101524,0.9951469019416854,0.012138837682252324,0.6411577646207705,2.2837648241429283,0.6344757002774308,-1.4266843157107367,0.09675274906491148,-0.7653927416481342,-0.710766721320687,-1.8530075679647622,0.8358567665543061,0.9792391834335505,-1.2104860629517118,0.06727025979398504,-3.0209463828569882,0.9005096836230091,0.9674847928659043,-0.03459933099603067,-1.499522189933687,-0.0341678237102323,-1.3746484149999887,1.6139625703270113
-0.6818165508497168,0.18097368024467864,0.5876154602973956,0.47444406420049245,-0.15334487360460083,0.6929302761411822,0.034368430213912074,-1.0210735994008633,-0.3803136268095641,2.067023997350169,-1.268919908021808,-1.45747311559189,-0.08150467653909065,0.5224978089330867,-0.20648785620935275,0.07549514227541256,0.10855947433360948,0.15839755810101727,0.5084727800204843,0.5305952970748293,-0.7507772149609336,-1.8039625128817125,-0.2673382627722577,-0.5349696292938265,-0.28124658241704675,0.10267749382157508,0.8436723490214134,-0.07791207107046112,0.34055345376414603,-2.349807861023393,-0.7281782976433335,1.0800232999716937,-0.40853879113781827,0.08348421013571011,-0.13267528691432373,0.15017951816172834,-0.36895750646075776,0.6024365728623843,1.5508594724576708,-0.2127153690245638,-0.46433022440777166,-0.1049967139444687,-1.0702677970820533,-0.549857928351309,-1.3339032855042392,0.37246468265510296,-0.962932320618313,0.6418720635865637,-0.30045909661495535,0.4764690656612857
0.6798622325588909,-0.5510487535503237,-0.400276798334166,-0.47826322026133833,-0.7322707190022966,-1.549481775990284,-1.2179936060045102,-0.07821575730744423,0.03822164937347333,-0.3600755565475659,-1.0401942135235185,0.052464363633903166,-0.35956477942435217,0.8716852923413444,-0.5692042918759428,0.45192178467182026,-1.5895134905658486,-0.6325284320952745,0.8071568672837132,-1.8784318072607988,-0.4166590092616158,-1.5445851282675442,-0.6899149445528117,-0.7574254259406662,-0.910489301714052,0.8980546877802812,0.9121551163032561,-0.9254463775720273,1.6015477892321723,0.3838381435729385,2.7047252104483963,-0.7354436352766486,0.11865893187049117,-0.43469593001851353,0.986963305959038,-0.34660231847916756,1.3938351869242132,-0.9149914918664461,-0.8663452392196187,-0.12031103876895148,0.6343232099866266,-1.772897829014329,-1.023054965755668,-0.13319908518845328,-1.3826665981032997,-0.4725983624159817,-0.725069762390503,-1.168392515937724,-1.039322812935089,-0.9867640803868182
-0.7298462841899381,-1.0074075035067431,-1.5210660807006335,-0.6607786587975945,0.05887705483211045,1.4701122960560444,0.3675948280090095,-0.2827464969725243,-0.6915343472411783,0.2536351581961548,-0.06346404203017941,-0.6169849110675097,0.3617077388475356,0.156714397122426,0.7310507170781001,0.16912618852723402,-0.05420733617242212,0.35674250395031004,-0.05252714131205615,1.2327196074866809,-0.303275300761932,-0.8508180207291282,1.4203795484425537,0.8111970811832491,-0.19376353102315216,-1.2722256040286262,-0.24322826122283608,0.22614027781970467,-0.9827924039586629,-0.8997146109639917,-0.6404794800016943,-0.54952330887129,0.22496266784047605,-0.8771398648432861,0.46961526732603986,-0.2635764249919009,0.6846461851889434,1.03756230570993,0.6151644878248972,0.42550873017860324,-0.9584640964724056,-0.24451503981088543,0.33317239150145794,-0.28036295063095873,0.418742898319233,1.1335416386084338,0.008743806069437855,-0.620600941039054,-0.6757411347074878,0.23714992458540354
0.3810061688409643,0.8305385955606504,-0.58043507997821,0.6106919790625744,0.14480137588118375,-1.6401448592222756,-1.1101690965456485,1.5718825754265162,1.9066599877246193,0.5160488260026206,0.43594823665536103,-1.0283255122358017,-1.5869255768614103,1.3270325828602447,1.223973473970797,-0.16194305206872678,0.28739422845310053,0.031283338740470124,0.5083447230068985,-0.6043293626400977,0.8896717578885827,1.1553437731590415,-0.45086455677445325,1.5554695022945555,-0.9262465898354988,1.751827385397328,-0.7200909185106816,-0.18083352396419916,-0.9928000667536065,0.22735514740094984,0.4142868196394748,1.049527481173057,0.9802306114060196,0.3632158669211624,0.664156460213849,0.08445200737552376,-0.8694462916882775,0.17280337798479936,-0.7072373554386021,-0.8399226478459397,-0.23582124832310106,-1.4119389680800853,1.2551376399537029,-1.0168128085544084,-0.7129912395132382,-1.3286458896183073,-0.19023190414793992,-0.4738621998411223,0.2653125914488111,0.4229372782189181
-0.9655349073810612,-0.677826295501849,0.7886311542284646,0.03949358721559646,-0.030201846488164853,1.2887747552224404,-0.09306653805857992,-0.8208152132209966,-1.2487863381228215,1.3997783400817432,-0.6022301092839826,0.8399477531740144,-0.09673091339735054,1.1112580040582023,0.4170877417271497,-0.30592492631558316,0.3764188871529511,0.5628880705472257,-0.6892292549792974,0.37137807885157226,0.33391947136689915,-1.7104583946435994,-1.157242592383541,-2.250248934707319,0.3978276434430916,-1.4221325874777502,0.25324976505959695,-1.4618374044139184,0.1772106475297824,-1.9047119936807588,1.6954978846026791,0.27492534062433543,-0.23573475691788207,-0.698547704544988,-1.5947034088523449,1.1516772513252143,0.5816781566245239,0.0757865444442549,3.1219007238355787,-0.5532014008201525,1.991985943028136,-0.6041921252104265,-0.05346323630092867,-0.5017604483594474,-0.8039919132075631,1.1370111397448723,-0.5350620426652772,0.16387551612347387,0.4892440476302592,1.730379933961247
-0.17112460799487647,0.8754153887882636,0.797880715252887,1.378536256090654,-0.9942955297723435,-0.46439865138744213,-1.1538436362207158,-0.8914684370412994,-0.2552552362506088,0.037399749128351575,0.94206616274924,0.5595862199265066,0.3853754735236047,0.4811032255859853,-0.35320846636555964,-1.5284175337992711,-0.05411886953519804,-0.5992598669454703,-0.7994421853701422,0.9782291912064984,-0.9477143636355568,0.8927532579211549,-0.5565887133144919,-0.9778523473435836,0.1003371879081446,0.11833938018329057,1.140671366214326,-0.38737169997200377,0.6837579647297811,-0.6828357651627796,-1.1152275326403855,0.15098801497415063,0.05687350686169265,-0.759630765297672,-0.6425382441686218,-0.7828184782467149,0.5421514818834532,-0.5039750989608455,2.1536033846299425,0.731927195969816,-0.06796322264904402,1.6073079029367996,0.016995729344743873,-0.7545886134154051,0.8729486729945555,-0.296508343676602,-1.4692117699119869,-0.6964236126460097,-0.3390678572237398,-0.10476900074816949
0.008198718432039401,-0.7444322699051069,0.35363007535685814,0.835603783421446,-0.8116823032373645,0.6266722405287147,1.6252127395796827,-0.3259714184432535,-0.7178404756251697,-0.21621314165640756,-1.554202279270735,-0.2557275824587723,-1.143359939712806,-1.306139309230235,-1.9133984949432818,-1.8287030200344632,0.13137264309382332,0.4534453215702976,-1.754494135290953,-1.545144833418467,0.012879108237502213,-1.5841573275316976,-0.6494285566166217,0.005771645854219676,0.10972951537514641,-0.8962811098593726,1.1677249388977442,0.8235462864447842,1.8469486024395734,1.1511586358939592,0.1837398117827564,1.6965077833147544,-2.2305373850306967,0.18135799851121323,-1.5351771156394607,0.35278156750263995,1.2377010036852707,-0.8047337830192237,-1.2767855620904023,0.7082236616259603,0.8197465836666148,0.4057511473653423,-0.7160123561256294,-0.5762560521608922,0.45810803343381634,1.0731030402333315,-0.2781379861324545,0.9176409826262847,0.9395861996952649,1.6640137027488198
1.0048590184156778,0.31566453736626565,0.39875532063153,1.4591351595969904,-0.6039894250575479,0.8331906789604296,-0.03100962891161581,0.21789269664381813,-0.4236156297555152,0.19613095551014476,0.21540043193367314,0.5746637857088259,-0.8872326527388434,-0.22092537796045006,-1.4053529200701529,-0.6938966403414523,0.15302990057399152,0.6125074081527611,0.10423754529517314,-0.5221703617917782,-0.33368489615490715,0.603625653272794,-0.9245993062179392,0.6046897731370141,-0.3500577510739768,-0.01852874992082104,-0.3109794776068672,-0.9412230268328104,0.490696679858896,-0.5478215980963859,-0.24666229171688633,0.2665652629228898,-0.12881992770235584,0.8549779649010523,0.0408286190580264,-0.461591025119217,-0.23717741854139554,-1.11195422441487,0.6253948215396772,-0.38796677261957774,0.2646021998159135,1.0906456599587373,-0.14934538532092645,-0.9810862012277634,0.3279243762564028,0.461666613710816,0.21664950326517163,0.9646886989539938,0.32524434909086597,0.11321939235936125
0.49339832326379746,0.5131554339763543,0.7381093366206714,0.22053183344089627,0.44575378984623437,0.20494353316852632,-0.4140047426117899,0.3332766819323683,-0.9229760969003538,-1.9197989582403465,0.9211374996756349,0.764441190575079,0.00849598306899523,-1.050540862520956,1.6424608417824214,0.06195592020194407,-0.2843995907762575,-0.1268715756073406,-0.6516701601178452,1.0607056626327807,1.2749516811990165,0.9364013660493314,-0.16131360080531348,-0.49368456694031204,1.0285003768176406,-0.367858243557198,-0.32342355627472724,-2.5200076793464974,-0.9263134661622657,0.9378419261040264,-0.5624218524035852,0.5707195370407969,0.5458704831093819,-0.6872106265710234,-1.4017048549126596,1.431253111143797,-0.5680587023646895,0.7486611082800858,-0.8980367600948285,-1.5596714976144508,2.135692025114034,1.3409584343135603,0.017704848988116684,-1.2236577959364332,0.7822800151451094,0.23237202090593898,0.46983138011650605,-1.0544114877879198,1.8417280265001006,0.9529153309576059
-0.8974900691002068,1.8070945812983314,0.5141857860205933,-1.2583047848923312,0.6920413563141166,-1.113773241816095,-0.07133752268297727,0.5139588166740129,0.9989747592324789,0.20438534453273693,0.9617524822355416,-0.365727298404781,0.5604872031176377,-0.38580399728856285,1.3614835017974685,1.2132674946794717,-0.6839910265627186,0.4661879656992454,-0.09221979575215258,0.5189344619056747,0.13438520140392482,0.7420511178871724,0.8354878997855788,1.1170718512316302,1.1917823128778005,1.2952837746144759,-1.5029463459358454,0.8550588348081809,-1.0586423252672381,0.18310192211106768,-0.6286543217452418,-0.6602352695173773,1.0984701080661081,0.47735134246470207,1.6768605431668906,0.040043519193567946,0.020695305048277598,0.7471581989540915,0.5593708896498293,-0.44044918880362766,-1.4410437595111572,0.9914337456964635,1.181163029644452,1.0339458754039537,0.22386544456760085,-1.3716297560543476,1.318453683531331,0.8624941086105666,-0.1099617803768364,-0.18886473590440114
-0.7785547223166275,0.5794667958232284,-0.07126885670258508,0.2735874240159554,-0.15106522142642984,0.2957928866886178,2.3456522493721366,1.0165804064206354,0.06706980351017723,2.492021752911245,-1.5064310234174696,-0.6181185098956588,0.6423134575691438,-1.9529020547769869,-0.581874688852648,-0.3732418818119795,1.0955896137014707,2.226089930164558,-0.8982231180556481,-0.04210371246318652,1.3554935467487466,-1.002988297811718,0.4698558256710157,0.04372705891564098,0.3097360652099116,-0.3204290963913436,-0.47963926151676156,1.8837086965903773,-0.3469234479659123,-1.8013383690288873,0.4046888710432244,0.1944422769835399,-1.2196514532025813,1.5963875144535133,-0.36627371641921697,1.1909499196837232,-0.8804152877828836,0.5305725005020412,1.274566713720759,-1.2728564580227926,1.3655974894364107,0.643724515538619,0.7261222190702618,-0.8952674738061647,-0.3398179699476957,0.8002254440541813,0.21120466577920063,1.3382728062503593,0.031751699181437464,0.36429035094043954
-0.06354068417944847,-0.4244292789283541,0.5846409898809347,-0.7259218390215325,0.37220963660741907,0.09217652205688401,0.36822751696712996,0.3795960812769139,1.0700786927247659,-0.8926771169750594,0.2261715837196787,1.3177716016790042,-0.2805133325466662,0.7581002025275526,1.192087985308029,0.9131207520164679,-0.7463874349278522,-0.05844886921920941,0.3245452354916399,1.3252408716263888,-2.2129312492390025,0.12172726555291105,1.072609050164441,-0.5050585046230103,-0.20567490562447588,0.27901295792534825,-0.6980885759355274,0.7476422720672771,-0.6190260926876354,-0.03324469340053548,0.0657714579770936,-0.8198584186222435,0.15975157976455862,-0.37462787467921055,0.16706949650269262,0.7254505124030942,0.34341126997914145,0.7792472957825507,1.0551142977644243,2.135635873093314,0.7945429539680451,-0.2609765574293506,0.01657593685311063,-0.9987121177584709,1.6834140650988028,0.10357598055530318,1.1657028256453643,-1.2039877401871242,1.04439569127424,-1.7561062926582014
-1.8323080263229627,-0.36089895891898355,1.7875786562021674,1.263892588502783,-0.34228731399429263,1.763751120928629,0.292686044078221,-0.9606176615674384,-1.1521920194366095,2.188298291542417,-2.0598661185022835,-2.7052177868061853,-1.3679625607936097,-0.14139628102795856,0.26965513017714937,-0.35543517822496734,1.317185596041959,0.6572898906872306,0.11500642265976349,-0.6678574275258555,0.4807315257449198,-2.8102465689339278,-1.450977961718775,-1.299777902701728,-0.7477991741242234,-0.3317862076801194,1.4185824771465416,0.08990128596298322,0.5018600597257908,-0.7677266005719604,0.2996806253695336,0.6374647745194084,-0.709208952939457,-1.7463001887332381,-1.0927192157900345,0.08221131519754744,-1.5165203460577725,0.046658629046845236,0.7360331007463256,-2.419370345631332,-0.19698644941739255,0.018332734434168666,-0.9568457045030688,0.16885864219366595,-1.9900051407408377,0.8398273593265642,-0.7715944669947968,0.8623081993758329,0.28474894370757,1.6024218743315308
1.5866414128071338,0.9005780429970838,0.41228590687055966,0.6102376751837744,-0.500464963985073,-1.9005768769197315,-0.9969774885019247,0.1951435334566545,0.8462333904377689,-1.6248902421297273,0.8288655518548201,1.5192899744523454,-0.33854961945939105,0.43001268312372254,0.3713439920112892,0.1878524099451195,-0.41701420312363346,-0.6244803268148842,0.06727182335784827,-1.6950588431619362,-0.49851097710331926,0.6690253635838974,-0.12445421056069578,-0.05779057127391664,0.4049994804891895,1.7638082229774015,-0.6315939645414204,-0.2966153873097527,-1.2618297166216659,1.0586043647149823,1.2129461755181634,0.7409218567819471,-0.19604841382980406,1.202850142444444,0.1889514709123261,0.1588855813803977,0.4223309935161907,-0.6056433076112558,-1.562252231570327,-0.8679061422055125,2.544563454135486,-0.4716108993676911,0.20358918508328486,-0.8976368310008019,0.4399699210502219,-1.561536113665127,-0.8791036393066868,-2.1281628123239367,0.3725896617798853,-0.0353656419021118
-0.1294018469534704,1.3071826945810707,0.8828520440700954,1.6562401809352283,-1.1986620222604027,-0.8853598730447386,-1.250976079614653,-0.5580303326418227,0.2623926643781654,0.5996389308432619,-0.036062838374946886,-0.8820751846308328,-1.8048032927214237,-1.0415879345376278,-0.4368616683145166,-1.4601088801678188,-0.21124283438152075,-1.2334650257998128,-0.11155849339291223,-0.22947643414882546,0.1521845616119465,-0.67757441965145,-1.52237666351342,-0.5278440527021903,0.2768906904816367,1.356532608611461,0.39300069314387376,0.5098865358744316,1.0306466133263974,-1.0575348816849681,-1.90337327544382,1.397471795238974,0.9008945647739036,-0.04504657200220178,1.2896363431762026,-0.731202931940559,0.28146311043515787,-1.0888372134529065,1.519286202993924,-0.32941588858722015,-0.7519834415510798,2.0549333045773106,-2.2167336381391243,-0.9175547672704721,-0.019736549773314252,-1.4506470457017777,0.5930838525787183,0.47894597749242057,0.2136821804629108,0.7688795410088721
1.6316057141913825,-0.9132703832642199,1.0972744351807622,-0.6887788488864012,0.2815699616310454,-0.20937433097436525,0.46646853404420835,1.6649689074486467,0.32985975602400414,-1.1360538336731438,-0.798341916325748,0.39260971123965965,0.28483443015216164,-0.621199143706764,-1.6545128321572795,-0.12318083813837986,0.5040907851543153,-0.9261103472597312,-1.1510150038124,-1.732337272592186,0.5027640465276073,-0.5014020485202719,-0.7346393185781562,-0.06080235496095117,0.998377649620394,0.17489945698253145,-0.9375293830214646,-1.134463975137567,-0.6423044277360193,1.0761038661628932,1.7888217466857261,-0.9925070268153456,-1.725810897185129,2.547799666914798,0.2836808420394798,0.5254656315768044,0.6703343954726436,-0.061737963741841394,-2.022887758229973,0.46842851706480393,2.0110670460789226,-1.0985309969755663,1.5426118426317172,-0.4530182083255215,-0.7237152268027653,0.2141796450451785,0.08688775878850395,-0.351367886531267,0.0822637192082319,-0.2590488315193717
1.369234038533017,-0.7345959378672655,-0.9125064105440361,-0.17198866685746125,-0.2058125716384469,0.2687113405259875,1.2175013978782043,0.6372432780910503,-0.7860918936627243,-1.5995174264048628,0.10471228606810162,-0.002857297969219332,-0.7944190396094534,-0.19242450408503423,-1.8336455059354024,0.3752885998211526,0.38973987158805595,0.04084194992632826,-0.3951212320208278,-0.49075749124648943,1.2809457721443112,0.05971743594609788,-0.3546748159752937,0.859170677714472,0.6569747330706339,-1.1776341328930944,-0.5560860071575792,-0.40676776393076497,0.36557249929661134,1.8465395089724528,-0.4643995150876935,0.23044188446241795,-1.8415006293826828,1.1185686636215806,-1.8978674589288331,0.26855662418592496,-0.8600666830356183,-0.19902644826082055,-1.0126015437308282,-0.8405551646683291,0.5395365334822486,0.6769373664753897,-0.44008424207254404,2.2658664934050847,-0.1477415948115901,1.0527008660454569,0.312328091123238,-1.3821288758707149,1.3556795789183256,-0.017782134552876885
2.082456738238682,0.8706390513017273,0.4601214042745861,1.8882914968683664,-2.1529892501311276,-2.099114044186004,-1.2452868299294193,0.37271783506003775,-0.13883786918334357,-1.3889909567375474,0.7018881294164203,-0.17393092066494087,1.3888384555136313,0.9203148654218628,-1.0936291670945022,-1.5129689992317654,-1.717565477409459,-1.070537178147569,0.22020323495685568,0.05366826931313734,0.43953282044051173,-0.5016818124215928,-1.1512824314815804,-3.1858931078273613,-1.005311940298357,1.1487751599693201,2.2052538770410104,-1.6934319302407883,0.8225332070531763,2.383650028488956,-0.4615734311244394,2.2747870329634035,0.3492128180317267,0.011256310677105934,-0.6923230953101805,-1.8385112170841713,0.426485207080639,-1.4489568942776005,-1.9206828303103198,-0.6333964386786373,-1.620082118547956,0.9191510464477951,-1.1349886353118723,-1.8519463644869354,1.8235506858731667,-0.47243634432565446,-3.7303141786952336,-1.0823399622273624,-1.7040447170405488,0.6999323758087184
2.1676971646331165,-0.5880167865070107,0.7885806986567805,2.8177451626001844,-2.607175156154501,-0.677972460171984,-2.169826012061132,-0.939040184542003,-0.6469929771011537,-2.1667011975343793,1.7266850556187254,-0.022350906692554618,1.7815330079588567,1.8762072406294048,-0.9161765506584099,-2.8280919519073042,-1.4828427291276727,-2.122359144911509,0.44230110831999053,-0.8621250371781044,0.3866542273076719,1.3061966743388245,-2.6844434476166668,-0.4589491729547472,-0.4852657669229561,-0.22261141768959483,2.634627408269113,-2.553524290327614,0.38223042698415227,2.0786463008982072,0.1533606891079013,2.0349171756145212,1.1138197903140152,-0.43275324373678103,-1.5508506732941458,-2.1725947688160203,-0.28098396357797956,-1.8428564325665875,-2.1719457355889094,0.28154791353117586,-1.7523791990247648,0.7757720738218332,-1.2839218404262345,-1.3153345491779949,1.9378043946054746,-0.33117270790471776,-4.228279312427339,-1.5383797212123294,-2.5529936680445475,0.9295728753876219
-1.2476472110900882,0.5928921856721244,0.04700584850150387,-0.9363553698641901,0.25005114173535037,-0.6734338093287243,-0.10774890133320178,0.9611506180494609,0.8530943642173648,1.4520576886014578,0.16440224649700877,0.03266344556367552,-0.543120720078459,0.3630020759639926,0.4208443830692482,1.0784387574284062,-1.6408695544677496,1.8311879095576706,2.3354244116699325,0.3712986386121856,-1.5092834143355371,-0.038251473713896735,0.7331000504688493,-0.6714939273821177,-1.1527606848234966,0.6352130552541467,-1.3620828978698432,0.03423858268467778,-1.5592606410604635,0.26213627470419815,1.8482133330685588,-1.7148295690922697,1.273907923322429,0.9050263314935523,0.4995789072984409,-0.1526030468741175,1.5025622779699201,1.0337912146256334,1.1867512448672335,0.9426016963036284,0.718150151537293,-0.030027011024566116,1.4127028638828356,1.8323453262424199,0.02226410630070057,-0.9116653586643634,0.47604528531235146,1.121758087434019,-0.9706173858378705,-1.7132549637408896
-0.9049038343771764,1.8178186646997267,-0.8382155809855377,-0.8524502875183761,1.3640433594189374,-1.1285223901430343,-1.3317698853483586,0.472931946664897,1.8467826173560276,0.8611627413590471,0.3417063710794803,0.6761701908069927,0.06230630149922615,1.6624115788841864,1.767892504565313,1.1960716814358203,0.9810101720870728,-1.6882071705402062,-0.31093226926693884,0.10968884142015138,-1.253167535920945,0.49728899543019245,0.5758374744246062,0.8954664584183908,1.765350191017952,1.7942659321967516,-0.8529544620960041,0.6815119611911006,-0.7360342608624467,-0.20881473686791796,-0.06584614914622783,-0.7200797957795246,1.023109997832064,0.30799142160203014,1.195811977499155,1.3169744769908085,-1.071387301328116,0.8608168841991622,0.54801753270662,2.5602575264375873,0.5795795475273174,-0.11838805389531766,0.06021318436312421,-0.41184889982983935,-0.7434479113669542,-1.26776505990717,1.0182904102355173,0.3806812610330712,0.8522646694352194,-1.4024711632667293
-1.0179798678699516,-1.4410133792018716,-1.615821715098758,-1.5802173307393168,1.151422077561843,0.68986484106091,1.6445416392840593,-0.17890199701722928,-1.3504753879963798,1.3352741049758305,-1.2576031789044912,-1.285923642840199,1.0457488103669372,-1.0815705714635844,0.6098019042335169,0.7499969694863726,1.0384469795227524,0.5160800394951647,-1.0750340563633467,-0.9147907589189279,-0.8170430402610485,-1.5806811320526468,0.7500848363577298,0.13071508661909695,2.0087919604023985,-1.39041280000417,-0.7939681806714689,0.8841465619337231,-0.09238676318783484,-0.20074105383845423,1.114106687777083,-1.7444912803760737,-0.33226331531375924,-0.3881042672105932,0.1124883119364652,0.9838508591295295,-0.5531816679788564,0.32186411820067184,1.2733900850943545,-0.1538674250866901,-0.036791334758616547,-0.36382819075886486,-0.5755943779536802,1.311705312582235,-1.3614550016179954,1.7976974341692653,1.8495336239824947,0.9298384787991538,0.39721942290273593,-1.0785379158044774
-0.7789707970792914,-0.16389414947555192,1.1843027639964787,-0.2848512110937314,0.9042497495835822,0.309703142575801,-0.0573490654642949,0.20571132488441068,-0.1071737861570315,-0.6953316588494335,-0.9868648116526072,-1.626982420524984,0.707442208154222,0.7017562286989028,0.7111266024355337,0.44025389783495167,0.5110698140964108,-0.8612674243883659,-0.1284397841567611,0.27461254688904313,0.5118076393032819,-0.8529070176669273,1.3170405880970426,-0.5040793161132378,1.1670074455762596,0.03915727577418863,-0.38173147148918557,1.4844338145028184,-0.682433698591866,-0.3014379159139037,0.18802958885486412,0.18943676560925413,-0.7026835247583866,0.9036845931416719,0.057837191459047,0.49022294922132,-0.45408620371800157,1.0735319094948723,0.4912326378193006,-1.49209597711967,-1.015277972983537,-0.34682403515973353,1.1378052702776227,-0.5498605729494945,-1.2609116768806654,-0.41278875234627954,-0.0003027813209521185,0.45443892266754754,-0.2809223364643222,0.09217537821286094
0.8377222148449138,-0.3802333247151139,-0.3877790299274659,0.24402981958425213,-0.6290508155406757,0.9474916948989253,0.451780305218437,-0.053668438505060735,-1.3359262201952171,0.5640168751714679,0.42398761648541583,-1.4164234722567839,1.8937138166382312,-1.8034025848827984,0.387151988981131,-1.234162772190177,-1.5976470456849712,-0.7684972585597218,-0.08286608293481401,1.1652641743054575,-1.201502932494121,-0.19097183581661636,-0.8247872399069606,-0.483044833414198,1.0793142821195685,-0.8704111328839457,0.03667687491485238,-0.9734506515810273,-0.26989778424472766,0.053184178770946104,-2.248355893257024,1.8836327261530077,1.7837226881070654,0.09155433521881896,-0.700257772186792,-1.5888747907660687,-0.5110104625422406,0.2101948267497158,-0.49104970178392277,-0.262603010426533,-3.0509670517977594,2.251683815959992,-1.3884289936651524,-0.5319927623461332,1.3348746740948092,1.5125174601527818,-0.810860583327859,-0.45355990532310564,-1.877667670329786,1.5650689492112444
-1.167677840789011,0.024518712145731984,1.071496489437349,-0.9232457823211836,1.4243785452981301,0.7956540870677151,1.7137397176906268,1.0624583695867595,-0.11516720983324015,1.3376680242187295,-1.9420029780591577,-0.5770397613430788,-0.5539896254213741,-1.300972429722519,-0.36943169996600045,1.9360481990033978,-0.006430491906734077,1.9058011096585867,1.2969844429918185,-0.10581643296275366,1.031608890350148,-1.6314797142304343,1.216116914790887,0.3141825152600231,-0.3729689053077962,-0.7421375261940055,-1.2688774885324556,0.9663093466517735,-0.7539173480312125,-0.1243856734118746,0.4712297803470706,-1.3022778809083104,-0.7606422337863684,1.2334146298462392,-0.31323311383272273,0.9060730486980664,-0.5702524866212351,1.2298666255184578,0.10254042390975245,-0.01905091148638268,0.81827445896312,0.5429101159696175,0.6229499268213193,-1.7903757444274806,-1.480953601623061,0.7561708610824378,0.7923761082993014,0.7086562316855393,0.2973317947574793,-0.6622747036347172
-0.9379604482194867,-0.5304097983000147,-0.18964111504662265,-1.2512490557663285,1.1557798929962657,0.5211553376130195,0.3526821557149242,-0.7133373338871593,-0.8200642991736015,-0.40950774276280216,0.4210804421483778,-0.5140960840446406,2.3524106044656667,-0.7387279962976392,-0.8967690213467839,1.6213683037934505,-0.4701393256456242,-0.41798755946138216,-0.013506075776354152,-0.4098697794666032,1.8899835132272913,0.6453925654840592,1.357776949529671,-0.7367443114721544,0.5582933036083408,-1.6175681930397927,0.2692083845144419,1.2376498080306753,1.3890512942848068,1.0901870279202217,1.3318576566210791,-0.9255519300731583,-0.5742011273754373,1.0708075857487274,-0.9312056715046287,1.4686036014580646,-0.5700395619040933,0.8747171387150938,-1.0337723731650907,-0.8372111150110814,-0.3525325163247736,0.1638861358863143,-0.6834540396570948,0.11094421148574928,0.7241504994017463,0.9307595094132315,-0.056113541890001284,-0.761019563868125,-1.8428622923786435,0.3603772147807831
-1.1192962957974602,-0.809411815282384,-0.7752123475358275,-0.6831832013751343,0.5098341395817956,1.434074830726184,1.408603405209604,-0.7957966776518433,-1.7671846825098667,0.41732279724051874,0.15288003310165932,0.47733698678844216,0.4056021425936003,-1.1366914459863924,0.18328353215500454,0.22253242238111406,-0.8554688712596827,0.7364345414611555,-0.05191606505536287,0.9354308005794552,-0.2544756660140857,-0.3992585386690433,1.201513809497152,-0.25832232005081585,1.020579794091134,-1.8036895580377232,0.27355483710288153,1.2470884684993493,-0.7998457230677463,-0.645685639614422,-1.0441517875133972,0.17490792961859125,-0.8951060130654774,-1.4112007853614732,-2.0948404035382304,-0.026112485339244505,0.12191261102084228,0.2520555429219775,0.9445605635109294,1.3532552557896735,-0.6361714977515878,0.46768512322556544,0.4972897164738851,-0.8760322652089755,1.3675857144986987,1.9267510383950501,0.1922749565481885,0.04217062241095407,-0.37783677718842346,0.7432191487015734
-0.024429237480982764,-0.39602950525954533,-0.09140538588018712,0.36013395673679893,-0.16937035781875837,0.7202618176430017,2.0398127587657333,-0.4358028900840121,-1.3708970905762483,0.38533663741586455,-0.744624438091032,-1.172971888613092,1.5243986760267427,-1.1838928298431637,0.5005109812141109,-0.8734668116211112,0.7229151501643574,1.1616032735987885,-0.6606648969150265,-1.4567221539730375,1.038708502056482,-0.97664132733268,-0.6734361671305439,-0.002910810778790748,1.18805851121129,-0.8248957483670879,0.923184837222477,0.3994313075941596,0.2514551931450474,0.5629318990598884,-0.8439210942686719,-0.267383348028996,-0.963780716106953,-1.9371116369758934,-1.1665243748593213,0.000760779835564166,-0.9681361084886061,-0.8563801815744858,-1.4155866449860437,-0.8648819916664483,0.23612327432214114,1.1096894492645064,-0.6274658353484128,0.3048647619986949,0.34616916470239434,1.6961728391357218,0.025575235394729626,0.18704417712519078,0.2539923019466254,-0.027558656045083393
0.049135716520736776,-0.9472588103436723,2.610158745127723,0.1600018465398801,1.3758270779467678,-0.5246008431586103,-0.3644576992412697,0.708863980908432,0.28990091877277524,0.13927312096878086,0.15690594013024894,0.3206490167312688,-1.3043662982494564,-0.36203973020643376,-0.7398838934706782,-0.2192092511232876,1.5232634445978976,-0.35596037880828146,-1.5390461935533248,-0.34125562984425695,1.9293643564754028,0.32000809391847346,-0.37977872080897607,1.9955462749882518,1.2584085647454082,0.030476670999298353,-0.8446769025972986,-0.4309305512846265,0.8687286804227452,1.1613457037554806,0.5001451700310122,-0.011381390806396077,-0.29858036896070445,1.3600938316776567,-0.49024110195208404,1.4481596916070767,-1.0328368546786877,0.46400856350260944,-0.5583151024885276,-0.8461935462767891,0.5489758062063333,-0.39718190988217383,-0.34702899805291754,-1.1675600190305182,0.919449833022019,0.3486580879751372,0.6475303951503185,-1.2646948103950229,1.0678481842113516,1.1010269701553126
-0.034602094161265654,0.48356263339507516,-0.4387773712005169,-0.8763887553198777,1.4708512983694206,0.2628402190126565,0.41930939079750235,1.111374477962526,0.4404624845272026,0.4321923965316475,-1.354344539050183,-0.3312953048567893,-2.7236073887111836,-0.9135048190493551,-0.09789527896951128,0.5346879902285876,2.6210647692671776,-0.4739259275183301,-1.6864627461523645,-0.8076671483242531,0.012752170724135462,-2.446542085255258,1.3028713568152555,-1.0410077662749606,1.5481017570433209,0.27973711814070396,-0.8947247538589341,0.8307331150802608,0.24774556871975129,-0.7461241597354271,-0.2714185748725131,-0.5236710570148555,-0.16417342024721182,-0.5443972610327807,-0.7873732545744309,1.0705636374919523,-1.161797944738999,-0.1992386434879845,0.5576221345505339,-0.4256763521286223,0.7138255292446251,0.5350880653695644,0.7322474754535329,1.387432438792824,-1.5926617424927738,-0.46675190322384635,2.184762988696782,1.5352689806944324,2.7763732722479357,0.12154601613004229
-0.13455448682055918,-0.49828672336269353,0.6978065070265124,-0.02351944494055305,0.646836005174584,1.1277145106334296,0.9411104342437502,1.4760683856395596,0.04587567563741923,1.1988940195464477,-0.31956533285493327,0.30209661171836466,0.6092778439319112,-0.7582519416565885,-0.873874984422036,2.040489087742835,-0.3422373161812033,2.1486041812012275,2.661436089562205,0.23937662889407707,0.4025415839302159,-0.47885735738793883,0.33830268414342324,-1.218029951908196,-1.2003653515413846,-0.6729395119374126,-1.1932065709791666,0.7714077895839908,-0.9458868282510203,-1.2239575263995908,0.4257157945066657,0.17101938455740906,-1.585944300450075,0.9515773166185122,-0.4173427415989374,1.2001092026311013,-2.3509430145415218,0.8147082127777053,0.4812953549649891,-0.9893958259222176,1.0947506088888226,-0.748886243257106,0.7334726932672702,0.6435911358872628,-0.919092761020403,0.7968495270507308,0.2878035248302228,0.3823434442550719,-0.6005635199597785,0.3045904449990634
-0.0005981952603803453,-0.20933829519098635,0.21303462139101098,0.3931816008632868,-0.25993044391923803,-0.5604699318986388,-0.8434647473823147,-0.1334826027159013,0.2669993780172986,0.227269653172765,0.006616430942111898,0.45776193590376035,-0.06495291498506636,0.8439409778024426,-0.5649584609585867,-0.3345545160793475,0.5586672723416712,-0.10873559618016683,-0.5678939268842353,-0.2869006556892609,0.7209458296732731,-0.8458089091473401,-0.7631997338200004,-1.1449412858094896,0.15291167216242965,0.5849899961164625,0.17791081590226449,-0.721997049506113,1.6512010952442038,-0.30919486947413743,-0.3062671739245434,-0.5774854081931444,-0.27100656601612877,0.22061181307106373,0.689325497742986,0.060526380250635496,0.2849360493916997,-0.48788946488318313,0.3355363571651514,-0.9778009916130491,0.03886991510081901,-0.45116586628753924,-1.038576008338522,-0.8548402785987887,-1.0946723963122402,-1.0103358808959064,0.6771177782292149,0.817467759247103,0.6559223659923101,-0.9393618688471336
-0.6048234688961592,-0.5747713896967549,-0.0711681537453824,-0.6008532712734581,0.5443781019751803,0.5781165494349624,0.9837343392220463,-0.35093047715787967,0.8645779536036182,0.581253565359686,-0.7276456467968758,-0.31275293071247495,-0.4000758126778216,-0.38835000105549544,0.38951380334571795,-0.09303016204884947,-0.4360361672682645,0.26925653126026966,-0.11769868861139521,-0.9852912327088272,-0.780961135313059,-1.4234734804190554,0.45228985904005,-1.513307747824373,-0.16860361258523993,-0.1260367688839926,0.49989510138820925,0.7080972534295548,0.5508456240482271,-0.5556021567787638,0.595145892596398,-1.3882258685059685,-0.15316675625456078,-0.344408947439553,0.27777350927228,-0.6376320916526331,0.903256268558243,-0.4230501084236913,-0.12089948427068718,-0.06893962362582663,-0.5579752804938635,-0.8503993019362336,-0.7187540239477219,-0.7317627582385234,0.0689359522751626,-0.11601491029447421,-0.12632792225721856,-0.02436606971789095,-0.8179926090062215,-1.5551963224448562
0.10316305070005949,-0.3917087178851391,0.6883058078197248,-0.25391251546906646,-0.33063598574198716,-0.21492551938576857,0.725007702497196,-0.2776157606496797,0.0719378834274118,-0.7854658479733321,-0.6168819746927247,-0.532533472547764,-0.15206415628407005,-0.2081686314866043,-0.07333425599016781,-0.9136410653562421,-0.5507127424883504,-0.23338872526285223,-1.0814210434746445,-0.452247814054811,0.6486162302678773,-0.9490430437500221,0.6184442156639692,0.42645496173026803,0.19946157771827233,0.07482206606897746,0.9410280497704256,1.0549525217818658,1.120450591329256,1.2389316809194582,0.00894847553939908,-0.14924975904398363,-0.06437259798466075,-0.3610637612868562,-0.06785751267737805,-0.7242931766100951,0.8686097151150369,-0.529377103273488,-0.6678234768318563,-0.2652316660670573,-0.28457860591317247,0.09265468266627543,-0.3629270623292085,-1.6879137055643716,0.5137914510123945,0.17364932197230867,0.00146097854662207,-0.24495764439600198,-0.4383977640799547,-1.2792340750354854
-0.43227864046891346,0.27065861531722807,0.45667093236960477,-0.4212361709978758,0.34304393241153597,-2.1607905755448593,0.3585087107685241,0.8674362723912017,1.3511045800926833,0.5293611152369266,0.0010691474991328135,-0.679334051859485,-0.1105849265550448,0.013270570300318163,0.08129345714341642,0.5814649751422436,-0.40597909321097075,0.9158887539651056,0.5656894629552086,0.33799414000842726,1.360672416129449,-0.2821129366024251,1.2564818194772263,-1.1132159284308314,-1.2893845318268435,1.070644554240323,-0.5268766875240086,1.48734505864915,-0.14929632790247083,1.2603347177732507,0.38867790934521385,0.3115541728684454,0.24816792818969746,0.8564604281635589,0.6284235526759158,-0.29246185336951086,0.5477760498896797,0.4270920349915251,-1.104178381085723,-1.2141830299714227,-0.19517866979868811,0.52803802203977,0.4669793342066494,0.8058254327870976,0.17622612395205065,-1.157012010259405,-0.056536220446677006,-0.03540916078052547,-0.12854173611025702,-0.35460358278441567
-2.1528669623913044,1.194505719574679,-0.7149689559664271,-1.6331995992144757,2.1376506613333537,-0.9324005770044439,-2.879346773828993,-1.1624534153645976,0.563418406369426,1.0118625334310032,1.8250523883787209,0.6287997919324354,0.7489461436693692,1.0492210339500934,0.9121082911097683,0.833133338040376,2.226044820536978,-1.4079171602545553,-2.5649329743821654,2.312584579351942,-1.1816587848396745,1.169486217130309,0.6089374326198234,0.3775299194901237,0.7429921863832688,1.0735250307337207,0.8922326163606626,-1.320164681561262,1.2067432966117981,-0.42926390751000343,-1.1175166264229661,-2.2757788605123923,3.2401712008141486,-0.6508783071097705,1.8952561476057457,1.9899987766594038,-0.27903218545419506,2.47987521444096,0.1483459263948863,0.6460369796635088,-1.7893314696888682,1.1599822353961458,-0.5810973406499486,0.40924257672543046,-0.1751153613818997,-1.3719688496438809,0.02191383059108813,0.06443749308168015,-1.7851643402987893,-0.4974065219445519
-0.18460757784596488,-1.2482277374989204,-1.0202541210797653,-1.6602364611418596,0.06949432143305329,0.6113880530608216,2.0755402318194567,0.13962576203213942,-0.9065877729593969,0.5120186123773458,-1.562666457202312,-2.008901913193931,-0.1979794421278993,-0.43791993492788145,-1.322474691999932,0.35596724266226804,-1.4109622254251262,1.6009923643004582,0.8847665442783326,0.6711821573703318,0.1174728072117424,-2.067102597825805,0.6841492268154632,-0.5664875824290462,-0.4607815824731606,-1.3391945082245682,-0.5448197605684496,1.0342170124712606,0.006953696420318724,0.00538867602020723,-0.7686918357141421,-0.9405766779142002,-1.5500583210847083,0.6833132098956927,0.11115607482194595,-1.1638556683127954,2.5171475687594334,0.5954052651459374,-0.2602822385223246,-0.7412308866725051,-1.1601680384455777,0.5768120418078722,-0.3421197980875748,-0.7665997860552779,-0.2832982981320581,1.766572590522568,0.6147029794962502,0.44791212857334783,-0.13347195917487087,-0.3762306581957341
0.4830936089727822,1.712033230620581,0.607839815644482,-0.01655666576425187,0.06928478964586458,-1.1495847225697795,-1.3235155428690943,0.5897167965326093,1.7132287844082885,-0.6970792083809672,1.4342901465858318,0.7413526882182311,-0.025013641599628246,0.8615726613521723,0.9122448035175192,-0.2695447797480003,-0.7235121885124477,-0.8482008947231324,0.46038276575027764,1.2707675040236954,-0.4334786841188938,1.9422771931101088,-0.4639416328888616,-0.022655085132417402,-0.18016690407661168,1.4083825513678911,-0.10443360214054481,-0.3493133792760286,-0.43569405096397207,-0.638589860326606,-2.038561880133938,-0.8502877734537696,1.1141243096743612,0.6695973137421576,0.819674117559808,-0.9732750009903497,0.19775332015575267,-0.45691281938737976,-0.23439799792672186,0.6148817158633638,-0.49653034852040256,0.9802667788079682,0.36821471671567274,1.8735964378018346,1.333082757548915,-2.2671117236390668,-0.26469742036881094,0.08126557421548343,-0.5906096724922623,-1.431764859478552
-0.8310791383961397,0.4408528802296927,0.9709103260566396,-0.05394123568944157,0.37343825603919356,0.3310173071981494,-0.7042751192534693,-1.2434833407437784,0.030306765905313213,0.1321092994063851,0.8004050829785644,0.025360092444076946,0.7628873959528092,-0.343654130764885,0.1701352430162163,0.7368362117206225,-0.4624906838822431,0.43874559666683227,0.21695742997723186,0.18956009527541912,-0.29216670671268186,1.1151388846139505,0.01258799504163903,0.8424106002853159,-0.3108032232549933,0.0041520125666787136,0.491302487829965,0.5204135732765001,1.1242257305118364,0.16855147771147483,0.19755371537680808,-0.394355822516187,1.2081158706478201,0.4399712038660439,0.22193495395275556,0.8663732594453587,-0.2752254645013882,0.9958778875537649,-0.5577931272466501,0.39896313053508703,-0.8308021412330474,2.1605217704221977,-0.8443550180013851,0.8582351777519607,0.3766309904263772,-0.4617880522875375,0.585091203064633,0.791777819154331,-0.9776289980370545,0.44871632312381665
-0.2194506709093272,0.6397672270018555,-2.2151705367667116,0.591711644760957,-1.0612378464976702,-0.42934518150580203,-0.8998713261516271,-0.6194730513257396,-0.6417603423011563,0.9488214327368643,0.30873115277025814,-0.1810225037255509,-0.8707263072837769,-0.03257447071711771,0.13129462092759425,-1.012296711925086,-1.6207978764727182,0.4609479535924792,1.8934687526530993,0.6293940109162491,1.5481710534165176,0.03302051782941452,-0.44971155875416685,-0.2747090350922431,-1.216952050933892,1.1329745506501072,0.5630630082241587,-0.4857738350648178,0.03178249286915526,-1.8328387193925864,-1.4149282895506556,1.1577289598043052,2.354734952683785,-0.924222598960709,1.5855270932658387,-1.732568199722119,-0.4206173586113971,-0.5029351012103953,1.1243977772636786,0.12389309622761992,-1.0103188514120984,2.729047226045085,-0.7109487213448238,-1.3468603424304633,0.7968343647368866,0.027156715288200538,-0.344626879602237,0.46707039140700507,-0.4766205636506879,0.04465929557329905
-2.9608738491406594,-1.5507019657505698,0.9384233749603254,-1.147452164872705,1.3239990203225764,1.230647932669791,0.9062893218452254,-1.638420712824701,-0.45417778390383906,0.40783755346889583,-1.5427429699331527,-1.103922280320184,0.4027483715014516,-0.37145474853822796,0.7003310849133674,2.187284956558974,0.8741209774781337,-0.6971437318618501,0.9437167009401534,0.28180914784146976,0.9239221988278817,-1.8154174687039537,0.8874474916748745,-0.6175642356728427,-0.5444050109455214,-1.2856032814644414,0.614312205697193,1.0295727969337904,-0.48036399571820776,-0.06394329310248183,0.8929813647437442,-1.4878286481609382,0.6078782168715366,-1.9526930831731497,0.18136540054132644,1.5854624134344881,0.7942560470015413,1.5843665622214516,0.3462746957479811,-1.6849380802957936,0.5001069132461159,-0.1116678378635655,-0.4767364381063659,0.42957988245582474,-1.4405722733345747,1.079267772342646,0.49793532005614555,0.42470870386779497,-0.4066495922643174,0.050784947554028584
-0.9066973623549731,2.964968381490006,-0.5712728638239788,-1.0786257068224991,0.8845870657676925,-1.2754858765306791,-2.0565215488155486,1.7035274111478134,1.5197211471620735,1.1095769082772624,3.3427509083830267,2.1149147941754602,0.29738649947331675,0.6070777991971498,0.8444399468227476,-0.26504521852581664,-1.1135016061997567,-0.9870292595054521,-1.2715832685985724,1.9425514516819382,0.7427382029037398,2.9903212588220267,0.8174542526976569,0.2203469078675978,0.23424927163645679,2.571114063104614,0.008869437738809001,0.24093372657347337,-0.3313320846874316,-0.8927974690769385,-2.1353588492530937,0.0314526593618476,2.534059721267449,-0.07379828627316834,2.9497082897889855,-0.14380148601889095,0.17010939762546864,0.9736950237808247,-0.16983026445260688,1.429410936192018,-0.8199263064284896,2.267355556706587,1.6994768081356064,-0.25714035068906266,2.833088181109747,-2.0443134026308405,0.7562269891421998,0.4229281904555136,-0.6567405978489519,-1.2519233343664866
-0.053541895764093406,-0.3636682591055783,0.022056626516605136,0.72191199735219,-1.1939191397854685,1.4407406976172357,0.5827235507874299,0.4537731615265175,0.18523537125704087,1.4669470551768327,-0.6558058503726505,0.337610824859718,0.9387068065775201,-0.7313248690075638,0.8560054942549237,0.7352063937942138,-2.8318557058606135,1.755915086522461,2.399872861689863,-0.2530532640427413,-0.6793492063866045,-1.4549582044754914,-1.7239579012148523,-0.24605988612889257,-1.2404384725817401,-0.4666916859602005,-0.26221546849101124,-0.6902715022133447,-0.8768706353660524,-0.3156596953899736,0.21835705014306314,0.18889568535202675,-0.5757719443948701,-0.4805255866385928,-1.0836740606330373,-0.40834522917671406,-0.16997107252820687,-0.2148540486114392,0.01286759610191941,0.43562516159439035,0.6294486844419656,-0.5651093370933242,-0.5067006236955431,-1.3031247462880409,0.18257978918579088,0.4113588720725868,-0.804860234535371,1.0804513150176078,-0.35765539519535805,0.5817796964078007
0.8500862012179918,-0.01764989630300846,-1.119500159643632,1.3433367879094085,-1.343086863917868,0.44898550970244167,-0.7382957704768058,0.23054897813596087,-0.5564218699813952,-0.2092474923556598,0.5554870857905881,0.607182468770926,-1.7026736455595124,0.9366045243681382,-0.4264628596123254,-0.6520715312726725,-1.577569722685552,0.32369798680971007,1.0042145626048868,-0.05144661478294697,0.8076159600069686,1.3957491155834711,-1.7959575170393953,1.535999474072694,-1.3515952383231638,0.2786206495865911,0.513140514611943,-0.483729385995628,0.0005362539317696732,-0.3889880446417745,-0.10807447624273471,1.2050688429383503,1.1710030007930055,0.2351146269026562,-0.45654755942985836,-0.9269555123027754,0.4170142197120848,-1.151838995897581,0.14508746519202576,-0.6177490007253292,1.1734987126822272,-0.2534418167971437,-0.07622040751925915,-0.23290567659482872,0.27271973152745427,0.3633836849719596,-0.9271399522900708,-0.04440398005182865,0.11947530512691262,0.5257618523959724
0.0287504210385861,0.09568009771240335,0.4723829965531037,-0.3035349866868581,0.23211143876804785,-0.6808098286991923,-0.3841862316700126,0.16507781248240672,0.11232820856777026,0.2674446060782236,-0.11818664388149701,-0.5093213744645301,0.6502796446415399,-1.2599399714564563,0.771329591376776,-0.26829360861954443,0.6037284882783216,-0.8597010990952042,-0.4316758084321157,-1.1478975364049822,-0.8365745627212677,0.3653754823542791,-0.8997873186817262,0.8561722118190359,1.8728388581960598,0.3995632210399026,0.3935291392282253,0.2110040244727847,0.7124861741570911,1.6784370914038582,0.13725641879348252,0.20376273560495992,0.06728589655203314,0.9165087742178882,0.19087394652265202,0.609975298799024,0.4785867492791848,0.15527717848488704,0.5138058174408673,0.3397353678004388,-0.7067391247270445,0.5889461718994253,-0.36687672497510937,0.598291675376439,-1.0338078651499223,-0.3926853513941729,0.02114729722106997,-0.4614587824328111,0.41696776557089965,0.603240792342056
0.5211136745494246,0.3491487080511031,1.3951857332615758,1.0960694476594295,0.5183747394031316,-0.10871556629726364,-0.5411675210829299,0.287628011149378,-0.012570762791891598,-1.3778677537843609,0.730722670482894,0.6371086144331096,-1.7829375888683416,-0.37188553515302747,-0.1941174314158991,-0.2062464158856384,1.9088855230392558,-0.615989312464472,-1.2268306545287115,-0.954884829022001,1.5050191381409432,0.7229450050768467,0.0711186146020237,0.11371337794356232,0.5745145052147174,0.1184906810517601,0.09057641689007073,-0.41194145744924654,0.7716292589886737,1.0095191084539141,0.9559227797069747,0.8981611103455526,-0.43726167450427916,0.48086230340565167,-0.7631610381941799,2.0659440840209244,-1.2218164695449067,0.07359936091891736,-1.2600795219268468,-0.559375496257204,1.5542479274468193,-0.3098564977468907,0.7433229840387859,-1.028388231312598,-0.22060351331750255,0.25940234983478017,-0.024517085255895472,-0.1611908964517161,1.2118866801263921,1.121500513266902
0.5229193222063532,-0.26151242991703416,-0.7525450332417766,0.5844127113429102,-0.9197191778327096,0.4462518542372691,-0.4084860775878186,-0.1348841311649504,-0.5339803145972907,1.3092912047895093,-0.7238711616148441,1.5593334608138623,-0.701421019393181,0.0874791150131137,-1.7560264093748148,-0.8256000025514152,0.1733419169340389,0.20967762117692101,-1.1379646031038435,0.012495112332747554,-0.5441988296945368,0.7026842895843018,-1.1039120349555251,0.761426529222758,-0.2813567258062221,-0.29384065017643385,1.2552389618143018,-0.9511784796069036,1.346403026906147,-0.43860119790015245,0.3550491432379675,0.036959088556533064,-0.7818933145093221,-0.4652448901959601,-0.12555541499302528,0.2796290272931364,0.35655407382543136,-0.8268010298913251,0.48863123826412574,1.5284708700202148,1.7532774858035642,0.3463178799191709,-0.4982696313169701,-0.49435631791220835,-0.19397899181199343,0.016032717048278557,0.48031813639400006,0.19574574768088,1.215074510526249,-0.4205191394415607
0.6499184904141354,-0.884780531467027,0.9963295768448865,-0.9474623650897857,0.7565120890460709,1.9323500020204976,1.6618305909957696,1.7451032144307144,-0.3129357091758139,-0.39827442196379204,0.3538911266380206,-0.20972105411216563,-0.6708084328220345,-0.4739335217574674,-0.7954310497580666,0.6134714529188416,0.5706722536381446,1.311318140131411,-1.1372864228118653,0.7338607017114801,0.44074927439050177,0.41882250759667794,-0.12999224882374483,0.25826874185918713,1.2856801878750377,-1.2309742833865527,-0.5337451102872516,-0.9677498573207899,0.6440722220779186,-0.6915958207499312,-0.6341878433128854,-0.6870483089582647,-1.1580680576761353,0.5682972736997602,-0.35914704068189424,0.638345153381581,0.7268726125134761,0.45560251866949836,0.6003153141614839,-0.506120018049261,0.06796475608063325,1.2281755773631136,-0.17545992384452408,2.2307448643754926,0.8977332500767435,1.0942774802060462,1.2880050868867983,-0.5422641642018986,1.339572429570079,1.1051962643323268
-1.5108122107874264,0.5720607423861677,1.2774959399673858,0.6992778559919501,0.6771579106738386,1.6000736514259997,2.008821425679053,0.1369750314888426,-0.2386054189219197,1.1239479432076438,-1.030156285655958,-0.8100513683459509,-1.0238829020227693,-1.3926292072662694,0.4789809501328269,-0.5690515212273928,0.7301581758362237,1.516465438203032,0.43370260356249296,1.1109590442238144,-0.3747500989075793,-0.6189829964560635,1.3590727890585106,0.7293675683247747,-0.511602629635163,-0.6859952895954989,-1.3297752989186227,1.539460169265042,-1.9645368067913704,-1.7020199451103657,-0.37686481314038806,0.5205163524937978,-1.2147052393725248,0.00960386465959887,-0.6430277214845111,-0.31982946662211226,-0.7855271486514641,1.1577832402694117,0.4194212015339876,1.1845672853883258,-1.5637859388904916,0.47916020254556263,1.3291040883650505,-0.913332161543762,0.6850142632713159,0.8769422855745601,0.14036623441776128,0.6895753913721326,0.21682401605921733,0.12231562527391912
0.2031618304667947,-1.1057730877020435,0.19322821313970906,0.6365152143413687,-0.0023055718990510027,0.9125568626647238,0.030677283603977784,-1.062936588077449,-1.605546819420153,-0.06288283452710813,-0.5207727718949919,0.5575107627281323,0.5478157323870964,-1.3629877309839267,-0.4986649993416527,-0.3474302941253129,1.0425304475247017,0.15233146940583725,-0.27361796030698093,-0.48971597114892484,-0.9584572879358242,-0.3106014571216877,-1.2391637410581375,-0.518322809647103,0.2514013440712913,-1.81181484667286,-0.028648244428114623,-0.9206740723849104,0.6524893334671491,0.6959166681251484,0.21697729081233977,0.9713749223418208,-0.38139215357502,-0.05368601779472483,-0.7259981441139431,0.4053379815994429,-0.5657454590980021,0.2712307559140104,0.24321277676335654,0.3753023450593401,-0.19006946040230713,0.35778557991273335,-0.466747223032825,-0.17800037444749972,-0.7476784275377957,2.206224566048948,-0.291306308643626,1.1249236559899778,-0.5112387226516767,2.3884093040729257
-0.5247303996441594,-2.9695680354302416,1.5741248367242664,2.074757675084199,-0.9285838276751152,3.3161143079915782,2.5728684594676823,-1.7040381952993005,-3.3276883265040342,1.5081503284408013,-0.7184330353445316,0.3326659807154,-1.1911843119975305,-1.0316592951325343,-2.0922815036433136,-1.024253976888593,0.31843299484401716,2.3242205083070906,0.05028978938818763,0.17578285373381372,0.4095107488736329,0.01290680495170417,-1.1447787651208936,0.32280021625141486,-0.11232615510027232,-3.8592577210410393,2.1807549537260122,-0.11772121327499874,1.4604946694117125,-0.01742335660407979,-1.8958871287999748,1.185449971387431,-2.508259876215857,-1.7725802787441325,-3.357890885867295,0.11849615138022138,0.062254505031039686,-1.1988193929858504,-0.658215235612544,0.08305043176568763,0.5671004853740821,0.8282306857006682,-1.2250758742372592,-0.7734510255817713,0.9880828731047132,4.105233495616974,-0.39185671189765486,0.9602145211958668,1.180663741162372,2.877026267174001
-0.055567607753430816,0.3778783280621714,-0.6967452296056207,0.8809134078597999,-0.836843058174701,-1.0436867923453739,-0.4998389588794507,-1.222295196532643,-0.8807780206911174,0.06442404264760763,-0.026060185347287934,0.5319598168546692,-0.9880621018779336,0.9455181527009918,-0.2802509904550471,-0.5502194175554037,0.8048411244425222,0.0388403814583084,-0.7814846710597151,-1.7088454152790566,1.888573725101184,-0.2517231128363502,-1.5234328692617047,-0.2701803492572899,-0.8717984303304281,0.6604544718370735,0.9933264994328266,-0.6953706934660707,1.7290642270992924,0.13849698203775532,1.7470162856601217,1.6139570905157088,0.43824081796435393,-0.9468307881100799,-0.3952305836627338,0.023355156775266922,-0.2530256973537103,-0.9104034812682462,-1.4994612608236073,-1.0529951544338163,0.6346124703351478,-0.05604497423022023,-0.9694254081421808,-0.13352712830747374,-0.8943238477314742,0.7382588939403988,0.0231258505877113,1.337145637219501,0.4308837469130202,1.4707189380509529
0.8625082579977857,-0.046563293168053375,-1.3526054903576723,-0.4663535451555045,0.5138262761862609,1.9864602328271466,2.3871973833331475,2.2755347577370664,0.09572370385218378,-0.0122982929640867,-1.1477933228445347,1.107665759394297,-1.4284533444264287,-2.7914907207914004,-1.3516037084102253,-0.5445133539463625,0.13496629742361094,0.9620564758352667,0.2621653937915686,0.39768364175478627,-0.3188466664785586,-2.0750301372621274,0.5405352046469336,-0.7404669042103068,-0.2329636041526088,-1.5985749170053813,-1.7103999249654835,0.7304733894893604,-1.8009226217694876,-0.5979456917824356,-0.8236588205405337,-0.3802943581617617,-2.280223720156189,0.06270256004646256,-0.8831003223184689,-1.230913949255395,0.823214268353317,-0.6042701243086464,0.9868887104724999,1.1237924908638128,1.3352129431636206,1.018925413124779,0.8428095936144256,0.1679148621772771,0.46234485016454974,1.33633196288275,1.309270622519404,-0.1380548894130511,2.042570267510423,0.47963356333297924
1.137687001002351,-2.8726757728657666,-1.5172396677042475,1.2421493122713623,-1.4575068918556198,1.6390963516939785,1.5608284112721809,-1.5969553311212077,-2.6360714165029906,-0.536052328465463,0.27721631478309205,-0.29312978002397466,0.22987276047614533,-0.48655680026420794,-1.3252881395188907,-0.7147958827041951,-1.7820666852441716,1.0828689440514792,0.9659690990654272,-0.7285776885553239,1.389079646061104,1.181609421709312,-0.8666256661275317,1.48570930082517,-0.31286166181486946,-2.6724564782369664,0.08724108390111343,-0.5623113471341749,0.6514137928023157,0.5585093547096486,0.8781683020812191,1.391365912347283,-1.0414588957924655,-1.1349104955011335,-2.000066507795247,-0.8633454279579471,-0.9603213257196622,-1.6842099528035812,1.442700179549242,-0.7313821976056734,0.2868054954986182,-0.6619608705173067,-1.9106748601476344,2.109618146340289,-0.2962730204709984,3.378369898255956,-0.3942808642320714,0.34313632276624273,-0.5656629416196893,2.020312678259077
1.2685864586678348,2.057785289345896,-0.32023030311252487,-0.7221400882263891,0.9930448062324848,-1.1788581447867759,0.675311878543739,2.0914719356221045,1.2637366958456902,-1.4589082376292626,0.25192779634487733,-0.23990026138948503,-1.07363161296858,-0.648480487149614,-0.7525348417499852,-1.1953428148541059,1.3511319225305107,0.7468527115614603,-1.6942265237008545,-0.19383709521768308,-0.6413417335437139,0.7091366549523472,2.237220081796764,1.050080864324716,-0.057628837331616306,0.6380487359761489,-1.1592891862598185,1.7789413124970697,-0.6654342365752057,2.194529663456451,-0.46113853940703764,-0.054637840614503594,0.6904846326608254,0.39024163555912517,0.8251015669261696,-0.8080924160454965,-0.2674211688279536,-0.2957021948772475,-0.7109424958434841,0.3976911303397833,-0.5804520331156744,1.1450213417037896,2.2836522193972195,-0.4643101368463378,0.5469491130717294,-1.602300585311811,0.9547126203948074,-0.7202380162514366,0.21175546295725145,-1.0458183095170979
0.20663688382338202,-0.3923719837084706,0.7289945902851542,0.42636788941879744,-0.8311139133052543,0.8866709126515683,0.875117583254364,0.022521748075510137,-1.006074124872839,-0.9870193358230015,-0.393999522301242,-0.38888689650095853,1.7857251275722699,-2.3285732537290706,-1.4589216110169465,-0.798485025875912,-1.1862558994440615,1.1995420476081367,-0.32228656953891666,0.909711782569635,-0.6115896161257771,0.17829004606444565,1.165922865952508,1.0890137307539622,-1.2121378425302878,-0.6489377597696574,0.9256926492863767,-0.5472367451201839,1.887270770892013,0.6171517574353225,0.4778214964166942,0.8746144994346063,-1.4255448589818167,-0.34062088836218196,-0.4591501068934924,0.06275474476816842,-0.5804197413614558,-0.2993517685823887,-0.45039515497464727,0.8317359031919018,-0.9127978895322604,0.5487212508919576,0.16922167699847346,-0.2664786194004565,1.3428227090237572,1.1509106579193156,-0.559934610988116,-1.6476243187611956,-0.9866951440282968,-0.20167905129505453
1.0660335432124075,-0.4380961714787554,0.873491869435275,2.721924711379256,-1.5467883271589968,-0.5699726122277003,-1.9451861973874787,-1.1726826179960426,-1.0902193966904437,0.011208491850941258,0.8233627331388292,1.1244565543499172,-0.5609688249987582,1.2059235303205347,0.6330901282725888,-1.2209634858524296,0.3566546938556608,-0.5767056235689707,2.281498187448146,-1.9054970442352361,-0.7113409294255585,-0.5402253538522115,-2.460385719244353,-2.861880793197647,-0.0005150840412192487,-0.15470967192569965,-0.07015975287534952,-0.9026624258722671,-1.012282529646393,0.8633851631462871,0.2522389936456859,2.1843380682214315,0.48145466066232595,-0.39919643368806085,-1.2595134851398984,-1.4897615274111338,-0.5619777401829028,-2.3106531622723643,-0.7498771944012673,0.8900988721630656,0.3033548951344742,-1.1117358684849747,-0.6550174249714213,-0.6263919759450589,-0.3008943092808071,0.36047992468989826,-1.2779829698046197,0.5272942519695906,0.5107465844850598,1.6767245814821186
-1.1763899839224885,1.6589931483630094,2.632817116967704,-1.0925296298468097,2.021599140149448,-1.820880377056848,0.20029450534513774,0.8787840058511082,1.2077844924205732,0.47213957052887234,-0.39865552648178476,-0.2333508792083993,-1.2033980444799712,-1.1092269957955359,-0.21356559254465482,1.2116083099907997,1.11767621673396,0.20586092864336933,0.29113383983684443,1.1061816639812758,0.20014861911843837,-0.37326092850098086,1.4394860109146947,0.6735051452999653,-0.727835158914824,0.8711252751176983,-2.1236977401641557,1.0225863196534652,-0.9451871431586532,0.6839130519818046,-1.0366510237328095,-0.7703461383996826,-1.6505456923242483,0.9790963567255848,0.7964166940540675,0.43266214795719393,0.5529136811783294,1.6416399045776202,-0.4539270302341281,-0.86349474592413,0.38971282294491316,0.9834960132353795,0.9777021821798507,0.9417989599640387,-1.0226867068730974,-0.3288089769557268,2.02617463147133,0.8507981797999801,1.5263613388815802,-0.01582065264800666
-0.22330251414392746,0.6118172543685699,-0.9248706144710767,-0.73315746683245,-0.11307685343711017,-1.1299375408737904,0.9216976881048096,0.4243484309988212,0.16385416573756129,-0.7555221221225071,0.6821088287094489,-0.5736394215624854,0.04052261345418082,-0.6620684306163406,0.6368267144865453,0.1624239521807016,-1.1719591321377547,-0.1898082271215082,0.05148978353926458,0.0053984712733520695,-0.46127426364009066,1.0426164892676606,1.1199976698534715,-0.3197371419358468,0.15345042393570707,0.42346517525293703,-0.28433938725033475,0.9530816296041426,-1.1609573346575153,1.7542594080326133,-0.03259896809756673,-1.0098287809278785,0.2831066675921576,-0.5391289636047522,0.4899627833133322,-0.388842510573826,-0.4842627407213282,0.09683715738810439,-0.4838213071877744,0.03614472857716448,-0.47191359656631526,0.34523111683696106,1.058675713754087,0.4517940877966328,0.9667842677859777,-0.08907264749429519,-0.6128930895368795,-0.8787922456465411,-0.5392119997976939,-1.3514787697623933
1.2054850338466983,-0.5093915600568169,0.06811506969656181,0.5034228877687639,-1.114191046244856,0.6834880136542615,1.4123159786920831,-1.819224599803324,-0.5328886642417368,-0.23852276906766,-0.4417671409930297,-2.8041890240772154,1.1976038238958158,-2.332975912386235,-0.3846685174463295,-1.7501571821121422,-0.30372898842101276,1.3907820933099146,-0.9034634905534291,0.4592757465633112,0.32165912752037545,-0.4046387517828941,0.2636546370384087,0.5042843257123168,-0.34104255013023976,-0.9683667778590035,1.474600597531617,0.9580297854796117,1.7888535438087756,1.1893960313903198,-2.043981547169817,-0.21077293430303626,0.4527547934706636,-0.15290358722279043,0.03292850378165392,-1.7393818553286455,0.31915771061305076,-0.8322358131801244,0.4617266803763122,-1.816712296786425,-3.259111285187258,1.5867689341532376,-0.5393954621891806,-0.7405614420584449,1.0927866280414653,1.2981340910473582,-0.6409662191440969,0.05843067665730508,-2.357689817385919,-0.24966777232266896
0.8452938527264706,1.1308717882855797,1.3485389170695752,1.2938738671614118,-0.8048705707041115,0.12202776564353618,-0.17343317398197733,1.0541344302845657,1.045314123021993,1.0464345853801453,-1.2585256438784285,-0.4397784470843584,-0.15861415691570202,0.07344290341533365,-1.6119572691757054,-0.030384365095325522,1.2937082263200468,0.29260100423540286,0.8183089011162797,-0.29908164082290906,-1.2779324106611063,-0.6856218807875788,-0.5208684240367819,0.14702079603525808,-0.3270419856806509,0.8666139900520434,-0.5455413870134577,0.0966797742471818,0.5246764190880852,-1.1049189688944159,0.6052763915177074,0.2533730637678122,-1.7349029749608407,1.596390966901202,-0.8035684121932516,0.3090798586836833,-0.8333842687757652,-0.46427098121116733,1.8268375000139627,1.238713241798194,0.39526368285418606,-0.4611203800799145,-0.3635487704021234,0.6354127356985402,-1.4808531596904408,-1.1873681870136494,-0.1203498503815612,1.1742158828378066,1.1549171782117038,-0.1663709633248677
0.344610611143179,0.13084502477952856,0.6881409708038989,-0.3058578818796221,0.6084678240696145,-0.37599904562376146,0.05767152723440928,-0.44882760787428394,-0.159553637118714,-1.3967717769386898,-0.015944875396391656,0.0006083596018912729,-0.638964144236251,0.23585739837927044,-0.836602088015933,0.6279603785796879,-0.3232081343597029,0.26616621277859576,-0.047873400367739925,-0.08747538838681003,0.16895223511004842,-0.5281694521962312,0.4914741965591737,-0.2728092586384792,0.045807797247374986,-0.20480858299862748,-0.0901826286103371,-0.9627513971249251,0.393426187375172,0.5603048388681235,1.0924954365097272,0.2615408489757409,-1.0689230489730919,-0.15346541235132405,-0.04219783394505199,0.7926621846247196,1.2713263000519948,0.7577161403336183,-1.7360378892492472,-0.15855748605263364,0.8234665418150905,0.12479473379086485,1.1580606803492193,0.8574568759982735,0.8920464807094479,0.14822362437711595,-0.16342140675226086,-1.6265543955290367,1.0064048705403685,0.479323357571228
-0.5901057464934497,-0.6970233038607929,-1.1197888820394608,-0.8482624332469507,0.6163268678348786,0.5865097733099036,-2.0219953061990275,-2.0102824174400205,-1.1481183452766057,0.520435955481031,0.7327225977593732,0.0329267050633887,-0.23823826571384057,1.572821739402796,0.89119059193777,1.068045699041294,-0.584117276540003,-1.6860154155621248,0.17238666947329107,1.8353483195532414,-0.45322601848534994,0.4866797065300069,-0.7030048393849352,1.5539745717583489,0.5965454234627084,0.03009407570889008,-0.1061439024749981,-2.2066060394233853,0.2945719575782389,-1.484226550925301,0.4894366018898673,-0.9110113305634637,0.5250303668976319,-0.6485430577986564,0.39203948567979224,0.9183375545452509,0.602691509023297,1.048479336034644,0.7172491514795686,0.1094838792584172,0.992455317707863,-0.28628347200398707,-0.909612126510796,-0.548701708956842,0.8631699835705902,0.117442403956673,1.7640195299294317,-1.1415458265780958,1.5722902018052065,-0.9757916668539452
0.35936174570098356,-1.1002412821844303,0.322689863462338,0.8776140264143645,-1.0251042972291113,0.8160575046131106,1.2817668988457984,0.28386533951001813,0.16540950519274952,0.1878496140203433,-1.5883171043564521,-0.48338212720294715,-0.5926458134948832,-1.5377495939956645,0.19607009595739355,-0.9367968754321606,1.2225970665766748,0.5821071082254538,-0.5943494363188045,-2.8546538389132023,1.425054054891949,-1.276032185764458,0.6872897237629869,-0.5841784659177285,0.6979095935788766,-0.6034524703570594,-0.6534419451893357,1.7487751656735329,-0.8380439664178732,-0.05378333817626632,1.5325661032243947,0.06391166594213052,-0.8080224982628305,0.00880501004628839,-0.9285006189129258,-0.3221778192650568,0.6596225445713007,-1.333327909255291,0.128086315558969,-1.2217044691889085,1.0084738507862192,-1.722255167633021,1.2592015732073343,-0.6262802787559596,-2.3356367630192056,0.3173819882933264,0.366630701854771,0.275058959451181,0.9714946637483087,-0.6129090935456281
0.4509704766034982,-0.8239228425095846,-0.25333646757235706,1.1690826551840057,-2.275986613541555,1.0730857265179585,-0.6959564139575489,-0.5432254704690557,-0.26330175172846815,1.5774638271781587,-0.9067227299606692,-1.196428154524063,1.739958631395595,0.8695084433374375,0.029391690586232963,-1.4663230816117088,0.13866464059718156,0.8983809405604799,0.06504877716988174,-1.631377082687577,0.277888508450586,-0.9995258091798768,-1.2618092336021234,-1.9312589852936255,-0.2051794315655426,-0.2604063860733616,1.4134735322435785,-0.042649267675997214,1.152080454817352,-1.361343692212716,-0.29255770530144876,0.5569811474645877,0.6589167993075948,-0.47443540509232845,0.6003635796814943,-1.3130209614711874,0.9486274213925291,-1.6744665955161988,0.15534119708071276,-0.6972041022768013,-0.7629598755641126,-0.4314930212988178,-0.3551647030954331,-0.5794332282177064,-2.4435909473515665,-0.17857215300241444,-1.592950369972,2.0361196626593028,-1.9986703654516043,-0.19183013253869327
0.32115871851916145,-0.353095818480464,-1.30030927532752,-2.022637880853337,0.9808175915872744,0.40534929543806153,1.3334987112641472,0.32059688899125877,-0.12499979020307946,-0.6324676988005244,-1.7869569984578464,-2.584373491931706,0.10773853746070329,-0.5128700773494418,-0.1322909270626113,-0.0054017384935102905,1.1469317714263185,-0.7155128291951806,-2.11035193609035,-0.7404436650066346,1.0375549496357102,-1.6840553485075922,0.23489523859361544,1.158771217160918,2.243173463084117,-0.46943056763166874,-1.361529829781999,0.8678582758293062,0.38547908669274106,1.308997005861165,-0.5809179872910962,-1.5223975443383206,-1.3320779065137873,0.7964877621887265,1.1512516137486681,-0.04169980863363217,2.5562189724871405,0.15066369547141276,-1.2281853611676974,-2.5980386056450886,-0.3480242546941662,0.49540255774951536,-0.7539779422895486,-0.6013202412686277,-0.9044844459603852,0.2574143705798607,2.685799095056114,0.6963732103444338,2.036167115162987,-0.35350433434261297
0.3616526450520229,0.08747819599291723,-0.2524991722946423,0.08384945527226362,0.7847442948352351,-0.7019781311104598,-0.9697560265057187,-0.3901276706315649,0.09831915616848629,-0.8157684699339973,1.4231978172410344,1.6567746072106388,1.6732576406983817,1.7499769389804536,-0.68572226530702,0.9045014297515478,0.49833038313015643,-1.5343155544643379,-0.4106136187365115,0.6301700171134456,-1.5108655517575018,1.615203828273046,-6.630628995340811e-05,0.6055562116846971,1.5710061396055741,0.8274045810777708,1.300209687351537,-0.8142948984123408,1.4426061490041282,0.13815267027673908,-0.5580997779193558,-0.29780959471228563,0.4170278187997051,-0.5707713626512229,0.01290885972309419,1.9399618498964368,-1.5462956172632225,0.7360612129118268,0.3755725616928448,1.7761846862058266,0.047990951545320897,0.2484014027425662,-1.1062605946780673,1.422562553694143,1.6102423035779734,-0.2953889700351687,-1.1738797894444908,-1.731420110558493,-0.8547636842042919,0.9345594769576907
0.4280805370589413,-1.0034386284883035,0.5243686544774502,0.3335035739805597,-0.6052489236676238,-1.0612571482336886,0.0859000146996059,0.05625292713449124,-0.38999460086949594,-2.5366567588670996,1.236427034772426,0.39649198159164695,-1.0107547502237464,-0.02994979037729138,-1.2473328120228566,0.11358365330468448,-1.71043569898848,-0.026812860403323854,1.8045306061991193,0.6516029155349374,-0.0456982477683054,0.6571437905437011,0.45355106569016457,-0.5129591876147436,-1.4834776883564988,0.10543625859329071,0.4502951114250604,-0.40840592187493746,-0.07638803976207222,1.715199413102752,-0.6963909197491532,0.6304702234720058,0.5049360696882305,-0.5934911127793523,-0.6054234078234595,-0.6608726681561397,-0.7569780871923412,-0.32195742557814194,-1.576604685153774,-0.35959192035594273,-0.9563076468869509,0.7554005085601364,-0.3214214819991509,-0.5732316388824832,1.5215072524529902,0.21808444849608197,-1.3687367999524012,-1.3499424881787017,-0.1330675997691908,-0.1000870371426616
0.7622328722882334,-0.17834682856112757,-0.2836940270594597,0.8104524888203096,-1.2497480789928341,-0.44603758834426116,-0.5280886470129251,-0.9116861272882996,-0.08205617899041082,-0.6139658084906515,-0.17383869861616433,-0.27821037818856614,-0.43949318432157086,-0.20778827765066848,-0.6594721189452116,-0.8602051953048302,-0.9985887711852022,0.18353145310241065,0.41138989202339443,-0.5766114769455223,1.1578412597075094,-0.997847086549818,-0.2564983094091875,-0.7982259171234539,-1.6910098279113237,0.33761523161232415,1.4824868277011896,-0.4606874157722596,2.348372876675205,1.4586031790039946,0.1210320224246774,1.3195671388360612,0.7887565007485955,-0.32877212208854956,-0.17734280765106655,-0.39974048298182807,0.003009849061485999,-1.1249893710936556,-0.6540470928478358,-0.13021318741582813,-0.5119353028170917,0.5825841132244798,-1.5962179327743777,0.7350732375290079,0.540817270676351,-0.023719319911536182,-0.42354948330748055,-1.1071421645873003,0.33147314119918064,0.4291385460684389
0.8924263193716326,0.3990763018474592,2.105449841268491,1.1922979307938817,-1.7673378101086181,-0.06287871671562136,1.988656621127064,0.9765390843098395,0.3146627948889199,-1.2757588094644636,-2.353545636467051,-2.0029358037757654,0.6354690794030882,-1.1374065802440416,-0.045983602782240104,-1.6203629718393529,0.3962251496799385,0.41726134447098856,-1.17414460790102,-1.157217750456902,0.5968093793363755,-2.0720325579119656,0.5539129460295962,0.45795932924205857,0.26945854483625703,-1.0545852979124077,0.1266114150684156,1.4734685288913536,0.8721666098062755,0.5063222585343256,-1.283120686253198,0.35065515525919033,-1.3958492147723847,0.2458891416942476,-2.0703951066166786,-0.45598647263872594,-0.24230264988406697,-1.1594082565581565,-0.8595979957367063,-1.9427444240480962,-0.10886071797636795,0.26299495632664766,0.38593077549634025,-1.2798682584079815,-1.52783142550955,0.1852239991494658,-0.8901536524032211,-0.38377143683191184,-0.18961340201825388,-0.01939316400651712
-0.9275714578079955,-1.4692385942499184,-0.5510316143919053,-0.5067496453988363,0.4528740368066949,1.3421791165271348,0.45309578892012914,-0.46597778979722604,-0.37326486095775624,0.15536167203850634,-0.25528559433752984,0.9127364802411161,-2.07088166456863,0.12084753021243543,0.7639664086206555,1.2143915959317957,-0.8888856081792589,0.8743497588583591,2.014194091733164,-0.11850406507074744,0.13919985211561364,0.32331464679267563,-0.3647268060150888,0.30284853253741284,-0.9226467158232962,-1.4742105196256095,-1.670981247774216,0.35324597414029424,-1.1991992593772627,-0.3259330773842234,0.22795422271933227,-0.9808925290480991,0.44586269966210096,0.1546763870304227,-0.8967127783928759,0.22165484894622592,-1.1501200464466261,-0.10560089836956633,-0.4188499525775588,0.5137950869050573,1.5131268399657785,-0.17906817988291648,-0.543923674560685,-2.5015221785320376,-0.05156664377423153,0.6403827103576161,1.0814730780069537,0.6187478809100875,1.567664892284707,0.7797658579510307
0.2500449786659765,0.5126185601026809,0.8368133654388036,1.0103704171054912,0.30320794241667226,0.31173161458845877,-0.7342141556274738,-1.078383976160845,-0.892242325051469,0.5644119189373307,0.28764864671461343,0.22543854992444687,-0.6472792240846971,-0.6295983312839526,0.6705390254935418,-0.9170898217701358,2.3759672496325233,-1.229408386073354,-1.7213474528247972,-0.2092881765503864,2.7094169906802916,0.29558770769012294,-1.1866017196555974,-0.5779586233987803,2.0367412934118514,-0.025732798406041788,0.936316141522779,-1.2968602894019936,0.9606100575680436,-1.4212423851799687,-0.49137397834005314,0.1753110601295591,0.42326136319248264,-0.7051543284802647,-1.0036783957633466,1.6682672589307304,-1.347582527444711,-0.026843688689476182,-0.31926119163275163,-1.9131222027517656,1.025611899364073,0.5831395645040245,-1.0754465591577893,-1.791620726974402,-0.7661427088005779,0.00419131404635447,-0.3374703647352268,0.629956933893918,1.160549411157804,0.8491975113868534
-0.7115774396775416,-1.2400377690623856,-0.3166741695247089,-0.24692401149441773,-0.1620640281363684,-0.9336951511896431,-0.5842888785091781,-1.6561498870267162,-1.0131631592891432,-0.34473852110620007,0.21746554322629463,-0.09882729119157277,-0.8185106179250989,1.278869413341682,-0.18668815240405576,0.30756480737460534,1.0031204348676386,-0.6087325599688195,-1.4499747720510698,0.3175381704436655,0.8830906675391959,-0.382612114828653,0.29607801103261566,0.47287360708460896,-0.653011883914993,-0.5699879104460068,0.9571349072129223,-0.07627376545913027,1.8958450278157735,0.7561366450974477,-1.0861980792888941,-0.1554125316483922,-0.4143139786588209,-1.4880537942616687,0.500909799275954,0.9069950896490137,-0.5089134244659135,0.024442198031235495,-0.3435890537759074,-1.7234429325494034,-0.23231331206365619,0.1511235297443197,-0.895587770803579,1.9479624257594912,-0.5480964959616195,1.3960322133685088,0.9210970874243092,0.19328950617010413,0.8429623964954484,0.5125058274668252
-0.8338407000514246,0.7237508651937671,0.21563310940237526,0.35775857159842683,-0.4381118566221078,0.921116446817796,-0.4789652545351242,-0.3693408404925901,-0.9312267833822032,0.5278856696220611,0.625582499011015,0.3689548214030894,-0.9684178749843928,-0.024955626378028936,-0.43601609883765874,0.05927562695768944,-0.9909596648583923,0.3472492624545324,1.528936664851918,1.054712633677375,-2.210508498664649,1.1382241970744227,-0.7714629945069482,1.062831868806722,-0.9291719953689942,-0.7367057482664429,-0.8869373163811166,-1.1022069321619066,-1.2972689104893629,-0.20851175140817418,-1.2805201022734907,-0.3260149972248112,0.7276380746721994,-0.930962399294275,-1.9371012757950588,-0.6050316687752947,-1.8446765522282735,0.20387696716687218,0.44955348615342494,0.26067148074537666,-0.753169258452931,1.3018074068124288,-0.5814371773822964,-0.6800366075495452,-0.44483259121013885,0.8412548287353621,0.08607622211154352,1.0319643702302275,0.08693380747844609,0.33337536122181893
0.5938900533462045,0.2300473605200131,-0.3191176908902194,-0.44938922808159804,0.7008900100350165,-1.2608853160083957,-1.6143497819008543,-0.7402449977983713,0.024330058271606406,-2.5066943060295146,1.0058244634484443,2.07799633557894,-1.1754858850040175,0.9437530393910357,-0.053900219046247796,0.36630382191703575,-0.4934683585739538,-2.199015371644053,0.03833172828211163,-0.26418064683843423,-0.3789450767598507,0.513762009242522,0.728085906337854,0.4849605654388063,0.06745969614229348,0.786971808031424,1.3453776093544567,-0.868882683319568,0.8965585257283093,3.003397222158873,0.7227751719140194,-0.03258563883485039,-0.002630684037686833,-0.8118264224565532,0.008410553788027108,0.7216351193620255,-1.3088242438617013,-0.28038520043213194,-1.5190452306776983,-0.16633807445538887,0.9413193251957411,-0.7918638553309928,-0.9771737620544961,-0.6533572809400061,1.1899031896529462,-1.0922474160855138,-0.8023491754667171,-3.0393511394901602,1.1194988037786737,-0.4342436449751703
1.2568001074848334,0.18321450024126268,0.15102677002910186,1.6151191923021053,-1.3122594334051418,-0.43421204560188403,0.019828853203843866,-0.15671985380336032,0.44397655221638066,-0.8468923639271777,0.14682837378127275,0.013199479940721024,-0.059175121207119055,-0.1547055374506867,1.2630067045435658,-2.073105636611404,0.13202839521519244,-0.7500756143203583,-0.359060431704615,-1.345215422531045,-1.462049308262781,-0.29653706515047173,-1.6580795239587982,1.9880522443917048,0.8694722790358885,0.16860504702585602,0.2674290724115624,-0.9330366850434653,0.22491012674961905,0.5441877301064769,0.9410634404953697,1.7444794271054442,0.11472422504613523,-0.007429103557685858,-0.19843840703132912,-1.4611812935935866,0.8106331858477888,-1.4563047614813547,-1.2132000793396558,0.8139965439139862,-1.1524632283361769,-0.11354406553786488,-0.5041187455896676,0.708435162913351,0.5661104315065115,-0.09880082093754722,-0.5775224689976513,-0.8639573123273968,-0.02669266072253028,1.826757386459633
1.7203590940318758,0.8342523865733523,-1.4349819179539491,-1.5619545127259173e-05,-0.5023818745798867,0.42412792614271566,0.22938131072927376,2.084759901559271,-1.0012747968891498,-1.0774229555476005,0.49337625084701653,-0.20136936911668196,-0.12538407630575324,-0.6859041517628962,-2.3847392442972786,-0.9798431881185183,-0.8272107899342641,-0.44849375513350503,0.27660989237987416,0.8944635390084801,0.5283006884945662,1.0334318551445207,-0.5132542690962035,1.8773478772968994,-0.33311004985822196,-0.34499547672227,-0.25540537107283134,-1.0694962212457018,-0.49363217375214685,0.8662042257711214,-1.9816594216948622,0.19215610821670473,-1.2804803892428376,1.2168823077327815,-0.7957520104848741,-1.19688665558591,-1.0569402471581177,-0.9274535387059071,0.11914277964540573,1.0580909916972698,-0.7357568090664064,0.5842193938077127,1.2513056610157092,0.5869965677921836,1.1442789089425913,0.6562459630091635,0.12428952742390419,-1.0805486645326468,0.9124404812782835,0.6309554107677541
-2.0025454990566187,0.10981852092139278,1.4283394248022492,1.8181737974105991,-0.5600667952270909,0.03929190961022379,-0.3075677430810072,-2.335915267432086,-1.2035370422023695,1.3684550283684134,1.4698599241016679,0.0184312527465184,-0.49135667262136007,-1.0934372673215238,1.1241828274569055,-1.8621940739175908,1.870203112412699,-0.12233370544200965,-1.6988653393693594,-1.5028846699625173,1.6530615821975885,0.41764165690871197,-1.6521840550840463,-0.35274395787779095,1.7978663276878046,-0.4644637813500279,1.7373906648590334,0.6396660837801176,1.7089651224245843,-0.1719377861229914,-1.2742739506931415,0.683872731469345,1.571071595821873,-1.885068427371948,-1.7398196834735646,-0.16840931904287493,-0.8696267269739263,-1.0595451090804264,0.018033378367622796,-1.8088875421134463,-1.14278973424417,1.8798086911807343,-1.4714227321562419,0.9627119545633819,-0.27582488653738596,0.5728973371279671,-0.524039624856554,0.3375340382477305,0.9261170366351901,0.9747814316084144
-0.38585785950573187,-1.8809987864375677,1.8104162875643521,1.61404615821458,-0.9383686077709739,1.136752928376827,-0.0022862860714578026,-1.0783093913895148,-1.1486999993705105,0.6499256143015291,-1.1268597148198818,-1.9388995880995523,-0.3992778000903069,0.4831486693631032,0.7725935963157787,-1.6262962839203092,0.48064266877320005,0.15197888417387004,0.5259107621848632,-0.046171372449747054,1.184138538010258,-1.742539444978338,0.06305376872034607,-0.15933373415273516,-1.0466197820098273,-1.01933960360966,1.8068048991091665,-0.712066638644038,0.44310088547840354,-0.48387963655937544,0.17424738261890801,1.932852985539621,0.5120263098207363,-1.73364094150442,-1.5772023369191945,-1.5693486397433731,0.040993062740287044,-0.6347227386772586,0.6308401466989243,-1.0285702912219858,-1.3402102823354463,-1.0205290019228894,-1.6052714003630355,-1.7205273642470122,-1.1404258719515254,1.0320250962847024,-2.131390577423416,-0.5542523584877806,-0.7492071693127662,1.7646595288471152
0.17685671204543604,-0.4388086921006943,0.4070019374109486,0.916991681872688,-0.6945544770203752,-0.38718452871706804,-0.7073110350954084,0.28192842477721897,-0.9146485290740153,0.19335291637167756,-0.19496292627183628,0.40035724343156365,-0.5506051417152958,0.568644378563185,-0.18249663805274538,-1.0432883690855363,0.4722353580934218,-0.048914397494743043,-0.253330255893322,-0.9772167137915356,-0.6255450480652301,0.1911456514403551,-0.8829390045302868,-0.4474743866696753,-0.3962791683676114,0.33521738236582244,0.10685137871956993,-0.9487825967986442,0.489369873790428,0.5655229873888094,1.4654112274238278,-0.055357396841496403,-0.6193036144011528,-0.25771011588107423,-0.6099451796292243,-0.23657752155102485,-0.44571607436731564,-0.6791234936677721,-0.3517040153704397,0.5237343983142462,0.5732437764826277,-0.5314109617026959,0.085164763837154,-0.801892088428053,0.255576759664798,0.2068588041804513,0.7120137954185543,0.7524001794801373,1.9637071546018647,-0.36370876618799586
-0.20679222991577886,-1.1517975436322538,-1.3955085721628577,1.4719693514737995,-1.2837002268740443,1.8788040925024874,-0.3107319257780462,-2.3112026921894437,-1.5009035405882414,0.1544274442734474,0.6936297360142067,0.7776517006238334,2.3161099496581885,0.013094927133835355,0.5823585171545678,-0.27462915309286084,0.2591257452127059,-1.2139584237330596,-0.5546121925092201,-1.4752801943275113,-0.17324609515639394,-0.1628499919399601,-1.2302509352134932,0.22513252068709955,1.2184603790634159,-1.5845691582540442,1.829862386246841,-0.6960647739781225,0.9134316373241423,-0.56302402284474,1.1152391938456876,1.271803996038526,-0.2735276107773205,-2.1690249078317057,-2.7844293957131234,0.18046341260316354,-1.6992631481682563,-1.5769805362380616,0.47707576180117406,0.3671936832120935,-0.5878346639686117,-0.9481298837076445,-1.0617642836304697,0.9481318055475436,0.1662731603113972,0.826601960511977,-1.356483683326395,0.013663733801617256,-0.7768123731315051,1.3691586002828513
-0.9273107104718442,-0.25715310265943975,0.8437334384883368,0.49988786191014684,0.5536446097140307,0.3188580747618957,-0.8756011855859037,-0.4418963402559922,0.3008728603037963,0.5570124474294245,0.0737287535632928,1.0051605923867402,0.9679801379802263,0.4166419460414705,-0.2305020234722341,1.3992474635805716,0.40655718549932574,0.25929115726422136,0.13905626994790105,0.8218040248175508,0.9229493906557564,0.0864907710311159,-1.4325612096382485,0.36498580493775123,-0.08272142868201682,0.5677306075528367,0.6743403156031968,-0.7312719446892826,0.8230028025548812,-1.2988847114936197,1.9149117690266104,0.7689653516658006,-0.60961205304826,0.8053415207936749,0.26621561996930193,1.5389152178480043,1.2012774262734391,1.5848327948535754,1.952645762587445,0.8312653984046484,0.8656722655411561,-1.1927936866335709,-1.2006307580500413,-0.672878630299435,-0.15621737052543982,-0.45604249972487343,-0.8775007919146509,-0.34114356382606514,-0.9658506231942167,1.2065146072153683
-0.6590850821717366,-0.29463349792606097,-1.89056394576011,-0.7937135703480378,0.11201294128584845,0.5814672442856046,-0.6037659605324127,0.7857169362040457,0.4728896350192151,1.4644874814686282,-0.7579761778287003,0.08031587996088001,0.21788259820774541,1.741728604958074,0.6331057609729311,0.7863901239224886,1.2343059328393513,0.779841673675127,-0.27380974583161033,0.36253249001645504,0.8520548638513843,0.03549713742329001,-0.10411898473818869,1.2531062200102654,-0.9068067965364518,0.21481624367712535,-0.651653942163801,-0.7421887816772442,-0.4923576092302787,-1.2939177997535944,1.4474742047837368,-0.5610915943814557,1.041563436917206,0.6538693930682417,1.054956933982243,0.5647406088966553,-0.5486905940340465,0.8175854753541033,1.4110715431967018,-1.3452320828579756,1.627136498697779,-1.9468037176971578,1.279083645034175,-0.5184513054170496,-1.4073351894497879,-0.6255877655408791,1.3430042740901846,0.11783603865688848,-0.07936377416471851,-0.9294322398894579
1.2900120208061283,-2.2200084753027527,-0.15734078796675594,1.279804544215177,-0.6330370979011017,-0.9119146361361852,0.6389048650796876,-0.1057531351112456,-1.1065661549068477,-1.1178463801225405,-0.38512725622942556,0.20732697279394627,-1.472555725884763,1.1387290586178076,-0.9488198358957906,-0.7918578358065648,0.31851390761661036,0.6027973566636892,0.9996446893610866,-0.9583434853027913,1.7064317503398152,0.3014634106119537,-0.35931444042458155,1.0723617902504756,-1.5978482257670812,-1.2978252389718672,0.5775723349011402,-0.8883703392433574,0.5859803825677471,2.275233704751427,0.7753925638317705,0.9424535676014587,-1.6318243253974036,-0.8407573149142272,-1.653846487116701,-0.5752359347766522,-0.8267671740046633,-1.047193124708287,-2.0355922795649564,0.2909548227092052,0.3395643101804866,-0.8464066024840072,-1.4393410590175948,-1.4306493497818347,-0.7198787669785796,1.415661268596352,-0.11638280053090787,-0.47510302663765613,0.6514312142761784,0.46400811230200356
1.4699092787205703,-1.3555086839280652,-0.6702187147328154,1.406913025956783,-1.0220465933995804,-0.2285470015006642,0.5567472126187236,0.0520996074714035,-0.8688601561388849,-1.0311050423565324,-0.22994952059318025,0.24575507459818027,0.3949250643091165,-1.5458841757598933,-0.5217603427602893,-0.8872460712385236,-0.0786575064204977,-0.18493421629434792,0.5909055390593383,-0.9647137323761942,1.3014535158205116,0.34003944038816414,-0.6081743702670376,2.0668802574978193,0.014839839746621673,-0.449893645872383,-0.028708710470204613,-0.7191626036678799,-0.4724948365366511,0.6341263339023419,0.6924424669043499,1.2459308351529341,-0.6499839465461986,0.3865809461090872,-1.2591867179557448,-0.13535793905571272,-0.7389690859456104,-0.8324055071692829,-0.7605796433429662,-0.4816165763644259,0.4860067595083663,-0.15362360377591305,-0.29664584751348755,-1.3336766638384279,-0.8635063133748583,0.63722962470075,-0.7296470956891038,-0.7765612393849006,-0.21641941889971425,0.08453893680832254
0.1260411885992898,-0.4510168224787922,0.06164724544879048,-1.063175861790391,1.7397404713343991,-0.30239622381153825,0.8851234003364151,-0.016031849643677633,-0.04560009635734313,0.7790010204437663,-1.0366690294499847,-1.0986108146717148,-1.8625663991885273,-1.8807774136110678,0.7333734701505568,0.5009306412768237,0.7349427969225675,0.6979859862629452,0.39844589806087816,-0.09676715525250743,0.94624309494286,-1.489684012806855,0.9912714664448102,-0.6883100140134611,1.3441699327229577,-0.41908419878697806,-1.0581927046918937,0.801386755670519,-1.0017699459068652,-0.9097709088164108,0.20207311764983762,-0.7793346073716355,-0.8493004552198891,0.5015813487333758,-0.2692091264724885,0.15237381812092268,0.7656956722694124,0.6496719442585517,0.7904185464917921,-0.4289332098491567,0.7727737273704824,0.2814473087916987,0.34933794905914295,0.08188768448255647,-0.06733814435618597,0.09501889840867378,1.3117204401071814,-0.019537659700214056,1.6576504388270186,-0.22983574784175642
0.07848512058895862,-0.18816987404222432,0.8176072335749419,-1.1555334543930886,1.1435949457236927,0.7195184643154335,-1.3615203165248437,0.15153010313270432,0.2162060986855628,-0.642013874456497,0.9944257125783658,-0.2154718142045648,1.129270898813214,3.066731873191252,1.1227097345342543,0.9615663150438818,-0.8385446960663879,-1.3635774436115518,0.5499180983606333,1.621280698419685,2.1122672484345197,0.35887032557923043,1.3649358160990386,-0.4863974583231057,1.188186342579964,0.1920825790554849,0.3422700813953831,-0.305605381311752,-0.9395836944508024,-1.0553941585517124,0.11263349087142481,-1.5035875372765564,2.1860513347064083,-0.9102074172450878,0.10938667133380153,0.7911341883381329,-0.8012426930905192,1.3885445427614471,1.0360519775995318,-1.240697650241525,-0.5876016680005502,0.14463809857312224,0.3051879139206043,0.06488717191465003,0.8457028843929811,-0.285825246867978,-0.7647588864409158,-0.988962991773254,-1.2444109523977647,-1.193835494427231
-0.48457029412446345,0.046359046079149015,-0.47787986260114534,-1.0429596259662155,1.2501783595947962,-0.5294885849716373,-0.20465639137540317,-0.1413307141239759,-0.25959290923054185,-1.0031282265069672,-0.17638197607703068,0.38172238162709105,-1.8323128868273886,-0.507880564052307,-2.1082049236289357,1.8612960353643762,0.08907016016702035,-0.3023885514746572,0.3233644101294916,1.317675505214977,0.20856417052589282,1.0964055503699164,0.7258001179913641,-0.024800478198925825,-0.8022864649845415,0.29348029636530704,-0.3815854014440355,-0.09109129868105767,1.5682562701631324,-0.04384558734404415,-0.9803109551322211,-1.7202686840994337,-1.0082491056513838,1.1033593858282065,0.30537165474445344,1.9777409585807673,-0.2105954588639506,1.128761275701182,-0.24566714072894516,-0.18100475451534156,1.3717135197290076,0.2973908923581975,-0.41748415068472655,-0.07351546315220538,0.0911354881418065,-0.6755573472179517,1.3399439662599377,-0.7351511176015341,2.3348159397521755,-1.0207922085561316
0.13676462815202395,-0.40375755745685576,-0.5133812487660473,0.46207486572553974,0.5598267896856646,-0.262458179486351,-0.0006150105383520819,0.4664974467763779,0.1295571007416396,0.8931469022701721,1.0230259347548725,-0.4681045595135172,0.41672424873414843,1.3277976379815302,0.3709778791435639,-0.8992290795587059,1.8704209728110692,-0.876140154687659,-2.8380234135786093,0.5180392071592437,0.8139891700094617,1.696624903380733,-0.42437914414135347,1.4597344447535068,2.036418837857202,-0.00020882767471268584,-0.07952910623433593,0.36982930499170813,0.8862975388694583,-0.32168859677118744,-1.6091676154939147,0.8333724443944568,0.6048366238660864,1.3027531223960327,-0.5835090035545568,0.9730906942242862,-1.287601118694896,0.352821470333011,0.34070428894802,-0.38893958839395176,-1.1296809114291533,0.2561470121099461,-0.8750611221078133,-0.5817898101615626,0.37653655989925033,-0.05562962834899839,0.7455145378723514,0.8173242983686547,0.44003197969807223,1.0946875458679741
-0.8950328994402708,-0.294891578060685,1.512470838146485,0.5686258191793281,0.05111913554893224,0.7874562681446338,0.6136591726864689,-0.3910242289863397,-0.9499077624992877,1.3093058909860291,-0.5028650203475286,-0.3343937062842219,0.2651711719149834,-0.28546387673357065,-0.477368657738117,0.41095398826662227,-0.048522700140617284,0.4481029214080194,0.28618462155749536,0.8795238990827764,-1.4846608434730908,0.011711435926876096,-0.6814307496782807,0.6698267672018874,-0.017345441511289077,-1.1388768239249947,-0.04139835731040233,-0.10972192275862076,0.34962436812261605,-1.2806460047637285,-0.4219286331985798,-0.3517408409542648,-0.7065155684418652,-0.6639315039747434,-0.3176102212122506,0.010489667313971345,0.06244479219494601,0.06666359788538406,1.5286152625063305,-0.04544917363382067,-0.9358334131009388,1.8581714392129747,0.5321770868996264,-0.9151009970474695,0.2297579541746043,1.4803968626658695,0.5636009494737977,2.820702914305431,-0.1043964613214833,0.6810430642073373
-1.0474982347833042,-0.08670347799995641,-0.22734036846207262,-2.2635185014192207,1.9825122386578091,0.46333935145957045,1.6442717301948284,-0.28065320422324147,0.42450328924157577,0.3354403971261984,-1.8330034307817618,-0.9958509422036717,-0.34318948893886003,-1.6312413390349683,-0.15276040639037142,0.9904773923527919,0.4835044773165765,1.635809342501034,-1.147588818149585,1.8050251596406008,0.49538066913457324,-1.0671175023494786,1.5666011440498595,0.47078424961075416,-0.43610763816693576,-0.368427856050246,-1.5149319988535281,1.1788584539887714,-0.4098872489708648,-1.4417111766939483,0.193177568312366,-1.987188816125012,-0.1309198810639121,1.0393320648157356,0.774120544165991,0.45479816650468974,0.6688211999331566,1.7819141983241773,2.2552409802910076,-1.4202420511920437,0.35625343527905184,0.5061114730039954,0.9412014115266472,-0.09468190543380979,-0.20317554896196405,0.47181304682690794,1.8637758021108446,1.0145321161263041,-0.3431997110088931,-1.0304659702032983
-1.291056872233901,0.5168244289456082,0.12902978948161942,0.15067017418513576,0.07193551369791101,-0.1616766384001378,1.3528937145897446,-0.021522629129290274,0.2210731247420364,-0.2910523194551736,-1.280439382746554,0.12781255532933095,-0.5832381662976358,-0.783865225170455,-0.3084929095628114,1.6154799376132485,-1.2044218686442596,1.1119153310933052,2.4952968325094105,-0.5319643546662781,-0.652536001835875,-0.7337525638419461,0.7126914415906765,-1.5951181013013058,-0.47325866370298114,0.24001199201003415,-1.0171368209138225,1.2494883841813627,-2.2807733217085553,-1.1960252365569795,1.252369713589378,0.5281022092529472,-1.3617171048749603,0.23415014974632117,-0.165813431175598,0.7754236857751434,-0.006962426659949274,0.4385617345453793,0.26421875037751663,-0.07421898907628253,2.233366272694145,-0.3710110018596205,0.8060142354332681,-0.8006782402449422,-1.1247852702408363,-0.13068993454117125,-0.07575080809473178,0.33285463854291913,0.13551081565255813,-0.40357058147835173
-1.0341366753233163,0.881720822109395,0.1475714823834785,0.06930842462367152,0.597411186990605,0.3361584430500164,-0.24223759946056386,0.6923923420939202,1.1680714304232502,1.1356420156969982,0.6584729013569146,-0.194131795202377,0.5915673911962801,-0.17958129727423103,0.45327857486024753,0.3964716456787474,-0.6488800182607072,0.08046969918090353,1.2699989898973147,1.4627615732594732,0.010948423305132427,0.357421775474762,-0.6175623873563096,0.6712849881170552,-0.07582560247281468,0.43664397832734525,0.09483989204522067,-0.30360152430359205,-0.23482671780301412,-0.1664503258681008,-0.31194487316997976,0.07649675753514586,0.9638655084032045,0.03687319995259659,0.27879287234270783,-0.17975892992134315,0.5806894282017079,1.1285136492500307,-0.39832855432613257,-0.2055668585490271,-0.8573839230436198,1.2058318045197665,0.40767463927839515,0.6826373869941994,2.0777890032895647,-1.1557046845729526,0.6367130171501673,-0.3065562789971206,-0.7123151851284306,0.7014440093670308
0.28939106383947183,-1.4520559879270858,-1.026353356608763,-0.10487250176822521,-0.1826735734425175,1.5384412061296657,-0.01022215332148362,-0.641569275968484,-1.1598246501696512,0.4693252270883994,0.9867032036361791,0.9532580982007864,1.2538404671782317,-0.9605855858600242,-0.783625100250509,-0.6440377189471737,0.02713481678446163,-0.13047507375944334,-1.346459816344569,0.07523120856948913,-0.4437697911128227,1.1916864170889814,-0.32714029910330655,2.2374321750944826,1.0420560286302367,-1.3220018562374654,-0.7583213687568532,0.2762934112348169,0.0010397082097014544,-0.8717096566260356,-0.3085787560855482,-0.04045866076161104,0.11371726435247248,-0.20837894326697173,0.07513155103480197,-0.8121536018293403,-0.11155575175807383,-0.32609169242019365,0.48011937949685535,1.073693044165422,-0.8659839621996646,0.3039878295785127,-0.06440580351478706,1.8125144329531273,0.02178997273189721,0.8496596402754406,0.4767857586024924,1.5303366011113877,-0.7953508340855358,0.6726830574454646
-1.317890769948956,-0.4376832703978393,-0.7974343541807181,-0.5631983767314941,0.7210969611321849,1.0552937168766972,1.2871708345603188,0.6139585010192768,-0.38197007650125103,0.9053493076381232,-0.5100334131812525,-1.0333809130714506,-1.124060937026342,-0.9180629041217176,-0.45423716941953324,0.013460706529696904,0.7819312227770348,1.0985447030413216,-0.0016719831508922114,-0.24594492626481163,2.045694672341967,-1.0086353181547774,0.1297947904315885,-0.8241805575190692,-0.2854785155390065,-0.834900407505224,-0.3761606926675483,0.7175454892573483,-0.7160150725563421,-1.6874043272285395,0.29858145886674997,0.5385606128321516,0.036624778390083115,-0.5081900212405814,-0.8968718684900702,0.005192621428722788,-0.2505813783087546,0.18554994901230382,0.9698324864893442,-1.816849332844168,0.3795221392146454,-0.34600649953246776,0.9637163207229235,0.02082211591712509,-1.0365436534130732,0.701899015363355,0.1057530953262855,1.2707402712854776,-0.21458112380004918,1.4684210042959676
2.1604473586979047,-1.9613746051574592,-0.07990743963255892,1.4418127891810226,-0.6130869026090034,0.7189127163875058,0.3207049449649065,0.030470204694772643,-0.9732821073775494,-0.8888172270315576,0.27645055866324575,0.913514617502488,-1.1865919391263589,-0.09593293028871105,-0.8131723724338105,-0.5493351009719313,0.3338764647533997,-0.3863474053559163,-0.5175502011892743,-0.8364249475642354,0.0017958335266803301,-0.47371471367128026,-0.47010823889816683,-1.66831143193986,0.2177434678419316,-0.9372405314042108,0.8552951026642819,-1.7328601097550307,0.03392699147348199,0.34701394748815595,1.2936766178549268,1.6689939789048966,-0.7926349172327499,0.7780582568393674,-1.7581916695037023,0.7128443765912779,-0.8593605706263684,-0.5438817812118575,-0.32888510282811784,0.5820066762464553,0.7115015478924602,-1.369846488435866,-0.6994974459817767,0.7419994210429889,0.3724076400485344,0.8853543493919283,-1.7596389821690597,-1.3370106771239016,0.3200212006284645,1.1965966700320139
0.9874470632718462,-0.43550425590680497,-0.9162031791078328,1.710039442458241,-1.695858289608553,0.22207039350911748,0.6728678931750646,-0.6551015572856794,-0.5435566841556217,0.3710447284368607,-0.10160969929326873,1.556587993583056,1.1715125796091879,-0.4005038689484213,-0.4827701472110513,-0.31379756842279494,0.693494786806917,0.11582457993756469,-0.9817035693015101,-2.4828887314728596,-0.9265944133385352,0.3126477981221155,-1.7101285397616286,-0.02326912416645957,0.7681301992257138,-0.772226139377008,1.9045589472523248,0.08380969164753305,1.578342231265704,-0.14621197193321145,1.1452037088103608,1.183410722154025,-0.48476484708843864,-0.6579567563603513,-0.8400654358480942,1.1997765331763346,-1.6674672157826778,-1.537261726567038,0.13659980668770114,0.7422714881444329,1.4702860237177697,-0.7344556697774217,-1.0345410688138084,-1.9087811154521004,-0.506812383440665,0.972916920460547,-1.4759514073200632,1.2083192152693742,-1.2329549322501778,0.5804585030603624
-0.6797700320278083,0.38427428686748083,-0.10297824620936649,-0.4487789469552935,0.2919184927849289,-0.17449879244648334,-0.43612176354552995,0.301763195491785,1.9080345132431633,1.7084317854985775,-0.9159518324266105,-0.15159287772350521,-0.5172505472942756,0.6024178323453547,0.47857737076861706,-0.30732921683417697,1.0810746144746242,0.2368147127978622,-1.0230012799538917,-0.2706054499500352,-0.15290066203611907,-2.06410044185263,0.5706500776904742,-1.7086732677609044,-0.8803521145464198,1.183363480764238,0.80242663434448,1.0129138097240595,0.8028362241109889,-0.8304754973851948,0.1780517551910637,-0.2540234651230561,0.3693272091994707,-0.15512986382286756,1.477100802547931,0.05421800368905397,0.1630160847468215,0.05876541254744508,0.47540790560422697,0.6719555119748861,-0.0031010944856570788,-0.3224831533664811,-0.6629664276967435,0.7089367318874413,-1.1168752994672617,-1.7185412558696527,-0.1973980899832136,1.5360135224187503,-0.7460532723002989,-1.1290598722703669
-0.05952106390653692,1.5340948246885915,1.4424635127845231,-0.38138351926061037,0.8572831602341651,-1.6622947059429467,-1.4402477995645115,-0.2393817014249023,1.1448665470132404,-0.5577852465731215,2.3663701835109587,1.498165401628076,1.1706600295415446,0.4856794735808259,2.3647948418408884,-0.5821489378450224,-0.31445885977683014,-2.315506244308453,-1.2440604471980206,0.39606998744567223,-0.948275289973841,1.5477550003514493,0.25531944426141767,-1.1564258510802692,2.9881428901453706,1.169680013651349,0.1443925147317272,0.050339031929703605,-0.9776318122468306,0.4114662020570899,-2.5867395899737367,-0.17215122565109137,1.8382126295341932,-0.049017070074702136,0.28399860982086134,-0.02589464928966289,-0.2655778629171486,-0.017748664934820135,-1.4105216959425608,1.4332961835484275,-0.07174407070492042,1.0626861987163443,0.9944012388258328,0.5228948350421347,1.5430868431887792,-1.23553993507384,-0.6270784204995477,-0.38170444596465836,0.8193730136188471,-0.1355471529253731
-0.2528774387194884,-0.8285861530730477,-1.0609140144446632,-1.3411711151029395,0.9687023586418364,-0.33644386037712887,-1.4212284661344523,-0.2506351634791321,0.6298352450640506,0.9742958946677085,1.3858488091298418,1.1507273068655786,-1.4849596887234955,1.3037290054393678,0.4283577464408866,1.9413712619287105,-0.5197214618916595,-0.7380527757148059,1.108275127503681,0.17049739932131625,-0.8433563152744309,0.8269377200557213,-0.11887173961233843,0.2867183981417184,-0.05833754515048472,0.3880696503088821,-0.8159810851614528,-0.5029247816024728,1.0424149924248436,-0.38279159147089686,-0.009260917789287443,-0.8020999210106337,0.47734598688964625,0.19472958438892785,0.3678977922824983,1.219824342965194,-0.4481990614034841,0.32357046106306303,-0.27971645746416995,0.0077293685718967725,1.065568685023456,-0.0359517699820834,-1.8827177992038076,-0.292652444994858,-0.8440715780665861,-0.8173033780527579,1.6923588932248232,1.399224338818487,1.7367945241228973,0.12372442533807403
0.41333513921648946,-0.543460927586431,0.17534175424115578,0.49206102432237614,-1.2343553310147808,-0.10000101137931611,-0.7172863667340474,-0.9021348521065086,-0.6683957396230974,-0.18401884101149674,-0.3237174723660083,-0.06517398093570324,0.9470668495844564,0.5483424765198768,1.735293268927322,-0.6486838677421782,-0.06858409484059784,-1.0151149716883423,-0.3544959670127958,-1.0251729328430974,-0.4146116374734978,-0.02944660691293705,-0.4592918782742635,1.0290463990630072,0.3575055259176982,-0.16967020000969435,1.6671020827591716,-0.6779756175807126,0.2848719112454771,-0.33863530329886404,0.9416005364807801,-0.8363924185352017,1.046277234243978,-1.6248487155966833,-0.11910284911026292,-0.9217219098232714,0.32881239825972447,-0.9032973810118426,0.008172337740656295,-0.06560606054934068,0.00854454749593965,-0.7843130372259266,-0.044475038918622374,0.14038706444936566,-0.11074810531930994,0.6381428721587977,-1.0468098000738517,-0.5303282928729005,-0.9471953882124688,-0.9251185240077496
-0.6470503536270482,0.27948698678601525,-0.8311345655334024,1.3962872647263709,-0.173080793234679,0.4910872488601846,0.31704992116005,-1.0929313675286185,-0.30013204396895193,0.2849768133117621,1.019731024089651,0.34567189795069925,0.27770519605357313,0.07250677688823592,0.42248273546605125,-0.5994767162600104,1.1603534720083677,0.3804416211511315,-0.4084071711894309,0.7486338129576229,0.2712992588151269,0.6910245538697524,-0.3075138258198851,-0.14591044770902104,0.1023428259673897,-0.5010290038051122,0.8789596456170445,0.3425774789814007,0.25987548630704016,0.792887929174696,-1.4427939958918774,1.224179192711472,0.9757975158322619,-0.5443528824962173,-1.783583292441526,0.9554535197869088,-1.4866617568455145,0.5977777423150089,-0.000333969860376316,-0.4104686598763103,-0.33691574580805184,0.2019210212700766,-0.6055045550969116,-0.7372401831605794,0.20744242570739163,0.35503163166835716,-0.707209967981154,0.3042296884326613,0.18356518521682266,1.1196487651965639
0.6677060683949343,0.08466807159034326,1.4228599404535651,-0.7170263824581012,0.8572946557071589,-0.19607765199759503,0.22156629580452578,0.06620202870881488,-0.8364606812938757,-1.9392310475510957,1.1070957972332862,1.8373192494639277,-1.8874632789715449,-1.4205867513481094,0.2692935602540605,0.8345132733538195,-0.45872099543809475,-0.6714070041423313,-0.5550147735347755,0.7640768703070324,-2.1015103310340733,1.2864882615204278,0.2609759143624178,-0.9454178465838784,1.143887216659316,-0.5146339537701751,-0.661014426077557,-1.3939792840125604,-0.4965116555656458,1.9005588715508146,-0.7791227386809378,-1.7175924467230028,0.22414677965510088,-0.3796699353067254,-1.0268228232588186,1.1820391420655778,0.1844422691069505,-0.21099265866090328,-0.6777059296387534,0.9916832011974261,1.361149062575652,0.9155186579902768,0.7755400249352563,-0.8437365704837129,1.5967779952734498,0.40485594562977434,-0.19817768440083283,-2.306487091532709,1.0157451814090346,-0.6219288022313415
-0.24302801537272975,0.8826448158785289,1.3336398953927482,1.2211634738565234,-0.8063643758568005,-0.17450962035478654,-2.3073652796239195,-1.7257292763706797,-0.13238549343494782,0.27542550845834113,0.600922183926692,1.1533224918951503,0.20710873291380527,1.5069179128923975,-0.7011258762890947,-1.0933532381018374,1.5532966162601098,-1.7069557070829948,-1.6109054378570427,-0.38434181399729583,-0.7073151390759734,0.4004927103758457,-1.619733843760586,0.09944746468440364,-0.6898103754704643,1.2355896645769076,1.370774963078299,-1.304583919327047,1.549430877629579,-0.9196017512771875,0.8749561425470896,2.031962213822336,0.7298933621538749,-0.6095275897198426,0.3956261580673444,0.7171857550985923,1.0199078063993399,-0.2874612989948984,0.5140479227576996,-0.4371787315128331,1.2158474572857183,-0.26843496553343305,-2.023457175390566,0.33550655163091825,-0.7106814491309248,-1.0644205189458387,-0.3197292526837227,-0.7678488099952735,0.6818918487286197,1.7118628386306314
-0.19745260263884973,-0.5364206879607245,-0.26411127943235185,-0.8856656762715959,0.4628162822977464,0.9267122051969076,-0.06168072495411112,0.08538721113584898,-0.7424330183353443,-0.23537586018553083,0.4272178582374346,0.7913241025308795,-0.3200065943102611,-0.4601613461542394,-1.5876553570128897,0.6578350141610607,0.2614197796987203,-0.31316796066286867,0.26446723314491294,0.3831878116563706,0.46219884914411136,0.8368540278956131,0.9191798324813952,0.7903598345317779,-0.238888124569488,-0.7259115087548601,0.19720850578857735,-0.13128468535884485,0.42969771356387976,0.45005269355958977,0.9782182110716405,-0.7456054847018855,-0.44947721434182974,0.3602059236408338,-0.40581444724927473,0.5427355330938892,1.2533754503862384,0.5897641592949354,-0.4927118586195146,1.219303391485586,0.5077108869667792,-1.149909757085733,0.14006558963523572,1.053021782279941,-0.18848136265152954,1.022175860173519,-0.3487195492452295,-0.5678655491395574,-0.08249266445709968,0.21654654662735567
-0.14630091213139512,0.7093881241454597,-0.5172783114600422,-1.2597629355567759,1.048305491916124,-0.8739409591819663,-0.5865714460748468,0.6832180730323035,0.30029564918445545,0.1257969232641647,0.38045367109787515,0.29211081938326816,-0.6507005166752927,0.44262923403226406,-1.5506054113031762,0.8540939232622782,0.13898323582624,0.05596991300469579,0.1572274437510869,1.6670525614529856,-0.7120101527940776,0.24402500770958735,0.8511670891119907,0.5953775663377104,-0.8397486263465195,1.0176998987013972,0.06426283953101605,-0.14845450658466977,0.2575300987549683,-0.08688362314074381,-1.1069655817642319,-0.25778457371227026,-0.3621267136187204,1.1339264507356386,0.9179055173850662,0.1292028901228617,0.20754782416385803,1.0847160110407605,0.45706540466299456,0.4156342755831199,-0.04867004225660147,0.35577509015370495,0.5284739479407488,-0.3266874127180039,0.21061312445904734,-1.2672481493858136,0.29845501073648145,-0.3001876907947728,0.2285687120696498,-0.976451788928016
-1.8718574674948163,0.0025546298654518626,-0.3152244003420998,0.2752927536753046,1.0518233397759178,-0.08464344106058447,0.32310615193403197,-0.684563175263221,0.12878653474382618,1.1430586613188667,0.3016023846028218,0.15733624775046218,0.888396676994706,0.5281195962101021,1.2938442019774985,0.3455518594629703,1.7449873146791406,-0.013377385896651805,-0.5922971478214092,-0.4020925347533156,0.49953871678178824,1.025890844397244,0.8993617220729314,0.666992464258896,1.672604681141549,0.46526354743494525,-0.9917694210928578,1.7277262104192477,-0.5570857977442908,-0.6576653522440729,1.171154975781621,1.182366533993949,1.1427140584477453,0.8618491070535833,0.8528552053063142,1.178703297301965,-0.8872760549120897,1.09031875606247,0.421281297352814,-0.6532503718895866,0.17632736633218557,-1.3175436541996381,0.35576331803816635,-0.4389832560746995,-0.6793119895562992,0.31980198172338664,0.9093538649376214,0.9444389295369525,0.23642934653097525,0.34850201172842443
0.5518261147640007,-1.3443473578578684,2.569260535118552,2.2338414748808044,-0.6115299187013482,1.193749691402331,-2.0571608819003364,-0.1352396695925674,-1.0730926486228074,1.1687936899927949,0.9270497465036354,0.9201731370408934,-0.681154337044144,1.817656965912171,0.4545430532083983,-0.6221774494790296,2.3497702163902003,-1.8691787474031243,-0.7305435320178334,0.10049703492807073,-0.7548905325215013,1.008524783248727,-1.5911093030084216,1.5494316994592954,0.6433550765015318,-0.21224499424449508,1.224156703826029,-2.9212960364963902,0.9388060259897589,0.006325887587119766,0.8481098498064373,2.8047516690033025,0.5270211043454943,-0.5173172954144054,-1.8923098426553016,1.3343486966302405,-0.6332338819779727,0.11761239875345053,0.7811290385724753,-0.35403607796801,0.9033934162871136,0.17405698185609425,-1.3302966772879792,0.06564252623723034,-0.9898335368689071,-0.3287272403682524,-0.7193138774522622,-0.0568189150457934,1.2280296331394422,2.8436009080745164
2.523783172805545,-0.2522387959907607,-0.44570108096350114,1.2805350647689122,-0.7880852486515739,-0.7634834244339986,0.10766483609223813,1.5192261904218558,0.0007129127144054506,-1.2121771391651157,1.0351609986429102,0.9176810754988698,1.108222547257842,-0.4193549557160786,0.5338051328621085,-1.691130907937562,0.45669320246050377,-1.341580063761648,-1.4510703127201363,-1.6056291034703043,-0.7715867336609226,1.3075300906624554,-0.1732529326579535,0.547702193456507,2.580710405657166,-0.07648012359629912,-0.5523923825433451,-0.5494726095739496,-0.8028354591670012,0.8154779921589045,0.24697251362336953,1.5959588464842431,0.009102569985584931,1.5665159778654127,-1.7103275303029262,-0.2679274183374945,-2.6204505207778577,-1.5210531392561595,0.10389664666081937,0.41882309067996226,0.09909655921507692,-0.7412081179881183,0.6288165951700663,1.2705893582417465,0.29131379886125974,0.2736098436589945,-0.675531976498142,-1.0705585700016618,0.7354649497464629,0.6394227697563284
0.9893146189278459,-0.41760240524979453,2.7767321189901732,0.13068155272256332,0.2140739181031033,0.054925732900281715,-0.6297121139855759,-0.24619682323816847,-0.8118349844330762,-0.9235484230717813,-0.7835989011967208,-1.360428745977601,-1.0622063412107807,-0.05036165177858779,0.01917177517684916,-0.6624859788428361,0.349967626332802,-0.742051275975372,-0.16524555373889951,0.6897124126638615,-0.1369861384335427,-0.19394817989546317,-0.09225886330056147,1.2962703492611651,0.2574679453468513,-0.3562162395496676,-0.6360472436769762,-0.7736997677520326,-0.5524662748066737,-0.14808755078500027,-0.47580187531551105,0.15585210744440212,-0.5872735954175453,-0.06952544783023772,0.26374596522158483,-1.4666304786162199,1.08309855353539,-0.04345159631400066,-0.035937985704594826,-1.0641669547864485,-0.9234078987291023,0.9946211326636601,-0.7770880630136442,-1.161235926390154,-0.40374463517465187,0.03157020205891596,0.6005938340209205,-0.2409818649423139,0.3276045390427669,0.533987113739106
-1.2699966408955747,1.0677549150275292,-0.021416719064009326,-0.9987921479953106,0.8024685943663006,-0.7529275546262515,-0.05049329979940156,0.8920369606550597,1.0182897225653709,1.0925229273364363,0.3449845818919514,-0.18140238901965072,0.0059093291796325385,0.49935926899234756,0.3865754883903921,1.2189440796517341,0.7866449636458125,1.0809175784650864,-0.20108220887860093,1.396077709167473,-0.43567332141907594,0.4675246132653651,0.9925766689242855,1.814050015840803,-0.4789252115802351,1.124643343647527,-0.2869251743857307,-0.3987234944280782,-0.9924039986218209,-0.8058195003041823,0.476913739197796,-1.004809727615287,0.38774472529062104,-0.40794802048755924,0.6946639107314925,0.3518827871132389,-1.669360849680247,1.5187215083966406,-0.8837204650504906,0.8969374919991187,-1.1990513478216327,-0.3716226020482629,0.8144798938670071,-0.4103702682465578,0.42086661545886206,-1.0696315426245744,-0.252115014390121,0.13214252472873156,-1.1045737238414473,-0.9544799286603869
1.368771708103099,1.0087499078122708,-1.1975835313281593,2.30205369790869,-1.0753566043025804,-1.6598345140443456,0.09345779677081159,0.21583428851097003,0.5383201788435542,-0.9106986708513674,-0.2245212991384364,0.2560887197942678,0.11812864884563307,-0.21049000371265797,-0.1646551434958903,-0.3512674977473159,1.523617982601631,-0.4678106658631992,-0.23797411859577614,-2.18341203507348,1.2272021643471291,-0.7009352227880173,-1.6088309666744798,-0.06175502945662083,0.15462169490554406,0.5806679771631296,1.1607672804666127,0.1960412767109662,1.433308606658862,1.7464549237780767,0.8702364898474695,1.4890617065228158,-0.27974918971031826,-1.3723564644988693,-1.4708180090228113,1.5193606444579209,-1.5673833804026271,-1.5538369013447992,-0.7414201884213457,-1.7988324876938444,1.9397795238909739,0.475217903915125,-1.1699482245361081,-1.0561073239152479,-0.1874878350076064,-0.5113416597442828,-0.7201140794924271,0.3919146555869256,1.2926416204021605,1.3235314167105272
-0.5256640047413307,-0.3398352208452867,-1.6075141338602617,0.9522662741872282,-1.0738707974658024,1.5207573375209893,-0.6986259519631253,-1.1590903204891476,-0.6912918789187154,1.4187277093429007,0.959230439064626,0.2420108024368665,-1.421603723112038,0.18203661675613184,-1.225459930819025,-0.9257913565122111,0.7618663211393203,0.5016474221382745,0.03379357542137547,-0.07216458045259568,1.0472267121188004,1.031452400983696,-1.4357989625644754,0.18659149775652542,-2.156245658017608,-0.8399985159798926,1.3860040245890546,-0.30881189816772003,0.7472945265847896,-0.6936588536194834,-0.2837571451544647,0.36797688542858353,0.5761542552238424,-0.7199715833030611,-1.3991723751455083,-0.3317051502926185,-0.8098387046044674,-0.2747441544213375,0.4610426030856064,-0.8806483453381628,-0.03341214703168651,-0.0044561479725512085,0.238222941265458,0.5639756354455602,-0.6487625634087657,0.4030179001972476,-0.5593683241392995,1.6624199405702682,-0.802201855442656,0.9456639201142908
0.05877890571094836,-0.3311204207621206,-0.42551650163279436,0.6743839565708402,-0.6442474140636747,-0.7300141604959813,-2.5851656506674727,-1.1023172964157346,-0.43496005446822605,-0.2344461184193183,1.0161735559075615,0.011303875049730908,-0.4445577379569785,1.5056695052345161,-0.10912227259392687,-0.2624073706399091,0.32031260098999,-1.9589835154835282,0.7814458229265038,-0.8308919585888301,1.591355099745059,1.0814317610982818,-1.70927570919445,-0.33955409295565897,-0.05242015231481712,0.9718934838504684,1.0889809150076828,-1.7637605160560128,-0.06758129675631834,0.7280984305574162,0.6143398366571522,0.3999848554901061,1.7913797774438749,-0.396753123262039,0.6511652219175385,-0.7274195112395553,1.326483744433624,-0.15782693891027663,-0.38797847100863364,-0.9042523162639884,-0.4107761792922058,-1.1526466888701734,-0.6690510854482705,-1.671824497663529,-0.6131729362311584,-1.2945633258840015,-1.806259331888293,-0.29562832906123115,-1.4885287093581072,-0.3909981411733787
-1.2045289646215127,1.030423832595293,0.28866505873367304,-1.2480997702451835,0.8077337113990067,-1.9927865391454684,-0.4818852269175991,0.5306637367388531,1.6607127851160794,1.082594467061329,-0.004583158236355236,0.3911593064320772,-1.1171883524426218,0.5274899145725466,0.7788902714220587,1.8932162145119056,-0.7445816275861705,0.7830458653159861,1.544685433636796,1.2190341471725366,-1.5320013766161422,-0.4396691631821171,1.1269331006521979,-0.23720828750424283,-1.4554671357659787,1.222528771080976,-0.9061064717831789,0.6285409494159554,-1.019627090691343,1.3507173489827977,0.4111613332811473,-1.3758957417671838,0.831306365461008,0.8151052677233627,1.6368145160603957,0.5962454327267759,0.8654544435109728,1.185677408931442,-0.0151182314803642,-0.36610764878583973,0.5443850404828292,-0.5554436310030441,0.8795545611532105,-0.93021326020643,-0.3147199742541303,-1.624017252758721,0.5626732154059803,-0.014818881238856418,0.04271701839001302,-0.9162361100965006
1.2030443436117488,-0.9464958946403286,0.9829411844082941,1.125024938481701,-2.0489776731249703,-0.5350367060209418,-0.6866002271560446,-0.5038452203383268,0.8539167847617203,-1.3582784596359987,-1.4807614577862755,-0.9865107282784923,-0.2605773253554152,0.29409128314655714,-0.16674835013133738,-0.4041219961581215,0.0011045335285673516,-0.6579163962705398,0.1944079958858684,-2.7743892039322544,-0.01170943189088052,-1.6320325001972507,-1.0764472148612694,-0.7009374899138359,-1.1473081558232185,-0.12228476184393763,1.213931695294068,-0.47305886716645856,0.521562000020205,1.1875038621864649,1.8950729095752408,0.110893491287148,-0.6008478922929579,-0.7017856518068997,0.19628992614920043,-1.0878373968151485,1.1734588861045814,-1.6793494416468615,-1.434541417480376,-1.4475885518583473,0.9569503172848491,-1.5239932193973769,-1.1417493650329582,-0.2121395370488733,-1.5165535304685949,-0.9293132178831566,-0.31270736553792083,0.18589594972120616,0.1651458195411637,-0.195466774798066
-2.0385224201912275,-0.7465873790163493,-0.9215393873502445,-1.5582879609115634,0.7025815514413004,0.6224344242717835,1.2771760141354456,0.3803824036362609,0.7985928558862264,1.0083614738875466,-1.3086983924013307,-0.19596985193319003,0.7974717481349027,-0.6568745749784669,-0.7214631320931465,1.7229114043843117,-0.07371011361995362,0.91427176436896,-1.4110976211641661,0.4003100859318089,-0.7705885363400103,-0.5913099917465364,1.3120201673995235,0.1648996351221913,0.44556491737431914,-0.5688149165987102,-0.833980295327445,1.3766379655276553,0.10898988818350472,-1.4965872417200825,2.7285974482216413,-1.291886182571977,-0.8979081244540448,1.4679357246064946,0.09369900932053306,2.226256644838197,0.2587588753992687,2.2592075324195253,1.3960186107120731,0.42043948992507263,1.942483457049329,-1.226591636369836,0.30469274599084195,-0.4759105524196595,-0.5905107851193235,0.44557714320245734,0.6230545336527812,0.9807667556344836,-0.6142111859093337,-1.137595495280051
-1.386468972791964,-1.5483015003780374,0.5327270833374758,0.305609272594234,0.036370843142710045,0.410809967856891,-0.6269564203191601,-1.5369996679272497,-1.2363968163327688,0.7678460120166802,-0.5845837195993817,-0.26830619881909884,-0.7588355100334984,0.18394507505721366,0.19687334326468547,0.4583298070889578,0.756119425520074,-0.08221756961543361,-0.6153292739504692,-0.5898019471003728,1.2580226488252106,-0.2208676269586318,-1.853289435605439,-1.3123643668007534,0.5024859761274315,-0.8953300727065001,1.1433734344934126,-0.9032283443817433,1.228840684421934,-0.026085662191901112,-0.36429001405616396,0.8511563139904115,-0.7786497445900159,-1.742068875871444,-0.31001979171297134,0.10593183512350364,1.380787697505631,-0.5903047762392424,0.4801700380724658,-0.3500436046417612,0.4122054896956185,-0.6293154051896254,-1.4359476071865587,-1.1791941864158055,-0.5409000432066863,0.8777685978148861,-0.47101385388243044,0.27558429014203173,0.8711285692085717,1.7998225391522704
-0.9523811496166295,0.3193883946782392,-0.7342331176073994,0.9984988957302605,-0.46577592726356976,0.5329852956313832,-0.024137558689242177,-1.8479560571754758,-1.479148462818828,0.7388986680333975,-0.6786092712910459,-1.2672005969554139,-1.6428016099003497,-1.2083155955404716,0.22900854794554257,-0.34467977273966566,0.33273476269766195,0.46290016772217973,-0.7434582311619232,0.09185345583285875,-0.49694526581999765,0.588903058254219,-1.2881570186637537,1.8195039671915232,-0.238646459218906,-0.9666605383424949,0.46077021466387363,-0.43809402681978243,1.634130288413348,-0.15005477397495035,-1.0304957828139403,0.3200543739832517,1.1728160664470766,-2.461933545378117,0.19212638052502107,0.8182828196978384,-0.20118221439311243,-0.308314420850334,1.866810345399779,-0.34672965504066156,-0.3922223788388271,1.5721485485625635,-2.047633443478014,-0.9420217507467168,0.1326506615433185,0.5251302597948636,0.9698456690890511,1.1377100217786609,0.3813536998106222,0.9066004007740656
0.015309441711580173,-0.1521271299642469,0.7095193617807154,1.1070183834729967,0.17123995519454893,-1.240577346308423,0.406465620014761,-0.672541089086939,-0.008340210820429952,-0.6269614151596598,1.489814401363099,2.614459986648959,-0.8189125337181552,-0.8060739276700444,-0.13987035204599518,-0.6785931630419828,1.5716478823341393,-1.0051128882007934,-1.740612660239069,0.46572944680763173,-0.4495898159294742,1.4931690003929312,-0.3997754835638898,0.354465028653105,-0.22095053064150497,-0.10128913765180836,1.2398145783645356,0.8734480160291054,1.6486592051446012,1.3994618551629814,-0.2875200064380877,0.8429419174563412,-0.34366685070936204,0.7387925889000446,-0.8951454107757956,1.7195124169015408,-0.7653617078338334,0.0077974025686101504,-0.33175125180081144,0.310777654532806,1.6872831416732168,0.5775706751449827,-0.9472013157252367,0.7888190712033524,1.8912190855844164,-0.05402189853610424,-0.4515558657260119,-0.6194681091659109,0.9280923979732355,0.29810741506192184
0.42767100393117896,0.70044505106652,0.7108237080701204,-1.1368501335546597,0.6994594546016415,-0.3381560090775342,0.37944711187954105,1.899333534845541,1.6706236196301103,-0.22602729904008798,-0.3689960718780933,-0.12127244012653143,-0.7880434393114063,0.5696285372029813,-1.1000741423383154,0.8146260315242457,0.11583597657606377,1.870709992665941,0.7230754108886653,0.634420425887412,-1.1426094338063548,-0.6056867847307796,1.2916015068542643,1.3183324465242583,-2.206529754585022,0.5117060912093453,-1.1131906811494658,0.7414619280936061,-0.07701498622074271,0.10199761621904592,0.6390359072024411,-1.2221424363490605,0.14987413311166,1.299424990071458,1.617973375097251,-0.2188439146014503,0.27367807597585236,0.942099371248159,0.13975657757436113,-0.1758383506588152,0.007935463604509719,0.32645161609219286,1.031506846032369,1.0306226845110278,-0.8539719043769912,-0.0732129603995539,0.9576722376275967,-0.47194649774778274,-1.549197153359026,-1.0018930295756825
1.2095497385367346,0.530647792651703,-1.1724471561685783,2.149168153977413,-1.525606123560522,-1.5064130086953482,-2.7208325911152142,-1.4822923555685354,-0.4110291728570325,-1.2847299519162738,0.8552198771875088,0.18311118803348633,-0.7982657753242063,1.252872070365439,-0.357571293041279,-1.642296439136307,1.6592862271831776,-1.921307719722067,-1.8086379347603487,-1.634645405580729,-0.6528923914740532,1.2957669497313715,-1.675555002431648,1.6788491016341673,-0.5954062413844415,0.3004529721175781,1.1454385480127758,-1.7967907032322676,1.6075176989533282,1.1727915582329438,-0.1907088420748205,1.725874734202073,0.6378337764903584,-0.6807797142389413,-1.25307659735678,0.4432361956615342,-2.4758148501860218,-1.566411615770803,-1.670583686999102,-2.041852264987803,0.43715691574321835,0.8143430671421074,-1.5449958186010313,-0.907908488514153,-1.0783710989319522,-0.4722356962239564,-0.9482639518828042,-0.18775074133923378,0.8459661613290703,0.8006501283178926
0.49907697333601725,1.3056500636357113,0.7271365143536791,-0.028977961417862044,0.16173863711368688,0.522731197911124,0.9213876848819912,1.198663124093905,0.3530891278051517,-0.536942608183779,0.15835313915359986,0.14740903296553473,1.1013618024337228,-1.003070494474885,0.45582447379367913,-0.3045796022447913,-0.11030021253179811,-0.3049496960099626,-0.6246473537287148,-0.2151996601649401,-0.06149927373845963,0.9385088627175386,1.0469923656932325,-0.8314011481512578,1.0665639223490364,0.44971093807559254,-0.5772401197459548,0.18490343390765882,-1.2908121259699503,-0.16848476400409515,-0.05659665113174911,-0.7139010946389257,-0.6421756588838411,0.33958305420756957,0.28230835773413643,-0.10204432775035656,-0.2697446393631519,-0.3514622052506126,0.6639122617048924,-0.4995311842541142,1.40085281180853,0.2566872739185533,1.2467470168584038,1.0893906783157017,-0.2070305333496039,-0.018829079828836415,-0.361411713616761,-0.0021826651623335224,-0.05182496376596426,-1.3114259225619285
-0.7433724877159961,1.2954555262275325,-0.45340514071127686,-0.35359627169459984,0.6600035499118992,-0.7632201500293314,-0.5741770939439805,-0.7267511741110069,0.8512440039837859,0.06133314348005368,0.5952211180954748,0.8697540189703397,-0.5819128981916729,-0.3090788698183952,1.6965973125495402,0.4355378761395532,-0.2976050437059358,-0.12395935610651614,1.0433027465277724,0.8310007542998277,0.21322303263126396,0.5202085661824186,0.40109423103567726,-1.1086743240305168,-0.6209428641123799,1.3247169601205881,0.1292601050642927,0.294484519184881,-0.649466547126339,-0.4706006529971583,-0.5652150831246421,-0.2234151088189028,1.315310476958826,-1.5306189478491834,0.9137967508832557,0.09800652066404725,-1.0565231379027826,0.7196010342290982,-0.016439498633255507,-0.7165395143049699,0.6510189004232878,0.6476138622244743,-0.6320584068607978,0.6235759953963438,-0.07396016477306552,-1.1939196287762646,-0.4347359874763041,-0.8773107002509862,0.12165205042603279,0.17325889123209906
0.26619536823222373,0.27764608229348736,-0.7735045196168199,0.9719183217618964,-0.917569922219896,-0.8882312504714199,-0.17885384356042866,-0.38450683163441407,0.5045491253165214,-0.298439345775143,1.1867011780728294,2.6892502994265906,-0.8427340681883959,1.33366409760136,0.7819592561361327,-0.15409649043448992,0.3757701384650785,-0.6086193587749279,-0.2837067955858817,-0.30998987814689094,-1.7099637573747468,0.8639286970089347,-0.07520092612881249,1.2089751681517766,0.27896761619912264,1.0989330015031638,0.6188739794184981,-0.07070997724230108,0.20361522296665374,-0.5597842280426606,0.38548921203170505,1.5508236501590305,0.2837194827487089,-1.226318320470471,0.06404734469379807,0.6219121825987969,-1.6591468518330368,-0.48668364915594725,-0.17561798490813552,2.890979472655433,1.0792964813937733,-1.3207730007276426,-1.3505434373106988,0.8716042733850113,0.5255108696540106,-1.0781121896307067,-0.2087916186068027,-0.22479825211966817,0.1274913017251173,-0.10831866076469306
-0.5806549599072083,-1.2278835025724368,0.7030258718084459,0.904105727705623,0.3968072420639748,0.5298069298288894,-0.08728149056419798,-0.23627602788802332,-1.660345470116108,0.8833921387900758,-0.05832621162345241,-0.30648823686227084,2.790021537012048,1.4464190803778758,-1.0350522190998808,0.43832128392006947,1.103999756829712,-0.8120569935812499,-0.8709162491646334,0.8135139469152554,-0.3603527665403606,-0.09159986296230331,-0.020324656978896467,-0.06721678415265948,1.514608472687407,-0.6455052794265084,0.7007646680662475,-1.2656459866052863,0.9476410015372883,-0.8511726560925036,0.09039556702213035,1.7870278050003021,-1.2670355921924557,0.27273724927957943,-0.3223763551925401,1.6759722888582407,-0.7263305133017229,0.7470845870593996,1.370970861934825,-1.3900403485822979,-0.18581506300041944,-1.2789988014953078,-0.7108753817947752,-0.1834424035176734,-0.5202808735006125,1.5922689077370158,-0.6143020287387551,0.07954302995216334,-0.9071029820017766,2.5816212456468066
0.7709140272998729,0.7744738859756508,0.9539091290234849,0.2548140653885919,-0.6797475553348375,-0.8309246471452543,-1.4527940925241374,0.43984166255825075,0.6708430048874576,0.02388985478550075,1.1551111904304172,0.3973172099888933,1.9891956438951257,0.40500744090970103,-0.18722782953848602,-1.0973427453436375,0.6026071221079035,-1.638817880393239,-2.494348805789373,-0.3096445834824761,0.04874744425319919,1.2788194543904474,-0.4784919005083277,1.1745670652287612,0.4104935329520846,0.7037299671254991,1.720764141068699,-0.9131933104773832,1.1704561092665595,0.27206832272759923,-0.6254961503783399,-0.6489618787708614,-0.4912439634819025,0.1442589103438914,1.2844843874906064,0.17506341481276444,-0.8024971966381124,-0.6096089881026701,-0.238375688798059,0.7732717199795215,-0.6720769567240212,0.25728714578704714,0.024157661098854696,0.5770664824522262,-0.04236690469166296,-1.1184028261418746,-1.0877784817050167,0.40129945367977277,-0.4812581582468446,-0.3328317592500533
-0.06433215786425224,0.9908060634462569,0.12115740084950105,0.7926007895042194,-1.1161190347592127,-1.0304437377832925,-2.2788402416207116,-1.6758466618447978,0.4180361104429844,-0.9332056195519238,0.5363000224429597,0.5218954348802071,-1.9224094164603476,2.9565702869118793,0.161591860313657,-0.3846077448081519,-1.0480903955943472,-0.7405932396448537,2.349383546035862,0.1888318249734801,-0.3156611570553395,1.0545797445099814,-1.3893199122056563,2.7964949348400583,-2.245489672568213,1.6423428440136738,0.1657867756630674,-1.4865965249844382,-0.100610673789264,0.5651306846313165,0.1332895417878678,-0.690467457245208,1.9158983250604142,-1.1700856219004925,1.8159693521251845,-1.1009792442882418,0.1476094964617164,-1.2090320006144173,0.8317596694586464,-0.3463859092256176,0.7413997743947566,0.12335828310134923,-1.0346400840370178,-0.36733665719773,0.05636221299203482,-1.6061944510776103,0.7162485170770012,-0.0017682542326795333,0.7571396927002626,-1.2655118495793982
0.01988343583028344,-2.0442808690680323,-0.4772923076434581,1.0852927963566614,-0.7840260698160758,1.185262214088462,-1.7274133937398592,-0.5845953768470252,-1.6941483151804646,0.469090196331508,1.761677028515122,1.5849004536055287,-0.1266942348302378,0.5894340711053575,0.11699200016766406,-0.1908874933351952,0.11139972596796853,-0.7401590172399712,-0.033716578667867855,0.05250791360842948,-0.6128380393637183,1.704989131813843,-2.0031211538784426,-0.6845709602543446,0.8554331617243336,-1.3864846794118928,0.7575522582201593,-2.0397231067782267,0.47566405649540394,0.24997586246343517,-0.02943184365919701,0.4064421954023387,1.0854036968215353,-1.3945071109168545,-1.2126116240088995,1.0721800009807723,-0.8352214616408579,-0.2262907519832442,-0.27483373506656295,0.1259442048911166,0.23442276704129944,0.14274317554314023,-1.7740425525093595,-0.07721567846292715,0.15015401969572992,0.88141960912162,-0.7274239047275614,-0.40410920773225384,0.2942827260700864,1.0505810268741007
0.5829474211034434,-0.10362847465792255,0.2631764927596674,0.0910349517707882,-1.517425201433604,0.6629109588746823,0.06260331304039006,0.7318697683666959,-0.3903647924884038,-0.3803863065163734,-1.1359178929129234,-1.0701966770093083,1.8454592282462916,1.0326736418491718,0.3384542872629585,-0.9314625419014123,-1.5965852064923653,-0.06832412818688385,0.3570588218274795,-0.9412487811919259,-1.2902336880764749,-1.410963943285004,-0.3934787510981494,-1.2103583029287706,0.052504461236816076,-0.22911395468459997,0.471473970765255,-0.7842831891581058,-0.38524482354084144,-0.7412780376040308,1.7142348257132283,-0.2588627701708901,-0.7186905555379807,0.015397623262330731,0.7436436522162043,-0.8796998873468939,1.6777675720127263,-0.8348443285515181,0.035002362143176036,0.1477115918983723,-0.07244194394690112,-1.1917800572162942,1.0097093550420118,0.04185587081185122,-0.6043801395130014,0.6081842187840745,-0.7908816732085877,0.02640498292950309,-1.666397784429038,-1.2147068970599315
-0.3636665552117962,1.791186573774269,0.36867918004563144,-0.10132634858025054,0.25968262567533973,-1.3140962642668252,-0.8434287858235605,0.03988935561244003,0.6381108724625679,0.7327451277140383,1.0960594816243123,0.2956826486260287,0.9651888930684536,-0.5252353050464647,-0.5109892658393542,-1.0256220805161986,-0.6082871225434715,0.04519846100647078,0.25077052795715243,1.5193425609600926,-1.0907586203604613,0.738475194254818,-0.4874730546898273,-0.05014730054479169,-0.6398376957067263,1.5470473611838966,-0.18661843372284362,-0.38292201023078776,0.4218549851525736,-0.21443267986015122,-1.3593169484368048,0.2663352348523415,0.8150977356518683,0.7734221030149262,0.7577738449243719,-0.5619595744452082,0.3837412318374069,1.0735652724096765,-1.3184331260177862,1.4326558426445868,-1.58056044084467,1.3689203395448564,-0.22282638603234095,-1.4077310289294411,2.126043777081291,-1.1199426859062647,0.006469883897024559,-0.11231490625809315,-0.3585488600951065,-0.459556224349108
-2.0667394619630803,-0.3375052073521339,0.338422069991887,-2.000934609605658,1.8590275118878097,0.14070064034315066,1.6573611028533783,-0.022870180386208434,0.831547400863001,0.46583372626847525,-0.8307582399098213,-0.8360063104701769,0.30693417180193056,-2.8160872728498916,1.9967606642659845,0.9238893010556023,1.297664965435051,0.5232632645660568,-1.511973848228373,0.84191081503557,0.9365337542720927,-1.2495560508596082,2.0619621897544413,-1.2445970164130802,2.9335728349313768,-0.10075069292309964,-0.5379596657423893,1.7171521781608203,-0.40480738672436706,-1.3648771307993184,-0.31452943225776275,-1.3787203757692301,-0.2068712098963024,0.15548481407930512,0.816137068084935,0.705577605334417,0.5683204894727029,1.0652618262574736,1.5792681316140125,-0.3617481460507829,-0.3574266833284838,0.1496362318730135,1.6022657414474675,0.23647130755205492,-0.5689769647078714,0.6744646687740808,1.043808662958412,0.5869031678012224,0.4555275422360719,-0.7996350527805878
0.7156003520542464,-0.2864933170515263,1.6146202701492682,-0.6564370104698019,0.8995750631897996,-0.7834224135167883,-0.9285457181649078,0.014822790997823965,0.16172938374371731,-0.059559478521694124,0.1654657594666505,1.248295862569939,0.016675748228745006,0.8965266702873229,2.1776773478066387,0.5534155250400773,0.3612369947680377,-2.303775940736058,0.010037649796783694,-0.30120930670574353,-0.4240136710124141,-0.50738933938119,-0.3808975058500394,1.0629357121673766,1.7272302111383884,0.1487005330468667,-0.3589828351821725,-0.40824407381726313,-0.9407999835444919,0.7430892576554979,0.10960804013780066,-0.6827175138693113,0.2466326181033775,-0.501172412153773,1.0337118730198553,0.5112419892993544,0.35219407192751395,0.21824684610389986,-0.33973978909265856,-0.08796424675792171,1.432458749170346,-0.5672933054175192,-0.6368575043219039,0.3476508445734358,-0.9869943248499852,-0.1866129031576448,0.7553185506860308,-0.6065122295844583,1.1145963758632456,0.14398869431366917
-1.0090402882499485,1.0772736581428692,-0.8493535943959528,-1.6087078744898031,1.559285959128158,-1.4648573072734803,-0.4372151434479365,0.8187719760837608,0.8285422238667335,0.8466263100031585,-0.3266377548973525,-0.43277155867596295,-1.586473448476914,0.09782385765399253,-1.6139319092185185,1.6952036430449011,-0.04519343999960799,0.9234680847969672,0.0775194835619479,1.9832188742726033,0.16262099328081878,0.2059341613906002,1.0970697138646757,1.2009503249435243,-1.0221211402696309,1.711845621900337,-0.22077696207521968,-0.515730863908265,1.0064953885691659,-0.25703337140897975,-1.1489152432767098,-2.084167659771057,-0.953398078428188,0.6379444477060502,1.4485937325984406,0.6587837752317025,0.36137328161577964,1.2030422675007895,-0.3198116210730404,0.15783652581050106,-0.29232549238228134,-0.4851849618817938,-0.49385423303473425,0.25138856374387497,0.30925969285273824,-0.5153111465033274,2.0318763566614177,0.09998368702894378,1.8432921399506659,-1.716358662334776
0.21507387644628445,0.7772918096185639,-0.4257069170014522,0.7877374398283135,-0.9648831884581823,-0.6959632408747566,-1.3178554786361116,-0.4828782399341788,0.042057985484253914,-0.053314324709800145,-0.509861140219912,-0.2479134570596975,0.3375847004424787,0.8746547304166064,-0.9705577928338277,-1.1074065588064943,0.06009972890064525,-1.1604716667448405,-0.6876392976079736,-0.7597722015445677,1.9334785209859273,-0.6931240438272883,-1.1621107217633964,-0.020767319034625326,0.7427351989147563,0.2594289253578903,1.355747153464296,-0.713064731394506,1.2161481039350728,0.021654284440674586,-0.2992752374869695,0.6591999154265562,0.8476980470643045,0.18564708117899173,0.17059624235662466,0.008543673002335687,1.3040993901186795,-0.40610533619706496,-0.4728557357445507,0.3132695144090728,-0.22809894673856168,0.38547989990025155,-1.2235803892144534,0.11076522879863338,-0.1068556133089631,-0.5427096522818889,-0.6159826032325109,-0.44244517355491453,0.13621245687744118,0.13205921309518903
-0.6462830241244919,-0.5128448895681323,-0.6291768598222421,-2.2540386868318714,1.6908993780421706,-0.6051513473131732,-1.0529290977594985,-0.5425042522961963,0.04174752155712202,0.44276489456545054,0.0017953885499347175,1.1105557306976654,-1.146398509293988,1.0946535838743208,-0.4651422646753232,2.4022287550164796,0.14607417449608714,-0.6540392756603877,-0.36443550479546055,0.5461792299412798,0.8261691807542313,-0.7906832088489771,-0.20319108383733578,-1.454012610459955,0.6332935021825413,0.014710611646054039,-1.680955921587617,-0.6529542831870349,0.4858349556904212,0.13743062039163514,1.2343920929229728,-0.9701119039391245,0.45007056753596447,0.8823404149847934,2.0205069769841515,1.841790131240675,1.3917328473901958,1.4275184980826352,0.4000049343542369,-0.36093819167343066,1.4144276107710338,-1.2405648498168038,-0.9994072154754953,-0.22190877287319932,-0.28427570549802095,-0.2919518698576519,1.749536462467871,0.07687252360803087,-0.13017543073512686,-0.33457184016974795
-0.14443404741809784,-1.3563321537274247,-0.7407346780912456,0.996462484157674,-0.937191206263925,1.5831224758311089,0.2624307237704036,-1.2073333475107604,-1.7059017772645382,-0.6685286757563341,-0.24784657391455914,0.7733396846190668,-1.5648232693534998,-0.6399496751061602,0.8859058605529119,0.5218665374922073,0.004845720176112642,-1.0251776355759963,0.6325080256919773,-0.6354040341580648,0.32627708708238545,0.35766558649559577,-1.6080721359358727,0.573584601504085,0.9998574261364267,-1.45567030124443,0.10618180689290761,-0.7648361522371592,0.05121678490768987,-0.46167883939944726,-0.25826283978419345,0.7104760489420128,0.38565075148458333,-0.9852944173704208,-2.0254692116611217,0.6076363378724727,-0.6263988673174734,-1.4490160254606392,1.2774404177250007,0.3349417969730608,0.4933150869739246,0.7910617201340889,-0.8585017962049403,-0.7487680272494806,-0.05035427413158529,1.3440370471340084,-0.2358949978690947,-0.09717485134795652,1.4152664014028102,0.8154375524587495
-0.5992787245960405,-0.1783716218867558,0.9373966993246475,-0.5011896584320448,0.9552119710297947,-0.7839047514921389,-1.0579473440104272,0.4693444357453654,0.48975913339906507,-0.6158342611940121,-0.3630473077494804,1.04326598380202,-1.8502104560500798,1.0684949517240725,0.5296390726199613,0.8461903493585257,0.15526885434839088,-0.4549269884561437,0.43781882972999064,0.7724807131792892,-0.5786536062973945,0.5069932869368768,-0.5039666741139343,1.1519402745220952,-1.0390019741291703,1.1202457870878244,-1.3940503277764578,0.19494251868643944,-1.0922359379060258,0.655715039280546,1.0648671979548299,0.09978240526627437,0.8766066496674197,0.48881167800060327,1.0859060155125617,0.13453764186129205,0.6535390818085298,0.6255966628962313,0.8100560115205545,0.2658515968058775,1.5044103280916472,-1.3488266135974798,0.6887992374187792,-0.7491137331062386,0.14181441597763525,-0.4840239297740913,1.7035276710283864,-0.40400462814815047,1.2728169932124573,-0.1180352789757451
-1.4000318723117036,-1.0255992203938826,1.1432843911064472,0.47461553990183164,-0.886051494579722,1.2249108353717435,0.7851745512960935,-1.6918083521362022,-0.14631321911848125,0.6594321627949465,-0.4711084901900975,-0.6856498445450847,2.3033359329163745,0.20220477591246624,1.428512420064972,-1.643170005423295,-0.3908669025356705,0.9436267646507706,0.18551507712866724,-0.9345739295506691,-2.2721049319756568,-0.663285157152835,0.0069978206697023405,0.2948298376273858,-0.4501228085573314,-0.8227082755585884,0.823679717635708,0.871491455574112,-0.010784921699420944,-0.0501951989879413,0.4745624259768582,-0.08925587375461483,0.5456194518993681,-1.0511588467912427,-0.07721546290953941,-1.2016738997749088,1.5650507546461339,-0.3383122850166589,-0.1696937091063651,1.9646446306546161,-1.656167638643422,-0.7531681800691796,-0.8436907849599053,-1.270982553559963,-0.057169986236092214,0.1921163997585233,-0.8057751258988795,0.7207735743092177,-1.9584491763364988,-0.24658385090290305
2.035906193732271,0.5782502840251231,-0.9250808609791553,0.056124692467544486,-1.0912308993132034,0.4725959396541936,1.2288360568978547,1.4496974961950277,0.6469169233059758,-0.4137091960866852,-0.7862715755837031,-1.6007773186065792,0.34659483714316613,-1.4698915945922282,-1.0083754718575002,-1.0897898811940927,-0.28592230567380517,-0.6978641063332215,-0.4010267523077784,-0.28502674632630737,0.4813775181947426,-0.9894937580206362,-0.2115028833853693,0.495300044817625,0.4523540148020844,-0.2769907957729762,-0.7511069148429167,0.06693557567760167,-0.044969212905806695,-0.5064730688075687,-1.041191324596339,-0.09170857021226365,-0.23282694789290348,0.5845965151961354,-0.5333207517363238,-1.6989975236680883,-0.21074629436951325,-1.284872180346947,1.8625779302505114,-1.6522415798556398,-1.620205270741815,2.2296932496456714,0.26984559424708576,-0.6190201466234938,-0.25700994623927664,-0.3610451483519246,0.20537544376105507,-0.01973284834655788,0.3488158897737391,-0.4140066000690837
-0.5500673179956742,-0.08076615035152468,0.4198828004140771,-0.17940879170350546,0.5319613312286883,-0.004937134719007469,1.5423281126787654,0.09453225594606031,0.6033365579029875,0.9426148584846219,-3.030932857213831,-1.2408928020209735,-0.33742007169090915,-0.528901109658934,1.3419046766465488,-0.5341053479678122,0.37304294131314064,1.1498623539139503,0.9165782528100648,-0.7030490956665439,0.30121443947953497,-1.5010348309608692,0.6307392707619855,2.434845046968535,-0.04894571203942323,0.09098165611590142,-0.9577933493939669,1.1564802866720734,-0.6153182439071652,-0.3052899964903222,0.19971693402878027,-0.45506115337756287,0.2837982776231487,-0.7275696789838535,1.1774890365247865,-0.6136553449102757,1.4454395116329635,-0.21359527482298368,0.46337284730802314,-0.3929535390069543,0.28743974462333194,-0.6393256591670029,-0.03607329675530198,0.10048485428650969,-2.2659756175114905,-0.061086534014661895,1.3814653547630913,1.6986082723779388,-0.5143979015712886,0.10270055958684796
-1.23665092412669,-0.0054517290347566106,0.20468720119598333,-1.10074248290486,0.5340628065978275,-1.4237825746943833,-1.0352844661967493,0.7292688275709306,0.9090825844503457,0.5344052195955564,-0.2448893544738995,-0.0024615419597465746,-0.42999271627860386,-0.3582841669015695,-1.1017077619846996,1.2032350711466873,0.7183782792434849,0.20196823462210303,0.1736569762788908,0.32780017081363616,-0.04234715082256581,-0.922173336105372,1.013432870882495,-2.0498944503784124,-0.3405944888461052,1.0477940262638856,-0.7384919187103063,-0.13415175692713063,0.06937365813184745,-0.35062510006276165,1.6909461595381907,-0.6786680526710956,-0.3976930095659032,0.9076897697879072,1.6885545677811544,0.5429215729464392,-0.41996043269917194,1.3835854237247456,-0.5743373459605502,0.08394878894453817,0.09306792175669135,-0.34831437437792906,0.20862756497754514,-0.49374365309179835,-0.7746120749716362,-0.7336862970128737,1.0194986429150314,-0.1503932960870049,0.03656646082515992,-1.4403552473712617
0.5488377780820304,-1.1943290239404252,-0.019874882251411676,0.8425174638049869,-1.0830966119711924,0.30229259413766885,1.6114722933758336,0.25705496632292085,-0.023169434525747712,-1.150204022656963,-0.5153342720361844,0.04571565927672612,0.500468327040456,-1.1695556496137072,-0.3484303642613473,-1.2356356788191811,-0.13031879989150222,0.8707931540575153,0.24108881435866109,-0.6549006734640688,1.011525986521362,0.5796426679803027,-0.036155283760079114,1.613448751435937,-0.31640065317304633,-1.241075953547215,-0.43520823142082415,0.8555402654242215,-0.4090015059122059,0.33518856692974147,0.20251540518615796,0.820957950208142,-0.5291733845991837,0.3108245189856948,-1.2329360851338864,-0.9311840580460191,-0.4125501501687628,-0.6489441133073398,0.4277114044771687,0.8275606593731142,0.07080478974851175,0.34479190816936245,0.5162272361441118,0.6632797312804338,0.09820637471408902,1.0264458749222103,-0.5667054790990881,-0.9816586644552537,0.014445547621666378,1.015394208683343
-0.14102236945693078,0.3321433478998461,-0.7340777582553298,-0.31706148487043423,0.13598862520315033,-0.8104835153522154,-0.7265353603741578,1.4917645042319965,0.2954953830240543,0.5787173918903052,0.23527626995217224,0.9115209259742859,-1.5286420719946279,0.24696740952274132,-0.3256686309041181,0.8855121909768943,0.4633670139452488,-0.9474363697294178,-2.1785528013286832,0.5557072585658177,0.8023872602716211,0.039983255582159906,-0.4887915099696173,-0.17397296524381314,1.5025304604926455,0.7561751564097425,-0.0838958670479313,-0.4498526274230934,0.9066697352015485,-0.5263358912490058,0.3379620822512185,0.1914093657770861,0.11306384034844325,1.9054690063013668,0.8531156771917595,1.7387499765696373,0.12381881939202491,0.9415307785664593,0.03297283021119811,0.49089425934271713,1.7762504403240356,0.22862088680518194,-0.018065513286451958,-0.5510749623664535,0.7534218135135688,-1.1377224719501717,0.8364044298322658,0.3330858980934621,1.9116735731308618,0.20952160685054771
-1.5357991073885395,1.4641502243448972,2.0625463096437993,-0.05890475418226266,0.760289066442968,-0.5293534515129673,0.4094921491111992,0.2682678053620591,0.19768204246332816,1.3099053260696842,0.1396189350016168,-0.13304443867976515,1.9342849290457564,-1.6495603317682324,0.7397724544076161,0.9838068304726579,1.0318290334481242,1.2656247931918885,0.19704589472988637,1.631726568480461,0.5329012549206071,-1.1076162097398823,0.7142700924735108,-0.8341817279633118,0.2125608861453407,1.0197669798365572,-0.14609976506220776,0.1561024815257748,0.2921732697749884,-1.7662408458683991,-0.24977421398087085,-0.15359275424993096,0.40191602646585783,-0.12505846302065793,1.0367870818759073,1.5365561543748567,-0.5786456846951741,1.6709878348105927,0.7907958557493127,0.11335743615260642,-1.3286079296833748,1.8142780209419538,0.12311282038167891,-0.42355742656479434,-0.05977269959078427,0.12307472311316438,-0.29638169343935583,1.3890132780432234,-0.9272057257086084,-0.36004634825340887
-0.9836232948489267,0.19131528092660466,-0.47198305135097485,-0.5643232862288265,1.9970545402076445,0.9149280629600307,2.8252160841470326,1.4989055222744647,1.1258848435483533,0.843806607660504,-1.7993596775054752,-0.7753351639430553,-0.3386131559524803,-1.9259692263503736,0.753273166619633,1.4868659714980168,0.9726836501996051,1.461217312168936,-0.9497855573443742,0.9274495024246627,-0.8274283482248945,-2.239205570480623,1.8780339093337255,-0.6773644281485672,1.1762759864621912,0.16137594453772877,-1.7012764248564674,3.1256950921094995,-1.3675186151282113,-0.7506157054000322,-1.984665347138205,-0.14589982821047554,-0.13380491567004008,1.123489767958125,-1.0063880924926605,1.9957107417275424,-2.3862929029695055,1.329820105272946,0.6731560097389985,1.093504302592221,0.31269244632162946,0.8168466203735067,1.5511776897212013,-2.9028797584826695,0.10171746975613807,-0.1597456878897057,1.0504006438366877,1.4541700872010204,1.85903524328094,0.09019832493754766
-2.3361953565867184,0.4672418910947505,0.07749071911107165,-1.314655232699609,2.0823566639895965,0.25789588303384503,1.2956647275464084,0.5278784946300976,0.24593599251546078,1.0418600847733035,0.37185979218173415,-0.38640944759384005,1.5341885318471429,-0.47975379255715406,0.6220472298461633,1.3844091691612683,0.9765385237015274,1.3330107961353592,0.4454565243203176,2.342125203769902,-1.4133493882411352,-0.06969304045299543,1.9745798412514668,1.7732868471999912,-0.8587863927046295,0.6315600893925415,-0.08141884916491487,0.8568068733685673,-0.722180757532718,-0.7984029940505538,0.7820461947235032,-2.398615493183182,0.2910316130809954,1.3656149831524653,0.8875199696902305,1.1082759586411008,-1.117448399233424,3.553695952775449,0.411757279388535,0.434262268963416,-1.1425930800070645,-0.514168842953569,0.6541307980273317,-0.36558481254403946,-0.46888352380211545,-0.1459390938942761,-0.6011248887234689,-0.11556882505966441,-2.4523116483144127,-2.852106081372652
0.7523216560315646,-1.661693824601545,-0.07448338133476942,0.9329939645481231,-0.8353461207701666,0.36739037795195384,0.30883087069387033,-1.2879107233561014,-2.210388346586569,-0.19679781523302356,-0.5745036051759177,-0.577353278620738,-1.0450190309720153,-0.6756885097520183,-1.264200833673857,0.1560077571047538,-0.14744957458583938,0.5191499385671808,0.5134316363095166,-0.925072818103704,-0.566704796392435,0.32084912983603997,-1.3890475245603717,0.648582081455977,-0.848210683987213,-1.8770482955576566,1.522615557123315,-1.0002693169970647,1.0328570804421893,0.7984154794910612,0.6299878194160663,0.5439585502705164,-0.6663747319117268,-0.691263691148129,-0.9230320208652548,-0.46069023527861425,-0.38844076450360465,-1.3789913208129938,0.04016091221745652,-0.009924112768842303,0.4801438473764177,0.7304263696631774,-1.2291211916578608,-0.7390465955823456,0.25131766722236676,1.5217619805492955,-0.6551186398603009,-0.46037543787809543,-0.6031628422862609,2.0282197594262734
0.013884880621893492,0.7212946093286764,0.395296657219621,0.37373496547851515,0.4937990675375156,-0.5043857130140531,-1.4298699493128104,0.8442026084805075,1.3602614201626693,0.026486454238332797,0.588556409115734,-0.5239107707758494,-0.9904798514406516,1.666892540199109,-0.03095124482550718,0.18675722085570598,1.615222277298541,0.12797287167703966,-0.16542578426470006,0.2210119623082539,0.42326510191662803,0.6696579176999035,-0.033742154233118514,0.5906133347569196,-0.048721194511255894,1.0095978974853157,-0.6026126314994579,-0.7409277562336407,0.8567010475729882,-0.5249088343485756,0.3199318729707887,-0.30815174048149546,0.4083325692573238,0.06250992242502301,0.6660309977570853,0.36571811091923867,-0.5916962189072169,0.5667550020593015,-0.19389741709096708,-0.28947228921907414,-0.07830152834120666,-0.09434414076152062,-0.0887793125836919,0.7420498732818066,-0.7506953534506436,-0.7300497664168777,0.6026454210943679,0.2612970379178473,0.8630383584757095,0.27596954676938695
0.06434644191231868,0.9309691889847497,0.5314480893979794,-0.1899691209550116,0.07468574758534977,-1.1835981159275535,-0.3803410385237516,0.24811931555845326,0.9451443159576718,-0.7599011972732798,-0.20125399086414403,-0.5007731740800793,-1.6775359360797177,0.20607001910217912,0.25821190916694126,1.0312587124545074,-0.441571825404404,-0.19956677156606242,0.9765055931596435,-0.47599068582715587,2.238013864969012,0.0015540251143030532,-0.042361775514279346,0.4431057688253517,-1.0245626457872032,1.506561102409398,-0.46157333819790103,-0.7923628093343134,0.5283456646869141,0.05007425733029293,0.8990798825583042,-0.6620920082040612,0.16419968401672214,0.08229547170239827,1.7490937090386258,-0.08407691327341921,0.11825288898524391,-0.15282500154743936,0.37859514662416727,-1.4979525109318441,0.9191834404800591,0.44137633918730945,-0.9558621784336212,-1.0734954562503431,-0.15942065338196698,-1.042225664379909,1.3059040170571978,0.5335772739821636,1.0482158631710097,-0.20773222127042035
0.8474648476293388,0.16920253920714334,0.3570514092039198,0.3110717810219254,-0.6115948910836735,0.8107684308207029,0.19350225283500797,-0.43165159750413684,-0.15512350904229288,-0.16345730234239628,-0.8602844370752813,-1.993572767783043,0.42307122001332437,0.6441644265872345,-0.1906169764208989,-2.015396340715722,-0.15042504406331791,0.8771633044259896,-0.029423768340152055,-0.2868088195333643,-0.11901203207922982,-1.296275680680715,0.26964196356524334,-1.5785964997967246,-0.2333096202095563,-0.6195617593173595,0.48157283993643385,0.6400417352516978,-0.21345347621801547,0.002723813852283789,-0.6026234995237176,-0.21570736826948156,-1.0246507671529574,-0.16890896127291857,-0.8950195226988392,-2.3735511228826427,0.6721655081477234,-0.844852406964954,0.3032705497178228,-1.899104612215562,-0.8912212561834796,-0.2622176344612538,1.0020798353188975,0.4930450857768097,-1.1544985439973492,0.405695468555728,-0.7941848593320004,-0.14790342143669227,0.015496303824767677,-0.12595820306203726
0.24935705951127493,-0.5230733103775599,-0.9947632068858839,-0.385365762271314,-0.49467750291611934,-0.625174263959591,-0.39196293257280157,-0.08143112796525419,-0.2156127040969871,-0.027474751628812348,0.49282732982353084,0.8062955624962183,-0.7894908254012193,1.612577984971614,-1.3486421828605095,0.053139422257014825,-0.22471580610434894,0.7129648512065713,-0.11550459749000361,-1.0319433623071022,-0.11191676019502447,-0.8541876760362853,-0.41250190757377275,-0.5995578450623568,-1.4719204819578673,0.1301182563507009,0.0009649661794941996,-0.4846851310881809,0.5382751983836072,1.3919117799818328,2.4296729769443783,0.2026926476299978,-0.6171549814020333,0.7685555447668215,-0.05474583591849831,0.6033729864331492,-0.012632185136854435,0.26442957256577226,-2.063596282867436,-1.0440584111303897,1.1397327643315902,-1.2439485293840606,0.14555536700726604,0.6320488816113948,-0.3995361002106319,-0.18292553916409648,0.3452652724068727,-0.2900124439495878,0.26472057195669024,0.5231636380374934
-0.7113406695564898,1.0758272119088057,-1.6952025970430062,-1.261079542759887,1.6128904477809718,-0.813078465920453,1.1391896517660036,1.2467831550032145,1.0512085976748284,0.17314438174243144,-0.47602849315251355,-1.04327129746606,0.25515653032392993,-0.5062847633375991,-0.3795411842462911,1.895021916615158,0.17089482082547972,0.38834802751807906,0.7876688562468447,2.1077214582103236,-0.6719354493472766,-0.11592794203866587,2.366347844239416,1.3215396335600618,-0.38558252275314087,0.3731434963502118,-2.335172028532304,1.4241590776303457,-0.5572416511489211,0.3080756174713815,-0.27452278258793944,-0.05855819545078311,-0.5921745726219179,1.5372535053225165,1.1417130293972613,0.9368345128804885,-1.3547817892340002,2.1553137380772918,1.135328096882344,0.14394644476411386,-0.7460771388951357,-0.544941635619926,1.7672640066862264,-0.0907481213305829,-0.25000095098757735,-0.14651958220347122,2.0393765525667975,0.36477642448090003,0.017742732388361607,-0.9607688516236603
1.5716288444743685,-1.70490875307927,-1.0217703332691115,0.28633089635834297,-0.006228571842617669,-0.6370680907509947,-0.30210655361258565,-0.2451228782160162,-1.4558172788931363,-1.613103229888693,-1.204048391489187,-0.011758020792303083,-1.352692744323974,1.6893001590160799,-1.3751810177104289,-0.08982481992032397,1.0996468021256298,-1.2456838305793747,0.23456472846449686,-1.117581082993815,1.935159123988638,-0.7806193530001445,-1.0527208062527305,-0.4410451356075908,0.9510069102237599,-0.8238954443247907,-0.47209182377193387,-1.7660409552763237,0.09579656736438207,0.93886835398103,0.8555084962980845,1.438394002826056,-0.9418873374694114,0.01622478862579757,-1.5366318597927642,0.800336357094769,-0.7027921678189334,-0.6690956942769332,-0.4776160684288726,-1.2242463201838496,2.392011050581629,-1.863859561057239,-1.4361562634170857,-1.6347022671225784,-1.5436842185335773,0.909127229016962,0.7116277011578431,-0.738755090434322,2.0935743276316514,2.6334632306616115
0.6998020266120144,0.28768427576420685,0.10260368349230979,-0.7459745605169648,0.521497817632983,1.0012507611464678,0.2473210567941899,1.0733019599561255,-0.3148246407197958,0.6972338583018552,-1.6573016756386532,0.38176914164211173,-1.1892389136653327,0.06671962892520114,0.779117170569093,-0.16354714528331102,1.0377326861856484,0.6242148452284858,-0.3931349190553275,-0.7081173042628335,-0.07534028391944544,-1.460256766527254,0.02293558944133836,-0.3198974628881948,1.0960739775276622,0.14511069567483875,-2.263260623330543,0.35288397810173744,-1.183805764362847,-1.8277237859068922,0.826407602044156,-0.6267363027815468,0.0056134889540023,1.6988363497626522,1.605060793410165,-0.36901806898775535,0.8389318604898836,0.019119939450860362,1.0788988806328812,0.9699002809909721,1.0072264429488773,0.16297170214493423,0.9733123549474014,-1.146453082720095,-1.5219234370454524,-0.18006515379142862,1.8898042366296413,1.5772298994477874,2.397633745335992,-0.16393285429984836
0.3277083029572843,0.5743952514463712,0.7632286189598709,0.5030643113649567,-1.2155244883963767,-0.5393437335307522,-1.7269512836393832,-1.9877512469066105,-0.8819690587108667,-1.2917209101887415,1.4751583873750211,1.8772301066929062,-0.7087847316079084,0.22493555021226272,0.7429973860114356,-0.10779972717564887,-1.5338205889749166,-1.009496042163059,0.2000995374770204,-0.15157649211689858,-0.8107902491155978,2.002232102446085,-0.649963842506264,1.198020218846144,-0.22826018619673563,0.3817638575260369,0.14476926304798884,-1.667154603244463,0.6058482492452079,1.0461707795796713,-0.08207710493859853,-0.736070352591071,0.9102715683667632,-0.6574800057152893,0.4725532149097931,-0.2611636330747087,0.47994759749961535,-1.2679918921197133,-1.266294867555716,-0.49341364171106916,1.0038081682773998,0.6827775971432349,-0.8272829664700152,0.2788883612336517,0.7707840164405723,0.05027281619696246,0.47166689599384753,-1.2997522047616346,1.8143275925966675,-0.9342844865604393
0.4330566772734475,-0.37227560227366835,0.48949391267938297,-0.04682906059817104,0.4682667958234177,0.0247132719375621,1.2106228209043552,1.118107043989226,0.045707550062112835,0.6722836988865958,-0.5595470474506825,-0.15842972732067143,0.5420484783360853,-0.40435803594520453,0.26339360590773125,0.5024362696308343,1.0007823345713174,-0.22228557428453982,0.31483667222930684,-1.548354730168171,-1.6314747393183606,-0.5701572356645103,0.600016611648451,0.017723252689279972,1.7032113785508736,-0.33318305612355664,-0.5633651847567313,0.6461725216472874,-1.022548534936902,0.47563276963596124,2.5642555221967034,-0.002601555937147328,-1.4862149575103571,1.5226744907683576,-0.7097043884965355,0.4617220503146874,-1.540179014507554,0.09081097566316625,-0.1679908223014012,0.6306185323775496,-0.02259341647226257,-2.2486025686658246,0.24144537453969486,-1.6315680766442875,-1.5312776985552505,0.5629013953713329,-0.5159635569176066,0.16700128870804232,-0.7777788784512202,0.7402492986094303
-0.5130051178345663,-0.6386773258173359,0.10793351526384183,-1.0505113102691943,1.7440124749947212,-0.637209390149795,0.098045137622339,-0.11465161304054539,-1.302246727645907,-0.949805850215785,0.13671985932899722,-0.5019652088411276,-0.5102755562508698,-0.21505498398540332,-0.4726395214234389,1.81549034212759,0.9972920041023021,-0.6016142964065654,-0.6257415927104455,1.485253864902797,0.7516064398114088,0.5181535116303132,1.1462691491242363,0.45645907839919164,0.3076225299768241,-0.8822991495765821,-0.1602287632310516,-1.0524169315532363,-0.006387394766987643,1.0361187149897582,0.9345878282565917,-0.8339045282305603,-0.7974509843163387,1.3242359065664457,-0.8785619178781798,2.6845348687946307,-1.6752903413503741,2.4745894707543927,-1.2657323447338316,-0.04876612265023333,0.03504217148773679,-1.1479535311406028,0.6995720910001002,-0.25895865975867016,1.54422344056773,1.1345998592781779,0.4104620768872782,-2.136596246600429,-0.07563349236463339,0.17010303827037462
-1.3492398497125575,0.8632916875960887,-0.7812260655380662,-1.8063497522610328,1.9690028745148698,0.26903486216797284,-0.20348886931749355,0.09320866484386406,0.7075916172348734,0.5263218301461929,0.384854842272211,0.3221524755321576,-0.03935828876652625,-0.44911522102918167,1.3488462278670765,0.324624425371114,1.2506261274698627,-0.45544370812404766,-2.286634138104514,0.6294128537981558,-1.219627757964731,0.5981222916580047,1.6314881129377374,-0.15992726677881183,1.5026751142338715,-0.01853740995616282,-0.4011855537591004,0.6699001710323981,0.04710564298631729,0.4178276473376833,0.28947953817291994,-2.8209542355847512,1.150886351492127,0.06080643538096683,0.7415647215164285,0.7585007627205469,1.4364250079609069,1.270988493524121,0.346850001571031,1.7189423721989836,0.3257429677104076,0.7475644441354005,0.7108293599057264,1.5115495352435133,1.1333727034210672,-0.7581832699617609,0.48350074643124324,-0.7097716361933549,0.4966879610007424,-1.678729391191901
0.03206285510175791,-1.4410829051906924,0.22722472136523245,-0.2899446689889286,1.1974375422557126,1.369393305195208,-0.607558546792025,-1.3206174175774863,-1.8737566337783529,-0.732914773985454,-0.5243807739627528,0.31120135761363715,-0.16776899306949836,0.2076734154397475,1.7340134848058248,-0.383317072750598,1.0146029808627295,-1.378556686195208,-0.8587310870393708,-0.11898984243884915,-0.9225316552473093,0.5886570987228636,-1.2811875165342355,0.441716978894974,2.2010537617103565,-1.8532191512873102,0.7837994350342091,-1.8835092535252766,-0.4188015692138756,0.06176792201837802,0.2587834849948612,0.7793485946148,0.44000218772854205,-1.440795328924178,-2.162942641383664,0.14962731480918567,-0.24087631148408395,-0.0064823608817044754,0.07310482768340916,1.7492430134890065,-0.2245900637387851,-1.2769833653924862,-0.864708206237281,-1.7724757518298142,-0.18638224607285273,1.798481371966509,0.1741170179494617,-0.1636607197626962,0.710059585199708,2.720501680567276
1.762180170669784,1.805751772371431,-0.801876231988994,0.9278640514178751,-1.5122058018670481,-1.0130025181422702,-0.706234439133183,1.7797257049617627,0.4589023372640313,0.05337475136637884,-0.016663943827843843,-0.7003313117150061,0.550652261564462,-0.3556305461333304,-0.4772425381887204,-1.4436499118781723,-0.3644509418835601,0.6401869519575141,-0.06985826780339247,-0.16203556204995,0.2720835138076134,0.2849870182938082,-0.9767873056874962,1.2698507326708863,-1.0415265138810426,0.9968975863306974,0.3395752948926147,-0.3100129004273513,-1.1551545971734012,-0.04375185317116925,-1.063814323211516,1.499956529977443,1.0012262537305694,0.7545296877390008,1.3947433732211458,-1.4250738526307116,0.11964172367627439,-1.1087406155091128,0.6077415987433521,0.424679091996582,-0.6718060214577063,0.4972098189892984,1.315540834036093,-1.0916490384491713,-0.12978213751749648,-1.2729529176194059,-0.6244356978765331,1.425957328122741,-1.608025776440936,0.43211916458847227
-0.05581564293541102,0.3570060578038628,-0.6784738029958375,0.0018003634396561402,0.05880811304170909,0.8596129914884665,0.8305250471335083,-0.31524636647012483,0.44249081267917956,-0.29708795543080097,0.002094454453067461,0.17233985535870638,0.3738313062804444,0.20578260130833953,0.09690857656694248,0.3116656108941668,0.4635858912683339,-0.6446307642301781,-1.1799488319843323,-0.045513834754784724,-0.988130809890706,-0.008024728295606865,-0.5024832408882621,0.012258318949073824,1.2092094813204193,-0.3225318209890526,2.1415601958571586,-0.23811030170033992,1.9286615660281314,-0.31453978847412384,0.052899940651626794,0.5124726313349608,-0.048514531943570006,-0.7348704730099597,-0.9474147720131542,0.5757338045213378,-0.7085779963591133,-0.059717049556847285,-0.37544539718891023,0.7500915596429579,-1.47336280719214,1.5005934185344525,-0.7752972688869426,0.5987960738988072,1.0434688565236778,0.5317391484703994,-0.9506578924462369,-0.04265436852685916,-0.1114744793757958,-0.21668138613826668
1.4584448291989323,-0.37767954972152146,1.0189084693113133,1.769063819670197,-1.3944860009317854,-0.48786526317308315,-2.083784567551179,0.31927972637917856,-0.8057396689240077,-0.6240277977132921,0.5666281493238812,-0.1362608702059829,-0.1987547069622395,3.0323965861728124,-1.6368405365637402,-1.6861348735362263,-0.35615104220886834,-1.1184859460001018,1.5028707029080723,0.038110496404017966,1.0796220058060897,0.1130045392501483,-1.6166046679841177,-1.7462978567209955,-1.0033378560438162,0.2901329699178304,0.8053402570524659,-2.5554521561815067,-0.591961387239624,-0.23801964858286012,-0.6881228587361466,1.5663936036726307,-0.8229025705879223,0.1959425130134809,-0.2854545285540601,-0.968348267850303,0.5415976655573504,-0.9127135650821165,-0.24594034808297513,-0.4737111104601513,-0.04025921693421391,-1.2904173909604901,-0.5229774109047604,0.6284145814848319,-0.22381072745075173,-0.15328811694487637,-2.1882211217413583,-1.7041223339968068,-0.39075864969648877,0.5094847733442924
-2.150603485900115,-1.133998918863516,0.8595345561318193,-0.5807743763836376,0.9805100704847752,0.5526411519355777,2.372456531496668,-0.13655502495894314,0.7130558733232716,2.0582222430211683,-1.9959884288326655,-2.009356734121854,-0.3878140452963493,-1.6642520785990396,-0.5994124119969213,1.4858011685025785,-0.06794339544720829,3.425553220106945,2.2761316087145587,0.1031077938779633,0.6038877180054141,-1.0634040914507732,0.8667136719145303,1.1972122703526826,-2.1096626471188245,-0.4458288260500217,-0.7046206323895511,2.0725772847287383,-0.14250343381352482,0.5249526442625139,-0.12909163626965944,-1.1901869868616435,-1.161517680103889,-0.022698283268909894,0.3438887369355179,0.6766593746840357,-0.9723695707082821,1.2633014104415061,0.4984987053745977,-0.6054887220220586,0.5076289959128223,-0.5493607072118958,-0.17190651161985593,0.26441917337771925,-2.2467626890116756,0.5172868771177476,0.9360858441965167,2.8454324639237423,-0.3218481865341462,-0.8448702974858996
2.8989812160981487,0.21475980444739926,0.2574521712074795,-0.12355003389892888,-0.9328479065130292,-0.2544467237485163,0.9653593346638798,1.6529789446075902,1.0303290646713066,-2.6219870862899675,-1.0075956280463736,-2.213473672964662,1.074753241915344,-2.756211539290114,-1.3182647545463113,-0.427936268636443,-0.9362175911627652,-0.6053470727788323,0.4574183260067187,-0.5592106612651792,-0.4100930934324294,-1.0002923267020751,1.3191605422158637,-2.575588576461127,-0.45499655737780437,-0.09456056204664222,0.3758581046802192,1.1420678611241784,-0.7206763383733482,0.9998447917744167,-1.39117393916207,-0.11198160791373063,-1.0435414449015818,1.372775705273956,-0.09462195963296399,-1.054680285566004,-0.08085675026510035,-1.6744213991196522,-0.49699492825521513,-0.15767974662008602,-1.0702747259978505,1.0177882566321783,0.22469656756470896,-0.25442042958589683,-0.5826069733205997,-0.8433715706287149,-1.3144357138733873,-1.223477733060375,-1.5010843082190772,-1.236509460878882
-0.7400792750779811,0.682968645375653,1.7420065199602552,0.7712136216791363,-0.12266595544646518,-1.0094881408685075,-0.38164098444932415,-0.13608834830381727,0.8303635221386232,0.6788819934818726,-1.7768292435018367,-0.300252766404463,-0.7142022473432842,1.364802319773939,-1.3585889267574722,1.990475061597512,-0.05792582562958073,1.1171520443051206,2.5480390614960355,0.033031047786021374,-0.20451116256398627,-2.1917571530517184,-0.30095171610471516,-0.47463183686142413,-2.9175236519542764,0.8682565009708962,0.372780972666612,1.012769192398079,0.49404471428771635,-0.45331985835396155,0.49255532759779286,-0.21154990074472285,-0.43916601557329776,1.6426199310005563,0.41722527210905763,1.2506593833208064,-1.3642111116124083,1.2029584443167856,-0.41221073730512764,0.5199840627882015,0.6115924679988556,-1.4105036178793966,-0.7738811043093644,-1.7529865686755053,-1.3630530921485293,-1.5473069677723978,-0.9966289598143969,1.0133054143084386,-1.4613023967091123,-0.504269131446008
0.2154394797866726,2.6812238423987544,-0.8370482252335065,0.9474887356388708,0.4432203975505147,-2.2061865044101325,-0.4246411419244647,2.207153420870917,1.7644558987306138,-0.6371228135432523,0.8487786061634908,-1.233057102000546,1.2787180561876044,-1.2992643633417853,-1.7345982130432447,-1.1996292453029376,1.2909350263634123,0.2974369483744327,-0.8067283001120054,0.7586599297153792,-0.18039189519813945,1.0643810788150225,0.8031316304463165,0.05757294617479404,-0.931666934548369,1.9146143576151908,-0.7906174785429544,0.8785582595086309,-0.416485539167711,-0.01976270537682486,-1.9186468084069332,0.9011570585190494,0.3513166203417025,1.7049695261284614,1.1641680345171823,-1.0275069105674224,-0.5578888804809632,0.4084048931841029,-1.1985750550955279,-0.19543484127502775,-2.708223071928789,1.7261449469592232,2.084712283985325,-0.8256608131430281,0.5374277384912182,-2.1157745321811925,-1.058980872745235,-0.373266367154341,-1.597720203007807,0.23382536145082017
-0.45099606428447436,0.5716201196867794,-0.4575493190748746,-0.30091645454183263,0.7224925698641709,1.2363262946739138,1.1420462480129805,1.57949736796889,0.7306163342671467,0.8131688258144483,-0.1072040295778156,-0.2062407469909357,1.6715807474613738,-1.0286221787918606,0.44710614291926615,-0.4522745457804472,1.6922155544332464,0.3106047238524682,-2.1016959231492263,-0.199372871343243,0.22345246612553676,-0.7610138811543922,0.8217514454913799,-1.3215666766173424,1.9155576744874538,-0.3836912697355225,-0.002515910733011574,1.0225450372983762,-1.1112782837581356,-0.8174036312423433,-0.7637569589460061,-0.11951704113819925,-0.08311868199550701,1.0723983599471152,-0.18182304683837583,0.2770356247735233,-1.779264321871837,0.5618993546018359,0.443877368586546,0.08588639519057321,-1.5236406575022066,0.9376387057977293,0.8290532521928154,0.8147776551412671,-0.6066592378792126,0.5755887044838329,-0.5597206373659824,1.3303825828020412,-0.8551941099201898,-0.16798617140435526
1.5048068736605227,1.3705455177438586,0.9861670415746205,2.485442429567577,-1.785555392987897,-0.8968830872051696,0.5458196670831484,1.6300190486077748,1.0329665266547807,0.11194262243531677,0.16458984499204482,1.1729725519771173,-1.6514801172085307,-0.8349058869846385,-1.4275936027697091,-1.8179669416985262,0.5783125762795757,0.9824918444508745,0.10192407871711276,-1.5828225821509652,0.44443482996450423,0.6538579240222773,-0.7830779017703581,0.261337583120434,-1.6303435803815354,1.0234960930906467,-0.6822668610676904,0.9362151317649179,-0.7956113860207824,-0.5631243401014481,0.8723042869507013,1.975230137102114,-1.3116869898665315,0.8830315516890884,-0.02771313550755744,-0.5118731924786191,-1.4816501711335566,-1.6645443467825534,0.3718724619010447,-0.31655046927102926,1.3755254281005826,0.09795320942190992,1.4180159578610816,1.2263945509266798,-0.395788211311821,-1.1855142780973718,-0.23265676204175925,0.6298303334313136,0.8134239631848912,0.6624837361389497
-1.480129029558603,-0.3636522704059483,-1.0163099277656984,-1.0960702857471238,1.9138932528292583,-0.1397239245807061,0.16692459404488164,-0.5921897930568835,-0.12405229028386054,-0.6534130530349314,0.8663140109085614,0.24562887170884967,0.38371532955206616,0.4657654955199246,0.3295682906221689,1.3217334247709633,0.8335565053733365,-0.39194240067710906,0.4304995256204838,1.1935921533163845,0.9145740714860481,1.2391832990873484,0.6232827566933264,2.1630371792771936,0.15060561954593998,-0.8310146516000795,-1.2610492785628986,-0.4552596519495878,-0.9017907597788838,1.106311034812821,0.8611229001740182,-2.5249616598417215,-0.42174371951310724,-0.13507487459827935,-0.13722514515098436,0.6204138237341362,-0.8485355215293764,1.3527709715477028,-1.372156170715913,0.06438596680058041,-0.7360410647589227,-0.3796566291159715,0.0026813881560168273,0.6390310871490021,-0.248549446138799,0.7224596187050704,1.4066384106221046,-0.98532301583368,1.1470722275125154,-1.3016303250305923
1.1494317987756324,0.6518285575179292,0.12420234459704843,0.33595075666584273,-0.7851907195102198,1.0525891670927658,-1.2509226284598165,-0.5344124865356927,0.4035120759111682,-1.4638070777442656,0.03507848479489169,-0.3750381549038274,-1.1382973414163078,2.0434040706603978,0.8994180212205686,0.14328465322643186,-0.4847537719049003,-0.45395673259585584,0.9496249621271289,-2.151349560577891,2.2152010529048534,0.5819293719806525,-0.7093616385534143,1.9187493814069108,-0.27496660921310767,0.11282887957676414,-0.11001075670722324,-0.3144399338771291,-0.8253583256035742,-0.18942862841674277,1.773831093811631,0.34662861952986795,-0.596908729573782,-1.4070863182158349,-0.10391969544339553,-0.45834762748845276,-0.05377152021352086,-1.814063343212774,-0.14049905277052702,-0.6134926541857733,1.7128586071489356,-0.6623296575278943,0.13543273513782525,-2.054020669856603,-0.6558493870770418,-0.2758627330194906,1.2648451605157747,-1.196726706256441,1.4829475245848371,0.5985268393085381
0.19171420423519878,0.810306692243933,-1.7847402927278775,-0.07954886898655149,-1.1859735434106102,0.11990578303232953,0.0037627740323434994,0.34962826633023847,-0.18260684604347066,0.12870299678148844,0.2603264429880216,-0.02937001028308348,-0.11860990163895102,-0.04834520872732061,-0.18525939792043258,0.5494853555090556,-2.0529045575844105,1.3327021376987545,2.327824807322351,0.1964751721873988,1.4266767565870495,0.48311227826805697,-0.39716112160769185,-0.6286477021767629,-1.7999494259870203,-0.6336388669206997,-0.9977524964074598,-0.3800313309258603,-1.8310575456387097,-0.24446514023444937,-1.024709863262125,0.25555013160146683,1.8574828383198567,0.005436266385253798,0.11034877554135415,-1.337620335914252,0.46294151189398036,-0.736374937769399,0.1003758668575257,-0.2574025341019996,-0.5392496039180513,0.6753129785021406,0.9098536945054482,0.015085319078995131,-0.6394465250890253,0.6313272323261431,-0.03580507162219176,0.3706039172841314,-0.8896567697016662,0.4751538565531736
0.2287687654977708,-0.9416647932782364,-0.4560988416418834,1.1337599335755795,-0.21815091871300932,0.41236960051562177,0.5317770456206274,-0.2694710673183956,-0.06678458312663403,1.1218624721228365,0.8285340032108978,0.5625217577644145,-0.4660566993286247,0.8502707820978437,0.7120001188872912,-0.8760397315693612,-0.44694535310212813,1.06057687451161,0.7658033813673989,0.6215484934600813,-0.01073869582865568,1.302128964364343,-1.7847002631543476,0.7485934584153564,-0.1327612797261105,0.0980661881328673,0.0911710943259336,-0.17866954776609734,-0.33393453171985144,-1.0395288058063044,-0.35704786038619046,1.200825387148959,0.19185583159586383,0.3350022010003346,-0.8587773207029552,-1.043719864427744,-0.34300936796895315,-0.04676239738078752,1.0011636767972092,1.2022587404888898,-0.3788750395047438,-0.2685568241707347,-1.4157432924044944,1.0413048518703987,0.814760637722178,0.25994297619485374,-0.7510942185584266,0.17603749312827305,0.17419012583576443,1.3985500295958107
-0.5042992652724577,0.7792868465054069,-0.16884809391709868,0.27654327857727223,-0.12229819756292333,-0.7537835760305492,-0.7417576363496918,0.10440009160975147,1.5054886700035388,-0.43539762865778797,-0.9936610560004775,-0.15312406427548966,-0.7418783044195574,1.2587239100580583,1.6595706333830331,0.2802412149018805,0.9815730442735859,-0.47352921397646114,-0.16327511978246625,-0.7925017567031268,0.6799723723264197,-0.3175742368390683,0.08786209830453223,-0.20850780695242957,-0.6573827195117106,1.602431814901709,0.6216616209015804,-0.547372570592233,0.28957426866909597,0.4019886569842858,0.8209499289111127,0.16604856607187038,1.2742405116965483,-0.3670345804652086,1.0814775951131774,0.7198311549301147,0.6647720624943926,0.16815893367670345,-0.4835789745347193,-0.5900525265825808,1.0255261699946987,-0.934475609726767,0.30313665666184,0.27620712517806045,-0.46943326986535744,-1.6851491937522038,0.30383711673969277,-0.8056525109525763,1.2061577886917765,-0.3508182500145753
1.5307011772796502,0.43700254769970015,-0.10670890087516298,1.640981822117277,-1.0881713821311223,-1.0573687063810875,-1.7176830890452839,0.7130130472132635,0.5056189284066852,-0.21081170284995054,1.1988990225330225,0.5172227051846948,-0.4771392865338219,0.5072583687302691,-0.8136421643043882,-0.43628988707893196,-1.037098525631163,-1.1766019088003856,0.8218190752162697,0.7672688820956164,-1.7374347298376167,0.6364146062724054,-1.4647561498993145,-0.9804008527440347,-1.0398504090436436,1.3112542468238335,1.5863294072894676,-2.302459600731965,0.9683881029119525,0.6060461029091028,-1.047374780364031,1.631786301303753,1.1156754535479783,0.798428650359591,0.2247085467641379,0.5168676049514077,-1.5800810752278183,-0.34491585315998025,-0.033887917856409974,0.8680683057448626,-0.30632667822860155,1.0828684468877754,-0.7937273394980138,0.5247802745511019,0.6355741852019864,-1.6308899722736345,-2.718813565837963,-1.3042107013954485,-0.8068925274273712,1.5445825146942853
-0.5032914173106199,-0.40874317053050097,0.3281546530379705,-0.3524302315621335,1.3964902915763209,-0.2323242277003307,0.058948040146498376,0.966802161061838,0.027173984113239274,0.5796229239255355,-0.9748453665121315,-0.23475407513385907,0.014221780830373756,1.2380413913804325,0.4930573635804624,1.3387076161152598,1.99485031261475,0.4524313571203483,0.4650891947165433,0.6204851364458334,-0.7789514117543357,-1.4790188835425426,0.6096684220257368,0.2766678050222392,0.35831876010119273,0.18772610622716138,-1.1420820602560098,0.2869545972567551,-2.139537465541901,-0.8521436079410646,0.7563490356450691,-0.15926085571513574,0.5174741491336351,0.9339042107855099,0.810095241688327,0.9709811572574952,-0.060532033495593086,1.7338509986398702,1.4721083956131507,0.40380232907061214,0.4520336555663371,-0.2985697639262221,0.6365681392908421,-1.6518521578227068,-1.2912933163538194,-0.36085868919453506,0.3101427385944311,0.851881863098689,-0.27545979649861974,0.242372126245759
-0.4971900250291947,0.973925499476478,0.3895593948992888,-0.6655460157289784,0.45139391537110657,0.8489344440481713,1.1235072503922052,1.3808277621352232,1.0712996456194976,1.7059056115420772,-0.7904060805813322,-1.7421953615700034,-0.8775304632447378,-1.3891932881288496,-0.37608257442454257,-0.06462271951040066,-1.165221395801377,2.720432360757357,1.9216751790627504,0.15688585915263428,0.47495761415942594,-0.8799951429389992,1.0139087912182054,0.7518014520651513,-2.8811054075421714,0.3627402823433498,-0.6947973863009196,1.6357809031792139,-1.2744594270157212,-0.917430513555434,-1.54504825511083,-0.6628037148591858,0.5744515834920202,0.1182527298774685,2.000748204331046,-2.2251668066807095,2.183405160405815,-0.32393333783908596,-0.33501665896304156,0.08217136397451294,-1.0439377950689235,2.1684301678861124,1.379188669530888,-0.32804247497728034,0.165996226137865,0.20979579285122837,0.6599418748956283,1.8610042077859414,-0.5436218914177532,-0.525563887616671
0.4040465560295301,1.7827854028342396,1.389954787810963,-1.043410966125801,1.2972524441173714,-0.4227267885779222,1.0147721348349938,2.1469571594055528,1.4644718675656319,-0.2564567436989299,-1.2617853095190035,-0.6871216506719401,-1.0119680170681178,-0.40270179852910565,-1.0242273022859307,0.017109724960324667,1.3392461525173427,0.6419388087226208,-1.5060820691412544,0.3064558150243428,1.072543753471782,-0.6755572075861681,0.8069962941827981,-0.530466772709882,1.7461877287399006,0.9913951828720973,-2.145985756201216,1.166952213163048,-0.7539762460341621,-0.42826939835614997,-0.8891139295645945,-0.7541285620040645,-1.7178488288716487,2.7404251692462904,1.3907063408022906,1.0854299757979722,0.49172329193205305,0.8396297245197757,-0.4091483470658186,-1.4537926884645782,0.8511801071856612,0.7800734657688505,1.1402860565492687,-1.2812037126804448,-1.0091892813012817,-1.158515090374085,1.421342261237506,0.4619834213996936,1.688486829081978,-0.7627419985845341
1.4020481705144177,0.28933410558580325,0.8501865317141288,0.7854742084011276,-1.6453969203776007,0.46363447700365584,0.1983752204081895,0.6943032952661627,0.1622814776981365,-0.7888406928702624,0.8867572220717725,2.285753987840111,0.559458298660262,0.5094262406379643,1.1394952482304694,-1.6538071230712756,-1.265340028277713,-0.421862261449382,-0.7533717034051695,-0.5875245177600048,-0.02246896652602897,1.061476919410481,-0.3441382156464253,0.23711545225873604,1.2531234125466308,-0.24298210270188828,0.14697476528597223,-0.1722312281208624,-0.5383523643419365,0.1402806807234363,1.2630694784515306,1.2145022992106957,-0.1909865719498187,-0.4475683051663721,-1.1001591042914427,-1.080708938209826,1.6137320800636195,-1.4322957880477616,1.0421544399481544,0.7674390018068322,1.4996235782954506,-0.10074401506610058,0.5009551427977108,0.31014070088488094,1.226474913151179,0.16888108018516937,-1.350270529102067,-1.1801713889731034,0.5133668517423139,-0.9199639412846874
-1.540192357705276,1.2095582502562867,1.4446707133067245,-0.39213186100397557,1.0858619604325774,-0.4354943570336829,0.36618915026780247,1.0916144022520549,2.450706200764926,1.9853007670460134,-1.2308407012554428,-1.1680410289345453,0.8801357865784906,-0.1043824575169231,1.7820562958379391,0.5902594028222374,1.6936969851900066,1.0955849572723733,-0.2940405700252,0.04435704641442915,0.5500580016875508,-1.1925947473909368,1.1882305695607942,-0.45646355176342895,0.36139306216698663,0.7106908308457486,-0.9922296304555611,2.298327802149919,-0.7077806049189284,-0.36103134862199565,-1.373816011205553,0.5759016157950865,1.2097154685619194,1.2450933860808633,0.5698450125553132,0.9549656902934655,-0.20298083140000883,1.4640833987792623,0.09955434788762703,-1.969660791398222,-0.19007911451257764,1.9976295309752967,1.4026364646164666,-0.06724080714674852,-2.315425420112659,-1.6687040650969067,0.5667708325907745,1.6854002559756398,-0.1433127674348649,0.20390734657194456
0.3956148612103649,-0.6570719289183978,-0.7006902545204339,-0.25605425985628044,0.4503159745505992,1.5987339590104124,0.4136061441542606,-0.5449748426072754,-0.21555681107956653,-0.5512186779493469,-1.0801328427440404,-0.45636425632953487,-1.92530575477762,-0.44933541753175976,1.4254467751761264,1.0788860997808238,-0.5433058875170842,0.12706756541062333,2.1429435935147785,-0.34800438647494997,0.47759932880769235,-0.7809514259539811,-0.01687176384711844,-0.05736053138108717,-0.2718161127677419,-1.1854790312169123,-0.43960705237697156,0.6484461231800124,-1.5509283779384522,0.28548666178473636,0.1843500423652158,-0.19863378693993647,0.5946618612411267,-1.0963139802025126,-0.5984620262024961,-0.5694039418478611,0.5103370846524827,-0.2794336720225118,0.019503622492211922,-1.1104640976805036,1.133566979862616,-0.5326198503166412,0.6959961618014936,-1.382888505393025,-0.355054320098274,0.9374194811182032,0.7863318663375134,-0.6738035223026315,1.1216523881521432,0.5119613055410231
-1.1443517740098401,-0.9537710009512747,-1.1292538469105449,-1.779317022545619,1.4454805274646707,0.1842191032965141,1.4087077031527346,0.09780626322669363,-0.1022139575857445,-0.4543359117152152,-0.2335685000807512,-0.6607805677380392,-0.43218467218571727,-0.4118323898361116,-1.4922253937764682,1.7340398531241874,-1.8957824794017943,1.5564248418193942,1.31552660090283,2.408650416341054,-0.9568425291211136,0.14865616581979202,2.2821141773555484,0.33260195246887586,-1.8377261963213427,-1.0493199960000983,-0.26991997447553917,2.032204170670223,-0.726906559334078,0.7643211861707809,-1.4179828067214102,-1.399363276873434,-0.4104178237503382,1.8719701465865888,-0.2646004028755733,-0.20299359630179153,-0.5123570244924244,2.0629909175840457,-0.5689430767387558,1.0981720823685956,-1.9942269421714458,0.6185443748274753,0.12176187056060903,-2.3375171021275176,1.9628027919061775,1.1832194884538945,-0.46731828472555914,-1.0559174505438282,-0.9858570787293219,-0.9014225141703289
-0.47834533141904867,-0.26928291703402024,0.6336008292271134,-0.6201484412806905,1.0100294093758762,0.9487407222977096,-0.2147914477588441,-0.5364069703475746,-0.2066896591954827,0.3431779262955473,0.2744401493729107,0.08194867953807804,-0.08071868021714322,-0.007412156709675678,1.2435698267592334,1.2679632936468355,-0.04290471500674328,-0.25704205171887956,-0.14015456184365827,0.5520707716712623,2.0881559677329093,0.8390786125479333,0.0629623096496559,0.18024728586710514,0.4087029646555203,-0.4656651788126232,0.26618289294910846,-0.022886742462234808,0.34158470113617273,-1.5575314129495839,-0.74597474604704,-0.9932814179153586,-0.10274060633647189,-0.9768978067355018,-0.7260944147506564,1.2025096702472629,-0.3001684641595067,0.6444793371343124,0.2616029042483657,-1.335053694059648,0.7958672728031807,0.047469048454802536,-0.8509017888637997,0.46692053529570454,-0.3740066975707514,-0.2746435326997142,0.6069292599979603,0.014993500049944822,1.274900926187255,0.3123913776555637
-1.7579292135271014,-0.034976747015996366,-1.8521700163544819,-2.3958138567395784,2.152086660973875,1.405397605297738,2.2388759715799873,1.5174053550546756,1.1878910595429235,0.9386346676974617,-1.5181987480603019,-1.4453508780407855,0.16014962357334173,-1.2881075329207867,-0.4611719041188329,2.354768859332533,0.1400631685337355,1.4253832234062218,0.8826989499830262,1.383052004156166,-0.19608986165194364,-0.38941205159750697,1.678636532416612,0.41123946259860594,-0.3765199699288366,-0.3562369762152773,-2.3610358739744597,2.144245810249687,-1.5029373851879115,-0.8059346601909199,0.1428331920326849,-1.4927575266599131,-0.7320990523782077,1.3914883682117412,1.8187258672080848,1.0994475124616618,0.26081749362638046,2.3924401939782984,0.7465903521033884,-0.6633611998619192,-0.33613739481277516,-0.15800543869103909,1.4726445793180998,1.989848038458118,-1.6258534633042614,0.7231823639629974,1.9409386372800144,1.9390409581384949,-1.0649933759280932,-0.29483063137720733
1.0013724805786084,-0.5853631678356829,-1.7477467280472734,0.35948108091524394,-0.6564127042221043,0.7084160479581487,1.0983878342151496,1.1578200311219904,0.2181936140759283,-0.5813997907652095,0.01832739652593779,0.09468324505397242,0.3084135659225302,-1.3665158769710546,-0.9234573923870876,-0.029125103325881464,-0.8447458135362476,-0.1610198178094475,0.690292918378242,-0.8853362223627719,-0.34283421765746325,0.41513665263806326,-0.3506097353324487,-0.06511509414829818,-0.5861081006613242,-1.1779617899468888,0.1476549283604417,0.2350642754386243,0.3452936547297657,0.5544692233723763,0.0026278075775853873,0.8855123946830287,0.11889272614191078,1.2333085923009302,-0.541729430169938,-0.11926975782726176,-0.23465252690568006,-0.5122979152044254,-1.197875028973769,-0.6709539004264549,-0.18932283521462873,0.7763453570481255,-0.6563012309885745,0.278369144495893,0.513009810672726,0.5301381809293371,-0.6838647912093228,-1.392831598682835,-0.2776730879406148,1.2438120545935363
-2.2173754803569197,0.900668607555217,0.9750426042609507,-1.5115982499277059,1.6891184028471828,0.3351319107679939,0.4174163078644226,0.9108424656629434,0.46114097947924326,1.7360444392324264,-1.5263761453626374,-0.547184038490816,0.6718689677498415,-0.8064719380199801,-0.2928622392633746,1.8963161779456907,1.005882014464759,1.297534856377283,-0.4820179537244755,1.7855083957519489,-0.3818157133354905,-0.1906204750361205,1.274441828813832,1.193538258879736,0.08107026226199515,0.3421811438225635,-1.1325830916848443,1.4908033237173963,-0.6270142576075621,-1.550567390098821,-0.6581049779402123,-2.4089441567949894,-0.3136923626042155,0.8691118726132717,1.8479727881200434,1.6659679705742103,0.3307317692905862,2.1065690388788463,2.787349331705584,0.1552200272584627,0.24449479369965865,-0.27464732604043457,2.0322010170947236,-1.4666788823263157,-0.9954092600991636,-0.6390206311035289,0.8438256947520643,2.1468980639269803,-0.9722385889400046,-0.8571483135249119
1.4793305204715335,1.7210278177384097,2.141551128160053,2.1513295227598364,-1.1500671186711262,-1.2804310089432627,-0.7505797102076897,2.2651776781601187,1.4049548472970967,0.1781829692368133,0.22248818832670555,0.28052139984104185,-1.0988616176792216,0.09294890328563,-0.9665573293673463,-0.9569097074192924,-0.062324780001573286,-0.0061719563806744435,1.8612840126766417,-0.4575630581688209,0.35369698514686837,-0.8481040426138068,-0.23080350958740936,-0.8592897921908256,-1.1754845999863124,1.2400272185205927,0.8589392476055925,-0.27994383690540264,-1.607758722071934,-0.37611986343997006,0.6511517551014315,1.0981334529655116,0.6728187929655302,1.2757956971551827,0.2833635460282822,-1.1302607943143002,-0.4658639271671758,-0.6340511839977401,0.13528532107809124,-0.3396886073031973,0.14523720314065988,0.20324211433693873,1.547693565927028,-0.07635973898816999,-1.079888257956124,-1.240396773581113,-2.5639825571877752,0.7223073051028791,-1.279929953478892,-0.29074466846941643
1.5692303056446484,0.18489328664973956,0.040638629696990544,-0.21773887296422592,-0.15296056926244894,0.3877127482209589,1.6750699035980952,1.3594756221978053,0.4962294282027402,-0.6066702980637958,-0.7300203438557548,0.1551097803887966,-1.0794644336437005,-1.9329323005844081,-1.494289285689674,0.7014971854680606,-0.027985108678995275,1.3861809204103215,1.2476784288952534,0.03144325100507872,0.07212357761585296,-0.2020427924199432,0.7090510241871939,0.21396256768010635,-1.3531525105997737,-0.4384062685369262,-1.8242599025576076,0.2604645148184922,-0.7687565179881025,0.004248607772705598,1.09480177462558,0.20186741217145687,-2.093211465047751,2.2639295760285703,-1.150162468519665,-0.4193635619720518,0.20985880392492398,0.15336625508355425,-0.04562620540938214,-1.1934437250372372,0.5481303407492688,0.07924396801326583,1.0351585273231532,-0.9756770056101115,-0.0010378901094332729,-0.0339076317612305,0.4816978382768505,0.7499385207480692,0.8764621535183086,0.07086160267456092
1.510215311592896,1.5364030523667949,-0.047117733311249334,-0.03813203817122744,-0.4842950835804773,-0.9107169213070897,-0.3696499478436712,0.7599384339884762,0.24048191517005474,-1.683682295362818,0.7864133063221402,0.5198258987604809,1.034264198644264,-0.02908787869842282,0.3897473265477011,-0.51526951293172,-2.368878107334878,-1.9454974187885883,0.8738388269981229,0.7822864338561356,-0.3572446405475349,1.5605567194130268,-0.16749598462091111,1.814750536474846,0.5975560137366206,1.0477677203024225,-1.0189855102036662,-0.7535836529824986,-1.7480846323007349,0.6765739868154615,-1.4215949257878615,0.016071140932026533,0.8202872323232345,0.7337628023785279,0.7773182336307003,-1.7629480991916422,1.810300715416973,-0.24996524541461881,-1.1763640688888413,1.2652794870987427,-0.6568780087267642,0.8031615331779515,1.184125577907145,0.043341213040453706,2.291647370983121,-0.6698093275152963,-0.47277421924595386,-1.3430972344625773,-0.4911627127672337,0.4127830200576378
1.0948175850296036,1.4510701184381858,0.5608784728427754,-0.7390669948018962,0.28159663202296564,-1.2283340867032497,-0.6740920341098042,0.02635267090732771,0.9053474523038622,-2.4153196639647097,1.9038662544026823,1.5916806828284928,-0.6117886087073916,0.10716273676230767,0.7375845339866492,0.35687372395288336,-0.7565997617718097,-0.9779975052526141,0.6950632726154361,0.9742027378383007,1.1867305966030952,1.1239567563906865,2.1635450975618684,-0.1915155790481298,0.30915835191000174,1.357828588952447,-0.8012729354502115,0.33202119732308083,-1.8815033170246624,1.3970559209608464,-0.3341415150277892,-1.5696772370461702,1.5970507658796687,-0.6511580174476405,1.0353485883270452,-0.21955040070965243,-0.4795561794157545,-0.10865799205684963,-0.24681553691798785,-0.004239968304252943,-0.2146491154499743,1.50595666150124,1.2267768787437678,0.8388966647075508,1.6385612068651598,-1.4731467142816752,0.3690343135559955,-1.4495598185156344,0.7496994149331185,-2.780319100199125
0.4706428214736184,0.36813922545235267,-0.49332911995137846,0.013281229900574825,-0.6260800661172219,-0.04727418080021576,0.10082125434208956,0.18916009091126915,0.7843336598756218,0.06354194097469354,0.8045778648793437,-0.387128790677509,0.0030645307827274868,0.36625536328671426,-0.645389100650016,0.7650489442006938,-0.2108961133976982,0.6406448886975835,-0.2508356039309962,-0.49950578268929346,2.7142802114680613,0.6482505443415673,0.2415675495555547,-0.2956358384693278,-0.9328217063124002,0.6730502909975261,0.6018718812889541,1.2434247333924715,1.543902822636655,-0.3631771511537599,0.0836317686243227,0.5677094120560051,0.5647859283990618,0.31465754261356926,0.65082513744714,0.40956897621801125,-0.7004194235047326,-0.6588350000814518,0.5084564115587412,-0.614374983421293,-1.1009348005194757,-0.3183583767251111,-1.1784310747947306,3.35722398216584,-0.6352326194778247,-0.39027141107062924,0.07350773042785727,0.4200394748549872,-1.4567346047244998,-0.34442442859356465
0.03888057778929947,1.1617119568113858,-0.8007329883852402,-1.5708823290896257,0.8764373573641631,-0.6468967613052871,0.8774457767449807,0.9772760289993347,0.8271176828990555,-0.40510413374667203,-0.6772949765783409,-0.2482638269914449,-0.9666451405044224,-1.0001911380899349,0.22658195245655788,0.45938431597852186,-1.727909342458688,0.6081052357682422,0.9029096894416484,1.608121832130457,1.4670342748943366,0.15283259136607258,1.1804953748986609,0.6037116537743648,-0.3129265039461701,0.0662525186590293,-1.6061163434280625,0.4572147582077288,-1.9201022115598496,-0.2064073589349937,-2.373505958858147,-1.6354727597313463,0.9496511698641616,0.13766865232007428,0.20303837598374477,-1.5662428801739674,0.5191801740043811,0.14381918823670076,0.15855096972936128,-1.116298854597734,-1.1339508091016832,2.7275772951175012,1.5829273698168216,-0.13380660577882228,1.0760308688694253,0.32584634855493,0.4945421894982958,-0.4332020661149105,0.7216406298812166,-0.7872654324897941
-1.3366236871356862,-0.1760040698836886,-0.1849361937943167,-0.5886733684691853,1.008680577985545,0.7353056855728796,-0.785965068550753,-0.10508256664146454,0.13462220567772354,-0.03189116483308745,-0.8470883053672739,0.12979778153348864,-0.6872318826716032,0.5625962072029177,1.1274136730021074,1.3172358261924044,1.2174108655730507,-0.5089267616361599,-0.1918325738116371,0.015141941609742643,0.037124844812480455,-0.37052073908243677,0.09308157566002641,-0.4344715647487462,0.8363707212777464,0.45239217710613433,-0.10582631259313707,0.43147748391319596,-0.01848233052091835,-0.18282859994656292,0.6907212018413076,-0.7808653863776369,0.5531998117029115,-1.3175450984355785,0.2691551806567103,1.0904434383355364,0.4232716757561019,0.8267295636912655,0.8475833368205878,-0.4535062018544572,0.7867258262285118,-1.1624227454056146,-0.7752196641123195,0.3096750908137616,-0.9198442069928467,-0.5065859631824624,0.6050927039725205,-0.054226127706086695,0.18301645517590712,-0.30865422151798544
0.7469863824339203,-1.6859408725596083,-1.446725678477209,0.30718128108973275,-0.7980561638468717,1.731607006857212,0.00898683647984417,-0.7270036160637591,-0.7290909732853342,-0.8226973151556886,1.1022781449427665,1.2988717045526739,0.19106937656638065,0.1299853409053654,-0.111160435794861,-0.5619152593698876,-1.4724995277225623,0.16031534973982772,0.9952273252864425,-1.0734370022098076,-1.5725094548488434,1.5129801082917143,-1.0168165914457261,1.3484020857453414,-0.7183055723095473,-1.0176520876986752,-0.9715280901740251,-1.0576903369661363,-1.0886709551752607,0.4602554880102303,1.1962924769495102,-0.03204886489899943,-0.11543654296084496,-0.8678572667966863,-0.941376219494417,-0.7626348687904984,-0.7435682551559502,-0.7789264104229379,-2.0176337865437075,1.6043159923956276,0.47362153562523795,-0.04135086083666178,0.37997235496537,1.2052069394645168,0.6232288136738792,0.4544063827922072,0.43174025997885157,0.3141918633579822,0.2670809566323097,0.7039870076785646
0.6360379442496575,-0.6530156985435321,-1.131356480431572,-1.2769192191238665,0.5078375663159853,0.4003934373938996,1.7048125075294016,0.9619134761361483,0.40992738914259425,-0.6754035258608537,1.3680506715729759,0.957098175933278,0.3971358362871502,0.2897673603769072,1.1132317630938837,0.3667057946232434,-0.5360366331304813,0.724727646450452,-0.5861673830492246,-0.5406223667490462,-2.355520157232787,1.740715933648787,1.194947438195494,1.9517786713130083,1.090332946772336,-1.1472260866640462,-1.091231622625134,1.9173344781199935,-1.3639476696883237,0.3497488076664424,-0.4563437758027178,-0.4563419935236982,-0.4183942016851373,-0.259146525032234,0.0014453091172574408,-0.09650016424972072,-0.47232270671906695,-0.1532430684452438,-0.889692795941074,1.2628978141106342,-0.814388499985668,-0.1570718176415365,1.586730434835694,1.2296938888107176,1.4722559868561673,0.06371962482631949,1.3299554773958655,-0.18018787296947458,-0.612330640063663,-0.6665027461763252
0.4699865350285066,0.44484345290419036,-0.2159779908056134,-1.2093266352233192,0.7634406715925997,0.25839862413007464,1.0379900101902033,1.3060753813112083,-0.11718602373280718,-0.6284932228796088,0.12932338934097748,0.01595430758676231,-0.48144654178107144,-0.8565968873590455,-1.9763558577521978,0.87290266407685,-1.5001638062803118,-0.013472215457485101,1.3186548326217806,0.7896629251891282,0.42065489953475377,0.4085227890847497,1.1272101271500354,-1.1204524831719918,-1.0365152569954348,0.21915090027496084,-1.2916716952648457,0.5744217082719599,-0.7847761156041958,0.3173605164289645,-0.3701262280825884,-1.1769975602587879,-2.179921159468396,1.2124233687718993,0.0011459343301069872,-0.25185782404660034,-0.39832030411904445,0.5677260181916847,-0.22528135390704354,-0.08741970791543024,-0.03803200306382092,0.014213881845483944,1.022697384831327,0.368717570951745,0.3940944105650989,0.40297107802000104,1.0461146466710054,-0.016709869890293237,1.041587636809875,-0.7981521263172593
0.9705306932193657,-1.365418121659396,1.2152172085414514,0.8844765941071311,-0.5950084912436289,-1.4350923889714766,-1.3795167758484084,-0.9054855066206373,-1.200654376321961,-1.1514831969169006,1.9151468464873775,-0.3998798735812415,1.9636721686722742,1.2505179544813665,-1.363712685494748,-0.5349719809452627,0.4344073779516289,-1.1300951505600279,-0.7507509247332712,0.29506087429094313,-0.7067614444060473,1.6807931535776166,-0.9029030254913738,-0.4317357063696615,0.1531342210158863,-0.1959674979083557,1.7467453294259534,-1.4634120188135997,1.4717592955937457,1.8343768494679629,-1.281131289113543,0.4916246286534864,-1.2634699271179428,-0.08232540622022413,-1.243737728633151,0.8894309043875724,-1.1541912642504806,-0.0947170791254907,-1.2296250972722094,-0.6949610594714649,-1.366888192019928,-0.5265609481264054,-2.2496992959827877,2.1186789336599756,-0.5873060604251024,0.9017994751752276,-2.055624942019225,-1.2451461665388337,-1.91207626284083,0.6962986704487004
-1.0686476171576405,-0.05886405124244613,0.07834419487920107,-0.011050446285683978,0.596587450313151,0.9891889510710135,-0.17983512067913093,-0.027957616279792766,0.37568342104241975,1.2129527145119423,0.24910205954924916,-0.21178532218957347,-0.28405069527172955,0.09532351893693707,0.6926083627186235,0.6622250683781075,0.1235232846108986,0.4829223951066859,0.2278750778091604,-0.1319251638097605,2.0375035042833547,0.8016732533367086,-0.06941673017157723,0.604043830796373,1.1281317206691663,0.35362924872929863,-0.7681310847232526,0.21573467669292895,-0.6645542597101232,-0.7292790024346006,0.10142903960686488,-1.379034989619481,-0.19069716580362375,0.3363730221154127,0.803421240511391,0.8565779749399294,-0.9474189689848516,0.3725935698493923,0.15531897144415502,-0.9289272951879913,0.14031646422819002,-0.5965811698291722,-0.04570733751642497,-0.3681754181455263,-0.23569493764681732,-0.03178229254595526,1.4571230296918773,0.33138129755566154,0.069173199255148,-1.5975884764046142
0.274359962306533,1.5125530963190812,0.7906837586955282,-1.4357738259873736,1.4514989418898643,-1.7217779047926043,1.273721558027132,3.1453263266326483,2.470774390940839,0.008822216406658954,-0.8989569757639927,-1.8355026369756149,1.5902757824158689,-1.0358772588852023,0.44007678144855117,0.976016680091573,-0.18834735151574536,-0.05693282616337751,-0.8748224247369948,0.8567723157619785,0.3662556274690996,-0.5385148514669343,2.0479702273291163,0.21554625295795057,0.9532182400533518,1.4982543004015696,-0.38378115812296243,1.6602716548373295,-0.7346947937204007,-0.4002202490899845,-0.7415267616782462,-1.021329948383833,-1.2312232373414453,1.2149081588132282,1.5405867945623126,0.1590120414447132,-0.050657351618912785,0.9301129729567644,0.4984732368356779,0.34507833012481315,-1.2616157172740057,0.4506286444659658,2.0080558179705013,-1.8763742862895412,0.3448358087176825,-1.4856111960796565,0.875947998504717,0.29810305771047413,-0.1313319731275244,-1.3329888545336224
-1.0473940317446224,0.29024257235199097,-0.04655972473077071,-1.8812205509951025,2.9558326940123907,-0.43785084042391537,0.600663086739295,0.9335258044424944,0.7300089602065223,-0.9061914982973102,-0.039932339981838434,-0.19242097416672174,-0.6189711121815339,-0.794513126173623,0.12253439488061742,1.6145180227512235,1.0678084597635102,0.2730132720445421,-0.11254053671357059,2.841729147903793,-0.25819171707313,-0.3921865475633344,1.9154832670171098,-0.5513124847608321,-0.19488693436869706,-0.15299663941708275,-1.9928185098119604,1.0595901522352453,-1.0437097993598856,0.2401642714984526,-1.3750505761769996,-1.2967510724597415,1.2333236662365414,1.9747035608614234,-0.08407914733031538,0.8086337264000537,-0.5009781184808992,2.617947815612257,0.6197075073014274,0.9114485555877306,-1.2195715854452656,1.1466649445622505,1.8637477540141572,-0.052860941430707485,0.10275402928875406,0.24801853562875742,0.7503069028028404,0.5047830667177718,0.6878960706389755,0.6583524013848575
-0.6540749925424537,-0.8293717715476236,0.19174133641295066,2.031953357121285,-1.017108298560496,0.07421293058480924,0.2687552846973166,-0.11188267088501062,-0.4757723143110635,1.1536469253578152,-1.3668738125219881,-1.7019119663893119,-0.439685722389229,0.3326950562499294,-0.24406023762340184,-1.3447688360198373,-0.03444726966703247,1.7238220432858626,1.7751623144348379,-0.4787329543695608,-0.31887276234033074,-0.22858964750228875,-0.655032138987384,0.6477512081866902,-1.3916230568226562,-0.023520942224823274,0.8157766267564959,-0.06574655907530369,-0.466195724581777,0.004839090679046909,-0.3456771700955769,1.9451990997444732,0.10628565361589419,-0.5640639911093757,-0.9777750352391504,-1.6880989012468948,-0.9158530974927139,-0.5710206630051021,-0.10157011481170897,-0.9125628924148299,-0.45291784400034135,-0.9709462160388889,-0.9829975584891689,-0.11579321069063206,-1.0140478142719782,0.5621757304610917,-2.0970115868934127,-0.4849699664416952,-0.7181030169277769,1.4323427056564977
0.5711768611081529,0.5632811693354228,1.1244520311394726,0.0003062944516908394,-0.1484980276719054,-0.8329286493179746,-0.8656523621981588,-0.06340821155776342,-0.27048255275614125,-0.07708877270224922,-0.3478884380610818,-0.144075304819903,-0.1903963259652573,0.5723878316038203,-0.9213560780005254,-0.26401368320651447,0.9103284249964023,-1.0480670910297112,-1.2869739419889616,-1.152579647462814,1.1558846989809557,0.028730050359556513,0.16772086731842145,0.062474542740054054,0.8223857342815132,-0.11305884706829011,0.16768273087092186,-0.4401350075748975,-0.24651623532389416,0.42412161021007344,1.088277600610866,-0.09030959481498543,-0.7459128301475502,0.6545303174723991,-0.5625396820940691,0.40680370982904007,0.25535025653188687,-0.6193340335998639,-1.0024228291682504,-1.9532482871837995,0.7767967862886249,-0.614543952196405,0.817589466391258,-0.9758440782886028,-0.6294597889208936,0.6454094445624968,0.027576948237869447,-0.3896407163280027,0.33129167441999186,0.12985978017414063
0.6094396040761477,-1.3309551114178828,0.04556801442579685,1.3639454274003886,-0.9771131115097856,0.13756627044332287,0.5524742203553266,-0.3539542600727866,-1.0708168048986086,0.7865205139666758,-1.2680808482204984,-1.1450076697440326,1.4689082835255682,0.23487320396685937,-0.9569917877385766,-0.8290481852358788,-0.05575532788378368,1.1214299210574452,0.8277606480366271,-1.1338402514493937,-0.34277483294227057,-1.0823160202632605,-1.5556321448819852,-0.013053366652805048,-0.03610082354538726,-1.016612997185101,1.2787231599801783,-1.6926006511458136,0.4032741126540636,0.5522296512549709,1.4125529319473138,1.8063093623101474,-0.5576930629904788,-0.2489145825898609,0.1299778376417033,-0.6339948413991192,1.2225409343779334,-0.7245320542112316,-0.4548365339637269,-0.5010321796223468,0.04500058201729476,-2.2782208696787416,-0.06799927236000816,0.3835290197152568,-0.9529156136578324,1.7740587879757834,-1.4300359042369397,-0.24273360838598687,-1.8113206252987897,1.5632067734261303
0.40689305567156653,1.7469996300860198,-0.07724666621494249,-0.618554454182862,-0.5855636275886335,0.1880674483324906,-0.4749236835941951,1.2450252250675078,1.0591307782487618,0.0023702212120124927,0.2364948197344817,-0.14300557144863094,0.5453789745661641,-0.6530097753010075,-0.2582487557388686,0.33538503878991927,-1.0460679387669236,0.7707352477703463,-0.13413362874133342,1.2598103741613171,0.06014601035342571,-0.2296911817515844,0.9235413496322178,0.7254585914906125,-1.1420117427551362,0.83593508255455,0.3612099780995533,0.5198605212959536,0.15505129179475555,-0.5369543266523135,-0.4831713379911025,-1.1541102941309926,1.2573931351816319,0.6078725086837997,0.3235829025641186,-0.4092276403391856,-0.3006345866113361,0.3705695130420771,0.5806083087001409,-0.8598988773274242,-1.139922498764731,0.6541108204978566,0.4563530972963727,-0.35086604193738,-0.10559020921520718,-1.123738917348381,0.1631079995748651,-0.03268176613317394,-0.86313027559053,-2.340739345262752
-1.50350118733471,-2.0775306917841676,-0.7420319722480309,0.40642393246558944,-0.405309196553508,1.2075835730846418,0.5460177478394636,-1.1260668378870717,-2.7041286291698685,0.985526558939747,-0.44574736667640613,-0.9779131848169187,-0.5361197937472525,-1.530243923667991,-2.2100465746552187,-0.4332949403611852,0.14020687153555086,1.07973233312462,0.8150083943739169,0.24696458011915062,0.9125517633202003,-0.02484596390884453,0.41489067692433357,-0.15369846433629358,-1.855858898865239,-1.8591659352999503,0.24858133452536843,-0.09638272876014735,0.14349711749922325,0.7600971678883216,0.16922183541140517,0.09027551573500482,-0.6517436621071512,-1.2637984869533965,-1.3347426077917384,-0.592279700114639,0.3648448764670606,0.6123748333979805,-1.1812816241269797,-0.585044307343777,-0.6433037864610864,0.011874906502956683,-0.36854968610587024,1.9970720006433174,-0.9049991187624503,1.8041895568487967,0.44119840958460266,1.1850678853919128,-0.35476114625212984,0.2208404047702323
-0.30673781782378534,-0.006445022125819434,-0.6725863229516891,-2.1735456113995877,2.34161506577204,-0.15447777630761436,0.42908111506131746,1.2490811007810427,0.4288717476456889,0.01803981561626217,-0.5881714494610466,-0.5669698399629655,-0.4145790453865018,-1.4640041756048958,0.2904389957515118,1.3416821280243605,0.7797915738267501,-0.18020310224223265,-0.009887531994852249,1.102165352172029,-0.46894926188376734,-0.347962628828178,1.2564147239068904,0.5369035854079873,0.8735143931173827,0.3065562006431259,-2.1764008616701203,0.8346986149107863,-0.05249789991039878,-0.8254149418145347,0.8264738373279574,-1.8263869918934403,0.6629368485967128,2.7767632757119918,1.2335118550172544,0.4129594046542263,0.5966443217016836,1.5506062045097537,1.4707668854024505,1.4555704995394865,-0.12011005461542053,-0.22415188950521123,-0.0071857031237678335,-0.13290318710974872,-0.12355856339846578,-0.26319630912699254,2.0566519120351296,-0.17808773470392808,0.6660429793086382,-0.7396028270038109
-0.09320923786491693,-0.7444544955354917,-1.2807640609458086,-0.8292600170032356,0.30094600119347886,-0.38739632014918646,0.13036207249831958,-1.0887231786073526,-0.610483606209534,-0.36155875051793274,0.6460582945979605,0.8208537871300339,-0.17940768449947897,-0.4591961562538059,1.1302750237780856,-0.7815901108381705,0.5481765574789305,-0.9013612644912441,-1.3379951324752233,-0.8152738917139254,-0.9535187781961133,-0.13035729376244906,-0.399926466335805,-0.44498551572001854,2.1321369251814857,-0.48130685485419183,-0.027725064050619842,0.068939546603201,0.1563390229820366,0.7970554234298034,-0.21914958845909477,-0.6240257363010221,1.0256182642500038,-1.0045556541297007,0.4708636511600963,-0.22506384393591625,1.5498918098561365,-0.3725895056345891,-0.49705691240527844,1.7332981794975826,-0.8451382401834355,0.7245148922701963,-0.021791312869940474,1.2350837285144411,1.058345155924525,1.2549339622788183,0.2050111682639014,-0.5668947538833866,0.08402929220538888,0.3346190229065094
-0.8871732721261643,0.7097082874385606,-0.07105677727806431,0.12528392573976785,0.531319158086023,0.48345268698203125,0.7631632299002132,0.9562350095704217,0.4445215444630614,0.6806572282480992,0.5179995937130379,0.3599887703103564,1.48425223622894,-0.32801031009990034,0.7472002977063037,-0.18670293481172368,0.4983827750947823,0.2175056721660212,0.20778549239890926,-0.04930979371229836,-0.21099135565912255,0.9362854379275783,1.3130682363874446,0.5447349358935247,1.0717906454589436,0.33859335457039036,0.16120515603414345,1.2914223843524462,-0.9210965675993044,-1.482796098166877,-0.06389690527584348,0.5312213903014176,-0.09031803582225083,-0.11506917470959771,-0.4496500132043378,-0.05721332777354136,-2.224851772500106,0.2969058685784833,0.6780198566503823,1.9797652251332585,-1.1859495227131405,0.03505247518024785,1.6560798539445551,0.9506666693335859,-0.5247364901576547,-0.829110283756524,-0.1381848306304396,0.45053692041907123,-1.0471017741348536,-0.6364654992358006
-0.6792266240464994,1.0379361210415219,-0.50087196362998,-1.1978951051169018,0.5767558162106482,-0.8232007822572174,-1.1151024476928917,-0.053087756529648276,-0.32862963112546933,0.29845578418540886,0.5405201261115012,1.3629864369693283,0.27356187311328056,0.5796092188403992,-0.05108658547094328,0.7181572686310432,-0.8375315214895505,0.27946884988618775,0.21212175383643592,1.3091955401260493,0.28621122642966246,0.37742473521879966,0.5286077675589917,0.5314195162080548,-1.091941006695612,1.2535496573059348,0.2726911965860824,-0.4968548402329262,0.13901301972141475,0.2689966750060515,-0.3233716839146107,-1.246503529903328,-0.49153454174420064,-0.3824828637117847,0.5385133447571382,-0.08420778486463364,-0.6472419842297391,0.46088281920203483,-0.2591146471799881,1.5771875296240176,0.10233832869772108,-0.7558357617536917,-0.011942429880092769,0.27394600260659124,0.9693154163620508,-0.6975751075681542,0.1549453479012331,-0.7131274990004633,0.7951238320278392,-1.4322810974357694
1.0144185522574618,0.3104205501740727,1.590028919933283,1.1123023425900167,-0.1767249495175513,-1.1183473311965018,-1.2605196396716887,-0.08364989343992031,1.0394280362074617,-0.7703477757385189,0.30013356713516365,-0.7175000112513081,-0.7417277314432159,1.1758039701233214,0.4465337821484524,-1.037261850871099,1.3566115149318123,-0.5702672602353793,-0.2861870286883392,-0.19740821313821785,0.9925096907129771,-0.3291224936935124,-0.6038220879690519,0.4074776406704258,-0.1588911782879686,1.371890366124638,1.032212759297037,-0.30173190990077803,0.7981539942744361,0.29712325424972136,-0.1427575408777366,1.0677216040723598,0.35176674423187543,0.043999884063676664,0.8815422491521642,-0.4879409707224486,-0.3091692902066397,-0.7453441329341992,-0.23475425180304957,-1.854539193760092,0.5320472182585022,-0.30490535932612867,-0.1908019765516351,0.4543743514145882,-0.6886253230917634,-1.005224158315821,-0.15960252788402773,-0.3627331354752653,0.4791799968484204,0.4706171601842492
1.0972713343542864,0.5709567666851838,-1.5834720225433894,1.7395013399010522,-2.3191313448500783,-0.4396032456727002,-0.989845047665345,-1.6363185246880245,-0.9845449936764971,-1.169564937398287,1.5081251925563448,1.1724715830089065,0.6210185348189714,0.45021662994409717,0.6453316604237724,-1.1336173004433812,-2.5775482698412535,-0.5840404109378947,0.8812377646933122,-0.039014529082630735,0.31491522955293233,1.532989637215246,-1.605496356999035,0.5649019634353267,-0.6639894659887551,-0.08557920511919052,0.9936851207059165,-0.7494049329942736,-0.14583127324907125,1.384829417658993,-0.560699240467027,1.4865797675096055,2.7055035388425432,-1.069921439697084,-0.023534665262804993,-1.5908553083827985,0.9428724495402031,-1.3683689075980776,-0.7273045772843292,0.09531489768170279,-1.227870530601414,0.5173752747460117,-0.4284916127213213,0.8314657411510208,3.0029917024671895,0.1417036149159101,-1.498180453215597,-1.7458013764352815,-0.8821702841554437,0.7351700409506917
-1.2463358946047782,0.2812364335072491,-1.4317811213175604,0.006045693603715914,0.4373584897266774,0.15500071886533634,-0.7240040422135227,0.24775556123695286,0.48666299758010745,0.6733021638049028,0.5373193056879461,0.3658443605010807,-1.8108508509451682,1.0499465077495314,-0.873175562891799,0.2789057058295064,-0.5055230545065719,0.719514574439561,0.4914346028317316,1.2067308225376512,-0.5221315944962014,0.6761217374446254,0.23859859376206458,1.1613454934615506,-2.067869406896542,0.4790799845946436,0.7385903505496306,0.4038641363645779,0.8271906014750725,-0.0049610113025625275,-0.8857262083176008,-0.6562260255547111,1.0463058984544522,-0.7760113354435803,-0.5457183202843295,0.0870671041822322,-0.5708954192846855,0.3883711309241033,0.3862453208685849,0.3779774852018187,-0.18446897830168882,0.31271130184952994,-0.7197300204381002,-0.3433405212296984,0.6220125174943351,-0.7180523090657659,0.15402221290086723,1.1210418683477883,0.2507523454015588,-0.5255166247259266
0.9427821540501192,1.2730966579431129,1.65290443554382,0.25997801377107527,-0.1719498718415023,-0.1753093304661939,0.05645668945282099,1.1053166122869935,-0.33199571180930654,-0.7691059499377011,1.010121342074304,1.2423718670826114,-0.2631347340187517,-0.816229774162839,-0.6395749403933831,-0.8316843926982631,-0.3867149059676774,-1.079156208090421,0.6234729323752999,0.16606920517210264,-1.4608105130566251,0.5601178964983459,0.6715060065408669,-0.2466121041664831,0.49944455877250077,-0.08061050609391283,-0.7368905771494664,0.13990348083315451,-0.9174159162502974,1.1585654590764618,-0.6511797928492631,0.4300105219652442,-0.8391552448048446,0.6916190977650701,0.7262085965859194,-1.1165330957507011,0.5288261608636137,-0.9369701290065559,-1.1818219957747278,0.8072847916771397,-0.17122323917370505,1.003218540749345,0.8708493595794913,-0.8944541620549079,1.3268879247804768,0.14686235373882794,0.31172969488439783,-0.9898479541671761,0.23143264037476413,-0.19225997374613718
0.4523761993109748,-0.13936753436954383,1.0138292408614211,0.08871969164565838,-0.29098208183528956,-0.20590067861152211,-0.4542195273158895,0.3136635757298718,-0.2641499005826118,-0.7123178128400467,0.08707521116613937,-0.4156525053160875,0.8656597795732286,0.3009449781753478,-0.10136241413590935,-0.1865323935455636,0.4282520166865164,-1.0767499644562835,0.056192063927794765,-0.18628351876475205,-0.5294717147570259,-0.21729729009277543,-0.5867135392801435,-0.19731000568726503,1.6023724660182173,0.5499184930845379,0.5536585086301906,-1.1586554561228386,0.22335618627762785,0.18710709286603336,1.3536284712826845,0.36597123829315226,0.3670011599170663,0.3530542974301812,0.43230698829068026,-0.21696371156222968,1.0422415634025484,0.578786242532266,-1.6697558067164866,-0.7302292988181059,-0.3654066987789501,-0.18957265826183664,-0.02874836356253716,0.3388679224977923,0.3335830767554086,-0.5186766809380572,-0.6543755484452843,-0.379107699772865,-0.8343487664363883,0.4229077656351388
1.5565449910604312,-1.031148144390632,1.9639007706672114,2.7822341592453332,-2.7136342701107012,1.1102330273548793,-0.38469798799475563,0.3414518148933516,-0.1277096957100717,-0.9090652004424139,2.166228136768213,2.4086629730968214,0.26733070548263943,1.1690003208508433,0.6597856144796612,-2.4229182700497343,-1.8435246716442524,-0.9759312061568111,0.8423375736932345,-1.11881852378816,-0.28501139003898535,1.4624959830457998,-1.7532331772705585,1.2527342655796272,0.5625933764130562,-0.6390709530669776,2.1464098175953863,-0.7679091665370802,-0.4198832495487088,1.273688441692012,1.3076970592166732,1.5676854171314956,-0.45110739326454946,-1.0663412630719311,-0.8462353151738626,-1.1335740794454492,-0.5800259664000205,-2.0108187365646266,-0.3121128048321993,1.0994911424653944,0.5087743026455868,-0.5459142491768881,-0.6897734957721866,1.4354188475956247,2.098809606526654,0.2596019115261571,-2.1516876706304484,-1.6061253245406573,-0.16511877253265908,0.4567604211126201
2.0229921008055602,0.15419703298652462,-0.7011826029567007,1.6270514530634628,-1.456404472871975,1.3206717336821543,-0.43849055846979884,0.6128311261580643,-0.6554942464915305,0.37613838280771966,1.405570042963389,1.0292281280289541,-0.14237528258934937,0.5420594186919329,-0.5639935399687752,-1.3164223029386848,-1.3253389697864906,0.2888463048447436,1.5945607040463625,0.6766114606894653,-0.1140593479111721,0.8433534995641838,-1.2957463087275232,-0.16392105830758083,-0.9772307949030528,-0.3283832264437501,0.44939544636603695,-1.61144403185154,-0.05613528175064369,-0.4607166648533385,-0.8223095518086083,0.6342662437745872,0.7161630203206005,0.09201136249518248,-0.5465401368810503,-1.614343427612714,-1.2056817845370893,-1.565963481687643,1.3185180330066493,0.7168706125858754,-0.9708282803571848,-0.18489093201572687,-0.4851185305577772,0.5286566817237975,1.0331981799136523,0.8831783889749837,-1.0858547312320699,-0.338916864043001,-0.4670064497285305,0.8348358036684055
-1.8308592830893142,0.17220904471977372,0.11600933159996796,0.5989512015906163,0.7234744572236945,1.2357123971544381,0.9918584083591043,0.19029370942616164,-0.6035595499623898,2.128827125180789,-0.01076558316628023,1.3390785472170847,1.1175138304472467,-0.7803872666975892,-1.2658165973229845,1.2700696570571368,0.9394704773484039,1.3676635194340214,1.1200156608052785,0.5109266871654053,-2.392866566023164,0.12405633089410101,0.6172675256600771,0.1455156081593028,0.1867765401439934,-0.19177346345463261,-0.2933605176828657,0.3594031288015902,-0.2620983468726157,-2.1322854593013254,0.9445974408637304,-0.2633114877222435,-1.369173912986026,-0.43168195660252295,-0.4067738397862967,1.6327452854962323,-1.4629887317897483,1.3679953818205677,0.9549824622439175,1.9318249894229325,0.8583953236620003,-0.45261423491496844,-0.27625202927345927,0.4492075235883654,-0.09202968087037568,0.6447745856452473,0.6923037827368116,1.3350607543876545,0.06435143326492873,0.9942918956773622
0.16050314708250335,2.4570479467771658,-1.6926363827553084,-0.9449634741575582,0.6469380417670965,-1.1190789348919732,0.4654594547151038,1.4491643724465961,1.4666161308572254,-0.16845874264963298,-0.15968750750313182,-0.2632583950301077,1.218080326715801,-0.29836382647004966,1.1950603722926065,0.12843289272244474,-0.585854217459022,0.17317056186608307,-0.5786783195580018,-0.2986134432019624,-1.7642174190852002,0.41554130612135903,0.5567991859484155,0.336340110181852,0.5241504987513776,1.9462304485891273,-1.3536418711232345,1.1938705930564244,-1.3731862657193274,0.3503341144900692,-0.09583352582936644,-0.8735615141430112,0.9563285565497425,0.10456606091265276,2.237319453010743,-0.05401461295347968,0.17000067822112286,-0.008225251949097118,0.006884893502089983,1.061247462363847,0.14658652996395063,0.9079321021186605,2.1343814177562974,0.40241002893737865,0.31115081500311265,-0.844038473626216,0.4013360972053321,1.1045538813912221,-0.913267471015667,-1.139262778818531
-0.33402241269790484,-1.184530086564999,-0.2767643253804756,1.6642926747535796,-0.9905018435993326,2.0355895635899466,1.52709020346729,-0.951772289458453,-2.100046632364594,0.31730329302584553,1.3105881561809627,1.1564059986801947,0.8735137137650689,-2.8045001977617163,-2.7969589377469823,-0.5460362178993063,-0.5729033847334739,0.8703143256958396,-0.2527280773122448,0.12889071719750644,-1.515107385136613,1.1948544272889003,-0.18321399652626064,0.09718648177280176,-0.14989475346614198,-1.7263427760599717,1.7406787670947472,0.7513975567705613,2.1462814965968104,-2.265930328919984,-0.4076058982813831,1.569769328793271,-2.169029188372076,-0.56530122594274,-1.4615614173790439,0.41838840313445397,-1.4591410335058788,-0.5863919608444048,1.1070686953119968,1.5817890524064955,0.08476043777498908,1.3713154683786868,-1.0400475938325346,1.3746027590938616,1.5330228158716657,2.2926918011867503,-1.1042168668319836,0.11123702391018069,-0.874660969649414,1.6685890056965238
-1.063541859580617,-0.3068856785443024,0.9748955047890425,-0.6736635653586991,0.6883234013355787,0.5835848904004024,0.16742500933679014,-0.9599112843898017,0.3029156238193368,-0.030101069643458232,-1.4500437159038517,-0.5833150160759747,0.9034674521735974,1.8146341553460255,1.599769729886038,0.016076545836598465,0.13743011323649637,0.7022782003964139,0.829679207728744,-0.03156648608600246,-0.9952235622702735,-1.4043184354315295,0.47176184929008425,-1.3569571102485893,-0.834651303506084,-0.492084772150326,-0.9257103792851209,1.0341256858536076,-0.788505782564275,-1.099907323183176,-0.3908025624051743,-0.16850519194833602,0.7490727071487298,-0.9836530242058988,0.474224517710447,-0.6649808698678182,1.117028121881689,0.3678661950795155,-0.3363690647834782,0.6412685159423992,0.12516556788632416,0.3038316781238041,0.36106647238884054,-0.10539956556810351,-0.8302845867750177,-0.13641738786119026,1.2476577134574531,1.5448428262214033,0.31109284394631687,0.6269889949228864
-0.5187215355055182,-1.4735454401041144,-2.3834432781809394,0.12069222230326099,-0.2785380524772661,0.42819511000830507,0.7559340976037261,0.013714320369435843,-0.09148329286212777,-1.3770605288258533,0.050552210426142184,-0.7096823877317916,1.085061264779833,0.07406812983784077,0.425843669086345,0.21827816675162967,-0.525308703070612,0.6143784017887959,1.2088841442360263,-0.4018988619339294,0.6309673297282572,0.5963089605021126,1.3815564644604343,0.7180380139247197,-1.131489098522755,-0.5654070622987668,0.431965923318597,1.364580901780135,0.19919838758224528,0.573905367161758,0.9291120107778357,-1.5907089508480614,1.082886261237707,0.11370470984133543,-0.4335300692066099,-0.41661724571731773,-1.958226520616886,0.4525087417706975,0.07119094127240484,-0.9646553762891982,-0.8616891194143477,-0.6808023589592113,-0.452600939207611,0.7514856061442787,-0.44121856687030037,0.9479214076922183,-1.6209359374650185,-1.829971910801525,-2.5714893623501096,-1.2170781236137547
-0.024927580184308445,0.2782865896360138,-0.9334761712387787,-0.22643742609251463,0.03454304189957127,0.5369703514714274,1.7672244337422836,0.49967591831973734,0.27755853806848063,1.5354756240575331,-1.1788865947992426,-0.19140219781821544,-0.47954955317743947,-1.930359793182977,0.8752143956898737,0.7553898239161613,-1.1907051495426386,1.5603464539290073,0.35173493972255127,-1.1848636173913536,0.6310776678074033,-1.303211512261578,8.35758920154411e-05,-0.21575082451804453,0.4645544486089611,-0.716244409529341,-1.4633609541103292,1.2951398210403944,-1.0986634292719908,0.13760988674191754,0.7861235996429629,-1.253050030082329,0.41071154327887327,2.0044428093641025,0.24614504290649816,0.5308975227392537,-1.4003423503142813,0.04756528589960748,-0.7483412212901838,0.7996575769310191,1.0952903266001528,0.6309166230812022,0.08226559662944494,0.7531951149312608,0.38359107421471755,0.6041728637046869,0.6407295356307703,1.160221399885159,0.3204897012830497,-0.6444653407185092
-1.7544442261429574,-1.6876296310762315,-0.2706790024255974,0.49609608868091165,-0.8206932686125522,1.0913851655921534,-1.0697535864325498,-3.382885056147772,-1.7810810519317941,0.5928033164601482,-0.667525365725409,-0.7986604155588443,1.6837879362124524,0.744199792519429,1.6675440108069315,-0.845581509959341,-0.4546273530257201,-0.6396627642937331,0.1867194082048715,-0.341078933580698,0.005603774707549964,-0.4218399016138911,-1.560147299620332,-0.8751382959767319,0.5013691542524106,-1.0787364052877084,1.6911311628363765,-0.45002545626112905,0.41555814869791724,0.12415836631727505,-1.7115144475353568,0.7907057650741692,2.1694109121243232,-2.0099920446808066,-0.9902360338872612,-1.0629332557666342,0.027483807761140705,-0.6519135264434357,0.6082798157523259,0.3372823363242299,-1.5106098607395402,-0.40876117460152045,-1.2892267072026855,-1.6620124537522991,-0.884850192432878,1.6109815979106792,-1.8953641847154594,1.3691625927693898,-2.3409135138667145,1.5042404820829354
0.43546654475564395,-1.562724082312703,0.535310870944889,1.6850982899678124,-1.194999587529509,0.7614742328016904,1.5302803687983746,-0.5589087147493628,-1.4992851082150138,0.733977176813627,-1.0182283907975629,-0.608275035665976,-0.2969577240119752,-0.5209246845900392,-1.2938188633766319,-1.6054285534983104,-0.4419224902033063,1.7404847265572103,-0.10798323404775063,-1.0679988542418692,-0.4105509153179194,-1.5083771722727732,-1.6439257878781803,0.7809936155209491,-1.2517916891373086,-2.248059801023201,0.05191760260633497,0.16736635139625977,0.508002490594124,0.3869351411400884,-0.5366471414409807,1.123005936003342,-1.3198116982215118,0.6756509205528793,-0.8241897868138428,-1.0758463126543065,0.03832091414817198,-1.214916446575729,0.37031043739257963,0.5368313478806599,-0.7573102304051881,-0.7894439624015169,-0.030882828048019968,-0.8766241185252236,0.4811335706099594,2.0893902300031875,-0.8451457670750813,1.129340151151423,-0.9801877910550401,1.914594178035753
0.09838259226452838,-1.2472887320725041,1.7299699837571008,1.2132448832954659,-1.032717319582245,0.6086116006101226,-0.35669689839624996,-2.193737717460858,-1.719249003803711,-2.263544697377622,0.7246680902765561,-0.36992436073986157,1.7312465058711821,0.5354796658589197,0.22858192201267957,-1.2373457442611178,-0.9649014363923814,-1.4026030884926837,0.08103358698700594,0.3970981582727817,0.4705379947169004,0.38526203294727945,-0.051225311214209805,-0.458643930274262,-0.9904398944737247,-1.8271341880439393,2.497807291000616,-1.4226702396477342,1.357715594048924,1.52520393643094,-0.18663256274783846,1.0910277961870118,0.3433209774418471,-2.111827651245802,-1.6610626336561245,-0.8929751169908114,-0.016908818011461397,-0.64558213649116,-1.6157204092733213,-0.36942707520904106,-1.3555930802492613,-0.5874916028316614,-0.3675009465029077,0.23277204783321795,0.9470747644247467,0.8975858130404766,-2.0585553772052343,-0.922864262784411,-1.7539397810315995,1.2122616915727915
-0.31305625939210574,1.5562412462596225,1.1003260274322286,-0.28747155650478584,-0.3427131489271397,-0.8821905389444488,0.13568118681499075,-0.5051773195679615,0.9998527124012986,0.5600370953607646,1.3130760025368826,1.3431228775053465,0.6314662829092004,-0.4571146721543923,0.5779947405088378,-0.2926745317752112,-0.5990307979960319,1.9473113351600544,-0.6413601463000839,0.5649837641605335,0.023532305674553153,0.9318532934590081,1.132962739834228,-0.6215532943627552,-1.510314848762848,0.8236806868998537,1.9496621551129043,0.6212704019943491,1.1743636880021837,1.0176078786844625,1.0303059234905507,-0.11414471217459382,1.2841863578576473,-0.38062735791942887,0.20754362233155038,-0.4837015832034331,-0.1579492622230521,0.14379322311219714,-0.5503975399335652,1.5615484990766613,-0.2850076548400409,1.1978447244156376,-0.3343843605468549,0.41939213496355704,1.9854716043428557,-0.8879616801742859,-1.141116034132886,-0.15041711137805952,-1.6860164930699837,-1.2006227749965297
0.16675674981623195,1.1270123555911937,-0.388671759775384,0.8137189202213957,-0.5728738458384955,0.6552740138876446,0.4193605329023671,-0.3697557304816392,0.13526868602368197,-0.8829730049886906,0.4748044166631567,0.8040351526926007,-0.37582552548894443,0.02531060857448215,1.340000453194505,-0.6338441169668952,-0.838389881143158,-0.023944705310906308,1.0274228117877071,-0.858655981925214,-0.10455751598195795,0.3193494229291419,0.21856215293751655,0.06522866212752812,-0.5974942367300696,-0.07011157801130787,0.06126647937583013,1.2649803955036139,-0.838161383292966,-0.04780376241091178,0.11560414815394035,-0.0003393655786065091,1.1923799808969657,-0.959552217274226,-0.06794028486340237,-0.81767720956897,-0.5080113195050618,-1.2917564822073848,-0.7015473033074854,0.33524720078578707,0.16074275643690492,1.1759221655775132,1.279400148645368,-0.15612327379949492,0.5347512248652656,-0.03084890085241008,-0.6705807612446237,-0.06756688658440171,-0.26587606616804316,-0.5444175106531947
0.3166848081136855,-0.04709462943531556,-1.2531858998575292,-0.7486811200158693,0.8695888963070707,0.4814735706807392,-0.03613957140257118,-0.9065173259856814,-0.8255702872643139,-0.39798717376762116,0.9276823980430953,0.7988048912348744,-0.7260346969248105,0.4128944305745689,0.07057947590656727,0.5939528705448573,0.27284174253068505,-0.5388606615660121,-0.27491212742017845,0.09888143370281924,1.3471998210483158,-0.2807145421528482,-0.19042554945322712,-1.2343086820027578,-0.07242150115121491,-0.2499751750248697,0.32950215941337097,-0.4012261421372962,1.078577410733688,0.4651575960130872,-1.6471396320577922,-0.8747324857216512,0.8983927969273102,-1.4914037147449308,-0.5841902298386435,0.8332377871403102,-0.7512174871480634,-0.4675165859262764,-1.2553990705963558,-1.6195898069374766,0.4334367997939277,1.4012912593105924,-1.157548487878675,-0.647410120804492,-0.19152124224591358,0.5857750381284997,0.09503193576739198,-0.19198123858287072,-0.04562001085212169,-0.06713490324744441
-0.26748189921765364,0.5221645958681819,1.4635255692205766,1.1133608345829789,0.1424932608007669,1.3597629222920837,-0.7721119918030681,0.897609780903176,-0.06114182924235263,1.6019328704715394,0.8504224905904915,1.2573564841943885,0.06971933534089922,1.4002678500815386,-1.1456046018940078,0.2206517039811804,-0.1411980585625882,0.9838159869303829,2.0913963662881634,1.346431507291191,-0.48703981409306013,0.2918603619210544,-1.6224697113919253,-0.1431989442386082,-1.5791498842649385,0.3973672302066421,-0.5418580704166499,-0.9100661072328033,-0.7935141954830749,-1.1878341757634616,0.18168595100083643,0.6251524348217656,0.38861894943155956,0.16742520062515567,1.1322837812562667,-0.21061714969571851,-0.19552628903376235,0.8588972861817668,0.6718289748119862,0.8286446857561637,-0.8531990633857259,0.39773559002432796,0.24866826684243057,2.20733373692535,-0.34469740761699746,-0.051626623644794825,-0.23464382509064008,1.2021692777023507,-1.4007519413050806,0.6746966748525882
-1.8637238149819777,-0.9288040897255082,-0.7571847072466666,-1.089071037137697,0.6506448104177431,1.871250804239775,0.894815592689088,-0.7481990124461755,-0.6757167443322795,1.6887335656892408,-1.0193038821655391,-0.6571856842666437,0.45354919111954317,0.6396146684297053,0.571461944596657,0.7800483654702737,-1.0301411471616664,0.7553636481207228,1.8584924390487185,0.16209881413951296,-0.09577189821975969,-0.7876143701408119,-0.022333353636139926,0.8093173737716277,-0.19407794634176617,-1.179754817688671,-0.8106948129107102,0.7823428560317061,-1.5904589965194,-1.2492905161981467,0.546826091108261,-0.3852242325919671,0.6635309021755372,-0.4437197783860315,0.5883319959225825,-1.6190394464435593,1.7305748612430365,0.15925363650231625,0.7475463475625633,0.8253964825735401,-1.152636668284025,0.03203836564147945,-0.37702414620022384,0.7153914242813403,-0.35103368235217286,0.8218216820145058,0.32436079372599763,0.8273156850807638,-0.9865162564269152,0.831367026029267
0.7148871630039261,-0.6472410640288917,0.7345756634541982,-0.1243547353111857,0.4454521391080396,-0.8580409342533846,0.37183403772533147,0.5797613539148608,0.2312122017471804,-1.992750313868968,0.04912067999909415,1.2357279668471972,-0.3933219771953486,-0.40260571388758015,-2.2488008179330015,0.6153572671250692,-0.3784360092042412,0.04427861498763252,0.7052098363318918,0.43277004617200987,-0.9018460583967612,1.4771323276602162,0.43019948744996317,2.590569639654511,-1.5883261684189018,-0.672331345926158,-1.3821836938981917,0.3812268003127052,-0.28920213434940883,1.3334639270643815,0.5562098285621343,0.8174473659401968,-1.8371071764646487,1.6334079556017163,-0.6526747651609965,0.5071003738196141,0.14951152284886637,0.6797324626046252,-0.07058341286332737,0.9890956105357177,1.0004439262983182,-0.2970941719528337,0.33872865056257806,-0.5510711529391633,0.18380787231640505,0.5639877502521271,0.7401501459979923,-1.111583256565288,0.9982738662871785,1.758205309279182
-1.1726240042657359,0.5945373045907542,-0.09613172664398979,-2.391666661653967,2.3620991447020727,-1.806440713379567,-0.8292441662825063,0.35174634470719524,0.78033160228613,1.4845364832616124,-1.0197994147661928,-0.6276600226053444,0.7103373591488864,0.2980976923470907,1.0352450891663447,1.283412283994981,1.0923903443517464,-0.44376958173361064,-1.1125869451630113,-0.14404234692785,0.6302978327962696,-1.3576320104658781,0.5172011464316639,1.2993952822588835,0.9329562437154184,0.5521820259734425,-1.459849683905523,1.0763558994426503,-0.08954194295273864,0.03791378090038549,1.6559884292886327,-1.596186418019772,1.518325334446775,0.5291071685664094,2.16359823519468,1.0813953681082398,2.6433141534561577,1.9690694188007072,-0.9537335608398652,-0.4692830485559503,0.2813202166248049,-0.7724795086101771,-0.04927615133299223,-0.462610554421123,-1.0581049179298772,0.049999652562578295,1.60513057358989,0.7213080629260479,-0.681434651837037,0.3223198630550796
-0.5031033203515366,-0.6213357523154408,0.31647745647693076,0.27307239923146187,1.0259065766679116,0.596874061917687,-0.4134827979753941,-1.1366792975565094,-1.0201735971885266,-2.2308691036301926,1.9539330830861708,0.5159042658917632,-0.3987046308558525,-0.00716427686812901,-0.40342394602770987,-0.02867813731642278,1.1433452491132166,-0.6889668606237298,-0.6340504388435796,0.5052251744635144,0.6070315175584616,0.9104467698691131,0.4163260999530373,0.7454708271016507,-0.3321468206711859,-0.9485152456945664,-0.02655045992384294,-0.3890484645572821,0.22068059388094988,-0.713728970507346,1.7568070442447288,0.6437434541170818,-0.7721111711328668,-0.2387028309418565,-1.4505266624493234,1.1866029247793577,-1.626727785137886,0.8544650926269458,0.21321359628645659,-0.678589648389807,0.7379988770537669,-1.466384330066416,0.18951457809864017,1.0460218564200696,0.39436393677084797,0.058012459822028115,-0.4623690207799636,-1.9720333849243232,0.10789141784267886,1.8749188890313127
1.1835875102332347,-0.06744083345936067,0.518474306199503,0.1275216227498794,-0.7012941332363303,-0.3387256165522676,1.4703251378002176,0.9867400170193958,-0.049684285982583495,-0.8576725547902314,0.316118005513384,-0.6800015405208579,-1.24234114388817,-2.1309142059891144,-0.6667083003644567,0.4778338462415645,-2.3431030904185755,1.9276996798505195,2.3917580270468495,0.42587390843162787,0.6251832969785166,0.9138359352172667,0.3060978567579092,-0.06572592072114171,-1.8998240758724554,-0.9135031601388368,-0.7975130062905815,0.7412816681621255,-2.151372431816897,1.6326004731213353,-0.7875018087971309,-0.2763204590207572,-0.8324414937645916,0.4484650880031219,-1.6855777348547343,-0.9986902619451348,-0.27813564652908884,-0.30131234967310694,-1.455134319701245,-0.2801881921638101,-1.0939346048365663,1.125918105907249,0.4153729869568193,0.018934888784209625,1.415190619239695,1.0316867320435394,-0.6310690080880015,-1.127067229605827,-0.0048329304009896,0.17377994581535663
-1.1935252035506967,0.06365015074301215,-1.2173621802083299,-0.44385615101846465,-0.11471354333834263,-0.6209693644874196,-0.41763857145159083,-1.3844631560836025,-0.6455328044408566,0.6141018908603113,-0.1477791643416616,-0.18445008669770036,0.4174886232604223,-0.37594228737791774,-0.17881603159065543,0.9259346613993102,-0.01600933518167459,1.2324530595745558,0.042748527475989576,1.348328022666754,-1.931619651481631,-0.03932778368171272,-0.016221424861133982,-0.1319181932748354,-1.3097666185565442,-0.210093777142624,0.7753523424377782,-0.019792347451026936,1.552543989517327,0.35285737396671085,-0.5388836820017106,0.6988339666559921,1.5113469806763928,-0.02975055202406881,1.2755887285293226,0.7993488101544991,0.397173707797014,1.1894208877981813,0.506125246178561,2.3852982372557814,-1.5671085982393496,0.44491249603540794,-1.627921799716673,1.1821158429464163,-0.09141050832113042,0.16717494211075593,0.11209431787708098,0.6236500223665412,-1.8317491101768864,0.5202932997972828
-0.28105536115105706,0.4457606954124971,-0.09457222320452964,-0.8461960130640402,-0.6343783962478668,0.7713802360035686,0.5990213566218209,0.677856478154936,-0.04172804466516104,0.03037121018602554,-0.6568696488242441,-1.49372632572202,1.8556353528550578,-0.9573671674491685,-0.26775359814742866,0.1898246187520895,-1.7953935919293231,1.0285167525599237,1.80326404742072,0.3398809600909492,0.4611947798983912,-0.7392039558846306,0.598736586407951,-1.4429658661144362,-1.0739233757959494,-0.8598339973800176,-0.07931712955835507,0.3765317335947472,-0.7634785163639946,0.6008003528282565,0.22405474563899308,0.5529124214459549,0.2540438598336194,-0.36709668158360637,0.3617180463773896,-2.0094770220169194,1.62931990962072,-0.1498770501398531,-0.5114445352931546,-0.9856561224867352,-2.0070353952403934,1.2697577241647446,0.40882785982120495,-0.2200906164484431,0.19977540842114583,0.45953341428954414,-0.2629281018689871,-0.11645195071771425,-1.7999956464304634,-0.3181827635629433
-0.019817550086254278,-0.14918028652385285,1.8105863396211346,1.250302692367236,-0.02087961112304792,-0.13755594507074742,-0.2435469199729914,0.5128334458814,-0.10841521012222956,0.12430103875117227,0.848556153349271,0.7152494824649216,-0.3584549005555119,1.1413476686014854,-0.46354314808353025,0.11984457947563436,0.5642346500602456,-0.0415951309706832,0.08427543890279986,1.173183579462408,-0.8360336711364118,1.0499942235932458,-0.021416686913072924,2.1539761922966223,-0.2856616547688449,0.41135164780920763,0.7713739972298022,-0.4258858002439068,0.49750562473429677,-0.1467846286004832,-0.9501418265429654,2.172956402919145,-0.2006905352663709,-0.2939235343025136,-0.5026712722936761,1.3356909197843927,-1.150047315551405,0.5620219409401321,-0.15560598508573714,0.15918851161761643,0.15853085595785368,0.6823547958307052,-0.20240597820013287,-0.02181076682146823,0.433107531565501,-0.28186441387351363,-0.3008364304045602,-0.9277560464526319,0.6065806799153134,1.120158785568184
1.1319974001050512,0.07344678404638837,-0.3539713579236872,0.9100139350749846,-0.5213815649576086,0.6480166417313953,-0.763261913971706,0.36021933026076536,-0.6450761275421227,-0.9750837958718,1.62583100655113,2.176583221675541,-2.2542688875667856,0.04814791400455029,-0.9312904752830233,0.8647828897797935,-1.942969457320092,0.5720023010117284,3.397432242572803,0.13920873824325325,0.11750486363918347,2.5025362957868516,-0.5480263945119122,0.02001078826222813,-3.5272509870420183,0.6618756053627065,-1.4875083590956308,-0.6188199041308171,-1.4929330596124748,-0.8351915884516627,0.8715519927624047,0.9669993904565559,-0.7920219585302262,-0.33052702672216927,0.005976166290795652,-0.046780923405749325,-1.388036375171892,-0.4511196455132463,1.1791404693394185,-0.09001495933982581,1.896959143984573,-0.3268224012078817,0.4649020210819318,0.7233853388679351,0.32222666685376944,-0.6780196198571405,0.781233311914265,0.16313621312057486,0.7339405127551872,0.45128064876054685
-0.6731505830827413,0.4227002460547977,1.2201216532860704,-0.40113791448887937,-0.41535732182428076,0.4843033753198977,-0.2200007463997903,-0.010009027738519536,-0.5306542967001424,-0.10649103055424292,-0.18039467777037455,-1.31382757058071,2.224361972379764,-0.08246913404479769,-0.7426397768644101,0.36363658569319934,-0.8335329833507062,-0.2053814941669322,-0.34881103973543526,1.775627431904151,-0.2357129379050743,-0.16807431534587172,-0.6320961525961065,-0.0881570015826358,0.489222803964253,-0.3098831026037106,0.6146162853723623,-0.4726273252145958,-0.09625981136914735,-1.3555417476607752,-0.2668982583264835,-1.1618203009827415,-0.10134019728818386,1.0345014643991417,0.07894354124599264,0.6457796109654638,0.3512722310521287,1.5342696657867403,1.8684104206780725,-0.9924759736931963,-1.0141535541985658,-0.09111587077057987,0.4701260097815578,-0.4288797056741136,0.20690739344891076,0.3104157019700586,-0.6988973461991833,-0.19703119020058538,-1.7019002144938655,-1.0390357083996915
-0.3186978754382761,0.9703697895956036,-1.0184624525949113,-0.27658002146986566,-0.8653927760547967,-1.2261416929942535,-2.0784542984515646,-1.127674837578864,0.773362296624067,0.3902026618533475,0.6476997324618331,-0.3960139145933852,-1.4428802510591139,1.405955397274839,0.04939430225897342,-0.10860875148238155,-1.6524917828835954,-0.1421773568256012,1.1628841907364074,0.25572546738300445,0.7836449811197777,0.9769343807988359,-0.7594564557708032,0.5616072382659288,-2.2173973299035983,1.5189484079233437,0.22256053122788727,0.03988766533446814,0.4445581657712055,0.08281676101833152,-0.7720414776857545,-0.057381481905999794,1.6460230321708567,-1.056952312540333,1.0547047770503304,-0.8320660801165946,-0.31277678456464536,-0.08167671782395275,-0.12864554020053628,-0.34094282246744506,-0.790341307267463,0.313988454338666,-0.6210792366254239,-1.1402391207217948,-0.3492510776302589,-2.0011973267959,0.09900892518290977,0.4249205303671203,-0.0523148719974524,-0.46456704358027434
0.0099513730507373,-0.7506118529018565,0.7988000997493342,2.0472102427256487,-0.8444314709201745,0.16149727037706396,-1.3971074192965616,-1.6853415184787957,-0.5965193659536225,0.0960007291053685,0.3956854667762727,-0.8520490931727114,0.18123176368015603,1.4672115952833076,1.2170650252002904,-1.5190662700363808,0.37625901587811145,-0.5490050725272216,0.6695348575299018,0.32563691869481526,-0.21319138330195664,0.44300063340733,-1.6727941451189676,-0.17494472564636063,-0.8166949077584876,-0.2943627634990172,1.3589541793183655,-1.1378859571213678,-0.17598392936039495,0.5851239966777552,-1.063149953658438,2.2076319183214466,1.942321592917803,-1.2818879885350012,-0.7089425181822575,-0.8304562317429498,-1.0427989189512863,-0.5061762669140376,-0.9455589842658065,0.31958688415856606,-1.1532849646545114,1.3078744497804118,-1.3085167572293042,-1.4684392421076502,0.7086133814213837,0.32958806408805036,-1.0061952016992324,0.29114979409839187,-0.6621507559186227,2.597734621871418
-0.46521150223278135,1.4231984158925761,1.169371080588301,-0.6824692085063712,0.3294453300520126,-0.9888943690640198,-0.5882165782485078,0.8632625561601278,0.6284031385430315,-0.7137432139782862,1.0009525118236906,0.4604352452734006,0.8845271470643028,0.450611945439551,-0.8849851523888306,1.0038038417726962,-1.1161875565686106,0.5293437977504705,0.3722768535795785,1.953288575433243,-0.2614595912815525,0.2008460402742883,0.1949468417339646,-0.35459675414994335,-1.1099592838754855,0.82979317696655,-0.16105761480952782,-0.5265589408366598,0.23332167566332435,0.2028191200412315,-1.2498663670493126,-1.1088343766309232,-1.0597227958804123,1.3488325299245338,1.0037517560338447,0.36786381704767523,0.605454176218359,1.1930742308157174,0.45994638002888416,0.46377694573902156,0.015163278926079802,1.0283628971117043,0.5441959297499747,1.4255211988596546,1.827934388131336,-0.9840133500074515,-0.26257223934185236,-1.5245492665512161,-0.5864057031626575,-1.3446094733953209
-1.0511300578066172,-1.081057566546868,-1.0185618988965128,-0.5893960882605361,0.5992763936669349,0.6361698557923788,1.4044386433661284,0.6208950898955088,0.13029303585418314,1.9244955836463276,-1.907680068442654,-0.08032802580076792,-1.660449870839965,-0.8664159904228432,-0.26894497669395795,0.8588450096464961,1.6786026411480064,1.0341471408896556,-1.702289479363389,-0.8709337841200389,-0.1953828515082499,-0.6018754386130543,-0.7298928367787355,1.1798663435257937,0.9334708439073014,-1.404230566643328,-1.604874272412565,1.1332819969084715,1.0242775555315267,-0.869710289545871,0.17830711465862706,-0.2812858670902007,-1.965270006460706,0.5615342115180579,-1.1396463795390184,1.3092975701224314,1.083634256979968,0.08616020926848118,1.5613248731430762,0.06934383597406195,1.9502389205901727,-0.2899651667763721,-0.7854637808472904,0.14776328793867471,-1.618487535865471,1.0574257772534221,3.7268407896899665,2.797930478630441,3.46944666698541,1.7603693321573743
-1.164465258190384,0.22160314187040162,-1.5549194776742707,-2.0971599044034,1.2998061446690137,0.6845219539384909,1.8209899829558103,-0.23001720383177038,-0.036048324009098555,-0.6330133876373153,-1.113989822315341,-0.6403853514784879,0.9949837412707866,-1.817093709345007,0.15743895650977846,1.7716682618777042,-0.21453735543803576,0.49214668130846345,-0.12369246958961125,0.7913863132176047,-1.361068511751892,-1.015934688906947,1.740762129949831,1.0159316351762167,0.571037056519572,-0.971830964664256,-1.218637587123259,0.9033608440555336,-1.0502490821582848,0.8904383132228089,-1.3251470411384227,-2.1042033948706997,-1.023630147331231,0.3698063232282901,0.4959642550104954,0.723382355881774,-0.36307391269347494,1.738475806266716,-1.855734669853472,0.6927461829132605,-0.4335515051659318,1.1602861713088533,1.013375422976238,0.09979319458829156,0.009359335904402258,0.9458335987597084,1.6126212828711124,-0.35239247392229434,-0.30038654064182285,-0.7241991111021763
0.015494381821771304,-0.740120010870394,-1.336539098611619,-0.31320664694885836,-0.11131423247944772,1.0022365148603556,0.946422408269952,-0.34984054899733513,-0.8406335729637978,-0.009055932963122761,0.37568709781926335,1.1693110469031782,-0.7131815657021374,-0.5855137032402364,0.2080743736210483,0.6208312062775212,-0.46979260252360994,0.9854849436626008,0.3703067843279908,1.2275551996945462,-0.951852736549762,0.3708040297891803,-1.0627127909925806,-0.5699495862204165,-0.5081494650676701,-0.9739023522043562,-0.33145240882884786,-1.108667944639827,0.5787766420086878,-0.18047994589926697,-1.071513025408646,-0.49324693846973006,-0.20591404241440842,0.4605694900916389,-0.9360272456905223,0.10736027559814403,1.603240451905124,-0.01952641033531843,0.430924521201756,1.0070633311316743,0.5120594705342874,0.6204883840043982,-0.845481159497018,0.17165803130998553,1.083930639985846,1.0667798615132624,-0.08562910705287191,-0.8237896621405324,0.9166452282494123,0.14248083003109538
-1.7989959062993957,-0.389245321776639,0.20704049042521605,-0.9506512905090868,1.5357626633204733,0.8665078790849939,0.3768723646311315,-0.6054880082293184,0.36896735878580245,1.9620250211534207,-2.147410279688029,-1.2473192093631633,-0.49222527706960983,0.4636158308280758,0.5236160751853886,0.4113424053239189,1.3508785404751542,0.7779196301757001,0.0066234381900112434,-0.2645755325222893,-0.3544803876022351,-1.2138448761580602,0.8595716660266672,0.46161802361737864,-0.6664123937492519,-0.5915608599041022,-1.3541655992022132,1.0893242336705602,-0.10496652865737773,-1.3060796370227417,0.9101446623688262,-1.4186057851023655,-1.1500295550595598,-0.38916961296841046,1.0206045218964592,0.3025963501356389,0.7761018486666451,0.8495451606750738,0.2655460006892141,-0.38407012189876677,1.1760361853736523,-1.4631755452455655,0.19543004568347466,-0.09072515028321732,-1.4882994109465402,-0.5296374718411732,1.9676174960812616,1.5225162155697958,0.17996338811955073,0.6907559850641087
-0.652954668739308,-0.074356817599024,0.383676286691884,0.2033291836536209,-0.3242114916057475,-0.40550368345749643,-1.8305384001643281,-0.7671771889441561,0.3959991998918561,0.8987140899108014,0.4204177702498012,0.01615465852627353,0.049593037367234506,1.953256911995356,0.4132871297903339,-0.770459095671511,0.7501342756190071,-1.5585665332837826,-0.886420271445121,-1.3843371599129266,-0.9616574866195425,-0.29474262553117747,-1.2423248554809818,-2.2889784024321616,0.41810297830061005,1.2736372089490875,1.560485906194809,-0.8006317149646994,2.2157049792763566,-0.959148419734077,0.8116031394784368,-0.7101716363745592,1.1694617822741822,-1.8195180506289153,0.7266286009986896,0.5510462392858504,0.035713822549806436,-0.11047514564605239,-0.3040125055786487,-0.2351579818062029,-0.6838766343407994,-1.220765351326351,-1.482876890792422,0.8078349922977539,-1.3710599046105958,-1.5317710090171532,-0.025567027665955065,0.825789624571247,-0.47928958282685497,-0.5173924978133422
0.2303270451428112,-0.8926343437908622,1.2728092515070966,1.5457156866040684,-1.048562701726421,-0.20518025158074873,-0.07254491936633663,-0.3269432993182764,-0.054030709128471584,0.8092325429756894,-0.6535157447777763,0.6669487226719876,-1.0092997118760865,0.3074481648756457,0.6101408296212615,-0.05507812489929002,-0.10356402050377866,0.2521404775145199,1.0755452589854393,-1.9531342930294084,-0.8438098780577967,-0.7132048362884176,-0.7660285373274623,-0.19980572248862455,-0.6966414376768624,0.4657233589546064,-0.09498889028667916,1.2173786830963496,-0.06513037980413484,-0.22280687467233723,1.405917421996138,1.4441316605449956,0.022637387813942478,-0.910559692090944,-0.22751100915534556,-0.5489002674344344,-0.12505885784992277,-1.6601005160834237,1.3232263112178861,0.3035640659672035,0.7503703702945819,-0.8174449571842242,-0.41717627355979514,-0.7896467235867555,-1.4059080498255068,-0.7640893345639405,0.18819025067373366,1.509339478791237,0.7945283330566788,1.433351182657642
-0.7521993381471522,0.015033071489997142,-0.8513899825020809,1.1127540993715601,-1.3935674847422574,0.8508887731665294,0.9327312816049843,-0.5404106834131058,-0.32604355656199424,0.5609400639023484,-0.028670973706167634,-0.6802666399772146,0.2523493593404733,-0.8270584384704017,0.2653206445307795,-0.6036465890551012,-0.46544287410902513,1.9543308135747575,0.909754950007572,0.07545593043593406,1.725046567365538,-1.1492943469118748,-0.3455597316357012,-2.750131512480855,-1.0306725264765049,0.013355709823732775,0.05250919845045942,0.3629035907170523,-0.08547706739155964,0.40652760173860747,-0.7838556608297274,1.0212095563590582,0.4995543671202195,-0.2835637134817144,-0.6443255848719367,-1.5382192869325537,-0.4415322235217549,-0.4019811350121646,0.13822635010843734,0.5135534356871364,-2.1169321476855045,0.34059334263618474,-0.6103141371380506,1.7869158709084427,-0.4538832788294711,0.6120492677818109,-0.8062684717527357,0.876697204037058,-0.7824826342509654,0.24656464042746554
0.11933738082516285,2.569250833850036,0.715637423559474,0.7462019652032293,0.44306035532271193,-1.1940404037452588,-0.2897425583780598,0.4553916675949454,2.4518995537057537,-0.3676988190953684,-0.8072213831429961,-1.537705350853296,-0.7296073685588076,0.6747090839840911,0.951070334885607,-0.06011926526740994,0.8398158577356843,-0.7981697082720647,0.4944178926955783,-0.3185055355413116,0.3050517247740826,-0.3378167901102728,1.3195198357244355,0.3481052928234004,-1.1356681669119453,1.9148992102772198,-1.414848994334539,1.1523544924706521,-1.1217389192888179,0.5901207212581054,-0.911813041003947,-0.18914149008904005,0.8573477053019685,1.449360793789619,0.8887873248308498,0.22245310357954337,-1.5944975095366891,0.2223584477427744,-1.1752110596270013,-1.8173139188821987,0.03502282755110337,0.7856545886216826,1.3349062968134333,0.7991813321191299,-1.5605621638834577,-1.959493592666226,0.1616504955616062,0.4734518030313056,0.23560301337075687,-1.3404069079079557
1.9133738073799562,1.6242085892786307,-0.9317765790698984,-1.7453946452203255,0.7085554101926119,-2.2259147239261052,-0.2126154176656524,1.4097387739068286,2.0104796169361467,-2.268092506658633,0.8325981222053711,1.2340024209532545,-0.6321997271024646,-0.713705024566139,0.700358419098015,0.032258855264490766,-1.6400547900447306,-1.0243729461013897,0.3410698789255658,-0.07270824981475772,-0.6232080656293968,0.35315170197964785,1.8854928224415117,-1.311867308481057,-0.004375285070727807,1.4156425721711408,-0.6159789941323357,0.8552284748104232,-0.9025562995853712,2.182587100830561,-0.3613769484226705,-2.234965912170816,0.26649636840873775,0.37680887821602754,0.4427589356966289,-1.7080461199626047,0.6134357555670712,-0.9236856345026894,-1.5409525591380921,1.1977503272047942,-0.6032736926766651,0.450646481496859,1.7549195871487389,-0.10101017142969507,1.6932718115919334,-2.1938194274381675,0.3279701021786174,-2.1914483452097806,0.6388434870209402,-3.3391698423327916
1.522433659210429,0.9268354240490316,0.08431598687032305,1.2225178657602245,-0.7291889159051999,-0.7293788309247206,-0.6714202738607752,-0.4285303491018413,0.1615933932722402,-0.8227509399958746,0.48920685702641575,-0.20572674259987467,0.6041617553524826,0.07693940129384726,0.008003720700395683,-0.6818005675996293,-0.5623476977256593,0.19049825759977887,1.1002844674274275,0.036773142963151255,-1.0687055705493622,-0.008596240170655007,-0.9833574148286883,1.2101820440301483,-1.4162960021571303,1.0023366792232615,1.472672980356787,-0.4114834643331215,0.5918661671871039,0.5413700173475157,-1.0862420519870832,2.3684741006920245,1.774120992655377,-0.135874581683677,-0.25325928185367813,-0.8965144053905998,-1.3619385811858764,-0.7846032254785194,-0.27601331124288286,0.7928692853970016,-1.4157277760803162,0.4762401785821947,-0.8077151826034561,0.689506095769937,0.8346941348365357,-0.8473611205522773,-2.808473653044679,-0.40649448865404103,-2.612214406887997,1.5637779853142466
-0.1631066354700583,1.071781536981811,-1.1190741198367924,-0.22420342010467112,-0.34809417120718333,0.6199522579802246,-0.5013009273850776,0.16114828006076218,0.8615007999808343,0.03799178057874087,0.5325026115787237,-0.32046573409106444,0.7876352830344824,-0.5423180639975873,-0.35917828022867193,-0.37250199704712206,-1.267992138862215,0.4024789052313238,-0.02306731189249927,1.3202903790747886,-1.0442938936829025,-0.0884969434093811,0.45585278092859083,-2.1925848127118908,-0.3677920899236241,0.27439300044014503,0.9411336884483793,0.6369863676694015,0.708936291740936,-1.459250226315784,-1.8417649839254093,-0.14485900730067205,1.5020337538326136,-0.1253832347067535,0.19283103146851083,-1.2521365208098711,-0.3017274168119482,-0.6083052392511261,1.2291886619127255,-0.0432034923430641,-2.2044182682851754,2.142502508178534,-0.310277668773677,0.6443240178088075,1.226567462418333,0.28284170944026493,-0.7667335190426593,0.45391253802242626,-1.2908517366125685,-0.4010809313273773
-0.22029361791977753,-0.43778231532893525,-0.43930505256929386,0.02477559924899546,-0.828677742525818,0.3875511658002719,0.035428823519759345,0.3438773870977282,-0.055848268502371574,0.3929161412908227,-0.42827114116823517,-0.8596857499572587,-1.1259600780117596,-0.0753225777726891,-0.27147433186759323,-0.42614464795693646,-1.8180181774032251,0.7188552157649056,1.2313994199948073,-0.3323808425817427,1.3946956431109934,-1.124015770456491,-0.2756401791922515,-1.3424176788131739,-1.8262097563202404,-0.004403452698777571,0.05316921098677698,-0.2428654005309443,-0.45537226988006063,-1.1543517207590903,0.9238581350894708,-0.32778551636395037,-0.05908938974438482,-0.5098886677443635,0.6246852614911828,-1.7179103347936902,0.6361925983125943,-0.8783755190322786,0.9216926785100401,-0.28819362979006424,-0.10060294362610744,-0.3768495442678458,-0.4613169627267102,-0.612008478899728,0.04114979056625624,0.038372580400468315,0.2529594691380025,0.5315697843338496,-0.14196875121053354,0.3533475784621262
0.08791978330903988,-0.33676492206527037,0.5006912059446129,0.5008049952720534,-0.5598720865620214,-0.5501796775578519,-1.030932530976475,-0.10120151797231446,0.0010700574314282572,-0.4473901465769155,-0.3805523491202979,0.038893703250303335,0.39392264626111045,0.2490339955244143,-0.16646471951357206,-0.17841660948513208,-0.49609109973537796,-0.8872116311093428,-0.865646171701451,-0.6752481296510142,-0.06832671467709,-0.0580003417423399,-0.4452317787047193,0.5579678921264574,0.7052851776050457,0.5444023016516429,1.1764086149513509,-0.9219196675178535,0.708181068867652,-0.3572248357249725,0.4551463041324091,0.43865685512318026,-0.44504630166404036,-0.38232219880009477,-0.1404626557613579,0.3408840590253945,-0.28172375273299505,-0.7522708881707376,0.5739506652270191,1.061787584252062,0.4169729325728133,-0.3546301328199889,-0.8687272491969681,-0.760592190082333,-0.37059619206974115,-0.37902375674654765,0.03151101877153298,-0.19800845839649941,1.0213703321515455,-0.3434352471610139
-1.279924293507033,-0.7497531677751917,0.3824725065438196,-0.061819839597391645,-0.22668673699142675,0.9456239458679229,0.2548809943181679,-1.3094446014095127,-0.5653292035319802,1.4635646618212188,-1.9126199143751852,-1.110631559903362,0.5059090504651309,-1.2184103340803965,-0.5464864599846844,0.244825383031257,0.6815866103302208,0.8644708882642669,0.5576853781026968,-0.5294723658576205,0.10930815056172677,-2.585123630126806,-0.1732704525054379,-2.6414803953132746,-0.8732032250734136,-0.4238570592558139,0.4820382410150524,0.832700755807958,0.6774278328355149,-2.159813476683228,1.101383217807083,-0.18370734407548275,-0.3291478087633633,-0.7724712378067344,-0.8502443103346895,0.3117567724892519,0.38361278640955127,-0.3856975002764805,1.1241867986140335,-0.8994949712316043,0.4987016643108723,-0.6277949274894522,-1.329590633914092,-2.591040911815487,-1.2693614633684052,-0.04102280653628124,-0.6721437135014747,0.6854531723246206,-0.9712660243554867,-0.5996831775605379
0.8088818145665136,-0.7912684521330194,0.9997828037343923,0.9339094905117191,-0.8124915530060505,0.47454297600979467,-0.6685793935332657,-0.8280338589352229,-0.9386548752594993,-0.3162568865857395,-0.37947935193619564,0.484296905332879,-0.20427139685429443,0.730250008721818,-0.3167394073727222,-0.4346979542406796,0.27011362423962576,-0.876934280681967,-0.29263111779667705,-0.5053470364640423,0.5470554880933856,0.2245301183277509,-1.9953327654166344,1.2053998375443211,-0.3410790525211944,-0.3774937726030658,2.0018973270638667,-1.1798643822646846,2.221881301554206,-1.3262894450648919,-0.28412651248893966,1.414231446076791,-1.160663578896721,-1.5031714039630153,-0.8361813554682286,1.210442541209862,-0.7557667518898452,-0.8372601573900305,0.27049483346057135,-0.5308942493808678,1.037602959490981,-0.0669651154717304,-2.799688957184319,0.155148900361057,-0.5983464502960059,-0.6046157499196725,-0.6214547698570366,0.5839776892564983,0.09630011443167101,1.7206337869692792
-0.9579510252781169,0.6267135155735798,-0.2960911215464859,-1.3972723912268905,0.5475507753387611,-0.9030477357488242,-0.5221867605773202,0.911106126686633,-0.18939646343020802,0.8766528456212712,-0.9933297432719504,-1.0892136915713377,1.7441477743265816,0.3636617658256997,-0.49897065500482407,0.3852507079150135,-0.5117823762007846,0.7671702042385183,1.2563958090300376,0.8801858915584277,1.0548767110583506,-1.0488634825601966,-0.01581772727550734,-1.4043760799986598,-0.6116763424933369,0.17912313402695268,-1.026311780618234,-0.8089344726986614,-1.6862377077363189,-0.7176756711855284,-0.09051887252446011,-1.2614643914116044,1.1149257597061082,0.9789131544457018,1.5191643707179592,-1.6067125307963157,1.616769852843965,0.8164429652149368,0.2246612617894911,-0.9163943815982493,-0.9164225843208577,1.2400841843446344,0.994765511075898,0.3213721983750281,-1.363739647011985,1.0082358354248717,0.3919637304601641,0.5753976210008453,-1.7198190755497738,-1.2047363907069168
0.5612735421768626,-1.3256432335287458,-0.05212478459370185,0.6579230413873999,-0.366354223407509,1.8833227908877481,-0.39139047401777194,-1.0500924340593283,-1.1697659283157251,0.05669993748574679,-1.1683266579044982,-0.9043088889474825,0.5303171508736958,0.6169962478124099,-0.42511357826951,-0.7888912281848964,0.09173591433735034,0.14326076150757172,0.8709990200082579,-0.07531566358411634,-0.15329305516787056,-0.4408710773370872,-1.8197009808617122,-0.18185182761205834,-0.12871574405477007,-0.8652023465585846,0.4736340245976342,-1.2131985005364516,-0.30112074830975527,-2.0469287902962012,0.6437440838165923,-0.16218830894310987,-0.4186683403703707,-0.6276834871107808,0.8707726937256898,-0.323591584945851,2.8545624425439975,-0.058152274217661566,1.7007646571232888,-0.17342166648370275,0.6321267817820229,-1.7340879952951183,0.24890525760765622,0.956545559476578,-0.5943083008318227,0.8384724108713032,-0.7944142995072854,-0.3251587498450537,-0.4271936018190111,1.460541464358297
0.3832289781593833,-0.9737533220590517,-0.23376125305490714,1.2221412313396798,-0.8393690462834864,0.7998584853500471,-0.25089832428284103,-0.8484960367905315,0.451261133239011,0.5601528772854887,0.2693901562979882,-0.44408571271221653,-1.5543370707624966,1.2097282193699102,1.3605650772835154,-1.319240681400245,1.345157983687849,0.7474437938364901,-0.26475200833841545,-0.5024087927816919,0.5205878264533015,-0.3728503969659341,-1.8126759769436953,0.6132498152393796,-0.9900195032966423,-0.39764552974616924,0.4070374249735023,-0.9190588785867639,1.7978079046742583,-0.6950923106087514,-2.512729832563319,1.17273257156501,0.6910432502115289,-0.6560862014816983,-0.6961146448220799,-0.12204295881239385,0.017777141723786805,-1.3737204392784805,0.1980335867147682,-1.3206496826978495,0.4863057494252023,0.6636083483031893,-1.4013463592772575,1.2733136840075703,-1.2246249639814788,0.11948713328559049,0.921615325878245,0.3851452185042319,1.6353951578717678,0.8043034089514844
-1.0966090534773716,-1.3835352706342234,-0.742337664714575,-0.5580175969209743,0.5874994747139929,0.8112381311324555,-0.7571964022692687,-0.7987785205550013,0.7412093255321268,0.7878796096903917,0.5424995703728402,1.4228543649172396,-1.2329381198490055,2.7927345282410148,1.7581020826606848,1.1714868716113342,-0.8252712464509321,-0.020035327852435576,0.9823213503941215,-0.31357554727660003,-0.17056580296616355,0.3151940637399674,-0.017745670247615742,-1.4969328386510679,-0.05699220959560841,-0.24941954960573265,-1.3224341261670092,1.201366114764165,-1.5981245877652785,0.36127838322090333,2.2013318775110164,-0.9091014634479284,0.27532002367094877,-0.09994764343323129,-0.41220404765478774,1.1156701139095873,0.5274464994478685,0.8192063893235298,0.8860724006171383,-0.16728579420370496,2.576390191517258,-1.4981222609839164,0.27354949924787747,0.9342503546125274,0.29394272527688703,-0.5792934451156097,0.6159330312826818,0.7608705152780104,1.6352286834613747,-0.5283665336825201
-0.5927184421235834,0.04537090914398032,-0.5091812655386513,-0.20819093851282444,-0.556306007379048,-0.02223078502261045,-0.014752055657312411,-0.09658620989040864,0.14095701861731952,-0.22601075239584478,0.9119110649609024,0.721733674007083,-0.9362935979809588,-0.7415574673089498,1.0256160369025527,-0.5497353724539278,-2.221989183400638,-0.1936918473373405,-0.6641157854934348,0.9399287198568858,-1.6001444452010674,1.4099507272399499,0.08589758220523255,1.059796840722709,-0.17169684397297186,0.5684146950636981,0.17743638586296467,-0.07335169185001654,0.06079932856284899,1.3189013167607142,-1.744912890599616,0.23103827089398415,0.6757958379853165,-0.5564758032093271,-0.46940292780172127,-0.2859544791810554,0.6845080305161834,-0.1545382487222585,-1.0246331007347993,0.9792574747998851,-0.10709298563555213,0.6516701146260058,-0.5779147211105118,0.707474145781007,1.7615093469817786,-0.2702473992384295,-0.11287196956482422,-0.7138536280936906,0.8065489723756039,0.16828648317597725
-1.1926880611493589,-0.6342330497182048,-0.047403960189646696,0.17878683301804416,-0.5992642153756657,-0.04541840026400955,0.15696339417205882,-1.1856609055830387,-1.0676541077159558,-1.0000070486707824,-0.30627661037608683,0.04543322854412009,2.0089985277425106,0.8694190027847412,-0.5214058377376725,-0.5730597639478475,-0.13766821862304832,-1.3098576745275103,-0.2462553579028964,0.10142019536293152,-0.6682583626691302,-1.151963170172865,-0.4217558678760002,-2.4617016149166036,1.0268443874881017,-0.5970687170599863,1.2860938703509284,-0.39767613867134166,-0.08703568313948078,0.4458921709816534,0.09244069152067122,0.9154725833918812,-0.15632436285074053,-0.4279194522684785,-0.7685320825856382,-1.140733705145337,0.5118417100644013,-0.11597554685149909,0.5159738963789202,0.20856129257162373,-1.9963319281742635,-0.25026987672803713,-1.2246558785605763,0.3739151194634156,0.29193873641702,0.9534273092364474,-1.9792722337965891,-1.0354695756703067,-1.8723212813524426,0.13146388556126
1.0456403609204499,0.1459291001596951,-2.0990774411133155,0.6494975692569582,-0.7002294489265309,-1.382140728232724,-0.4455879998462822,1.256065462914282,0.36185289283090005,-0.7842843027780603,-0.7578787329152463,-1.1062498127625855,0.8667740574709892,0.3334296714029522,0.4704974020696029,-0.843755603590721,0.44024271646466706,0.21695469138041035,0.6648200748866359,-0.886928562164462,1.1993959984163813,-0.478262183304224,-0.1105811389248676,-1.5315060719483002,-0.492128407566302,0.3543481460807264,-0.19482355745447982,-1.342061121393604,-1.3266649319328656,1.126039289879928,0.3613168165490644,0.3209953835927013,0.7803837344673779,-0.08963134189462682,0.530873752950944,-1.16099666727243,0.09902513821371507,-0.3099085166167319,-1.1279150723365494,-1.6221775829129685,-0.9256822750364437,-0.3596958444683732,1.8499826442170488,-0.29221263607511544,-1.6536594817378611,-0.25003201454930285,-1.245025760037103,-1.2120579053371907,-0.7708600197253218,-0.7239417402593985
-0.8510132914279543,-2.621294046857489,0.3528855399902524,-1.458865633923499,1.7352448857551563,2.2815832104638787,0.45406290760756696,-1.7368539907708194,-1.2870737603630231,-0.6152655409991395,-1.0241019368744955,0.7522653798702206,-0.5834812746194401,0.16669335473825211,0.20190779699362568,1.8149789255267519,2.363381094949663,-0.7991300983686681,-2.227359934280093,-0.5737418478683787,-0.7194887078069055,-0.3777475713480152,1.019963791366264,0.3926326213609869,2.041731925931293,-1.6455992903641077,0.6981183898058496,0.08329697716139635,1.5244028053612237,0.5720613779214769,2.1069037677562434,-1.299318500531312,-1.452298938808616,-0.8905103289157137,-0.5912581968520534,3.417467423523399,1.2604105207130614,1.2546888245578465,0.37439037855631085,1.26680938001138,2.253064536204547,-2.0491417680111463,-1.3648985041170762,-0.7409090949081005,-0.8251074388068184,1.4306005392504741,1.364550409578423,-0.8210528869680629,1.3624075282035448,0.31543468252829204
1.7117255420186612,1.8579557481846551,-0.29783995619098075,0.22558929919716017,-0.42983052988463777,-1.7508746254996466,-0.2967108214422062,0.31827775726934815,1.1049565625716529,-1.782790280620142,0.8240037680324158,0.6723409663118732,0.2639762571932877,-0.009116946108180542,0.3755271212936699,0.25412783171868797,-1.459534713491769,-0.029816717548450496,1.198363959986899,0.5374186705265138,-0.2584107861588683,0.519782739327866,1.1760626785516681,0.1801467278381152,-0.7618083953640662,1.2329804852738737,0.12964940694122262,0.8334340905753049,-0.6772744008950535,1.321090525601256,-0.11742931937912174,0.22123073964037915,0.7416486039227899,0.6664717652353873,0.8871195772490567,-0.9914541159933264,-0.38179318451731986,-0.5068522002173498,-0.0774148297022223,1.2472097279308176,-0.5487432194899696,0.6947902598203536,1.5245867419296788,-0.6167847724335993,1.4704867479246806,-1.2730469350242237,-0.5711440236935357,-0.4477519411162002,-0.44162078576323743,-1.4151487961880784
-1.0909529156132691,-1.021695179755491,-0.6492849030930745,1.4542959060513578,-1.2044871665881225,0.7880894268637212,1.8129903491874066,-0.8710442395532082,0.1410640419730525,1.828541234670922,-0.6995050813908759,0.11521334875482933,-0.8825252923121327,-0.34769189530879835,0.6270015701769798,-0.7550643145445151,-0.40851826033143435,1.5123072262166797,0.7035629254669351,-1.6439799847936654,-1.0519798311642614,0.297310541150419,-1.499158558203277,2.261414835298495,0.596094976632896,-0.902618370083576,-0.5960330453101678,2.0321813492568293,-0.13895133396451928,-1.4595410273070977,0.6814620212271102,0.9741834028981681,-0.5214722565363918,-0.8285427488213385,-0.5553129434657705,-0.09378353379216124,-0.8972150896365138,-1.305333087631265,1.2157117090810383,0.9133842853175792,1.174842560053879,-0.5462943863187305,-0.8085632218823404,-0.38929466665371953,0.2074372749843487,0.5645714470834798,0.6093670855254035,1.7961198046005542,0.529320748546924,0.9401492842247952
0.20262621421055743,0.7006537586746794,0.9399709440498011,0.3953785028291117,-0.28319576001199975,0.6695237640140792,-1.6546849145994753,0.3477107335680506,-0.23901924974460162,-0.23148114438965212,0.8783002312608373,0.6051874703832639,-0.6843987399754029,1.610794079797448,-0.42686340262779426,0.6445782550507856,-1.3126483809568894,-1.6602365572062552,1.7396498423660383,0.9508980548880446,-0.37189430558351366,0.863759812838166,-0.7095476473194985,0.14340670040317033,-0.6570108337264,-0.06665819997516861,-1.162629531890311,-1.9104138287470533,-0.7921880025756848,-0.7257007217296267,1.051190741625222,0.059502012617452124,-0.41200901387220407,0.9898585465710213,-0.044375727867421784,-0.2264067214238949,1.677006963347154,0.8909653804904625,0.7451099340327577,0.5940893552932628,0.8489531092474227,-0.4798140011808146,0.7226280794861136,1.0481761010820105,0.4610347898484653,-0.09661263875400933,0.441012320301842,-0.7132905793614702,1.11094692829019,0.4526397428501239
-0.12482132284631599,0.5272342407300686,-2.0261123303950255,-0.006280982314305964,-0.01354823371936396,0.0632093793051838,-0.026917293915094315,-0.1664367443512181,-0.678482375726502,-0.02783107331777942,-0.4664900517954043,-1.3280874449188955,-0.13451739601255747,-0.08041994598314284,-0.5172513607899241,-0.22544819942202116,0.29189486341591747,0.3764933786856484,0.22349464683724612,-0.19327054312428027,0.08079016943499308,-0.709383877026396,-0.3467847106315178,-0.08259292064047996,0.2297028602054282,-0.3591044434705946,0.45926760675441225,0.2440272972622802,-0.302787244922652,-0.2712889860244019,-0.6869670624272427,0.6256207660471654,0.0792908989826747,-0.4634595986414896,-0.21890793005026,-0.40762571920315477,-1.8266872005831616,-0.34851076515247786,-0.19013567492137798,-0.11634348797054234,-1.566094575131272,-0.044559047239332086,0.520571899316864,-2.464099663716803,-0.23498806849990325,0.836402318347233,0.2912362974593785,0.8420622749839594,-1.016627986087764,1.4205104736114218
0.8182459214150711,1.5720599905793398,-0.17721311598301176,-0.5431403647476107,0.8122251944597322,-1.1132018145463078,-0.16163517893224022,1.1862702244429695,-0.04057770265754134,-0.8482726289325866,0.5656876289434185,0.32585713120985726,0.916861400295041,0.28800179744101656,-0.6099657908444546,-0.4436983256180673,0.024904291335597743,-0.3380347561116671,-1.2867811485129874,0.9682092673152973,-0.4752229508666561,0.1690514340270272,-0.3284718568364043,0.7325911834562896,1.7667897801774526,0.8710111594619138,-0.1194776924727204,-1.1360618983196842,-0.6246643951636067,0.2320626661715101,-1.2296614536082058,-1.0387227158136174,0.5850628712654358,1.0803989648777124,0.6965575520343716,-0.140453701597693,0.000413251050353929,0.17242315668612127,0.5694365210511633,-0.0008491132277103986,-0.553040394094441,1.8776731865396727,0.32134305929767126,-1.020317757284611,1.5508308055488043,-0.22794380456886623,-0.6053194331074611,-0.17371808262955268,-0.11346668139649939,-0.41273029061151667
0.9632864866601388,0.02373954203256551,-2.045787182048283,0.16933143632674397,-0.8906745495710506,-0.39887754405457887,-0.3739673780543049,0.15716722746010814,-0.14423714051333839,-0.8451430737004061,-0.23474828060813402,-1.7079626741020777,0.3667830650661867,-0.7280799611797601,0.008504825838100784,-0.7565399372580578,0.4563795736859675,-0.6063421614273532,0.4966548147080724,-0.9906715917545253,1.1839335065750312,-0.08459918838005355,-0.6875600314031436,-0.4888088812301135,0.14325552943487438,0.03634588457763517,-0.29101585752630327,-0.6007569014885099,-1.3426037041166452,-0.32712994707047377,-0.061970034033816734,0.6199167821137542,1.0084923889260549,-0.19565773511162277,-0.3161290447762017,-1.5280279543932471,-0.381465668672804,-1.2310779808169454,0.4568075961370881,-2.8883875391620775,-0.23272993289096564,0.38594543797207354,0.42317276968273354,-0.6798670677173265,-2.269544295057393,-0.8595038938071311,-1.0529362842438514,-0.7455906748298428,-0.5149196389601784,0.5110171963348911
1.2506728973307615,-0.34879549897855444,1.4493972157563204,1.1634463402563595,-1.6420147061478294,0.5622841378848606,-1.144345853549774,0.2708786627057621,-0.5333677465343786,0.7392441293158961,-0.44776543256341106,0.4013871843671064,1.484099997162788,1.449249681694487,-0.48899369324522496,-2.0722150096197387,-0.6758374424366647,-0.48514105023133086,1.2258605275958174,-0.2625195261751777,-0.715867880571626,-0.08018797803165217,-0.7769426802341954,1.01649877818905,-1.084679961914576,-0.48743731969048587,0.6380385278255298,-0.8035662297442997,-0.3310658150708084,-2.0055177039064818,0.345746160800721,0.5627712466629752,-0.5805446899942599,-0.19917129210720547,-0.4334188242899825,-2.2283587529607023,0.49883456817645744,-1.4078200078627419,1.9918609948298578,0.30341450666559755,-0.33514892270626695,-1.0846668527870453,0.01937370480261419,-0.9861813805559704,-0.7520564380867513,0.7277533147157136,-1.4992274646355004,0.06727243174739164,-1.2139538376208832,-0.1323599507626391
1.2063169851686673,2.1137658981478147,0.5555690199433153,1.272094343855151,-0.6775545328446789,-0.20771880451527305,-2.5955953046851152,-0.37779864775178285,-0.542533990994558,0.1167918459527402,1.1578777705255392,0.48301312542030517,0.4562719436260388,0.8126396639545241,-1.274334343717899,-1.2471567805027615,-0.1246386965998926,-1.196717096791923,-0.6578986968421155,0.44962103677921605,-1.1662324201116674,0.16015463913911346,-2.1133386537746235,-0.6270829570703795,-0.08368089894283494,1.3378718440869426,1.0212444837373584,-3.0532117280424593,1.3883584946822844,0.1329778786137167,-0.8216614476472197,0.84766672248384,1.3099423051571362,-0.36361866314889574,0.8780759712449445,-0.6276570228877554,-0.025060689461264583,-0.3980493659340708,-0.0042428090330041066,1.069214772478771,-1.5190695010937585,1.394761139633271,-1.2722887266752816,-0.9744881601130457,0.5284814964826591,-1.3299481528871413,-0.4742248847335877,0.6368580464515645,0.014978351377279313,0.2538139627793135
1.0815450061179508,-1.6858984051288237,-1.171863230275196,0.10292833760766808,-0.02250349726369153,0.9841177103778255,0.8420678163026944,0.14352657581466993,-0.33511381878430396,-0.538301242031225,0.7366887913153192,0.22915607560873016,1.0028535072007083,-1.265114692314089,-0.2165089384492679,-1.0097821002475944,0.5212251865384375,0.9396714903082407,-0.7233579329410621,0.8696675263602084,-2.0237587106257022,0.40897358113147825,0.1682863459156667,-0.8882534220245447,0.986611415836471,-2.0280622680603098,1.5908824767025966,-0.19140255941071327,0.6888637493552652,0.6356363165232344,-1.5809966596158924,-0.7435899118259879,0.6910368892708587,-0.3954592412593632,-1.8430279100026696,-0.5783492659491528,0.6066786182032874,-0.6379659888961261,0.4900531769309074,1.7364444890095005,-1.5166689410469185,0.6299256172592712,-0.45293925314800265,-1.526886036313844,1.004065242835594,1.4447005389480827,-1.7706787007506082,-0.38119288059371714,-1.655927338411066,-0.22865789984473395
-0.7676220117877488,-0.6544130995072756,-0.19776407411121882,0.14828230523317917,-0.3398836999702421,1.3708383270059672,0.3487885141796177,-1.9647646745034812,-1.2557701170902547,0.21616217180953168,0.07242828839281193,0.13865183393447322,0.8258803382492558,0.528009557934709,1.7768240376196347,-0.9307287941903033,0.8906061836628569,-1.0667978647926808,-1.7273037631636963,-2.2575913897212097,-1.7443811699415694,-0.09388977600563334,0.040519846738977926,-0.45171904643507216,1.4265654938831753,-0.9169079777491108,1.3657029077738472,-0.2162382472127058,0.813320207941237,-0.4733689403924145,2.1415293829365605,-0.2983703730734174,1.2393993889843893,-2.9847526976782266,0.4882549324748442,-0.38513355480792577,-0.8581583336011184,-1.5529287797173943,0.2724858611333803,1.0896419478255286,0.2639438885510914,-0.6897841055603248,-0.9664370187950996,-0.36166985213532915,-0.4816264444246485,0.8749199382594217,-0.3263045403914759,-0.3939284033864698,-1.2013863876893087,0.3406705522486157
0.7979279039694018,-1.6310804703627233,2.520218255907541,0.051809838120968794,-0.09682698537242619,-0.6569160836640606,0.4819427342081225,-0.1611954743488894,-0.47659124365205874,-0.9942151645050763,-0.45155279518449726,-0.4647463361946907,-0.5628900595370983,0.3319897692848887,-1.5483613418366085,0.2852900652408279,-0.4797005586671818,0.34416939162549054,0.703906682779273,0.6845987416704995,-0.8504362674871615,-0.9841436796390804,-0.42970067933608064,-1.8015751553621338,-0.5760216358182737,-0.28386243527534116,0.3825090805762645,-0.021349526101004018,1.3951373533708786,1.3476291279993953,-0.5854868865029415,-0.6685390928449948,-1.5598297918804727,0.7250636104930299,-0.08057207349999239,-0.0643884548625283,0.8447847185788232,-0.08608647056568877,0.32160919533109067,0.5639751807889705,-0.6965630914565296,-0.3578921120423996,-1.175166516459403,-0.671159001948478,0.006779186529353184,0.6966474351721123,-0.09672052281331008,-1.1267679849029582,-0.0073335390828548,-0.4061163914403837
-0.9159180335093512,-0.5390705177447225,0.6498997268521111,-1.0202249396198222,0.2597454947428239,0.9791233902764636,0.7618885228158667,-0.7835831463322238,-0.32474815634376236,0.7026089908392915,-1.1752601481366578,-1.017048644966899,0.10599564578136876,0.17554108858640138,-0.2936550497151267,0.20914118742552834,0.33266845295129877,-0.08911522904773457,-1.1379979436838985,0.4134848040481533,0.6872219935541318,-0.8704165036643499,0.0050577729067732705,0.4078708956960895,-0.2872384775598548,-0.6246810153476737,1.1394530400849778,0.08649012112372421,1.7008694063636383,-1.2506223062432287,0.7696492167135635,-0.4186964389878055,-0.26815377422062253,-0.9829822449646894,0.5134072766793643,-0.1775665050022195,1.831005678663961,0.24104025411206537,1.4799609759678884,-0.30564376644425967,0.5095434947097162,0.31736959745236576,-1.1338698313478308,-0.9363608225356498,0.049326780195241116,0.5185079176386114,0.3204069994867213,0.42137427909932373,-0.3195866322894684,-0.04524258447645941
-0.16349709000691456,0.7071803644542083,0.3812842970833261,-1.3928832851852964,1.1864706429807659,0.3051807729021593,-0.28647523213447673,0.06059112862739952,1.3268339305244294,0.9619438342286812,-1.0500258728656913,-0.39590790607828774,-2.092519892960496,0.6450895535403462,1.5448306369462237,0.7269936563609057,1.0175567675764887,-0.6124768601300505,-1.1523452963935765,-0.5041758091773995,-0.622740236072516,-0.6064952485988304,0.3825515061910584,-0.7132223881241109,-0.13933708056746574,0.9508833649947346,-0.2933010326043952,0.511956428071565,0.7344491800987296,-1.5978889541849068,1.6460112235232578,-1.260442032194321,0.24788892688207512,-0.40204720267253324,0.8995896565599725,0.8548464446611775,1.8595046506603647,-0.10545172653181208,1.5312987657337276,-0.2606321093297617,2.0165590984219017,-1.2766834143130683,0.5756453196561347,0.9578926003052858,-1.3717669147288667,-1.0631617887826732,1.031246482988576,-0.057817701626891156,0.8776866402524482,-0.44074754730050014
1.2485331416321346,0.38243208223077224,1.4367419225184925,-0.5157939794492129,0.3892241591478088,-1.0934923744614988,-0.9923508012447327,0.9459786377927671,0.7270412832264257,-1.278548800727561,1.2978751743030363,1.2234321826488261,1.4322468852479182,1.5178982281397726,0.9586273060604673,0.5249837112389145,-1.354183072983383,-1.0475176904666552,0.03810682735858103,-0.31186982906685456,-0.24007860000323375,1.0937936970690443,0.7844521812424989,0.24017740594655773,1.5728755680039173,0.9229040572918983,1.2262495697593643,-0.65138580358521,-0.06366330797411174,2.023274529798791,0.30058469102032,0.15005617483169043,0.625018635777225,-0.5096321014026706,0.8796011957733941,0.5813781125785339,0.7416642268237088,0.2558983415432557,-2.108499901396817,0.8438401895673742,0.3152960879466616,-0.5343264699432436,-0.26625691933984696,0.33695490311694526,2.030870458484169,-0.8781476665370147,-0.346469917381005,-2.241219674924072,-0.9832890110871102,-0.7452194458373138
0.8909771307335898,-0.07921638118235969,1.1765806626763067,0.9950509661384505,-0.8634160306155483,0.3441844943206976,0.11326490263568055,0.19016660393904122,0.038614676586044575,-0.7840905618635018,-0.3119571758432075,0.8494831669372267,-1.8092651863771119,-0.13757449451049372,-1.4190021334178147,0.1600698155161862,-0.8227132201819353,1.5875637720473716,1.9344761976912614,0.11734266234940573,0.4493775839711978,0.36279573711972696,-0.4246023643581628,1.2371467575869823,-2.1313114140921687,0.025435322959457184,0.8138703836554082,-0.18994449628793733,0.7390052634344286,-0.7102755020445293,-0.14372854540811347,0.601858265928581,-0.3544310309995622,0.12485128987829257,-0.8804598940856814,-0.19866938359768566,0.06538843370609448,-0.5055987566108614,-0.14064840411921725,-0.27013329229879235,0.8711315274612964,-0.6053348627619177,-0.28253918119076205,-0.45498713100349597,0.2936135966188625,0.4564305088884163,-0.6009747613550186,-1.661290592869073,0.31271894398145633,0.6249028156782154
-0.17476981174249712,0.4964426328771338,1.0785380610826265,-0.20922602319950126,-0.5973270185608894,0.13453067772317107,1.074190366757223,-1.79308960402541,-0.9098905043578811,0.796932206890592,-0.8864514984111724,-1.6440861489962197,1.483884309527993,-1.660056017656782,1.8659587789073906,-0.04688856179384906,-0.9161444147403337,-0.4260224221813585,-0.2823793872913564,-0.8264780424236322,0.5416871758225827,-1.4159285640562849,-0.20312838492237958,-0.5201859124450156,1.2771957919354584,-0.07110684124514689,0.762804409495641,0.7707824248297738,0.16197379736758233,-0.6030540768086289,-1.238315734487488,-0.41842333006194526,1.5153714418819408,-1.8527996621273892,0.041135819521191934,-1.45035199853749,0.26328415550102546,-1.7616589024990903,0.42297530799838334,-0.49962929353473845,-1.0753142656170194,1.28657365143657,-0.9603925154301035,-0.0051194414862957525,0.051993194212204955,0.44483104352141783,0.11225699648255005,0.37528348315318166,-0.638982070504733,-0.8323909783441819
0.276464503347666,0.9680667140173257,-0.37561090585535284,-0.6129760212250015,0.2712534623692769,0.4657205631153937,1.746696876653535,0.3764602932861862,0.02754871252753507,0.6718332118719853,-0.9779636636669987,-1.4733024609867644,1.065670021458237,-2.4934968156406043,-1.428912689650907,1.1165297199141795,-0.3355999797767179,0.2784880993762809,0.9575067124542819,0.6962978414197913,0.36014743181409964,-1.2579819089438298,-0.003913836196947865,-0.1434277124743584,0.052757473859760755,-0.5267493448663697,-1.205514630779845,0.016372897117182268,-0.31688036662426916,-0.8907262178651222,-0.31816130329330794,-1.382604079873109,-0.7948424228882475,1.3466935022222188,-0.11367760479173529,0.2907724156438431,0.9766311039549884,1.0072178372499039,1.467920177833299,0.04042520952625868,-0.2875848149079758,0.7391218434941151,0.3776096587643224,0.39141085325428093,-0.9580393364888097,0.7766301924870619,0.4019602022391926,1.9802213211468636,-1.0102157393507316,-0.3010398417692204
-1.5433740291224922,0.907384254282291,-0.9813691205322682,-0.9421091020026348,0.8425081211081004,-0.40767235511140426,0.8973890452994051,1.1748300376341212,1.2803034614072923,1.6597529499128432,0.4114717128198241,0.7770552381424498,-0.7262627241041293,0.04199764688863993,1.7138363040734061,0.959609377890068,-0.8697505894296795,0.37570453931997966,0.856660195979784,0.9443446391138514,0.5037061091767906,-0.5809646428754508,0.5289389769030467,-1.4925348872557436,0.9768869236011924,0.9450431611081612,-0.7112588399024952,1.1491542224392848,-0.35739183606985564,-1.1728124569969678,-0.14545621296314876,-1.0474682811234701,0.7233779974321537,0.46116096463064266,0.9058280468393924,0.3245826511760311,-0.14586672828139324,1.056715312899013,0.8823834451416337,-0.5646385674969031,0.09024759086167708,0.45318361499839416,-0.40042289357904876,1.261160465451397,0.033920098465577926,-1.1607620864569066,1.169182631960895,1.218472497793796,0.7519585071888165,-0.5991355813221886
1.337637845986463,0.3309351307412721,-1.0495811092695795,0.5577271084383953,-1.1550286931400586,0.3022319792521479,-0.717525486142586,0.43693850167239623,0.030890474946254135,-0.06695715658848818,0.4067851246976263,-0.40462674179008257,1.5577660735800507,0.30691305700978666,-0.52739847016612,-1.082577102735472,-0.0481451114501969,-0.22115801591837742,0.09601046682521272,-0.9762772541067255,1.53397951908629,1.2673043031229378,-0.3924536248751121,1.5165862167909807,-0.2292111171772595,-0.03956565092902572,-0.5787943746805322,-0.08509458321674934,-0.908583234778334,-1.8804560022764742,0.8290332557085165,1.1097003030400157,0.14982659807874926,0.7334696583535272,-0.4998635854320662,-1.1663180910408908,-0.6617420653831669,-1.0828498650209195,1.1750157200946185,-1.4676304625725247,0.1957458745924128,-1.0055309159740966,0.8480608449910746,-0.13537560932047188,-0.8752246151218042,-0.2956492752457802,-1.1386508436864227,-0.7370512136271702,-1.5876207671487503,0.3559055739991646
-0.3517294134587204,0.024094127378873953,0.1674289710349085,0.19821027412389972,-0.19932647185707653,0.03810876922722213,-0.07163928703569646,0.39851235450737915,-0.2575296671131627,0.5467668964885201,-0.1114233808990716,-0.41378062712310515,0.7617006393930326,0.3929644380557572,-0.6313542657239969,-0.5260444817951285,0.5587638564051921,-0.8839905922913631,-0.9715087524245744,-0.3859859693400203,0.9439223613840524,-0.07400066927565666,0.5694458233883137,-1.2096361299424447,-0.21711663020614752,-0.30280631025774996,0.3529103721846549,0.09632070159995487,0.17770483046090293,0.19055015024715144,1.7134587332119395,0.27239615885539287,-0.1400891164474831,-0.10270797047026166,-0.5160819308886848,0.3601273953958552,-0.062448874863694985,0.7510467646972809,0.3157380648466498,-1.395325316536451,-0.5687769853639262,-0.3519793527838521,0.4674702861151063,0.38229569860183854,-0.6006673647326526,0.31011995318302343,-1.3809239684485928,0.8745918044960868,-0.6488054090076321,-0.90249636492809
0.15739188636932594,-1.0459564039453173,0.1340435428411621,0.9867196107516394,-0.8013251134777161,0.3820373704076074,0.4008027928205266,-0.7451977680930888,0.06890822896937923,-0.14958158570006092,-0.08988321780173805,-1.076313970990826,0.8025447743397937,-1.609378840226063,-0.7814519176921532,-0.4941822251942343,0.2855808019961474,0.5575662985483614,-0.6188129876084356,-0.9879048238231115,2.249740417671022,0.17629347554711564,-0.3418048922882733,1.4675482638352788,-0.059657837685030954,0.42278179173874314,1.2008757171012694,0.8512168937129917,1.7637973744116913,-0.924240545761616,0.5846566965593367,0.34542540782788883,0.08951708877112753,-0.2741682910483993,0.7832479503358825,0.5507141116652686,-0.1786369732677308,-0.6513261184097425,0.6021716523508066,-2.4299015576424403,-0.20939050616288962,0.8265733507819213,-0.5098078091548055,0.9640317452573735,-0.563312674457361,-0.8204507110149136,-0.2152010074437306,0.4644860872795398,-0.6647512906975147,-0.7259077248422923
-0.8195516980403174,0.02491737089782241,-0.6932818270068773,-0.766408049863567,1.3637764110664943,0.6449537290308677,0.35013767666698387,1.0079173371602637,0.22823831773039524,1.4904269398805225,-0.3118755269376104,-0.26160170707141034,0.5037889456447809,0.1697875840034106,-0.0306853370985332,0.7293391857348671,0.993971795854278,-0.46860459083857275,-1.1458986748458597,0.7315027833691853,-1.5942442745099425,-0.9207804616752594,0.4344817413086185,-1.017895294900991,1.5541998503112828,0.23717590416128947,-0.9113905500915167,0.2130174296851287,-0.4491959457278525,-2.1080142520353387,-0.2109723088109902,-0.48383627863879525,-0.345749137567871,0.5449584888532713,-0.13357731052234695,0.8075150854693597,-0.0003159100309701156,1.2513072605070847,1.5674184587782318,0.7470934264565424,0.1366714265635745,-0.2564076569057363,-0.10245767865609033,0.30415025723184025,-0.13067744423080552,0.24974162457035834,0.9561179967197531,0.14834700113575103,1.8669728939600447,0.2812890103195666
2.3201563220799923,0.5377487807099309,-0.03241854609155157,0.6560633068945868,0.03837511626598326,-0.6259144088189131,-1.456664429691249,2.014183758542772,0.7894580459141468,-0.9417439410373293,1.740911214031842,0.8846055024501084,0.8902055780043867,1.4442650870512523,-2.088386943398509,-1.100187713083354,-0.6943974306619558,-0.5977826180303674,0.8111616164134873,0.8166840974585603,-2.5741818357640938,1.0726487866819492,-0.3001182038691668,1.0869789680584285,-1.3759574153419385,0.8708589123061313,0.23635411318535057,-1.8711418805431037,-0.7392034016046146,1.0509119288057414,0.8932679354842866,0.8785807539495067,-1.0580562750665834,1.9692933170362055,0.792926835305952,-1.4133191483758551,-0.9979754995799648,0.2474625162511356,-1.2842019811717977,1.3626032270713564,-1.5221034529550614,-0.26932679310444974,0.3611477238331245,1.7319017626861886,1.428312345805563,-0.7283633964928955,-1.22850706980122,-1.3594220379074895,-0.9409706133821598,-0.08993329491049881
-0.84143376881101,-1.4420634452884273,-1.0091571589455852,-0.7592413189708543,0.5700062377739719,1.0411000692744454,0.7267516433507176,-1.0473217378489146,-1.338149523830812,-0.2504786597526629,0.19449927331131803,0.14196015570311465,0.007672169929334592,0.5597561023639211,0.4245330814543425,0.6747144023952709,0.21709017583412904,0.19400165905920114,0.8126312417029157,-0.8354495983427205,0.6598510627441634,-2.01936057193052,1.0926508853422698,-1.848616424186226,0.4803193384151414,-1.3900142380732936,0.46702511739942054,1.3031503855331577,-0.7517122225450987,-0.6673523865181041,-0.14352665376035442,-0.8916507139716405,-0.29229631168999226,-2.0820300047276756,-0.9632574873545606,0.13224592283234066,-1.1034236767110173,-0.8723625159205675,0.868855974611483,0.07238332690284731,0.15454966407096535,-1.4584687130656666,0.2306846277175012,1.4228445959120242,-0.08161661043774225,0.6135959004600995,-0.30680410074032505,0.33601256198100216,-0.26932011834459973,-0.3408382460638249
1.6569247339020956,-0.1472672700234014,-0.45723210323099145,-0.21665536849136316,-0.7398033222878372,-1.0986107600965256,0.6311500249058554,0.7886460430609056,1.5370590061570366,-0.9696408711614873,0.40340684804380983,0.7580134894237334,-0.11253364907360201,1.651710333611179,0.8545478984121844,-0.5655610442813943,-1.651100851738224,0.06973345467350898,0.27531431128427075,-0.8305806728439685,-0.06614144760319392,0.4773205753061167,0.08646668058699575,0.18397892502601934,-0.4038403474581587,1.1635631801070287,-0.3205417710976838,0.9636192602118375,-0.3418642216841145,0.6652805449278547,-0.4086574568180283,-0.6437252023866444,0.5349800431382035,-0.460254044454427,0.498752388080934,-1.6236194463997187,1.5039116395553356,-1.3576626943654753,0.5236669009462191,0.5873723675921683,0.3648075653605169,-0.7818238750883214,0.1454226938983421,0.6473320334024895,1.3715762012901982,-1.0399693825897691,-0.09393737002124801,-0.7642184784934395,-0.09178883000453693,-1.4041763324491328
0.6350528977473356,0.8679738056159217,0.0732069937319626,0.6273435285472451,-1.0181401307308913,-0.47493658454115506,0.2879299203262984,0.4363008781336211,0.8404723269537525,0.4163911352035836,-0.10346571927196932,-0.6574909277287383,1.1491771432594418,-0.7673318761102249,0.590790998908418,-1.462222443644518,-0.040585756021769885,-0.5531835791516738,0.3288054993572659,-0.23627942951910544,0.17969916232180003,-0.7288957026637916,0.9998131401825169,0.5252451830673774,0.170086495165745,0.17235659456901398,0.8654208775671914,0.40764374488985766,-1.0659718467054577,-0.03696321077683741,-0.7247082035168818,0.3023079610627034,0.09693514676468358,-0.5407574886068756,-0.9044240934716581,-1.4802584652166806,0.2359694371308362,-0.637577226659609,0.024445229303649407,-0.6822582841448377,-0.8492388706562429,0.9005698981757884,0.3453919989567132,-0.07698340263122275,-0.0012804829743995108,-0.13506779271608682,-1.0810870796117131,-0.27257226429825826,-0.5118373349715921,-0.5103985667670772
-0.8804573926093097,-0.9545234917792343,1.2753199141624,0.3033060103347028,0.20443415087169983,0.8570082828090296,0.6345398822204151,-0.9355353825480661,-0.3949637331803797,0.3522249022525207,-0.9750125914200752,-1.1296331824939836,1.2087901447978282,0.8156946042365137,0.4318540045447332,-1.2790627801565646,1.9673345935853015,0.2184457472062057,-1.6519809766771612,-1.7171564516784599,1.736795275299234,0.054639519221689865,0.5715774815858109,1.9537226393526301,1.030846931055017,-0.6577030982821314,0.4501699143013012,0.45007917921123697,0.3879034362488988,-1.0642048850030321,1.405901618079984,-0.19366518837941363,-0.5083401513843763,-0.591462478506981,0.2894455859385249,-0.17796849636077788,-0.07701647182261277,0.061580691431130624,-0.6802207831905672,-0.5383677144259124,-1.1326990696412413,-1.9782064991821147,0.33483865016561914,-0.1704357135635542,-1.8971521412716053,0.2613067712214494,-0.17064079069994195,1.1787158098942427,-1.7826696715796446,0.13938013282135173
-0.874612202343103,0.4812808949601946,-0.17261129260148603,-0.16641967699129845,-0.3335605964721971,-1.65487025117026,0.7054443201148225,0.9566884742575782,1.2940809017043755,0.6650919442192139,-0.22207384212855064,-0.2931449859156189,0.9142492820534971,-1.2980990536513806,-0.377515063383374,-0.14408544082147814,-1.220107954035146,0.5480834960004117,0.18883449992485185,0.32942503166731363,1.5257545988725414,0.5227158325851571,-0.09117146396536376,0.1405165882512686,-0.5251822245610032,0.6879633607482717,0.04470918912176286,0.34114202714005226,0.60517011037666,0.3356034091521149,-0.6486268558641014,-0.32324296284000015,-0.38646061879630045,-0.29467956461539907,1.0612923560055694,-0.49393969693778217,0.6804745465596105,0.15805278668726702,-0.07898136208877947,-1.0789376694750725,-0.2308086620889663,0.7918807682395167,-0.18619542781671464,-0.005968854761637702,0.41798552548993767,-0.17000758017663314,0.12463469440084533,-0.1103722877384664,-0.9336888577453477,0.13115815380418902
-0.3033107583124034,0.7401769197375896,0.9759326248083562,-0.904586554845066,1.1489255884585878,-0.21191775893025436,-0.6286878773478536,0.04926410334790479,1.6063850295544397,1.765385955922402,-0.9304623210013232,-1.7827226557860913,1.912050777938785,0.6263725570310477,-0.18821888422544292,0.44466488619366346,1.333146829734859,-0.22829950737779692,-0.9425796224369998,-0.08285295521226539,-0.5083592616375221,-1.6505829107600445,1.2928124132050696,-1.7868753980027041,0.5563885110582237,0.8176286861037398,-0.08487712379854649,1.4093091834081102,0.6380697577479737,-0.6996772072534211,-0.1252802710281552,-0.7093811702750314,0.3162628401642182,1.0325056589253316,2.191483325134024,0.47684062994807425,-0.6888920645204357,0.897686682579136,0.059297240798903354,-0.628608557530165,-0.913323922961989,-0.5015897585072896,0.3834735918716549,-1.4727528094079623,-1.3128826508145186,-1.739695058591565,0.7164210654453353,1.752005812433405,-2.237000430714195,-1.038289330118984
0.17061321341744326,-0.081615134379624,-0.7541945962236849,-1.2729380347932384,1.6497757294721798,0.4258725996192445,0.49193640294957386,0.18311235065314113,-0.019968683593003623,-0.9643857973641891,1.4444897747269332,2.677385531526951,-0.00399468155575165,-1.5349269618568941,0.8233366335430201,1.9613481605342518,0.11897053010690099,-0.3981986470666807,0.6442238704600737,0.171619983196907,-0.8344962674105704,0.5063484665437032,1.455109255348649,-1.506608130695394,1.5348889837665014,-0.6059815843881807,-1.4835205322701093,0.5597622518292064,-1.3114181818438133,0.395559029029689,-0.5520510412796527,-1.087037810148012,-0.27857794107498257,0.42141453410622765,-1.428146268071977,1.4204699842570587,-0.21138905637567423,0.5098058065075696,-1.2862632458442407,1.364739973649601,1.7956864089117528,-0.20390148320793144,0.3904690158260567,2.81449973378945,1.1931022768268964,0.4422215941620054,1.2467719595156341,0.1685706746607581,1.944886987322643,0.17975860057085807
0.49928408186320944,-1.3050884225436243,-0.36792751748770103,0.8219581642321715,-1.291098675776435,0.6572673165136314,-0.05464514458517541,-0.8693745905585873,-0.7342485000130925,-1.3348612935555522,-1.2987675385369892,-1.198981919092471,0.7150028792183829,0.36854660714649123,-1.5224563519184857,-0.5193314543222523,0.17762796408474843,0.19519796721536634,1.248178966203399,-0.9566104820781851,2.235075567302342,-0.6963548759783595,-0.07208943450421461,0.24699163207179803,-1.0946638139957394,-1.2684630222167825,1.2056524516555343,0.43391331997484434,0.47878890602778923,0.17178537311346392,-0.5412482724434811,1.0034971211417258,-0.7899864106576568,-0.3018253728635982,-1.7288715239540458,-0.2460993611400028,0.07115193945398005,-0.5992762831381788,-0.9822673544148226,-2.0359314555967587,0.4391870523621704,-0.45105960073044876,0.37786790134224285,0.102208611071484,-0.9381961913426741,1.0545360824283385,-1.5473485873790824,-1.0411227335899977,-0.6178811276856474,0.5278333979811496
-1.0107133788313036,0.7276239906304103,0.8224004976738156,-1.5470550748738128,2.0513861416250987,-1.1339978162416304,-1.4401183709747032,0.6110807944988187,1.0354504252424375,0.9163164717787635,-1.4151028122483527,-0.9218742223545142,-1.2017975522541264,1.834811118347843,-0.3153311328189581,0.9630372908836327,1.028217325833084,-0.26333798760621197,0.0003315879406585603,1.0465335100745363,-0.24441038822067593,-0.5980745565472531,0.2968099811475887,1.520319225798732,-0.5277798138464023,1.5008791499770737,-1.0790343225668886,-0.4195707144486495,0.8542737414997802,-1.353628784344375,-0.8547645948760296,-1.8209602499598045,-0.13061896098176215,0.7483484091992586,2.18491265564507,0.6333215478559926,1.589880172320105,1.7582829548626504,0.20202539141048,-0.4417669714991356,-0.8119226275528503,0.19882962470413093,-0.276396566361536,0.38107356134806974,-0.735033095061332,-2.08801636565389,1.8897057305857883,0.4459381349408801,1.3158472308323672,-0.7342758464105522
0.34323164831587427,-0.35412013433970735,1.6721793064578772,0.7717506261550003,0.259672614098841,0.35747803264896,-0.1456546485610006,0.3685464920424047,-0.5188450951589267,1.4757192049660977,-0.08873025808132907,1.3881396228755933,-0.6367528453457921,0.05189352171364123,-1.2268803640864947,-0.9232040981187134,2.559711820444998,-1.0063700936974787,-2.6811884633990637,0.03517893251113233,-1.649372682248217,0.21265861604319408,-1.6470637364712726,0.732717077408177,2.3979901207848178,0.5718596873115576,0.28390716042107755,-1.1338198524871697,1.2811357297780666,-0.2720505420231052,0.5393993761440633,0.9340572128417918,-1.4141628683651821,0.32611382491325314,0.11789690511983414,1.8554546205047528,0.5830924230528143,0.24274729562244904,0.684020519472246,1.7348146922444083,1.5075637628490532,-0.4846303256049378,-0.8934540914165319,-0.5953448622737595,-0.2933085174820783,0.44431998585487925,0.5621090848760304,0.7936606109147418,1.3223588326157383,2.1970969694491744
0.378356005797221,1.253585347241373,-0.6047221151637067,0.9294485814937965,-0.23742912714268113,-0.4006676164517627,-1.3439726741171032,0.9914155458401106,0.36530144058785513,0.31121169413052563,0.6645111961631998,-0.8468954193931476,0.182716524033425,0.18514241455189284,-0.18289166732254808,-0.5170663607335735,0.10323575127101535,-0.8930368376436847,1.4937475791188959,1.0306835090430204,1.46163611603173,0.6025132303685206,-0.09734562557074049,-1.3710614334646318,-0.8465608745435531,1.4446885202798168,-0.32771399443568694,-0.7065358814798574,-1.5030511271118205,-0.7507057957634259,-1.1283883117903675,0.666309883179428,0.7544760123547435,0.3569155613632888,0.35943954404308043,-0.6369618237815946,-0.8324500426825707,-0.009958020312996288,1.2623692039942906,-0.6542963910151064,-0.7830796815502706,0.38403155131734457,1.248629492527528,0.4514996608698325,-0.15181793750251116,-1.3312414624863864,-0.5136184473033555,0.4249690900904343,0.24038525121125073,-0.6228121894481135
-0.7189504053551599,-0.7622630249158581,-0.22616690686947505,-1.3715258883629127,0.2593606985749221,-0.3023654433846521,-0.21822188023070255,0.2701109956809841,0.6575130260062132,0.39965150108218866,-0.8545177156996496,-0.19142440245799444,0.37676010482264827,-0.6034913507617026,0.6577285343017438,0.7723142017693608,0.3421680581589815,-0.4026212192586882,-0.5480241036836128,0.49933803510612307,0.45794073756202336,0.09540877891843505,-0.21429153818711066,-0.06436200203805528,0.6939086267181463,-0.07207533394591767,-0.14920893091381288,-0.34027473749747855,-0.5915293751196506,-0.497811227922325,-0.21307714847349582,-1.627425733425866,-0.6925951884228485,-0.2342628971555557,-0.15313210860473614,0.20808213517918916,1.3744420913400561,0.4294323571291624,0.7793846772130896,0.21377778681346807,0.5568529437964478,-0.5247485205043954,-0.7157164778930573,-0.5006047900070074,-1.0755746396557264,-0.4542689387876091,0.5203922436512888,-1.0264725940175037,0.6021077017667069,-0.45533009983615397
0.3708168069551137,-0.41233627542553336,-0.9657678722087236,-0.4871563059181981,0.7475672397780826,0.5399809425963953,-0.6182433537585548,-1.0126952836443976,-0.1903814218654636,-1.755679919489031,0.5143933270222317,-0.22530085968123092,-0.6285880340903475,-0.33957601889367833,-0.7716306700580086,1.6078383008532915,-1.521827353549778,-0.898055060887881,1.5543813652374705,0.8417717052412979,-1.5336516924744155,-0.6403220184786853,0.1393101409769327,-1.5522166605211978,-0.10453308720120205,-0.3522590552399451,0.31014041656617775,-0.8218578192000715,0.7350753412130994,1.1301606305171406,-1.2108721103813704,-0.5683201430519783,-0.09869394087275912,0.2155776527064325,-1.2843885036765208,0.5773553664493529,-0.03830023319005752,0.4480023900036663,-0.1608859648007419,-0.16784149517430827,-0.25986369520820607,1.2312167704093597,-1.687877279596918,0.3914930566173643,1.1584650992138865,-0.017069862371040797,-0.2970559812203268,-1.75617337664775,0.7888213553509581,0.6375616560817827
-0.3183763673104983,1.5668770084119727,0.6333010226755346,-1.9432728010260942,1.667054193801403,-0.2941320921735617,0.0832492122064907,1.1837525703762388,1.3868486224684635,-0.23501009041219467,1.4497304620512121,-0.18446891374957614,1.5079087405739289,-0.6283987376214127,0.5508497211702106,0.7218309069174353,-0.8719022643298487,-0.05651629221296773,0.45695010142073555,2.088424040179647,0.943660145260492,0.368854728800471,2.7975794751780674,-0.2270223845403971,0.4495792527331173,0.7229236249760626,-1.573017772144808,1.0327357441485643,-1.6585908525881194,-0.18074198493859453,-2.972030281704893,-1.5336715579580897,1.2027500659182795,0.616515834946772,1.0273714055323693,-0.24664382265402707,-0.2508261622474085,1.2083043732996317,-0.12538742944261266,-0.564165312482336,-2.258370971680145,2.189920521856399,1.5839469686036163,1.416211407815913,1.1613657801742374,-0.7543179424237174,0.6731949998799199,-0.27351540251780876,-0.905564217759408,-1.368974075139569
0.08818363467912195,-0.9102336319014225,1.0788716300868988,-0.21893072825499207,-0.2182069391367839,0.23529783086218248,-0.11817637923244893,-0.1661398106728796,-0.9095022595364524,-0.8193709989654716,-1.9509722444619484,-0.4482947617924095,-1.9792082807534837,0.28349025539450556,-1.4755955592109609,0.2666298064169763,0.6198868295195923,-0.6448358917749863,0.16411593238371813,-0.17153584439156705,0.6267208767371208,-2.025446489294558,0.878332273763756,0.039213231160605745,-0.8677346493494834,-0.9046460935670744,0.5320612158124999,-0.35417201870018,0.13226653282954978,-0.4717569801602905,-0.015790672435397654,-0.34858500811109094,-1.3592385376638705,0.22424185447960793,-0.5903170581671493,0.09844524581836646,-0.04302063299406335,0.07725662179925617,0.7190482946090982,-0.8471481823987218,0.42942035995338274,-0.6961864692139499,-0.07346317618253623,-0.189635473945601,-1.9511909718405178,0.9979180467046518,0.14965283252286954,-0.6895606853459487,1.039485327712686,-0.5988169018891337
-0.5771069628605049,-0.7720061483154206,-0.5011848254888545,0.008155740676616443,0.8175244659555682,1.006706525939768,0.2853501068934852,0.9133577049238603,0.8259241129135729,0.337817955099519,-0.1653318212225938,0.0013780557334574853,-0.9940901270838883,1.3121585345027837,-1.2819723191080996,1.0797656283571062,0.12450842030027749,0.38677601312637566,0.9505201050628477,0.9378277217316772,-0.022597466287059203,-0.7617863684873075,0.9592773269562117,-0.1860243067690756,-1.003387547872976,-0.020202211588833268,-0.7952260144223122,0.5443493342674127,0.0420071722199434,-0.4019127764011079,0.8233227763458661,0.43503026492361624,0.0031621761983800546,1.8400276945581966,-0.31236349677992586,0.5921584704695357,-0.1288236489846441,1.1509177980997534,0.5771903430128993,0.8673808197863901,0.6833653430020084,-1.2574265145293697,0.2631837716879421,-0.006916992273143896,0.32443160747354105,-0.5375647115713078,-0.04689863273226921,-0.46333434810745533,0.2704717997827633,0.11493779030156305
1.2158993879755635,0.6345510129576423,0.671686559566767,2.15581940257551,-1.8594649944361044,-1.1503488671494533,-2.195387327587833,-1.1922382269291314,-0.2303094777711225,-2.427145489457507,0.06395248792712328,-0.8661039734486121,-0.5958850974828037,1.9918028391961224,0.7782884932962447,-2.4090574385136843,0.27264134277923163,-1.3397133068006033,0.2404603024287137,-0.5730799687800381,1.7036893585621806,0.18310691494205694,-1.8228140453394641,0.519429655221618,-0.8753552354978761,0.6844755807458952,1.1518962542880682,-2.1222257900958628,0.1901362500594381,2.8192952731040646,0.07971105342082903,1.7962650983812896,1.4264463872710005,-0.6511671093270756,-0.5855340072735092,-2.0959356633658364,-1.9633340097648904,-0.9501043354912295,-0.7797275720372063,-1.6117393697295308,-1.7284842533003055,-0.5152255088867398,-0.59489531628225,-0.4764910515255643,-1.0276387841215486,-1.3994397662406401,-1.8485123839117232,-2.0164257124298457,-0.4588960709361675,1.035197934779413
0.41776688111900195,0.05844047072755634,0.6702760842917104,-1.1795526971726036,1.524835688758437,-1.2364688122367058,0.5886328752738179,1.7738689572415953,0.817177689484366,-0.886063572552226,-0.03372759428792361,-0.16556681388454642,0.02026905359760917,-0.6050716716962095,-0.17885451853880685,0.5991018844565638,2.2019018580484455,0.29039212082250465,-2.837833692381151,1.0126045607642713,1.3090914733807864,0.45223379257241275,1.4170289684748656,0.32121919191962695,2.164878721581393,0.301903005504023,-0.2972028969695741,-0.1665925889554104,0.4291801085014428,0.490314210348849,-0.7349352348163614,-0.5040652724544986,-0.7499686080482084,1.6200225211335975,-0.24430747842550282,2.0693248181354176,-0.5338867176334268,1.1600227140749617,0.970801710179855,-0.36436967915147794,-0.15277826716742393,-0.1500515873987618,1.291525146783678,0.5201061492219745,-0.21902249049503314,-0.33174791100245044,0.8908471267974932,-1.465096471627617,0.9859650887180367,0.4172476465119974
0.2603308123941547,0.16367187028769634,0.2877465201313553,1.4943018251706932,-2.474859746910648,-0.21046266810626188,-0.363912425780418,-0.970308980482701,0.24596185111942928,-0.19523810921513846,-1.316710019426534,-1.1922056136869825,0.10310864633206446,0.39207438942995004,0.6728708473559925,-2.182162640060806,-1.224009174483815,0.8138299253925814,-0.3167235944443597,-1.404178141630601,0.5830532909576069,-0.8744147994302542,-1.0876008331645604,0.75336850767146,-1.6136441412931921,0.6588610287608337,1.292550900372229,0.34151308649092166,0.6705821978715053,0.1646126249238475,0.6271006347460591,1.8917825443915177,0.8706426464618577,-1.0344294010161013,-0.3906438238140564,-1.6326388990817065,0.4489408759032868,-1.6362589273357404,-1.0362628518326154,-0.4726846869557689,-0.17486274884873146,-0.1857152996309843,-0.7436622297931134,-0.9561323802056622,-0.662810938166828,0.03155184175063194,-1.332339390478986,0.18696882413623847,-0.7665218456390926,0.26008465576409107
-0.8591413089218581,-0.824775648556006,0.9019373504546591,0.5557006870441022,0.08349112561900102,1.443320622923632,0.19077594354944696,-1.5006231124649643,-2.3425343908138276,0.9472438781643232,0.5768853736171453,0.40838142039695563,-1.3052767551687319,-0.787922196057979,-0.8025362137981764,-1.3313425822688194,0.7576864669901323,-0.49707894626777915,-1.1207211478789125,-0.4934180697983011,-0.3028499523043852,0.49436722917377046,-1.8144990639019374,-1.1101577584877658,1.2642536645532143,-1.061121359081464,0.6286228705931869,-0.42513932995699844,0.5124735656994839,-0.07318765908287841,-0.6092913592194491,0.808619706519564,-0.6678622665056636,-1.1120968547507473,-1.4159079952718656,-0.3808336779057134,-0.8887113401368851,-0.3886091735541698,-0.1409263349845393,-0.3387466347950434,-0.5204232236389938,1.467128243737851,-0.9728476538036904,0.7942129115703352,0.237556024385267,1.3555137850017933,0.16035361294730835,0.35352642242226295,1.0809946991800286,1.4014617795562785
1.5961723024403685,-0.733898186584514,-1.4166806590444274,3.2303525829418596,-2.4137339553883206,0.32490051826374317,-0.5340855233934104,0.6107980898491997,-0.6746506330196811,-0.6084963560377411,0.5250619642225468,-0.32296978573607,1.7923573695006394,0.8161867916709427,-2.2193333122028127,-2.7429153694033204,-0.31569212851936584,-0.44847818946566687,0.013951980967019972,-1.0993799437330012,0.24958115216286603,-0.6281482764892649,-2.1934604988492623,-1.87127948560893,-0.5217473667365828,-0.5833872398650698,1.489391772379353,-1.850634884915394,0.10042499225230195,0.6311450677609638,-0.41894944477535284,2.611790358923625,-0.036123065887187326,1.0432517575282216,-1.684851317749133,-1.1296955526376753,-1.8730529882027862,-1.4433568352549142,-0.5010812746216823,-0.50496500603289,-0.12146053985364652,-0.24481583426177275,0.24575636005455007,0.7896992325765982,0.36171140800107127,0.4861175615002621,-2.8739587993097113,-0.5729760291977152,-1.0557290010959535,2.206003539304033
0.24927084676332673,-0.1478716113910172,-0.9015518921303733,0.17160894305700275,0.5788595637004816,-0.4679540360084245,0.34018561688565824,-0.7400778219413171,1.1757830148781154,-0.579203924044355,-0.4834314963421889,-0.3950564078743578,0.8375285101682265,-0.15408827577983103,0.23846144927660792,-0.024744645776846885,1.158068412089023,0.19600825314801296,0.16787808004277738,-0.5288684930955989,0.6733897512921622,0.7836159212582143,0.8468998442979829,-0.04946274667578819,-0.3451418118687311,0.3010353137328465,-0.1929850717775245,1.460247479294212,0.039165674130229665,1.2139755659190934,0.8043390236650341,1.4259116043891964,0.02513401211296287,0.3918497446755923,0.8548691863032197,0.2649114153142256,-1.5647244799194477,0.42115013608116386,-0.6256691993379034,-0.18021489896210968,-0.035058366136125035,-0.7697609281744285,-0.13609179703634822,0.33353524211134317,-1.450137714574546,-0.712394812809542,-0.023697545037882718,0.926032418900187,-0.6931748973629839,0.8047576225423265
-1.4945721189331098,0.3057622814609747,-0.8825163613793732,0.0661274649222464,0.3401760659019142,2.099347521227824,0.3054096845502531,-1.0385442528152433,-1.1886716549259218,0.8667708559006863,0.9981402089551195,1.195517950982123,0.8956817587652187,-1.5242584460656081,-1.1861170325189847,0.9616067595473694,-0.168227410338444,1.2924099201532464,0.48489307357243816,1.241212245472639,-0.39469650440991244,0.763739264757131,-0.370539537898784,0.3067453272153543,-0.7363348815741412,-0.9369289865177362,2.4118916166225124,-0.7884914251122251,0.733373152855464,-0.8108315577684182,-1.0122216199875589,0.06926597478315213,0.6708367839555879,-1.6882897390754719,-0.16350223870025155,0.6565603499243097,-0.5139634104690056,0.3428046269120104,0.3312257219563391,1.357210146451747,-0.5341130709712162,1.2904881844138727,-0.3927814484450787,1.8482555677613777,0.9581870304354217,1.1200500105652251,-1.533402858764448,-0.34610889134009926,-1.6412929117780626,0.8919219323658681
0.6982482782807045,-0.6050727332143848,-0.3815480161965756,0.6124972040928058,-0.47976133812152016,-0.3549231867291765,0.5849131003232263,-0.799061800923696,-0.9222738344324937,-0.2222773887183332,-0.3034472607492619,-0.9811918617690611,0.7699213604535425,-0.01228937437616034,-0.4638547045555855,-0.737668057114041,1.1103473390479432,-0.41211810074187755,-0.4101789453919462,-0.6193057678625473,-0.8044152371711984,0.07413480597058249,-0.341580486325112,-1.502880805832573,0.8359192006462951,0.4309431388430412,0.18295208822173883,0.000588393644596991,0.7731873154681902,0.3311828967515852,-0.7187392603808331,-0.4100013803066661,-0.43574277959826085,0.23362340054928266,-0.1794414902959055,0.06654950359974608,-0.5350519358550261,-0.5172529409329928,-0.25839579170903293,0.0976594163069082,-0.7618391224171519,-0.20999667773920852,-0.2562326214336381,0.04268475603221895,-1.4693539684669952,1.1022516993824445,-0.4843998572543913,0.8381399175605954,0.07767370138457148,-0.4591923262073069
-0.7257592566996738,-0.532936864702688,0.02332871387077022,-0.40395670890064633,-0.11130926735364738,-0.031837824071983635,1.355730567104713,-0.8912783675081705,-0.37797652076617727,0.06691352151353334,-0.27586750333291266,-1.0252424497485007,0.47490509619362276,-0.3116969374519008,0.7832123115218,0.20317609326627778,-0.9644588553460852,1.1969684360044166,-0.6463643868293046,-0.12022535242313181,-0.23320743384005352,-0.678387706730995,0.3233753388688697,0.17859697198155608,0.012630421028713265,-0.7442229687953091,0.11352273123066273,0.5636706028335802,0.8756843140414184,0.6765153316365241,-0.06962670808655226,-0.15910290844031538,0.7160041235841225,-0.7984408515731788,-0.11919263330880615,0.6548823129704711,0.7142997451605869,0.46613114034605657,-0.49830481237786217,0.12302309468467847,-0.17471908538346817,0.06251788073176613,-0.6532110306720348,0.35985367347980896,0.7123356921633385,0.9801008188189884,0.5661234890428618,-0.986859370090459,-0.6238225430450597,-0.2088512834331255
-0.612472913941717,-2.188038340231285,0.4424103767125862,0.46442731878177307,-0.0002059471231923393,0.781027229227796,0.9972411093582079,-1.1386032463304625,-1.4458363173910518,0.33605709914783577,0.39747795480779075,0.7876609514242718,1.375027846191699,-0.3339793463078898,-1.1665727477359111,0.21688160568428758,-0.06152196920939922,0.354303957487282,-1.2089508811209615,-0.7936514756087011,0.06647236826588991,0.8640909122242635,-0.8190691342747911,0.14027093649458677,0.5928352802081508,-1.6331001442105122,0.8728846791186805,0.10675900445634055,1.2882588972526283,0.38209257286355813,0.6522034216612587,1.6965540452339078,-0.9982933854901792,1.0353999792281483,-0.22132792680342236,0.7374076970683238,0.8636851862222968,0.4778783045561101,-0.345897868968762,0.4622849583254232,-0.42724071861813195,-0.4303830723828288,-1.7959664154815267,2.640770489818258,1.0510353963764265,1.560763214923324,-1.1215563494723244,0.3761303318763831,-1.811429267238366,3.3932143587808983
1.1774807748992493,0.49625189481882487,-0.1482321174269371,0.35637028295436124,-0.21440779904674875,-0.2882524591495091,0.24285554485327493,0.6930979826299971,0.5480422597457566,-0.771280015357051,-1.012747764721391,-1.2441943805360407,-0.5783541633863326,-0.6802291507267414,-1.578184357845983,-0.5794484415057132,1.2425624873395877,0.3171282317105424,-1.1741995004638555,-0.25319924270514665,0.1872583338281578,-0.5868006020536829,-0.24864505380377847,0.25358093549358574,-0.013690006678351171,0.8179174135059295,0.049725974076437855,0.11582858156002092,2.16760117846056,-0.04453702990259948,-1.518423184145445,-0.25421326413384654,-1.0357561830291073,1.968267959987702,0.6672968680712414,0.1463326017404151,0.14457327627483138,-0.05937790448611426,-0.07162621238967883,-0.6511515004167601,-0.7528747093344783,0.385230403758802,-1.0154344780860884,-0.5836061230854254,-1.0392885260214897,-0.986881781824369,0.008568423246807849,0.4894482195158805,-0.27755325406097076,-0.17917381854814218
0.7046947869838736,1.342893858631218,0.07324715335833362,-0.43031147646823237,0.3245425599848107,0.9725588115393566,1.174611735398393,0.10381669723678792,0.42555640383521287,-0.008792942155732003,0.4070555373640272,0.48473446462257047,-0.6428598619225889,-2.190321283951508,0.34580626100724887,-0.5629666891259195,-1.1121071096521606,0.1532725263674822,0.5680585930929531,0.5257962911632998,-0.4542362321421008,0.9335803755975479,0.596107095399218,0.643599840813423,0.12075914507311644,-0.44101910867949207,-1.9531266482415808,1.0939825095929456,-1.8422238225562904,-1.0915368210444343,-0.8210091126707834,-0.2387252107275379,0.05706989955234382,1.247381423373641,1.132334147225187,-1.3472632824035795,0.9330864433577354,-0.6004901102992306,1.30658870957924,0.9668017185051154,-0.7050170239992801,0.9599747464126749,1.1714094076424546,0.5243761094826964,1.7113646584120836,0.351407780591672,1.320056702981636,0.3292709976177194,0.39715357725951644,0.2726699944536924
0.17373137765031696,1.1742273419381541,-0.23151163339892325,-1.9001697450247956,1.2505108127591342,-2.339016991122878,-1.6071433785208726,0.513425292238991,1.8415489918476644,-2.1690246701552707,0.9351936223438093,-0.7304160458056188,0.6039612417932418,0.2890500577293427,2.412301115808643,1.3794933404346614,-0.8058444129777317,-2.2394404619390476,0.235953371492993,1.0387520833424848,1.202116362995132,0.8049458621449787,0.41501166884530655,1.0739265675455067,1.038536753043674,1.958437967260169,-1.3098536066970272,-0.8270059864335537,-1.089558197611492,1.1501363832221794,-0.21969075097205187,-1.7758291460755509,1.5984623454555007,0.4105181323383905,1.252978787291937,0.8550892489130665,-0.06709897676266759,1.160869929289875,-0.9545779162297127,-1.6529985283690682,0.18987762807136402,0.4428627349387544,0.5018019378269446,-0.4317263301031734,1.6785429331439845,-3.0922711038107304,0.9113403339648112,-1.8407551923545087,1.4252195297536672,-1.7231760422415277
-0.21465229281367082,1.649142608244692,-2.4720891549715898,-0.5056485914485096,-0.012668952918307136,-1.518955653902571,-0.1446017581952776,0.6212873882480515,1.3935041871210587,1.0322512130817876,1.2781214497891127,0.3210249653950654,-0.6047118225004798,-0.1928014105404302,-0.9401505309618668,0.7444159634258062,-1.9570022823953648,2.007021207120005,1.4659799477615951,1.255786824024214,-1.434446080646247,0.6341566704467761,1.0241269478943127,-1.6083194107336412,-1.7333009350753403,1.2769800223685424,-0.16264945234085026,0.31555667974897683,-1.4194202276798444,-0.8760343538686968,-1.0994864800026312,0.03642304201887665,1.2566744672447117,0.7195072066244057,0.7807218588850109,-0.3780656566835013,-0.7410315565382506,0.6361809662106374,0.41302548448940507,1.423776037162227,-0.572411306554054,1.0567869844890085,0.2790277505671439,0.076824749662309,0.7153026691123832,-1.1324173228257544,-0.603885334735833,-0.07510524353023126,-0.8093082114575382,-1.105379110914255
-0.24904603022556393,1.1892278241877001,-0.08387032980519298,-1.7361345052659536,0.8910593934280889,-2.5583792283482127,-0.7840060103915587,0.6852404793901682,0.522555314714903,0.1759023304034382,-0.45890691890971014,-0.24722148854192416,-0.3090212619084255,1.245565680738639,-0.4208283541905539,2.320822811884735,-0.8875455876522261,0.08570851448834166,0.16598078645569952,0.9764847078043614,-1.5653437414494547,-0.4874357553171392,1.1461495222701665,0.779739641723838,-0.565605962331292,2.162295885216946,-0.32644150784496,-0.05801967232574216,0.6885037252111326,-0.21738481137246182,0.4616510333546893,-0.8581587006112869,-0.4560215809999597,-0.6582783619830627,2.214047787095257,0.7802821087219576,1.2264241156305589,0.6296632387516142,0.5235723490935269,0.8885650402504222,0.8060974621508457,-0.8602578180197353,-0.6416767033501557,-0.8428579298896404,-0.3697985710510882,-1.157683902381547,0.97966457002091,0.44790523809604427,0.3677190478197818,-1.5858716345524757
-0.36527388302827285,-0.9250883187890335,-0.5698692350962178,0.25119654264947805,0.03209339444782366,1.2913947678120388,-1.3096372494515363,0.9249771827341229,-0.43336893945344196,1.1079830893557814,-0.5298855102810066,-1.3903134725564443,2.1972293533662324,0.9407211018808574,-1.611519830713279,-0.6150791473875146,2.185119964082133,-0.12503601207518503,-1.5655818604386402,0.8913990944485758,-0.8582328935348107,-0.8472276910750874,-1.8641947169522455,0.055116659724924764,0.5550786302731354,-0.6330359981089981,0.8097980248727142,-1.4989115635274366,2.036699925002187,-2.2756998247441267,-0.3068188410069078,0.08590868576841805,0.09999777075961534,1.389448198704667,0.4714466769513224,0.32165510996084773,-0.09707258416349933,1.04627354829826,1.3823117405964485,-0.04631621899614948,-1.3769431407277832,-0.591231963316744,-0.46488824914243365,-0.46889061151498945,-2.0608830074512285,0.3495474983402997,-0.7647153093488167,-0.20559368299293615,-2.122941323120694,1.3279268265290387
-0.45477813968706476,0.9608430856081047,0.11671539901566139,-0.6143937560526017,0.5875621233144075,-0.6490249925028142,-1.4233618349279473,0.40440637366702414,0.29666555146614554,-0.42569292731064334,0.4181934406869638,0.4362701048817498,-0.28220807527640007,1.0826636395885605,0.22463558088465485,0.38257280130839305,-0.44085885862541957,-0.386684141496739,-0.7388164881234064,1.4493460387147363,-0.1885458548532615,-0.6933975346299696,0.550149987017938,-2.109015561554723,0.6732180692777034,1.087622686293915,0.6533659839095023,-0.5286568150724442,0.5703559042095264,1.3076780500908052,-1.9574374280199358,0.527177852616947,1.6192237908184972,-0.17361842020998283,0.5639906565547776,0.6913120731534107,1.1507644176840914,0.748517448264732,-1.3289365897977137,0.5623936022914466,-1.09121246919946,1.450540919977622,-0.9454215606955765,-0.8297552119718581,1.2421355156578846,-1.0328381039343861,-0.0855694412041011,0.09426076571549584,0.8853804028915978,0.5404116179315696
-0.8264821956546831,1.1331836952643815,-3.085253604323327,-1.6389621129681033,0.004491045504619925,-2.00046798032985,-0.605616546294449,-0.01298644430194863,1.7854704771302634,-0.21709093392989307,-1.2151258357231898,-0.9144433328747842,0.07521055335615941,0.7656547788402387,1.491643701371433,0.18232383528768029,-0.1574679178763269,-0.9992614921221443,0.49619234370059107,-0.4986544777145337,-0.7234492399446336,-1.4394907309183678,0.38296593213695396,-2.385372037724081,-0.29234936448739113,1.734325156958373,-0.7468838130073465,1.4116314771110012,-1.2756625309025922,0.44257872825847583,0.23786971662694598,-1.6689020482026022,2.6972559001608163,-0.4080878092962306,2.0988129595857674,-1.017839911324317,0.7743246072142793,0.20073212263372953,-0.2103138654913882,-0.7978533114286136,-0.38630460085125606,-0.034873119534789325,0.9123283679836304,-0.540382366489983,-1.5752488235236408,-1.4500860247030345,0.5348633386354755,0.7763016085323864,-0.790121876457078,-1.6491422713895252
1.1909560526593248,-0.38320274113772246,1.8649697051682523,1.877915219859854,-0.6059092928023595,0.627572183879811,0.41590001034176166,1.1013636327656464,0.8467185122169996,0.2584738739033165,1.398394725332622,0.3225963730488369,-0.3170301333621734,-0.8816705732532364,-0.1485620062529752,-1.832369504405836,0.6662577735122208,0.5768249242052239,-0.3249914041912318,0.4964088333386302,0.9080444411004112,1.1443381508645636,-0.5954082229984978,-0.49881584576359783,0.2604008963437559,-1.058090336117944,0.9928035389307567,0.04568438896006938,0.2710472202306414,-0.17061594476405137,-2.5286145711215866,2.3519063582365765,0.16850324492595647,-0.10316015815121855,-1.1802224287157632,-1.007820694604264,-0.7161333946578234,-1.0541649587985682,-0.241615101731421,-1.4069507960774457,-0.7942713437847815,0.9108331370989909,-0.21830769247099838,2.5955883384593705,0.17260634588367135,-0.2797361826401118,-0.40292844315207677,-0.007138343138789347,0.7795908439896029,2.439359993597332
-0.9777619345899123,-1.1226285600461023,0.5268627447608831,-1.388739832411763,1.3872289256850312,0.18128677965239245,1.3582900670813653,0.8208849232495062,-0.8448100324415189,0.540193384561806,-0.5978401150292639,-1.071818537539903,1.25284161643199,-0.6845062071075771,-1.19002176381621,1.0208565267530325,0.06361138058344334,1.0579349409021808,0.9492757607496509,0.4821071918463872,-0.11823138288014194,0.15620738093331032,1.2159171347591127,1.6911618222394125,-0.25228039558869186,-1.383225887779178,-1.5129198307368266,1.2552906303511004,-0.8302917839663694,0.22678258657643446,0.28134790709924967,-1.2932147731246892,-1.7897346689439648,0.30964667792417894,-0.07218872432653091,-0.16132551863315853,1.241450561121616,1.4804459668048802,-0.5053285314312715,0.34513026018340043,-0.37106073794841876,0.02060112945702943,0.9220432823732905,1.121582554870432,-0.6712928765908068,0.6613977320589677,1.6243699725558487,1.1089599513443353,-0.36878729025265705,-0.30295768379311744
-0.008834445583720013,0.7292156526992314,-0.8713167379369526,0.7156661807089775,-0.05633457933136199,-0.8064720952083528,-0.2095452561127366,0.7386180677434874,1.0208183643865383,0.8673332590038163,1.2117838762148772,0.839848677365089,0.5206591034089796,0.7722135335860059,-0.6412758409021347,0.2790759923183233,1.8598230921365717,-0.07281690076116247,-1.2721722786457632,-0.5749141801219597,0.8006668363714762,1.2320271564744456,0.4997193635473001,1.5007816863978847,-0.007793539127568439,1.5035731137082773,-0.1646751287503858,1.0256531734641863,0.6613683690691557,-0.7443017663921611,1.7603815464683505,0.4254778489082257,-1.22154415026378,0.7450056379399531,0.029243902098573617,1.4138508773207956,-2.039248723542504,0.23048396913918387,0.7949014898599024,-0.12742147443622903,0.6446521188417407,-1.2005173432423297,0.6376565798114735,1.6809413960670867,-0.2026355652159045,-0.8324184380080508,-0.42259085338409386,0.32992783554254956,0.05043164905673346,-1.1278240534778001
-0.9587229694740894,1.6281781625627587,-1.6374931620861592,-0.7121260339096807,-0.17536772279668777,-0.6075668368479074,0.43978155358691506,-0.034167249755703295,1.0603877454374162,-0.06493804946140111,0.7274594782620992,0.32243006824140413,0.8178782817537862,-0.6612158979017516,2.094351815609263,-0.1791724465634313,-1.6888800157201218,0.7054890260431126,-0.3713793693611375,0.6740776482377692,-0.4088748002519288,0.8547310457952465,1.6140888692848765,-1.7556998541555098,-0.822140168660374,0.3652933598518953,0.5134207207776211,1.6626019721746121,-1.171357487089015,0.6416134678389921,-1.2217588125933023,-1.3894870538875592,1.7302988086854587,-2.1147903955463296,0.6893595161358442,-1.2036955445206345,0.12689237628033503,0.20822315919536552,-1.8886239653738264,0.053732788965938125,-0.5325663406713743,0.6669354984414274,1.6188730065480386,-0.2721239508778004,1.341920207349119,-0.6781833159669274,0.12693013287667124,-0.49475406901163316,-0.3816871707435191,-2.62696787954942
-1.8179833071529998,0.0586880820954217,-1.1578458896613033,0.2546214579684372,0.5867672432943846,1.8544396748132674,0.9103274342058381,-0.5440794740492076,-1.2083945264408422,0.3157912463470462,-1.66492413778379,-0.6123806526654829,-1.4195200354449586,-1.7779531000742985,-1.1082290188409512,0.4179314082106514,1.6259634526107658,1.1674560062463133,-0.6443957962480843,0.729429937204727,1.3936399859876691,-2.4651656360691554,-0.9133134044425146,-0.24255616008606823,-0.5189846834564975,-1.2135275501622764,0.5162816880158532,-0.32236112241051673,0.781644858470183,-1.5306824824638918,-0.3715597250460473,0.8185166766793551,0.7311241163569382,-0.2587695199680797,-1.1638524164078137,1.5552168636248922,-1.4432949854714106,0.8078666626760652,0.5681979268416602,-1.0049426136727702,1.0809873299480148,1.2138176992595795,0.4409651912889454,-1.495514449366552,-1.133625323220473,0.9856193266864386,0.07044222399331,0.8657755713300949,0.09823735344449042,2.438648419976301
-1.3393158114204082,0.08110036053986365,0.5344073163653328,0.6124094063819515,0.10178325372072393,0.35944063459926967,0.013144996295435385,-0.40593460721349134,-1.0368940539579854,0.40360014708366765,0.18318516823099942,0.9714313318658858,1.8479436974197314,-1.2690893846104994,-1.5477366291536823,-0.23233929315711244,-0.11763813958418032,0.26709124682510443,-0.3693553777386834,0.1673291128318337,-1.052687321309075,-0.7433816116593382,-1.1527602027029888,-1.2485433118182174,0.8741065788104372,-0.16731620972531885,0.7046851044484771,-1.1823122303681608,0.35671172793303285,0.356220176298687,-1.4119971215650018,0.8766785602999232,-0.9912133994498868,0.06589659444085805,-0.013319867608213961,0.014800925489506116,0.2500696022523406,0.010399435772150457,-1.2680638882798245,1.5487227121380807,-0.6912338250928091,1.3926336598200713,-0.6284199502235144,-2.0494125121033795,1.197503527126632,0.38593543363798616,-0.591426969642742,0.9339777906319627,-0.9444489093274991,0.8307245443888596
1.6234900599267343,1.282620383328567,0.7303896099690118,0.04853232888559,-0.989470143872026,-1.3271761309753192,-1.8298323681691817,-1.6678402708771078,-0.3018353920961306,-1.112521584873492,0.603697261233295,1.5700547909451303,-0.5998509590570041,0.7810067958471851,0.7152335730191945,-0.6814828508828136,-1.5262815491935626,-1.6480701226777115,-0.24837853365198867,-0.023343396892030608,0.26092746132153694,0.4508084708965852,-0.904270378707089,0.07034127976167578,0.2655862072727499,0.907627118380125,0.4525872598837654,-1.7912547124093132,0.18734911281217803,0.22508014648916455,0.2116300753668263,-0.2423073075763336,1.432651977129429,-1.078701789588406,1.0375392548753544,-0.5869583435771156,2.3049331617353626,-1.1265596025253124,0.27697952185997265,1.3299891528922243,0.25431977664485445,0.6240875292313022,-1.3135188456042814,-0.11955516950674952,1.1425514002764119,-0.19872360034675524,-0.14834207156842916,-0.5363444164532507,0.3306971137624805,-1.1053877192464021
0.6971156541848896,0.4803937030502048,0.14645276786675185,1.0752476202968393,0.1935220712381379,0.6683964506226004,-0.4384172095090191,0.41498871493279843,-0.04386781386088245,-0.16767126282926215,-0.13041692866025062,-0.6167612409011676,1.2586718263221603,0.17099939897178248,0.928362372714562,0.1489024820335795,0.9663744521516148,-1.0915463546203523,0.46567326860345815,-0.5840569878874897,-0.350337210529526,-0.006716437391267341,-0.45457956085819884,1.4412462516524462,1.5004290556023576,-0.5481175031124716,0.5781345714213919,-1.1547167683975448,-0.7206820356104021,0.08062838471289911,0.7435713403587216,2.078653418706249,0.3590541772328944,-0.006394372861502338,-1.9583362016999202,0.36703424196532863,-1.8965792196022089,-0.1393229848489653,-0.26440190208866576,-0.11491016128607517,0.34325034979419133,0.23421391333418898,0.6357539117275222,-0.40227930604365714,-0.08930527924028603,-0.04268566635913677,-1.2066386962595521,-0.7236060328007954,0.004749529061566994,1.9401289749039712
-1.583607395874935,-0.2118375801155093,-0.23001551265025938,-1.4704334171981364,1.3039922810504094,0.5935512003636018,1.2082678361319446,-0.822348773397028,-0.5012359567807443,1.0120128976760292,1.2236016190792993,1.3241130034110884,0.3932638233611405,-0.7852212340649276,1.1508999081302596,0.9160357786648261,-0.40638864777249334,-0.01859349549457932,-0.3210932692279711,0.25001375776308427,-1.5533885301024277,1.31440824330374,1.242809468380611,0.15443351871523534,1.6428024237664087,-0.6434657576972049,-0.8267751581386551,1.6255923120263014,-0.6687227571571719,-1.148248266338636,-0.07368150245922839,-0.36164546542295284,0.3553443638267517,-0.2865721164324848,0.19054101429855574,0.13311330173383296,0.8203269892395416,0.7539493236438454,0.18016198007279102,1.5397771530525606,0.09374693055360667,0.5273920047965476,0.6025054787978367,0.6555915806026578,0.35127527994829244,0.5067981102780051,1.2424382908760778,1.0316110727333179,0.8449412232100282,-0.5941159162359679
-0.8527016280449841,0.4749851592890791,-0.033627968913857005,-1.7363204717152407,1.0921028796928702,-0.4463111388413708,0.06208379407021693,-0.0926897252010048,-0.1485165195440898,-1.3391084733787402,1.3091009742619513,1.9742079345104377,0.2855390563093255,-0.17422245080278936,-0.30233949404095756,1.6099375183693079,-0.597705713277198,-1.0802299143110994,-0.12288423752261894,0.34979458026524674,0.4235010726150474,2.0970589281985474,1.694960636536539,0.29161828093984876,0.8621824939183047,-0.272469628503714,-1.44449844361983,0.40583087218890257,-0.14939077999722267,0.02637989445805334,-0.29232986312418385,-1.411173139347265,-0.7794120137687355,-0.3122247582907731,0.41627258681791207,0.816356107598923,0.06562143314913883,-0.2279513704547079,-0.45015790503901515,1.0060914556942822,1.525222593444307,-0.6157640871533286,0.6861419802891053,1.2400711846090053,0.68089096927471,0.3066657559790617,1.867635759611799,-1.0862529375207048,1.1453798158120203,-0.748305702992397
-0.11547078816911609,-0.29924222328081773,1.780977516735438,1.9468506685006768,-0.9752443844193703,0.06638778397257779,0.9846721928967768,-1.054088251027718,-1.1046633716530283,0.18393609842725073,-1.0014579506193433,-0.6441956297303547,0.09374233389184516,-0.8070423678225553,-1.1149598345233906,-0.7265435584893242,0.13203912573338578,0.4928879145523022,0.7213189609929765,-1.0614685953718626,-0.3084579535531517,-0.5520171733332785,-0.6235501266299621,-0.3366005349486995,-0.7329951708023034,-0.7564380055013915,0.8851915266288302,0.7755147917605346,0.739807708822165,0.028391712217424696,-0.1346719146953023,1.0321490763147574,-1.7257866939948288,0.1879821858997528,-1.4056522995918366,0.11944835077258076,-0.6753986336882842,-0.905780144560399,-0.5559143249868476,-0.14505397500643558,0.4203175572756702,0.5522497468765062,-1.5700489062788758,-0.7708311656357072,-0.09453886496536258,0.8619473091168756,-0.9557427774760799,0.22774086791611342,0.6174565422263409,1.290032907937001
0.5240879867301825,-2.5482229136826757,-0.646051578025096,1.736228257040215,-1.3078011135781107,2.5949398862376154,1.3498414460930535,0.10493637063339313,-1.2545113442618958,-0.3970607859888093,-0.9379372318398519,-0.1797866980642778,0.766367183456061,-0.40924590245627535,-3.0541862419693713,-1.1436861834810792,0.8063977767431384,0.5030448407623298,-2.328337727044128,-2.011475046645865,0.18308503827403863,-1.3001403049076368,-1.2927764593577347,-1.0559853707108104,0.5534275579494855,-2.9260413974642097,2.0996200942474244,-0.2647497237370515,2.2566693285642643,0.13674667324641906,2.2495669555556126,1.21507662459347,-2.3505743654756412,0.2599531717315516,-2.450570599212914,0.8445154741748861,0.09862555406795076,-0.9045755249994083,-0.4867949941627555,-0.5790377610621901,1.4894313658235119,-2.0248942231511124,0.39448092530089635,-0.6981087424200904,-0.016492295199755667,2.0598160435403394,-2.0017962982027853,-0.41777840888346374,-0.9950410041988533,2.3884980058476897
-0.2645864884315471,-2.477896911763372,-2.3715253872477997,-0.3869825634082041,-0.056623265969883096,1.2107837378883706,-1.4036062699063176,-2.8850644032169956,-2.246790707010657,-1.0463954641876456,-0.3778191083180527,0.43458112311212826,-0.9627136540223852,-0.476821589428324,0.10772850437036871,0.14378101687202968,1.3859733593891386,-1.9082152592615351,-2.23418925486105,-0.9878855904423298,0.2264548640441073,-1.7794859802116525,-2.4339821027334616,-1.9436819343805598,1.0273544967027206,-0.992282221224852,2.1440016512240634,-1.9495998312579867,2.7839012798632465,1.1062467311146704,-0.41430320819280025,0.7452429881385528,0.4115456333833525,-2.125957937319602,-0.5914753360688269,1.2684245799329188,1.8026696643359055,-0.616668219397735,-1.2436013019537677,-0.6485892411200244,1.4296857715741165,0.11144856407300763,-2.8714623397448014,0.14293887034069427,-1.0159836261104662,1.1737064009086184,0.9914406479259477,-0.6881883798917822,2.012153848896369,2.6617966891800364
-1.038694025146355,-1.2979065357315187,0.20264171109060403,-0.18776575169822549,0.4734487929232991,0.8071657956204239,1.4941669607311985,-0.05588531355038979,0.28106001678552445,0.6303750277059917,-0.19007022367184506,0.044634661371924546,-1.169961395601616,-0.5889209714805614,-0.6247282167103868,0.9214522562861913,0.2631989112183837,1.1548191536018282,0.5870887246011739,-0.7514374436621406,0.7338449119046281,-1.172761484884345,0.8763480034739228,-0.9105000879080329,-0.17741898662855216,-1.1904779076032477,0.5379380140525966,1.4134395567503681,-0.15273594003192428,-0.1228452782769611,1.1669094165941027,0.26213288820231034,-1.4735858324619506,-1.001446223399126,-0.49889326127085165,0.7868684042666803,-0.30153526058157637,0.15666495480242904,-1.4948244622344369,0.5418098092350008,0.5369659152518487,0.10390047240419654,-0.3291782129745856,1.9206720384471712,-0.49747436951441637,0.5651893305763122,0.14684030613681026,0.007426081868213157,0.3587016120912302,-0.6149091314927801
2.137142953867784,0.9836148674104855,0.17822566000397064,1.3922033404838086,-1.1563206991871975,-1.156888965142983,0.05119993787981886,0.35252126936751793,1.146001120853574,-1.5087085446252053,0.2822985854145681,1.3765875452348049,-1.0104631940249076,-1.6723330462202217,0.10972924757300095,-1.5992022528972345,-0.5621124899206124,-0.7302899901313038,-0.5536119571701404,-1.003894187583183,-0.9813814039679053,0.7653406351302927,-0.5589739639954917,-0.3100410419144055,0.4475504306108046,0.9592504500483031,0.17797615467250777,0.2595946817182749,-0.004802996523256475,0.0980001306188591,1.2614167433046317,1.9279847470069476,0.2571094092594009,0.49344327583709935,0.2723989462956982,-0.3330286401589083,-0.5774072928894364,-1.9864311499185323,-0.5564980716754475,1.2974570651587392,2.1587990333199794,-0.30359855599926827,-0.5076438870834957,-1.7111532939489964,1.5668520863172932,-0.6738632322026376,-0.8666946841321326,-0.7764888003726694,0.33322310213840084,0.190276330925463
1.2568935791897486,0.6986334326103811,-0.263150632235448,1.1383502921036779,-1.3512602965794929,0.1685942407744643,-0.3620104295241506,-0.2936890751900959,-0.7824322069398051,-2.437419252744455,1.1144235001905138,0.7021484014988794,-0.02440288761535131,-0.5252428885519558,0.8708059478609385,-0.9706728172600706,-1.0448184600841541,-1.5155960834515383,0.5752237658170306,0.5497162272503271,-1.6784809105770997,1.0839581876348667,-0.1679035995667944,0.45527711173806906,-0.3953956069705645,-0.3883463841159887,1.1558796976626162,-1.3933660412495328,-0.20913978102678848,2.1268764684797272,-1.9215735596167876,-0.7907851428384947,1.3040628354461234,-0.42784604285226824,-0.17304437368809078,-1.21339383062137,0.6275522345968627,-1.0038084735378339,-0.913697098907693,1.8634587435609264,-0.7001892967543428,1.3880331510006834,-0.5657872736490968,-0.5562790652309062,2.215615375888684,0.33517952655758443,-1.4835680568648184,-1.7972423042833052,-0.8190978529697412,-1.8267583988571943
0.020338711332651024,-0.15931622081741548,-1.8598653453460756,-0.14161664687496223,-0.04636070015412681,0.04420367944702014,-2.1809370242857895,0.46209444966638463,0.05986314387932799,1.8655709538509668,1.364120573032325,1.0463500064945799,0.09411967992588645,1.086662099580635,-1.0979599530245356,1.369113117709442,-1.298007552977312,-1.3509888786257562,1.327743876167669,0.9462066997775345,-0.491619837249312,1.6853040808171693,-0.5879488521330978,1.0668070450757352,-0.6864859480371931,0.333896995464004,-0.8435525159351674,-1.3032822165224474,-0.5392799873784127,-1.7129741218739918,0.4338580490908857,-1.0277185907230961,0.6195462188386593,1.089840919848539,0.037053660853189896,0.09041442287894906,0.13565771465130694,0.811712606134485,1.2911770808923295,-0.12447695931631889,0.06749693476625973,-0.4655894445872818,-0.8934925920479873,0.637493908975974,0.05410788815510625,-0.7233047101317831,0.6249330398155271,0.5752582874089699,-0.29970890456791455,-0.01490447858355781
-1.0343126293271934,2.748910241493935,-0.504256908635279,-0.8367452597852382,0.2181684357691269,-1.177750136353276,-1.0744618370369463,1.7477528319788338,2.3637914002654736,1.8219747633995333,0.3470399059329071,2.0459100431940844,0.5388776995501141,1.0336365050584404,0.5517251181777592,2.3518994447130126,-0.959643314633226,1.1258707754501383,1.5477285409624728,1.1916293300942062,-1.5639576989280175,-0.264785219321373,0.4602583110004624,-1.5238548429371173,-0.5576164833698286,2.3998757883717206,-1.6951901510300194,0.3079787186427065,-0.8688518665858591,-2.0177820634081245,0.3326128958080903,-0.4106062678768977,1.9294220635655523,1.718788448489158,2.65654088912479,1.2390987659252097,0.1288181126793924,2.1482967629314973,0.859798101763491,2.452272925714262,0.2478123172664294,0.1865302338634902,0.7738402409275377,-1.0431441030395268,-0.282350928487033,-2.055422578615342,0.8285387854147198,1.8050341590595946,-0.5017515298013991,-2.2681329550133342
0.06023784820937796,0.332811870543232,-2.0270836513192787,-0.6997297746573249,0.1361228068626509,-0.14536516709941785,-0.0653935262281148,0.04490692995190738,-0.9112043454815097,-0.2667710221452559,2.1635431962286393,2.3518999484137795,-1.355230322044627,0.36061641580279735,0.534343797471652,-0.03790613930645296,-0.49608810360780164,-0.5618489066802534,-0.903435753301858,-0.4667754080791161,-0.6709194721609703,0.34766508537436946,0.2927546336752127,-1.6005780827755727,0.7403095995879854,0.2416597265901033,0.0808426970486848,-1.1074087976056115,-0.26003941360333827,1.0872199682784822,0.5424471149768435,-1.4253297724889469,0.7836074143431737,-1.08620151792433,-0.18049907542292618,0.2925484962657978,-0.6656640869139958,-0.4368197818443708,-0.19947390665350134,0.45525279994386436,0.7142370967118882,-0.27604193013392997,-0.3471517574764525,1.1263081089468745,0.9739599668371421,0.07312521690214811,0.2617959482823127,-0.2694956161937783,1.1370620253664867,-0.5948861054488781
1.2758297613583995,0.9146125720750375,0.48918261554474535,0.695197743082574,0.23300712633138648,-1.2506175831120576,1.2319080344629905,1.0253637626147185,1.040707652402379,0.07949482959522282,-1.6123198449812781,-0.4700314729276964,0.5370404892039488,-0.4039949830860605,1.255116575727079,-0.3882500283129057,0.019220524722150297,1.1648174719398672,1.6728717539791609,-0.9248629235432391,0.8699716196560885,-2.128220739321109,0.41781565711859675,-0.7851596678836734,-0.35365058236101526,0.2521569850642504,-1.5390015574445561,1.387667799121135,-1.8675133231178924,1.5965268153642462,-1.1258439293454576,0.7719141459374665,-0.014467661443495419,0.7175063281884593,-0.2925323181148388,-0.8415942814096444,-0.44479023515670896,-0.615302469194479,-1.3380251284446165,-0.6487969565170972,0.2694029757952713,1.8517151961081721,0.2598491807345136,0.19888879437063878,-0.867856582813244,-0.014852490781234502,0.09874261426632214,0.6090723414751825,0.713913724628609,0.40826910887835943
1.495439651611418,0.18176868749530484,0.13532268075746154,-0.6566937613424707,0.9784300838304509,0.052260246545607535,2.24110313355237,1.3226700817797217,1.2219836072254526,-1.0216053272913364,-0.43824128020857456,0.2491268270636991,-2.127400015262556,-2.837832379088453,0.8168839842793791,0.10503524368840127,-0.028281026422969542,0.7454839908875889,-1.5670630064211666,-0.1812013744802704,0.02967219178660509,-0.7834244101425927,0.6223209571888367,2.0458444841160777,0.013154600945890473,-0.18230081638282114,-1.0107013142067105,1.0298907761866172,0.41168441952131285,0.08209565644705653,-0.9142518114660001,-0.9495883376022088,-0.5937297744676969,-0.4749124051978,0.2180908173768385,0.5265296458936924,0.9127544253598765,-0.7135719677295397,-0.14883336099254127,-0.22327596295269111,1.4418477607172937,1.2855986237799262,0.4377467579204136,-0.46661864915759677,1.6296081197777295,-0.03746184126814987,1.8084906634333782,-0.8541454292896865,2.074918679732045,-0.29439640943243284
-1.2665730479459953,-1.2854436333266734,-0.8248641521784068,-1.1203159105593037,0.5864651004257634,1.6491559973278098,0.5963379569151972,-1.1219554625216581,-1.71690613677423,1.1389361060379009,-0.3074560881395943,-0.2624519818801807,-1.1082592022541242,0.7484329823187739,-1.7084596991630063,0.759101594677481,-0.34817889501701554,1.4989707502382936,0.3296869596758487,0.7953178930324025,-1.3666615726416134,-0.9281722340238714,-0.5260473580259273,-0.3168566044111599,-0.9777451736856345,-1.6086553504387477,-0.03613329688293632,-0.3781718181247339,0.9933594450834436,-0.6627441103074813,-0.04467415006857136,-0.40868797629623704,-1.70297225000069,0.8503615388398024,-0.7688722361884935,0.2543022276501552,1.0883591808605313,1.0821724413330263,0.5809176707930184,1.7980522140601065,-0.19521477477488422,-0.5783984547383062,-0.9338282572007738,0.3926609447031411,-0.8651300686181987,2.4243784740371517,0.35723010098403546,0.37032972625446153,0.3397456565987217,1.1667033329930505
-0.11567916282099848,-0.9911039075559617,0.3142947507132468,0.03299616390508453,0.19742812812676827,0.7337310987578979,1.0956795608048084,0.49853512532397876,-0.7348301992899502,0.04402743647531567,-0.6111236101773927,-0.3510809599844204,-1.2270355766586298,0.5674490636672715,-0.8658928047540527,0.6523828107019627,0.13797330581147071,0.7704801180061631,0.2196421864909694,-0.9339215711683713,-1.0247168910989226,-1.2455119433966553,0.6241311644420646,-0.7073888474473252,-0.5586394198933157,-1.0338418350180165,0.07040486203808774,1.1405553588093211,0.20777383646231878,0.3987370587155843,0.9523053123203288,0.7139897505734507,-0.9868725948993158,-0.745045062931441,-1.3052680341730993,0.9489390907828026,-0.912505784479657,0.23450765366586815,-0.5929555862524235,0.7772074015943243,0.7910384253868123,-1.1727833224420956,0.4608734203520917,1.1835555041258359,-0.2337728978508455,1.3264355319213217,0.062231628801866556,1.5593718722096823,0.27524314546718415,0.911002006739827
-0.45426044065778315,0.10686837257567593,-1.443977687968374,-0.9525106486827402,0.24598377546720823,0.3948915749251654,-1.9298387981495646,-1.1279208360177615,-0.04933012014044207,-0.28399655849603317,1.5546018267915154,1.7202107273616474,0.5348456673514613,1.089172480713587,0.09836158608901466,0.8599076954747746,-1.0557612723017804,-0.7840363187840191,-0.5515623342821023,1.1530434897154194,0.6024661801230722,0.9447115204648433,-0.19744470675152145,-1.6802414938156311,-0.4608967392011916,1.081894597639638,0.8103597853557498,-1.7638774939298378,1.009250516845077,-1.366065211875202,0.1111847009902245,-1.0408127202848099,1.9273158545021314,0.2037846091248755,0.06162576488699854,1.1275458985489837,-0.2640469899646085,0.9514589630197926,0.700457669399666,-0.3676944046999474,0.0996347560880245,-0.28107950716985264,-0.27455601549289466,0.9173915778444749,0.752572170393168,-0.9525967232228136,-1.1518239736846743,-2.127262168699881,-0.20148788753240365,-1.0611349788073685
0.7918290804585327,-1.3994664209475505,-0.3166635115259773,-0.1887184380113339,-0.09357762121065472,1.5908779935505164,1.9622202339666632,-0.12271767877567999,-1.0461577890877862,-1.0148425609082738,-0.4631959334266003,-0.3304015693714718,-1.1936965557227308,-1.0164221904755757,-0.8207949611215153,-0.21533487935089443,-1.0823256928955256,1.0528293322522504,-0.14961448292726928,-0.36906109913261154,-1.9390954146878536,0.18562427507907167,1.1816409574057645,1.254375860374992,-0.7957206584032759,-2.218000752533717,-0.5373634135609866,1.5229217014814191,0.3035586141491538,0.9325042413107331,-1.644903484386516,-0.45315328384908277,-1.1261840624738289,-0.5162534633747295,-1.3394373220241278,-0.6215225889009962,-0.30830973480560203,-0.8818171915469286,-1.0066527052046472,0.6497889264489097,0.15213438805376714,0.76943449941376,0.2750281358118523,0.3434418029486171,0.6339008454790717,1.560471078497612,1.5975419427731699,-0.349485419672383,1.4878802589767361,0.15573000692817698
-1.0861603001629065,-1.584127441460504,1.1348444505145958,0.47153729362108576,1.0589315751606996,1.7792485035868633,1.4413534493920654,-0.8217728195404934,-1.2829643032690508,1.7283803473098485,0.4868911990068487,-0.49116626213419257,0.32112484423168736,-1.9497037909509483,-0.3747283480014193,-0.43307768395768564,0.9686328509533776,2.1954139187201145,-0.45264718075371535,0.5734902753302377,-0.5845408887134765,0.12243264197641551,-0.5141613416876265,-0.21513089588732207,0.5272296888511241,-2.4963797010841366,-0.04511330053722858,0.5602883123917357,0.5261083984467365,-0.9350414704500829,-1.7465098521811884,1.3319218631013647,-0.8920751602864117,0.9066126294610223,-1.2213354534490233,0.5410681659812442,-0.646565351088052,1.1365078054936137,-0.8097496401915626,0.7683864595379295,-0.9764234713078549,1.373242420589832,-0.03518512122010237,1.6469019867447874,0.44314037865006417,2.011660726322256,0.0516156485515457,1.2996886950057973,-0.3571444608743024,2.9278545608137385
0.7353299718560545,-1.4274369111916574,-0.7347105228464851,0.13917368940794705,-1.0316090108514966,1.724342039828611,0.8386500634384073,-0.3701245556472044,-0.14524638799300377,-0.28387380685098296,-1.6867982127086094,-1.9192585321814752,1.0163976394594403,-0.5372997040560994,1.1986376273224142,-1.1575709603211426,-0.8051544603328115,0.12765348107943766,0.4482912249704447,-1.4889782765313724,1.6581300623566855,-1.6620487951837708,-0.18730612199399693,-1.2600714694856643,1.0302794794814798,-1.8518522151753263,0.637488638755212,0.5170567213830589,-0.8194230481743423,0.03321838728692867,-0.32996473038690105,0.403409728736383,1.6810201485902365,-0.10882412118462802,-1.569860424522509,-2.4106226888842652,1.5235910029691462,-1.1232327155956956,-1.6084547293511977,-0.8763323175074413,-1.8087350142530825,0.7881112128852804,0.3400831920950001,0.7133578294268501,-0.2542873925947061,1.7074109253844145,-2.419476424817278,-0.1631304613186271,-1.299561663951928,0.8400072752964984
2.4494152931185735,1.119269258982587,-0.05035377237257791,-0.4836381152067378,-0.26721138303727854,-1.196958574726708,0.3607685719421187,2.470526547618304,2.401156962440617,-1.2369102639569365,-0.6162118190880633,0.6946194589238244,-0.31049796238609817,0.28744667009733665,-1.3616765301374363,-0.17791646042975798,-1.049649787956696,0.8845566312659786,-0.1127138946547545,-0.10925160641442345,-0.9152182475421402,-0.48254198067239823,0.36416527218793165,0.42502601330335,-0.972049071384034,1.6360371376557767,-0.3834703868698982,0.3307963236757245,-0.9649115231687893,0.6557795729837249,1.4971687326774585,0.8899260279592831,-0.7200118695085467,2.257515261560395,0.4175904055842968,-0.6129629078616985,0.40912560057122427,-0.362036282253115,0.05010063454824626,1.2938687289637938,0.6502657684159536,-0.7855668950969265,1.5136454577064689,-0.32106903530362707,0.2958219097770479,-1.2255652587143853,-0.9070816784530134,-1.7412493857429532,-0.44899689743835214,-0.4407554293299155
-0.559378428997656,-0.2722366481730737,-0.275419282068545,0.5992323572798179,-1.1826856175688107,1.2944527965472683,1.1343518696796904,-1.0484248558528264,-0.8733299767686179,0.22686718780886272,0.011905135134013327,-0.8260568768568484,1.5073932836128363,-0.5167144332225891,-0.03251017856262382,-0.6073164048153413,-1.3126473137224774,0.969715792855018,0.9551053878680352,0.3590736424461367,-0.4952313883628187,-0.0015606530656128396,0.4766718215917633,0.7971471065721933,-0.9789466901625014,-1.4742346539001627,1.114171120966245,0.8658507478675397,0.6266721997300299,-0.23608527622288789,-0.30920059154921764,-0.1517599122150249,0.32331082409688766,-0.35275735508433415,0.006273756359550776,-0.9069639292026703,1.224001977590728,0.29539113414718426,-0.7674836907623633,0.5822037992232101,-0.825563739682232,1.2714414786046266,-0.3414350917213342,-0.6161013103147958,0.7542841278828878,0.12910113303481854,-0.8100297467282547,0.4361120749299971,-1.922219920884405,0.3123498285601017
-1.1447071909903441,0.8631917779937716,1.4597436151890686,-0.6829419581137306,0.9673675013665667,-2.0763085907721273,-1.7055147968350142,-0.2857347592578233,1.705521197581169,0.8364806753014482,0.39109252543439255,-0.8060615200434682,0.8389542377895491,0.6048249998155766,1.921613696572755,1.232062270772582,0.019988820764957886,-1.673393476029599,-0.21393310785437966,1.0981815412513245,-0.9207977770776193,-0.05105642949392009,0.6481579077984089,-0.9642790508776,1.8493724737482742,2.2337013070861715,-0.2483946977470014,0.2087592810538556,-0.14299228583092935,-0.13892071417340338,-0.24284733239371187,-1.3429731967383418,1.0792917853132507,0.137798248920639,1.8532257414856514,1.1764923018646927,0.31926255324751057,1.8749479173706933,0.46678389085845556,0.7876034590917509,-1.5833323824460217,-0.3032573136166636,-0.7241332848257496,1.1167996112901928,0.16300228883409648,-2.318367153450926,0.1844227826758896,-0.04451500226370535,-0.3496464582504942,-2.704203299339315
0.8531333725813145,0.21233646874547185,1.6289683158759645,0.5445178954421604,-0.43224502402868703,-0.9086565478674231,-1.6918946596564288,-1.3900404223806064,-0.897119485445514,-1.555902545318612,1.6663135923126644,1.1096013466708856,1.4996455136587024,1.5234576844525585,-0.9648294678691349,0.4897803654084338,-0.3595057049435168,-1.2162842270415444,-0.06695382874640993,1.4058370401527458,-0.48366856470194824,1.8854787351991837,-0.3548725635261607,2.7080949864578368,-0.05748086231227608,-0.3823253306266929,1.0380264484533064,-2.4602939401957657,1.7407506154508208,1.9040532548632443,-1.4566127516431011,0.945620079096873,-0.19272249412152326,0.5868322250164535,-1.0614392804938442,1.0379992186959444,-0.4991244526732898,0.9275398827005454,-2.382774889006074,1.0531261525778384,-1.6539905478599342,0.8914416042204395,-1.4837065225451194,0.5825752555058344,1.2918314369718034,0.0637988452263818,-0.9671586774372717,-2.4860841085634218,-0.9067004131503313,0.28181596024939487
0.24696103406764913,-0.8287807612903156,-1.4556215424778034,-0.19251819986616664,-0.8078600861825423,0.3281159868700915,0.39884900447483124,-0.22720793690651506,-0.26454928657395516,0.20167032048172187,-0.20154606934548133,0.3590539006260848,-0.9154672755518705,0.6518372314469383,-1.6472937119420794,-0.0689766126923725,-0.51784393133052,0.8398092944519101,-0.7731044532905468,-1.6372412157530485,0.10097864865721064,-0.3169314243097889,-0.5996918073854951,-1.5345613247659398,-0.4210211827278037,-0.5401415055982727,0.932551467216319,0.378682550568144,1.8011403746045844,0.3513902664031007,1.7848595065212634,0.0576321213520756,-0.7998464156015812,0.03185458173661415,-0.4685341514188288,0.7131251540473,0.021798693971126725,-0.5776263365129778,-0.14629942057601011,0.9325199547227592,1.0668095905377348,-0.9190715294515629,-1.0040363705654989,-1.9787599787263255,-0.20536837815032657,0.7675530173308184,-0.19059375956687732,0.3090000388860852,0.21881736593984596,1.195153913356401
0.49359299532716916,-1.3146367445637963,0.6612846246776283,0.6799172089741441,-0.47971796371292774,1.1025268531731978,-0.1917817076934119,0.07587876571761645,-1.457369018767441,0.1555782012301533,-0.0007487245954790529,-0.7102530587829146,2.242018768296444,-0.5644662594849256,-1.3750918700883619,-0.7106739195265069,0.8089517022928406,-0.5763798615245577,0.0039488271595881025,0.6611319746901336,0.7162040733271456,-0.43316626440455847,-0.8886638790055706,-1.589568668058795,0.1534499550882021,-2.2425701373875517,-0.13268903579954172,-1.829771720067243,0.13932578001510726,0.5484424402224664,-0.5113643571199681,0.30638861187580985,-0.560032321890221,1.4544357733589088,-1.9076305898545367,-0.28872342411286556,-1.2892233582145263,0.48669848499341,0.06537132513378084,-0.8613505287836558,-0.32195234703860093,0.5793645026005725,-0.13383978201346836,-0.22426238805241183,-1.0490487249533886,1.6716805087022053,-1.2592988296842833,-0.34777984688756913,-0.6340466600539842,1.1852705888891053
-1.2588295434935723,-0.5428387121169514,1.2578934528190198,-0.9539771935066199,1.1593253676897588,0.9427714289336616,1.100879962951997,-0.33871197262324176,-0.722770408024698,1.6455275007899144,-1.629526223521457,-1.2946373782631482,0.7040270262887937,-0.851156029367785,0.25851953357236296,1.462483913027099,0.8303872369499137,1.3931751234671164,0.11839413556103713,0.6173489865502402,-0.07009958020494844,-2.0513853340816435,0.2790331854210026,-0.5087496991057732,0.8001442758954084,-0.9021949860178813,-0.6489197828048205,0.48931487963952697,-0.45053694217555795,-1.208272249845263,-0.47636044038145303,-0.18761632799200087,-0.889777128786667,0.7121602695123332,-0.209556677733416,0.8769034792066356,1.7569096027545215,1.0993251961244008,1.3632317771850906,-0.8272738847481927,0.16977391252469073,1.192286717593018,-0.898241107819535,0.2565421482720457,-0.9480195490993669,0.3356939006773029,0.41977602025301425,-0.512293437297703,0.4333604763582489,0.7661333569918919
-0.5680978742895809,0.21865048189420133,0.1953098704433635,-0.6066895706833416,0.6312976767091956,0.4257538999090503,-1.535483745788493,-0.36391322073464477,-0.002626759607262444,1.8520881535324125,1.4415200081798436,0.8158013129739532,0.17938387628239608,2.0856153639045845,-0.3546649228558175,0.6890459108984371,0.24906492958597964,-0.6580516241530969,-0.263487500916387,0.5249902721630955,-0.2923477644307981,1.685785655991634,-0.43519972156198583,0.17511636860122046,0.8783180077663291,0.2036255916553322,-0.6372063232269597,-1.5963315240659972,-0.13295818027281622,-0.2593289183969277,1.5378446539461592,-1.3699039829357897,-0.04826598157063647,0.9649798463190483,0.26199531362275563,1.3821059687093542,-0.10461853380097945,1.3296361104940542,-0.5413663479599651,0.21708369592373503,-0.2835430156252594,-1.0091187854133392,-1.1654452373121145,0.5469769039397022,-0.1057518185365075,0.09247619688759684,0.48697064586641253,0.042143589747829675,-0.0742445625567883,-0.4630314615508427
1.123817875944126,-0.1512663962160533,0.1650165416156575,1.9570812361195908,-1.9300204723428251,1.9887642524612064,-0.80197286116847,-0.32011326451952615,-1.0928897991970734,0.8729074805118008,0.6386773095123148,0.4852502343201145,0.7084458095905932,0.3251256882545139,-0.8668211374726545,-1.5532604704914037,-0.5946578509852799,-0.12655956625782874,-1.0242165375117682,0.037678844902644226,0.5921806188952303,0.37128399089491854,-2.714251566625861,-0.7663906443887409,0.609910943653799,-0.6205614848478219,1.4894944419818117,-2.287342494603407,1.5895272840872954,-1.1290738826947482,-0.6064332156353228,0.9223352637933675,-0.5275489138305286,-0.7855008315695103,-0.8369764549955865,-0.5689791083357476,0.15532472509744835,-1.668722599891695,1.5981095375973828,-0.4338558879713563,-0.12750187509657204,0.39967264970988425,-0.9599368390266697,1.3536193438503008,1.388576444687764,0.6716518966942119,-1.1022877314261446,-1.2396928951656494,0.515097126320642,0.6021464756354089
-0.006943804188643827,-0.6253456595015836,-0.4680855693582768,-0.07017775325027766,0.20169761951983464,-1.2422909536719238,-0.22045309811148162,-1.2576427698108985,-0.9274516983820387,-0.9223625346249632,-1.3741150856441966,-0.823913410515603,-1.331253724706369,0.3807100017368733,-0.2811448723768359,-0.14829762797389948,1.0121669803944442,-0.8004121034328845,-1.2265597370142007,-0.6652163179319593,1.5612754142904244,-2.267474472660784,-1.053278304341425,-0.31235924298468487,0.8624944797279023,-0.6393897428355294,-0.6685683753063398,-0.506958171852695,0.32286700778661653,2.478585116027303,-1.1060480939410275,0.32623217404853605,0.3732981305860936,0.8922104833815628,-1.2153516485935865,0.6766882532242449,0.13829816385348476,0.00796078586529338,-1.651178522650083,-0.1893268682253804,0.025690340291105628,0.21744489827796834,0.32800902703025187,-0.5796394263657758,-0.13008644826276214,0.8329169699798552,0.05669384772419897,0.25477618354400733,0.7344561736658424,0.9252813097839451
1.2065678738745687,-1.2177446689269853,-1.9561470108192511,1.742972958038949,-2.514784847302625,0.1784033937559408,-1.3061212875825243,-0.8614412271536429,-0.5514513141877128,-0.25446526390489854,0.45973658609608453,-0.7534573402467292,0.2713994054499236,2.1075244766682077,-0.35187305319791556,-2.043501935342461,-2.913011519769585,-0.2645769653256346,2.7013535278264262,-0.07097642246325354,-1.0851430971777065,0.5184283135872596,-1.9645640744895754,0.5661777775639799,-2.3013644930006065,-0.3948994213279468,1.151490682986161,-1.8346303078752713,-1.0352092072113497,0.4595409190133909,0.6872228407571359,0.9402200837552339,2.1207765380336605,-0.23895196893489073,-0.9565202927907172,-2.7867678809181227,0.9435215628030488,-1.298488078273224,-0.7047781634303069,1.083735719064595,-1.0121723875436297,-0.38646549261757074,-1.2988320445033572,-0.46137457724475417,1.0789869080314367,0.23293107237043428,-2.3760154190318636,-1.6171589397639867,-1.8618916348908425,0.22133447804616121
-0.30438411574511304,-0.9447288943463584,-1.1553728721520564,-0.909460816985362,0.7408404583026177,0.04685531048662412,-0.7191190036839318,-0.49552513164601186,-0.2698721969657916,-0.5924079628728881,1.2358760357314122,1.4743093595037449,0.24420233407061595,0.769113327830565,-0.1217176672517585,1.8471158683395612,0.032431417551246136,-0.4307668882065897,0.3023660627157684,0.13987214530948583,-0.20025397784463247,0.048753222298046836,-0.2985145828474418,-1.347669445836863,-0.9516438147951921,-0.4903854967858923,0.1790956933792827,-0.3024240113992526,0.0329227656127936,1.6415397531618032,-0.11838283284084378,-1.068958915854008,0.4085478679945253,-0.28699625217418195,-0.5043436479512254,1.2696502697519334,-1.3909314254958924,0.6991401745513273,-1.651517638918702,1.032826580935247,0.32453568569602365,-1.2549025412690409,-0.40104585281648647,0.2787199349778588,0.0642267771403194,0.1432297903829843,0.3685406346604129,-1.0758625851513217,0.09408686141569132,0.05156389214701357
-1.2682039509791398,1.3320314125026702,-0.5717443369519908,0.06972236820089713,0.16823398653605617,-0.5734947585996114,-0.42514774667779215,-0.6795101437310976,-0.04202423160730034,0.4581948244462978,0.3101361033332167,0.051170071880811005,0.036106899416483366,-0.8589542821773776,1.1217928054187674,0.42101624304008,-0.47365021570668053,0.5272941432805563,1.0029854331160208,1.8813670357669259,-0.9577902754926594,-0.13304326164656374,0.2719489932701827,0.9177169078327636,-0.9104859275896853,0.5154140716372497,0.3585621662772368,-0.012096402049649572,0.09923177398371524,-0.9714252002438712,-0.7186799438527642,0.35966185599348516,2.589767762007672,-0.5212558774221314,0.6515897141101055,0.22893919378001676,-0.5613126036317398,0.8123053936067763,1.2045299035701114,0.34832373470492073,-0.5084198239551787,1.4630594240658916,0.41877418458023147,-0.08815595329537733,0.24468163881382027,-0.021062715433203646,0.5021040771860799,0.6583078202729509,-0.8834020353118889,-0.45611290196283694
-0.4868869325443291,-1.0038161193401431,1.193370800863816,-0.16557483330503747,-0.19553330980891548,1.7345842857679052,-0.25473866859414934,-2.11244726430712,-1.0948233663631401,-0.528343423557885,-0.9502051372256903,-1.842358972407694,-0.21272383186682653,-0.9416792384329746,0.17884184905406572,0.833736366831848,0.5330269177004703,-0.9614615126663936,-0.5492947349615266,0.2372055163998256,0.5882267613238594,-1.1539471917959927,0.20543509540700303,-1.3213804555041797,-0.047773544963489054,-1.3099146332436222,0.23949333399031383,0.16905708772004535,1.7008599961876059,-0.37293335367069336,-0.4954420284678802,-0.7350695882595515,0.1737886535031066,-1.0699069164647188,-0.7186998866871919,0.9819989631615107,-0.26504121260973584,-0.17165037228889068,0.14139281311594115,-2.3948998074550443,0.404074745660506,0.20193394080790883,-1.677860081616428,0.3903283914216612,-1.3304632496500033,1.4285686192462936,1.373244583360916,-0.1069693680169345,0.7741038823023177,0.06386271810909905
-1.3765560001237256,0.8660616843523522,0.020923971441597355,-0.2005158549288276,0.4656985899846999,-0.2595793685932839,-0.2887578336801878,-0.41662539779802926,0.6586895390831762,1.1821446989617697,0.7115085077154822,-0.16511134822280213,0.5227286418407447,0.13764752543810763,0.4390818178592764,0.8915734502351121,-0.6109082774916008,0.5551936904724112,1.7516842145025766,0.46793802493425124,-1.0702501857118272,-0.12227315216344828,1.1128449831947347,-1.2864038388148873,-1.4308832915962975,0.21251354878214732,-0.25366593093132805,1.3485952048393013,-1.074352399165518,-0.41820569444543115,0.04808676177435073,0.5236990550699467,1.122460150663259,-0.23438378359209586,0.49304765429536723,0.0805746123878365,-0.4888512017441911,0.43850252974262666,0.2641491066868273,0.1734435171496928,0.3364566160207796,1.7964763026916202,0.84490752057195,-1.6601174685218016,0.8422432033092776,-0.6113962160348373,-0.0976106977668893,0.685572837593447,-0.8209894771589834,0.0855197686243092
-0.0721551377378785,-0.3837191165022672,1.1386226185822512,0.57981342284711,-0.0854615587610305,0.25807197268456705,-1.143704831926444,-0.755490015160741,-1.456502597883084,0.550361717324782,0.7286657107104773,0.056750075772266685,-0.2194083358354943,0.8037918202389824,-2.044424568034302,0.18945682612396245,0.046319978673093856,-0.8270568848798835,0.5262169044002244,1.0030813157905676,0.1530730811577765,1.1483108477323667,-0.20671925995623916,1.015264464911228,-1.3297617790653302,-0.4915181402074002,0.5536671931408043,-1.0531377938332267,1.3037150926956589,-0.40284072926612896,0.702354710474563,0.02922146726868164,-1.0736890591513246,0.2029011675359658,-0.34451093351952644,0.10449217793011861,0.3675939372875441,0.8335811249372322,1.819257531369306,0.12788364334281935,-0.010969397929291776,-0.302110592894659,-0.42001945409852937,0.03641538836977929,0.6497391868580764,0.24109681490971396,-0.23023571426923373,-0.04204266484164,0.03708308294794617,0.40056898280059394
0.22520432961525977,-1.5046792302106078,1.012193376645413,0.3766493195305417,-0.44947500763119375,2.7317564253161466,0.7893940434753663,0.2717584811859184,-1.3726539028750901,0.7619337961485677,-0.4811798826960447,-0.9273223077345399,1.6397283905805675,-0.45872515209259135,0.2550073177988061,-0.5668211474231575,-1.1983142314448199,0.17187962498677184,1.1984668695885219,-0.3225676264047054,1.312527141945953,-0.4650405179505495,-0.6455140585013508,1.5359098869448755,-0.0750235518815527,-1.6655139825326124,-0.40857695014712553,-0.3756653293660809,-1.3249431508742646,-0.8706895292715581,1.144204470713252,0.32751501944623373,0.20013185239522197,-0.15771462326680624,-0.8405545662419606,-0.8309273592981703,0.11985746884310969,-0.5737310485252133,0.06802128981378595,-1.3221316313140443,-0.14538381436419284,-0.5916039679220138,-0.014027979554921313,-0.4353138778652834,0.33060409680189756,2.1723462043666246,-0.3288262031121939,-0.28728575532031897,-1.9444795111527222,1.743450298634418
-0.00774723765305962,1.0182001919160455,0.04570946510003163,0.18810195434682883,-0.18713816728911456,-0.5437469290942403,-1.2604020630407393,0.7415815284198713,0.7485739431430113,0.9672429238116158,0.4783198190124662,0.12072713989418578,-0.9855612554348933,1.4746504592933327,0.6544995803411051,0.5499024557459287,0.13472335999919044,-0.6238420517380413,-0.6060495894217434,0.6684021711930077,0.6709823619524095,0.7893718687471138,-0.3676674978968703,-1.9946030614382457,-0.22247189070169143,1.5432512639151357,0.12600549922303964,-1.2311164630769962,0.22297911581132138,-1.8329626625517321,0.28757221443638714,-0.5596716375181181,0.13819160573028622,-0.7186224093844022,0.11097832002644996,1.2130267645333046,0.5631011200947166,0.016139281304732793,1.31997831877389,-0.8777582741276003,1.4948712592453004,-0.7079660210409211,0.192367160183853,-0.05700973264681419,-0.17350968903733457,-1.5101888624786326,-0.17991184443415714,-0.45952558395068477,2.1503319690346245,-1.3412552068682881
0.7614825312443594,-1.9993134057503574,0.17833388470093606,1.2547682440539683,-1.1541290898972472,0.1874800732700382,-0.2580467685118234,-1.7613088677419995,-2.806678941010384,-1.4594502189155227,-0.7983685642884096,0.7383828198534852,1.7735749707236381,1.7837582418021378,-1.9831439125508594,0.17753519336973309,0.4465217690973765,-0.810704576391179,0.0830801458896791,-0.3856599461571925,-1.1355325893458796,-0.6611775392300114,-1.7980954298241163,-1.3320839080501967,-0.6404637615840588,-1.5397957070310804,2.249051502104262,-1.904642147542513,2.376047565723118,2.172828320793836,0.7464555830650417,1.4048269082696372,-0.9160521979164328,-0.09243730268471455,-1.6060982223425133,1.0750638125599068,0.10176533620917522,-0.0021299918025387593,-0.6235434590454089,1.4888129675587907,0.452448323952062,-0.8582891172577048,-1.6538872088019259,-0.08011315657757828,-0.27561633448485556,2.5288499731116647,-2.267115069025977,-1.1084761929572327,-1.6622773684529735,2.538486000262355
0.49658599841320833,-1.4937239117354626,-1.577998359411463,1.1046023632802051,-1.682271210983922,0.790741221210421,0.8754344489807641,-1.2819618245751982,-1.2099514769324717,0.4508913238609063,0.05935175143244815,-0.1249097669433557,0.07970099316684624,-0.7141845497477518,0.8601008531147935,-2.368083511228333,-0.11298293666836914,0.25848636483758763,-0.798565701627627,-1.9074515010570117,-0.8941575810247895,0.630617560986003,-1.1110380018685704,1.361413461201031,0.7453271616264601,-0.5984337307239166,1.6128298339979397,0.8678437072068195,1.336576444978205,-1.1101588434185958,0.20491983355985752,0.8967257027954796,0.10642881747988871,-2.5369484381737357,-0.6446906169466698,-1.4835612826458466,-0.25523640518221075,-2.8971836960887556,1.1380112628817192,0.10974474521946684,-0.37928259967185035,-0.25189492739966074,-2.134479825382278,1.938382092266639,-0.4181974021328233,1.5902166710248402,-0.38637072561541236,0.902872852686361,-0.3030258956455494,0.5484033742419199
0.4112972812334562,-1.9433687461894336,1.4380124294272254,1.7978480779400807,-2.47715975219068,-0.764764800068155,-0.3978024002388986,-1.0177169171240086,0.7318722089267369,0.4143490492123267,-0.6432458619998402,-0.7654197257730868,0.3298538840684796,0.02086250793765945,-0.07955625647602156,-2.2781539594335856,-0.9143999611599923,0.780445706290695,0.3083960695039635,-2.4520348239063163,0.8692465125197893,-0.5233256430766104,-1.7599415833977066,1.506417928150159,-1.7255166264380253,-0.06094057658050613,1.6116926875406106,0.9387637731812045,1.6836187112418788,0.6361079099998915,0.0718801657044336,1.6494771088084692,-0.3588548442726186,-0.5115350309609855,0.4107230010241768,-2.2793869633215116,0.792730342542591,-2.1382366497329635,-0.8761588385818455,-0.43319970435324,-1.294510199035556,-1.8801576852165804,-1.7828546470812474,-0.6077816031471761,-0.9411631904050127,-1.0402580933763872,-1.0018325570877418,0.7394284455522409,-1.166772359770732,0.7600109699422324
-1.1844535950345003,-1.8292787231920797,-0.8435863853354085,-1.0646970814312373,1.0814631240209123,1.6537445859846283,1.0155463762671797,-0.6492476007297631,-1.1839879016656498,0.7869980607320928,-0.6143602433707465,-0.9099720643690894,0.4379631938272272,-0.7682730753381151,1.851476405401648,1.211067351140136,1.1439953788634125,-0.2704768643975284,-0.6141358854232738,-0.71169919989079,0.9743731139568618,-0.5138321177509731,0.5810409556565822,0.5382069667752071,2.7121633000418193,-2.0189372480857104,-0.05423434560057615,-0.4804279072054276,-0.4950177390211316,-0.7443919640838903,0.056023776547398964,-0.5447692061134044,0.09834981817684399,-1.294665543575177,-0.8922598212189256,1.3825231397119067,-0.34785365214009195,0.6339532317357608,-1.214434927078521,-1.2710322440633317,0.28789027596548933,-1.097447169241792,0.4497448124463418,-0.972099526109698,-1.9132115045724203,1.1680021437395054,1.4086880027382316,0.3395350184913428,0.23184194079381001,1.7018793545523878
-1.6207350773724905,-0.1220983595571197,-1.1625195326314235,-0.8339618277943724,0.49497028396397064,1.461032866764981,0.6662576625912932,0.7360349058862661,-0.16414958459780093,1.0993870248557147,-0.45623790131120934,1.3462703601017016,-0.7169686884538233,0.027322794928280932,-0.5044148201448221,0.8454139480477985,-0.13504728490128934,0.26354073372086545,-1.1055668897473852,0.722765752657325,1.2003414301655453,-0.42853186095818885,0.6108531317284543,1.0302044786253808,0.6230546925889019,-0.44522185051727353,-0.14386758088101073,0.9877646156665659,0.7617435330090578,-0.39839076433632836,-0.6096254016261807,-0.4185997243409053,-0.5562650292521194,0.9421728149812113,0.43638981648333947,1.3875229371090272,0.6677687978720389,1.4495030945433283,-0.12031885599283018,1.23471902950426,0.35317504266988425,0.38929497656538287,0.16542990585326964,-1.0474397131298638,1.1567368682643884,0.5282853984944289,1.109589398070022,-0.32780383454631784,0.8386223433443092,-0.09133484138266432
-0.13553380234531467,0.6307553631325455,-0.35241830582150957,-1.7372166769929094,1.4054564153987512,-1.273583072635485,-0.05432762786798919,0.7144274592976034,0.7092264764788576,-0.8596681370812937,0.7369324368215162,0.7924309760042897,-2.0862859847727004,-0.26431073972769165,0.424353355003116,0.865371767009794,-1.5312604822967268,0.174111961424094,0.557488322536596,0.8021240787377716,-0.6224351669835743,0.07841865172344813,0.4046688902436291,-0.7165816968372093,-0.3278378466414196,0.49519586218609707,-1.1009069151577748,-0.6155022685290323,-0.5537126811157637,1.0737249211242081,-0.807690252853537,-0.6094699029848356,0.04176216237297283,0.8131039218895025,-0.20072430639468947,-0.3650401326730561,0.8725068306183,0.7010693038099535,-1.4457081040864872,0.8954214244382845,0.1439702739263182,0.30779694640697336,0.37594099393285785,0.15104333195807026,2.0537888867387295,-0.7011072093644238,1.0975882207855885,-1.248454892185853,1.743285876610809,-0.005331308159278203
0.9833512444635639,1.8174017552572905,-0.33317114060356307,-1.7592581081223464,0.724705319652349,-0.9088954129775402,-1.1883525073877879,1.3182517946634924,1.2887275360026857,-1.6749120347801156,-0.17493770042951362,-0.7163409910007631,-0.6496334909790883,1.2438677238724185,0.004690578405229654,0.8636175046219527,-0.5410379625085148,-0.47789656037098405,1.4692716817680185,1.9173944167973338,1.5967448658787837,-1.1973124497526106,2.061067591072335,-0.6428276251648302,-1.8995876464003074,1.0027238990827343,-0.9211074350059875,-0.1094590333409291,-1.2786134507226588,1.1011322660720784,-1.0993994370261093,-1.670050186721675,1.5326877511651156,1.2728056535497976,1.0166148178521413,-1.5355662761176516,0.6086025787305038,0.38630884685445105,-0.7281500803273836,-2.011415979648292,-0.22220000167426654,1.6070698437481168,2.0330907942332654,-1.2944679936827916,0.07852555698492918,-1.295993175804417,-0.20175433493266084,-1.718620395991468,-0.4035724262626809,-2.124950588927801
0.3234757108570081,1.329755197613357,1.7666654354628792,0.6000580179387269,-0.8200388231501016,-0.8426052800354399,-0.5004479601743181,-0.08937454568368547,-0.28165131671655536,-0.9814737826920281,1.9259046784435785,1.3084319794675998,-0.8892787279458054,-0.48054545187335795,0.21240029016746545,-0.522217545045449,-1.3878448924685935,-0.09248643858724272,0.4531622022680549,0.2657618806973037,-0.2208039167496475,1.3425290593406112,0.08530011054410136,-0.25997088958630155,-0.9202623958209499,0.9576877427750005,-0.40639598207405525,-0.4215016478990817,-0.6170009322297836,1.1144355097750118,0.02872342346535697,0.6041269754243321,1.1515117276983027,-0.2567251599199533,1.2620035524420408,-1.568187599591596,1.2361065993544667,-0.5276821893277895,-0.8164229355715951,1.5845040378341706,-1.0570482589152745,2.0883814819051922,0.33226201866287475,0.872312129900252,2.2029411869472826,-0.5785280231516384,0.10516368110756961,-0.47321854334161123,0.3720507579895866,-0.7573172078713277
1.0182834744749523,0.16188574261479624,0.6472672238022839,0.23575448578276528,0.6818583930791049,-0.5687010011906514,0.9812277876257886,0.6991004683256318,0.2844811910883865,-1.0334695146946675,-0.8348766226465061,-1.39064031211493,0.3073631204088385,-0.42727740602351455,0.12313169650418472,0.10255286830839996,0.5648413295035909,0.9380620511125848,-0.2539816905461757,0.8682523208276828,-1.3929645700438313,-0.7345708101300678,0.6604931570694583,1.040743398668154,-0.29197813042205367,0.10229576246616923,0.5553518663273503,0.46734343721501964,-0.37826813416243893,0.06304954277348129,0.31332652210694223,0.3013664897154948,-0.29578037698810417,-0.11688723355134219,1.1485553403485025,0.43049824858020136,-0.1157043265506047,0.24298288859790276,0.667584097362063,0.8404423839127269,-0.1529744939990062,-1.5375016332031528,1.2696335925759084,-0.1806091456485028,0.060743843920751564,0.10145436696440384,-0.44697558187926,-0.4422297117458589,-1.3849024723306078,-0.3979922370811043
0.2508406495367353,-0.27030759593644554,-0.8397059531916586,-1.8623168070268807,0.8767125402359931,-0.3870136664350073,0.9509313397541678,-0.5417166254129477,-2.193476732108753,-1.6995957786310492,1.7676640769909215,0.6626221048113339,-1.1684775900954545,-0.4800206032968947,-1.4597265126482388,0.9035659111950907,-1.0208768569510092,0.11017143925044626,-0.21796390249749872,-0.5164280552329094,0.839192972303067,1.2334422058944339,-0.05090720395822525,0.638092697121438,0.4972203975323388,-1.3046470851993386,-0.009691313594369536,-0.6966999918494204,0.8624191054353704,2.7980596846839307,-0.31230719158891646,-0.8348554201317141,-0.3904707751801124,-0.7073307207775991,-0.8188385824079737,-0.04814012650170255,-0.19678556403375802,-0.24841222137735522,-3.0536090102686306,0.18105585703725843,-0.3588831116817108,1.3521787246246793,-0.6922023444524664,1.509425976451761,1.4830868919436295,1.3957892459319607,0.5011670358885287,-2.094678359511387,0.16713722147731327,0.6319813838311561
-0.6105677581551692,0.5047451635642668,2.2979708328665227,-0.24140515742440755,0.300473249869032,-1.2154925042832596,-0.5796214170126968,-0.9060567819574267,0.2873905930985953,-1.152240191457564,-2.02715882146072,-2.4964554932010294,0.6788600586160033,-0.18473804434110164,1.5857803548612084,-0.1959270871982821,0.9440354973885711,-1.510425847652582,0.5317496253604101,-1.2436925878474037,0.8624664742661972,-1.9757297714315636,0.7250323688929,-0.720754989313293,0.8128673089868848,0.5720003848843103,0.90203640939953,0.1993158310373035,-0.17880344670569806,1.7781890261296036,-1.0446230977664668,-0.00394200021586814,1.156517625067789,-1.7429796276347294,0.5556140314145146,-1.8503463735108188,1.8752655460152956,-0.542913955317444,-1.9197251416852301,-0.40117525749949534,-2.5856415347145596,0.4127892311670524,0.01051806164232496,-0.2747960301254281,-1.9701692783850182,0.1608843580123159,-0.3351920711824231,-0.0272936889912925,-1.029359620289379,-0.20342147025711385
-0.18807888768111183,1.188380735816363,-0.5807159568135581,-0.7125605263612863,0.5859167049753282,-0.7972889301819724,0.01312904533564759,-0.17391641342874156,0.47076417267670834,0.5558273007273608,0.9227514874923982,0.9114348170603856,0.3063262938769229,-0.8532382983209822,1.106979096021469,-0.4720058983825863,-1.3369277460103761,-0.6827320088984045,0.3399396618659476,0.40806555176285064,-2.1030954823415815,1.4435747637007545,0.0045982374351746244,0.5425682200091836,1.3110731973924836,0.4443048766421715,-0.5624405696886953,-0.26135907747955567,-1.374644049298759,0.5195616195379421,-1.249459801694685,-0.7671089488216225,0.94556034896461,-0.2601008448719811,0.7943669208309342,-1.351346669668799,0.37110041951400347,-0.6639666636431558,-0.6367030690777854,0.7790001456959466,-1.1202716677022717,1.502717465226443,1.38469416727046,-0.8464088208114051,1.7341585130502382,-0.278533519668285,0.40191381374065455,-0.03724614195241399,-0.39698874489160085,-0.5677223465879812
-0.8367814614519223,0.2649639313638769,0.30517940152240036,-0.35297857824570983,0.27930148821248507,-0.4415680958452258,-1.0184103915892015,0.04804711531061843,0.5719303909014689,-0.08007438290924672,1.0143756926413938,1.2166104027240308,0.2957034891599234,0.04805332756342088,0.29087501965264456,1.3819284581457014,-0.45908019055033833,-1.0568135559976048,0.7443809070913409,0.8183991456956394,-0.025000698562511817,1.1111171055691862,-0.23324267687154834,0.7120280343547027,0.21032292423105423,1.4396624461495207,-0.047537446947044634,-0.4113707645482015,-0.4122266760898617,-0.21272013086338531,0.4137345599170192,0.21062615335310714,0.21301689863098267,0.8318455907615047,1.114735733528713,2.156923921859845,-0.08601871081250112,1.0862265936374245,-1.001042713305515,-0.2342904195597201,1.812887434480813,0.24564585762282165,-0.6687811451237605,1.1261267604191114,1.4137816000357841,-1.1700312278147136,0.5191971208790394,0.38072109182141045,-0.1608425593849917,-0.4911739693740137
-0.549670163546251,0.9273678091029132,0.8699192192719694,0.24535320131033592,0.31753501999268613,-1.1887077953459495,-0.2857583817191591,-0.8428770523651363,-0.41355624937873137,-0.46709546284462655,1.286079761270538,0.7645289182180101,-1.1974796540983919,-0.4768821939517364,0.9553104161336391,-0.7039569869097017,-0.9665202617193814,0.23254691457907228,1.011642141405219,1.2579270353668768,0.08245820997544413,1.3140690053479946,-0.11285795134927544,1.4035213679630258,-0.676040059127998,0.508568428079943,-1.1564929669617636,-0.22331063805216336,-0.7713011900957714,1.7343798466387494,-2.2116950409577947,0.12643117451748334,1.291395477137193,0.07818732200254999,0.11506730933518983,-1.0847462861513117,-0.10487700561521016,0.00996798387399193,-1.2944660732136732,-0.5619659607779502,-1.733664108928709,2.292643089751863,-0.47835889099195666,-0.17469940262272543,1.5690579665530253,0.2853199956532112,1.0035517102894564,-0.3775114881919154,1.375507541209336,0.5440850128083576
0.12975918167247213,-0.044532327871927936,0.4666534945980054,-0.44971224247189556,-0.14772335941141054,-1.0814035350182438,-0.24673348850733376,-0.500557631882162,0.12814467442470923,-1.1777322648904265,-1.1893869652944662,-0.3821011545859657,0.9237172691626554,0.6723269971800564,2.829757984125511,-0.18291092827532637,-0.0844822784190905,-0.9436885846389187,0.009638466188756963,-1.8770917983625457,-1.1942218010802268,-0.39227854015485386,0.07446214024173864,0.7807725899153588,1.5759677941570556,0.6668977440562653,-0.47914586318079316,-0.34291204702055716,-1.3317282442806322,1.8200960515392366,1.811406143663288,-0.5218901217810606,0.47049886583901385,-0.7483433078527627,0.7509776304312173,-0.9649323782849375,1.82983745090917,-0.589710770936693,-1.0268670386870948,1.171579954666413,-0.011152804435739676,-2.1474553938153864,0.5400727886519084,0.870822666647117,-0.645336784392682,-0.214309857546046,0.0988156881043509,-0.4304296334451672,-0.15948485892528919,-1.1940829059173952
-0.16956794676542186,0.017874138521443362,-1.9764542880273424,-0.2781853636681532,0.2685217173309325,-1.5696840229214906,-0.17778517752860257,0.01338018382102247,0.9301596851472549,0.37202947519914886,0.23044010659305927,0.6953185918976765,0.9185624154398214,0.22864930232339117,-1.5380688034073446,1.1494339978550638,0.10281824181134457,0.3062806379807451,-0.1424738083772512,-0.47071321778273423,0.4960477127126519,-0.5977644834136567,-0.007681248405523747,-0.6066614864360664,-0.3351517158014268,1.1807124481603148,0.46015139675523103,1.5705679936276333,1.8046584971146566,0.3048936709032316,0.889068837791208,-0.39402258307886934,-0.559877472299196,1.1594527336117142,0.2430921495409823,1.6865963138939204,-1.041057768839437,0.3070146701578352,-0.16100226094166883,0.2585843219042069,0.09340311543992887,-0.38110395316932755,-0.5347946712248748,-0.9263707311771511,0.6392950385860254,-0.4701232912175226,0.4782977737348421,0.1820075610113895,-0.04635653262815567,-0.649154106699559
0.4446971583898175,-0.46001692684069834,-0.007115094126680543,1.2144801535421517,-1.2660267117901496,0.999740200952131,-1.178756988301955,-0.1157931110480443,-0.311172389771089,-0.7068344618680639,0.4379273754378939,1.0197667360362574,0.6213676889482128,0.6680181161427415,-0.1999640442000571,-0.4124416457393328,1.3152774850896214,-1.2716523208462844,-1.608817129064371,-1.0006558056653383,0.6208282400551373,0.5381242819305863,-0.3904238304532391,0.054643370550306165,0.7452299173952828,0.16523671594553288,0.16571497951345687,-0.46078419162246276,0.733934356631014,0.07708255175214246,0.9380340636088706,0.2988979070157698,-0.5599745359679265,-0.28708981635418446,-0.686408883681647,0.970829638677939,0.16659924105379495,-1.0548092409022711,-0.4792281518150193,-0.14821621257462933,1.5192369641059122,-1.0158041475141633,-0.20820721834536535,0.1434348018657452,-0.49433689054663443,-0.9813973704137308,-0.8646257387508234,-1.0610010564941292,0.4747794161783563,-0.01613156727509768
-0.561236631590236,-1.0590518360259846,-0.8341432377975927,-0.7607360218034659,0.8268481191338916,0.5885038211252788,-0.6319951477874318,-0.7981108636694891,-0.7271933793902993,-0.640241224403335,1.4371024041177347,2.357157221719299,-0.25217241386911576,1.016459249041554,-0.2083200292226986,1.1728931851904427,-1.3144099068726325,-1.3461918003936284,-0.4516503823544451,0.22610059338149982,-1.634982878313693,1.3381328625398567,0.15007314797915017,1.0590788172919952,0.8158805099267897,-0.8612893769507558,-0.6856137676960188,-0.9059322310203671,1.2766338307544542,0.42378406413004577,0.5532975031261427,-0.7134970227197325,-1.1646324108889812,0.8078512408571116,-0.5533505923648573,1.2493224763187085,0.08722923318566976,0.8492573993903068,-0.8222996403730893,3.3564605737027198,0.8122821420090466,-0.11326027789411791,-0.7825800015629357,0.000795402514808741,1.7601904214349442,0.10778561208607797,1.7420463573233775,-1.4448930049062556,1.9491031459236459,0.2584891223726131
0.251232418333497,-1.5230314560500962,-0.20019840302576106,0.7137597148269038,-1.055651450723355,0.2194809308562309,0.25681474934425624,-1.5354970779612849,-1.9221372509403905,-0.13855890675547045,1.114585691271232,0.5807148424715975,-0.19885314510512647,-0.7211230613398011,-2.2214618339558916,0.3726711515541779,-1.3410287523602837,1.1191041821027237,1.0860318726046483,0.5048300884933641,-1.8371239987896324,1.442714889046219,-1.0364882153048054,2.149088674161613,-1.6039767251729096,-1.4235214902895734,0.9505861728863044,-1.0693520963648444,1.3476627886539534,0.21724371591716432,-0.7608811390824232,0.21041981888945618,-0.1608369181036189,0.21700677124890277,-1.1508446001394812,-0.12862326940263388,-0.47259528474002815,-0.24827783311593024,0.482770627403813,0.3619825036036982,-0.6997734887811141,1.0479990291088337,-1.4930339587251924,-0.22190701665572332,1.1452047741577014,1.6724947014849876,-1.1559825810243285,-0.5802337961979939,-0.6052325128631505,0.4270260276015066
-0.2602266702067076,-1.4728970508490127,-1.093846312101597,1.8647416020308483,-1.8363520813205303,1.2689330122616664,0.03605569144344691,-0.6172469187435009,-0.32962348171650163,1.2328386607975053,-0.674448606344151,-1.3321016501599081,-0.2607775639397309,0.5565726800274139,1.4360628616831732,-1.660171687179529,-0.11195110539628804,0.5048187325794996,0.7724022392335191,-1.5082370372863974,0.4569666020608073,0.043548509483271956,-1.8415602753017137,0.5168175831778323,-0.13878074224764478,-0.6387844405486153,0.923492458614375,0.0220833562180658,-0.2701138023424916,-1.9717603114984559,0.7369978081297531,1.7763584962990584,1.6887764944140637,-1.507196256670292,-0.12129839658163187,-2.047472032526215,-0.38553980467453475,-1.8565714710814953,1.2194686023462904,-0.44089114734161006,-0.8429930172223901,-0.5245738974220123,-1.495859907355708,-0.5932493081496854,-0.5429486455755428,0.00492369790551699,-0.6270455807447607,1.9793451336510044,-0.9949758857505346,0.5070088275893563
-0.39305025214127237,0.0192178171993286,1.1754217027716058,-1.2465056529047407,0.6221803809134798,0.28588638987530646,-0.06642423483885279,0.7356306485141308,0.6056354897066786,1.5028182797398182,-1.266925483354683,0.3148765427081867,1.940328966595488,0.8986179442379043,-1.0681774526874535,0.4181664864806122,0.5193998244879183,-0.4835086676431716,-0.37423107952523077,-0.08598806880223644,-0.7701768782448275,-0.7241313176717731,-0.3762352246601088,0.5537582627735537,-0.17682152413577765,0.16869531380764152,-0.46853457133216064,0.40110216872324345,0.3224951294019488,-1.269443464047527,0.6438358634120994,-0.6665636323223229,-1.4930677834577077,0.5780971776386846,1.349298972671999,-0.03119248525295467,1.4294107784600747,0.3121155966598598,0.5294062553034566,-0.011131418504437234,0.8320865349548551,-0.5682308590412554,-0.15775448264204897,-0.5547515460066417,-1.4418088264416304,-1.2621574891805083,1.2427326139967967,1.2141521700646343,0.19237742160374224,1.269213646423149
-0.5317757622697808,-0.633152041076201,-0.6582020546544591,0.11062505493817956,-0.20551905142341606,0.43230139458312994,-1.2377867464748793,-0.781696369120153,-0.6419571825752688,0.23803214513710907,0.45961205249324627,-0.3586198572463285,-0.8000857425093201,0.6109205090999735,-0.19592596365703557,-0.5968000762814405,-0.4997535594747878,-0.7144539359591014,0.01819488073488862,0.9705265413083146,0.3706729154554874,0.6126522999627002,-0.49403839604329775,-1.3948233194326696,-1.0897801651680117,-0.5838144669531007,1.4164152613445227,-0.8014649657847809,0.11482150358890163,-0.07901172861298057,-0.6168130601472198,-0.7739171264878147,1.051057858285324,-0.4310671661930857,-0.3641447306731418,-0.9866383000808707,0.8312035732753836,0.07106300546942508,1.3537799013634488,-0.20073881715961261,-0.9890402633853679,-0.04355071206007474,0.4660456668260321,0.9702134492532458,0.5467105436551084,0.04842685924146642,-1.2482178724630815,-1.7193239314434803,-0.6461769468813768,-0.8623742248026494
-1.63308474923622,0.6930459982964681,-0.23749398144731632,-0.16180680657646826,0.46616210385054224,0.8652953324692622,1.0620704570721136,0.7054220202665601,1.4806078510177834,1.5233418640563006,0.061279807075190984,-0.36802907481383096,-0.669765887053945,-0.9024279209647591,0.20128440781223364,1.1815087053049491,-1.3677997530540413,1.3346425559095716,1.5360960415648974,1.2329105558731248,-0.19073314738724115,-0.09246732057628203,1.0642068357468424,1.573372355307107,-1.756296976063423,0.838384398897759,-0.7113457578910372,1.217793797205174,-0.831112098439224,-1.407734764513075,0.1641423214250328,1.2720758685837907,-0.5067844678775905,0.8030281470421101,0.6641200084817779,0.7898638793536986,-1.0601887401995944,1.466813363081076,0.5469067107761986,0.41394139898869303,-0.4803986157705919,0.21478738796022956,0.7625178500908407,-2.1040547453134013,0.7943490495793505,-0.8684695051425748,0.07226332624908656,-0.5849642468128134,-0.3570609906035638,0.4305807781007363
-1.3098850509642672,-0.4325110620289175,-0.45963362509385564,0.01810915330763039,-0.659507356057135,2.1657092598269845,2.2136905732870007,0.11198274452644133,-0.9421507772806992,1.8787407032114543,-1.0040151910399286,-1.7840027347082006,1.4978471434325613,-1.7198160869457537,0.2988033538703142,-0.8618047439060548,-0.8677115104430145,1.7605991954231497,0.5228831987417746,1.2119313181858609,1.6942524293122352,-0.47302202031020424,0.7064515114177424,0.21903851665107038,0.14467927473630324,-1.3830461661256122,0.7160280419975344,0.9614657194735846,-1.5090772827850356,-1.9371318394296064,-2.7617524659729122,-1.5992277139691298,-0.0028862252250944046,-1.690289877804832,-0.9792736171494566,-1.5470256484658735,-0.42951086454285703,-0.5675578346692152,1.9735903957411407,-1.4762233232939814,-1.8172214006306455,2.3087062402557543,1.5130467446243716,0.38876332807929465,-0.3993909971465209,1.5210133556093761,-0.15355008917338656,1.7880318449690906,-1.0017087554607957,-1.5231042542903395
0.2646494577913775,0.09101120482807606,1.3816356120815578,1.0077598369848022,0.1380819585688233,-1.9032270763317765,-0.3507094597527819,-0.510444353082247,-0.06700352325391135,-0.056752041568677435,-0.06523072097389496,0.6213821860302886,0.27013830347102447,1.8150528501731604,0.5892700721311661,0.5899413063166222,0.9083859982467735,0.9137626720287658,0.49605793322495007,-1.3967229548902327,-0.1387148538242682,0.5212824812660004,-0.19276614293843503,-0.1322203538950862,0.11729188956280706,1.475420422716147,0.05128534284401413,-0.20724693403647815,-0.6622432397004113,1.6480471614509389,0.8307011146053105,0.5726452731717133,-0.09295735445236276,-1.137539781175311,0.2232472312640934,0.33286375768623555,-0.44108490761764757,-0.31361914466842344,-2.16619832038697,0.2825563493914884,0.09780641907883174,-1.815214945221975,-0.16301836563914313,0.6253171242479686,-1.2361506138082468,-1.2995031212148365,-0.6974974108126392,0.2241333333283805,-0.9417845112063601,-0.7707410652048117
-0.03892651674026225,1.613691017131866,-1.2768625065880481,-0.03067497250668614,-0.21390799584360148,-0.6154931603578335,-0.48865191747763687,1.0986526502978438,1.524025773615039,1.2291295853947521,-0.1933248222747847,0.41174653202108874,0.025405216688794856,1.1907339999364017,0.5667831711463365,-0.004259334964042563,0.22621225493094896,0.12190639322197562,0.48571800208281796,-0.4948455785285668,0.6109225536537114,0.2404598872693788,0.4193692674115822,-0.6109504522889562,-0.22139899976254415,1.8915428435974946,-0.9352451533912841,-0.2076083815033683,-1.1069908031263658,-1.7353574284827409,0.06829260274817042,-0.3629376220763303,0.32526187098568093,0.3281876951811494,1.7583233299621264,-0.3768159518726189,-0.2722373923019557,-0.3350508782181702,0.8538918240461787,0.44689414154514157,0.2813962700317605,-0.8806799734092282,1.4648694951414374,0.6785202537378143,-1.801475818168251,-1.7417941760935742,0.6570601852502083,0.19276773248133533,0.13931531134158065,-0.9808801054246277
0.3112593460215553,1.8299314468774421,0.3376256908509697,0.8178785482210947,-0.07013899573789843,-2.5922468683394895,-0.4960886764143956,0.3337240407808596,0.8658941227788673,-0.7541179837626351,0.9113947269340228,1.2277165458579786,-0.27159194319755836,-0.23173909716183172,1.0761350809599624,0.7127040628489534,-0.4824520068568317,-0.476399287893334,1.0430891786193368,0.455356867452926,0.3586966360719221,-0.07588401626733962,1.494933788695722,-2.2272235910059828,-0.09524323195502772,1.4680660154705183,-0.43529891046534647,0.8006509165258477,-0.9461959731607082,0.42674270334273534,-1.1029270154558246,0.19356422066722662,0.9832700471255004,-0.1796621995686124,-0.4561056272768535,0.32737450926805356,-2.293524936945667,-0.2986379374669335,-0.9542865554957991,-0.0743149716228521,0.7528258396545134,0.9870082181277798,0.6718359722607459,-1.81622708128038,0.9688761591047826,-0.9676331247172498,-0.29914082856556773,-0.2863799231814448,1.1673306675224333,-1.0471496934524565
-0.9829476178955755,-0.1656598048076171,0.4642210179246277,-1.1368485937787343,0.27161406195799137,0.6532090460150249,0.722991616391057,2.02864777588672,0.5190937514002951,0.7530397390705375,-0.5241136825010354,-0.7595211666397307,0.1558476324332002,-0.9141389591337991,-0.9380144723142405,1.3358754230128105,-2.3852408336465962,1.573283665864795,1.1842860223839469,1.465230763811133,0.5624433951496862,-0.004448950510713964,1.5663445644709468,-0.8683503986653691,-2.079484728349895,-0.8641296921473116,-0.25702820244345465,0.9405901275013352,-1.3131067791369146,-0.1387984459686701,-1.0720649130458904,-1.113211147664283,0.04301687822261534,1.1645129799137797,-0.7036676318767128,-0.11588257810949798,1.6928613783654947,0.6305703116412095,0.29504386095988305,-1.333627403516699,0.18698427795760741,1.6009812102190737,2.4183358802248294,-0.2626616173356437,0.7106311278453943,0.5673473351533992,-0.24339669248328927,0.06471785535888026,-0.3633334449953899,-1.5807029066489273
-1.2225095345288348,-1.1161705967603426,0.046581471461546196,0.4545626259313178,-0.5103181367809778,1.8275743179100215,0.19611843631729883,-2.0055374761393185,-2.804567422226876,0.6246094002153794,-0.32961327962980347,-0.8229813357254467,0.6733363825623407,0.19255417407645706,-0.06843801177927954,0.07369736620375505,0.6418522300983296,-0.13066882633728383,-0.24832192242607692,0.4076311779678625,1.624070372226124,0.7585485416333139,-0.8091998408404096,0.6642594411957824,0.41737408081041766,-2.616166232577941,1.1948362142085576,-1.1832944469652056,0.19836898005916473,0.5765990837927123,-0.3374587533644266,0.3786016818867412,-0.3723266399600899,-2.3915509031702595,-2.1963550813334596,0.8749978728605523,-1.6715823122349496,-0.16116675100925035,-0.3672022791152253,-2.1319775384715265,0.15558063431907135,1.3364418617894733,-1.181594433099016,-0.08031470505952079,-0.30434455760459456,1.4997218643595687,-0.5444313580390588,-0.41564383658592297,-0.15844275540742647,2.1228517214025797
1.9102022432760393,-0.7752080301170842,-0.14373585402079334,0.8840233497430563,-0.9010414731213067,-1.1059174999014971,-2.0243798784037805,-1.447210196958799,-1.6602720091814294,-2.1379028819081394,1.3251886660448755,0.900883364852464,0.8597641390287819,0.47990856562416995,-1.393767410930561,-0.8574251986875675,-0.5061018931280681,-1.8328076247515144,-0.719416714903332,0.2132315186318576,-0.8629517646583346,0.9908500795067504,-1.5966783113451175,0.843676022708722,0.21468452644012914,-0.36585771694742225,1.0952761808395852,-2.907648013570122,1.0897217754684687,3.104858785981449,0.02133333979927452,0.13041728615846798,0.28639846239964395,-0.08220318337401668,-1.1231235746354147,-0.12046591054012794,-0.5023304872612233,-0.6578415597134302,-1.8066201290135584,0.11064794813988933,-0.39573216912204806,0.36831716017141536,-1.2316959413220565,-0.6047289555160411,1.0794398931205762,0.4756597426335603,-0.990152009375025,-1.7125977700313992,-0.8682732161787156,0.5688978723679311
0.132021170127953,-1.5113166180780517,0.08125683129702779,-0.5617415133487378,0.5644839331437529,1.6707692831590832,-1.3578180857333033,-1.9414640516872566,-2.7238311255542955,-0.01846288829780214,2.1488991961165427,1.3727491960397897,0.06803209815030346,0.31025068090650915,-0.48527250116663107,0.7386109070040825,-0.9353394933163981,-0.5295701483238958,0.5594827948194258,2.0123601358789234,-2.0949824194959845,1.6108622986729524,-0.4830616240359235,-1.1613894218231295,0.7800383417553435,-1.7661381815563824,0.8760866137888065,-2.9254920063026013,0.47510407856455306,-0.5558259696007521,0.17763945068183987,-0.9922350714845415,0.3162552058938748,-1.854532632108673,-1.7254966338425979,-0.06347524501649496,0.7611796292281835,0.346857499013199,0.6281677107741039,2.062318819651945,0.05229974024216639,0.415186769368341,-1.2541468239719373,-0.9126513332718672,2.5564818028125487,2.006408731688333,-0.7656718775483339,-1.3468587203782423,-0.28847816034060414,0.5217690039363462
-0.15774618985569447,-0.9705645400180576,-1.2873556306022247,-0.029334406259255184,0.4361506993040838,0.13686462163099464,-1.3855054058228236,-1.3910786972761384,-0.687375562130368,0.7398666746716487,2.1290039408447092,2.237975055601434,-2.4051796841311246,0.4002981238349602,0.13830798873695857,0.33473822603232856,-0.7682444059727506,0.31711932048699315,1.1813246866031042,0.5788434478191601,0.040484136789283476,1.5158102856245825,-1.0980013802501907,-0.9250696459617561,-0.7258288839959228,0.046610051232122654,0.3270261287464157,-0.9405035618748309,0.42132102167483276,-0.29109865311994493,-0.8223399182567595,-0.13457048194438995,1.7711094234439517,-1.365523082972268,-0.21377377644805934,-0.03159623153355497,-0.49014682191932896,-0.5920146221108591,0.4976654289981899,1.5944958068420594,0.598969725823301,1.3853805791195304,-1.5956048006980714,-0.9846085764992465,1.5460536284578383,-0.23142558280865366,1.1226839554262138,0.6612013630105745,1.1248154041190883,0.29290035890844635
-0.47467951629879956,1.4693269905670139,0.43098409741172294,-1.8634606204186113,2.0252149293118302,-0.23191039126567262,0.49234876668675687,1.0807602642959657,0.7486673410841644,-0.41877446225930515,0.6818193951756565,-0.28045125595299414,0.9489578199848974,-1.3297829113337423,0.3582319384374054,1.5657389131706256,0.5893532775475708,0.06613536001307156,-0.437765951857777,1.1651687804863031,1.6333954293120156,-0.0021689572637880955,1.468239431642381,-0.5082956953920797,0.7090508023699863,0.9470240273224528,-0.63184961730178,0.4442117626427124,-0.009855891914488938,-0.5531128399484513,-2.1537010896665265,-3.46120960562569,0.031897990007063816,0.8755032391318452,0.19453573738148439,0.785594745815308,-1.4413221239480778,0.9238778867717711,0.41433705769431173,-1.1504242501268558,-1.4115243592908813,1.5061346794352435,0.8423550370377358,-0.4712695504196298,0.6035486246167795,-0.9372780175339602,-0.7277670601075602,-0.7333332676718617,-1.4046837470915747,-2.684149546478087
1.232025347420615,0.9217686719723402,0.8498933284927085,1.3472066846324133,-0.991347311170498,-1.606726878515022,-0.4284234545109859,0.2932974172667451,0.4281536926643957,-1.3949373771795217,2.073790230703455,1.3297093463366392,0.9112256978650872,-0.9483763563019744,-0.0005899785990907353,-1.2216428868295484,-0.053826227049982654,0.14627021059329873,-0.8997705773905763,-0.48194752366267585,-0.4340748290601748,1.8423481909609822,-0.27409583610865895,0.2739657012453899,-0.7492008457228263,0.9077393525916367,0.5046887070580776,-0.5285335434366509,0.6550093173344679,1.5056787081881986,0.45243358769058795,1.0176499973896038,-0.4378915848557452,-0.2266199998173935,-0.6404297689730739,0.1500226290827378,-1.180930855839005,-0.9020225194539947,-1.5702167303674637,0.6792973226806603,-0.07772613923297096,0.47792092267038044,0.26571724810038694,1.9210696857019804,1.7117542076072856,-0.0589082728604737,-0.7327076490439979,-1.2174154238031216,-0.48071750933644564,-0.2174566974689954
0.2958360866127585,-2.2999424392136607,0.5419525258193032,0.34273081010464657,-0.8711559326973981,1.0068444097955478,-0.32247275421415134,-1.9524849032148441,-0.8933828310527993,0.07013306452346278,-1.0411026250306092,-0.45226257510029244,-0.5702000199173426,1.0999022036270523,2.406122602246852,-0.5483550861338441,-1.992776328489729,-0.18925996146883026,1.7438663133290067,-1.3803658227885074,0.28944421121035835,-0.2969975902562637,-0.48286068173077146,1.9810992187927536,0.053027533089624226,-1.0897006343223996,0.03911925007826711,-0.5361418563117409,-1.8408975895880149,-0.5139714202034421,1.1585542119766956,0.6056660718816088,0.24630917201188351,-2.3881504097358834,-0.7194251638417153,-0.9993459738819916,1.106772229187262,-0.8685971030484331,0.5153269548196407,0.6759929059952018,1.2357164512474026,-2.0587668331115614,0.04294194298595204,-2.0468930123602473,-0.020735683600333413,0.22613585334353886,-0.1319876060627134,-0.8733823245725597,0.5604242527875611,0.7927925558845644
0.15096734048363636,-0.21413984133128586,1.2926445247488376,1.3696809000808965,-0.2266458622059392,1.1497954028782555,-0.5715222457157729,-0.21460609215376739,-0.5114372781375072,0.34082217875646187,1.0488008729836726,0.9313106571672355,0.5605905548105543,-0.14154785031831987,-0.14922427334239405,-2.256868247186686,0.5008668998364618,-0.2150083279894221,0.01273204793601997,0.10563306512831115,-1.0207979239393687,0.8977635163815454,-0.3609531333726517,0.4433558263161041,0.06302924354368482,-0.2293811389893762,0.7243581785377818,-0.49423808213516407,-0.6857353514858625,-1.7921031866035806,0.31081742949351227,-0.16699133039111794,-0.29491920056021875,0.4917381711224454,-0.3924412822614082,-0.7065231398021693,-0.7367192101926313,-0.3603203913535763,0.30350244031624923,-0.049310782261144576,0.32133274562069253,-0.17954896957670166,0.6865044050438378,0.9581014841007416,1.2602609005435268,0.23977120685516135,-0.9113258241412783,-1.8132009313381465,-0.3741682400915464,0.3824168128817993
1.3379810472929472,0.12307271047277937,1.0932030903932506,1.1707348606673311,-1.0855112871985044,-0.8723173596772861,1.9844680403019925,0.8191392862765047,-0.4637742332717349,-0.46041252578847847,-1.077330578368555,0.6310891802578675,-0.8067023821336549,-2.242312785390926,-0.4337563301921577,-0.5808447463827237,-1.4289874056034892,0.09058168312051605,1.7049140427801153,-1.7465665557161478,0.2518303717180845,-0.7686468711866467,-0.3734808676433504,-0.540133034294324,-0.12488566047706239,-0.11335376897448741,-0.3748717146705518,0.3194666624284715,-2.0221232661671578,0.7809995958646262,1.0788506296709484,1.0528594032256582,-1.5409594691431168,-0.200692915749868,-0.9330107943299688,-0.8173014321447901,0.709423915750107,-0.9425831396765365,-1.4146509812727501,1.1783007045768323,1.6095915514169727,-0.2608531415037988,0.2423719380623599,0.21809822528330086,0.34387014906551466,0.9069681788087914,-0.9611324115986531,-0.08026659078572004,0.8253195256206541,0.619783657790225
0.09953451569455546,-1.1552595541033635,-0.2880767401831077,-0.1166856173104692,-0.8709460514904009,1.4390379803461844,0.6385827784391795,0.3408227303604434,-0.5738914622108915,0.3753814593852279,-1.8863614306270344,-0.10508737919849846,0.6867288903645471,-0.1627449118747697,0.0341561146352869,0.01359266587932396,-0.8842394278337748,0.8134167801993554,0.4604208677497951,-1.1636586356488103,-1.4116164392586124,-1.5856842038574597,0.22836066609580047,-0.5478117377241907,0.9761263304822007,-1.1860736533734324,0.2273706426588032,0.2758922738861167,-0.6351483275549019,-0.647696503318398,1.3944965808801204,0.30217285870677574,-0.6637449036934799,-0.7494593710602638,-0.09333835805812797,-0.43880202262750834,1.9610669689923315,-0.6580504636506096,1.1960115545859689,1.5331417660033164,1.4270837672238308,-1.5587187740202921,0.15967748459419434,-1.9914041439670196,-0.9138139185244785,1.0314545702648283,0.029106717287058,0.692171706189991,-0.15849791189612183,-0.8109133133332399
0.7761504574134482,-0.04298818077875935,-1.473570272236533,0.5371503930001147,-1.6070162577606577,0.06411684618556389,2.5288255414648777,0.9554505488361184,0.36485447401228827,1.4076781426286629,-1.083452127725362,-0.8896323470058435,0.22728652437909955,-1.5364146746749723,-1.6025307422699873,-0.4087845894090428,-0.27880598823605873,2.238186416576548,0.6124548641270897,-3.2599218319483114,0.33536743946928727,-0.004159344241851685,-0.06324926514067354,0.13807621190747252,-0.6313624675235046,-0.5912261520607877,-2.2528437727608006,2.0829040386399122,-0.5296937913800542,0.31357581638112964,1.763816381356271,0.7215284016272291,-2.2543131887727683,1.649160445500282,0.9656190221189741,-0.3225163353660106,-1.4395578541607417,-1.33830888922316,-0.6450207057013485,-0.1602717332960057,0.30718719765376584,-0.18468596514734748,0.3351532430509901,0.6420066608390613,-1.7969021116046318,0.983807462713663,1.4300098193182518,3.6515957820906944,-0.08974292364586879,-0.2619649658256934
-0.08242846233205431,-1.2273867987126024,0.15133292361877748,0.7242589461782318,-0.8363907932808049,0.3444543766176837,-0.05538478081265541,-1.5478373193049928,-0.9034101035882645,-0.2943984670870776,-0.9297355167985826,-0.033376260424898836,1.1977250165402895,-0.631842343638804,1.2209150606060517,-0.6124222164455462,-0.1988085677411307,0.06878036951405135,-0.2194153910833875,-0.6656878589426279,0.9478217226773901,-0.9824905183229737,-0.5505042031164499,0.09474856329563328,0.4534111436892645,-0.7487215794668135,1.5939882421587883,-0.607180856263621,1.903347453452742,-0.23068343651117001,-0.7411973484839216,0.24244932143188863,0.6735714222245259,-1.853093499225353,-0.061718899433390095,-0.06020148298196412,1.2065772921748372,-0.8038249009230817,-0.8551671199398881,-0.8100955827374247,0.04647908235140566,0.5879198708266634,-2.0952331308247585,-1.185702898074119,0.2494022126969486,0.8913151376275545,-0.27791525877758905,0.876595422431214,-0.5288702064292631,0.6073788937785275
-1.7311085436352776,-0.47912141718898527,0.20887724299300092,-0.7584361035022337,1.6176037720168004,-0.01481997579048367,1.7497447099418082,0.7363818088638934,0.29346996121653257,1.1810848929917634,-1.8300634329831555,-0.2584289957385946,-0.3735873032349948,-0.9352620435779238,-1.5550485206863809,0.877546508392187,1.5264830559360822,2.065708092279652,-1.3019412099846772,0.5724007607606166,-1.1577139476096412,-1.5764908818219199,1.0323544620207479,-1.5799372092650168,0.33838126059692847,0.01670826039587801,-0.9025447375437262,1.3075304734247108,0.36681589781416923,0.15047357375316456,0.36570983214604014,-0.24257958356943876,-2.213088571236074,1.1723593814417215,0.15184768952996142,1.7323353495111709,-0.3300521546462512,1.9581596048046017,-0.7069878879638251,1.5869379964932209,0.35971589894922074,-0.34926861166462153,0.9020288692175357,-0.19132428196253667,-0.8693248185909609,0.5770946595089278,1.7070573693758355,2.3529589734875413,0.3532205198577911,0.7591944928926849
2.1498340575716015,0.35302664856823734,0.534481823965065,0.35844776650306637,-0.29399224318263384,0.4277645269688328,0.684833758282914,0.1830483855359307,-0.8620440798280947,-1.180948982226244,0.9591140005484329,0.40820685260522027,-1.189326795159588,-0.06968968876070683,-0.2812281281259828,-1.350333527538699,1.2207828557779212,-0.646068513357819,-2.0618071155013613,-0.012517580424137165,0.08726980582682788,-0.11887003866506936,-0.3426436087062286,-0.5514035850237253,1.0701965324405691,-0.5745585435108418,1.2769337189796406,-0.9491922777655644,0.496815525299338,0.6243869977094043,-1.4023163213750713,-0.08856713049714451,0.6003980101519611,-0.6749197448889216,-1.126012677066826,-0.9108379377894015,-0.28700899580406697,-1.2872398767174738,-0.19540758608199693,-0.22251752128344945,-0.6038175407084025,0.34081971175049053,0.2314061150293753,0.8632259241606542,0.8856086606131628,0.6940098587036679,-1.3475256357100276,-1.3843609967949122,0.4314959722152547,0.4461186217185728
-0.36649258191901796,-2.0812621181401836,-0.28193485680038755,-1.5549372261408476,-0.6542350714910616,1.629566971277261,2.036205132762753,-1.6471395465610912,-0.9651103285096655,-0.755401540177018,-1.4397581181778012,-0.7413724544347471,0.17990911611417265,0.6398421426207909,0.567879194480555,0.8757277709168716,-2.982565231298507,1.7083163803891612,0.5270745900312529,-1.9539088398893276,0.33725703409326174,-1.9298476951706738,0.028329007370572735,0.49411483871454903,-0.240489703238592,-1.8524617975932418,-0.7355164338703682,1.4331438990256544,0.160785687357546,1.0035315230688566,1.4126432129825115,-0.4441021188084504,-1.5624501381416303,0.04394080504943662,0.5613107244617519,-0.6496426044661974,2.310498886726493,-0.613562664535284,-0.8758860583800705,-0.5812225538306037,1.2225420402746843,-1.790592647184861,-0.8361674455876222,0.8387791176700002,-0.024874961241759416,1.7261172739136028,1.641687850349695,-0.3616515981887799,0.39885884928795484,0.4158858336241965
0.9056765918418765,-1.0040210395738092,2.2472004085432333,0.4825263223494688,0.15429019498490057,2.0473953154007942,0.5594665566474102,-0.9699246968469434,-0.8213960684613514,0.5002407749506885,-0.6262633356771752,-0.42871117931156005,0.3365633519028603,-1.2349245087248584,-0.8582448243323693,-1.3550724753422552,1.718981486968501,-1.062291995827758,-1.3297184515189135,0.2063125758164967,-0.6088308244965612,-1.1738016492700791,-0.528459678539243,-0.30534009152092134,1.0262046636441904,-1.4768417380197942,0.5434232953634129,-0.19688857998005374,0.3320251304898778,-1.8437203066085996,-1.1821962735078337,0.40009757449302574,0.12206744323612496,-0.4259615881100169,-0.7096220540936232,-1.280266599251214,0.8368442708958805,-0.9824320468467734,0.9816301681111141,0.8657886177497223,-0.8956998486994209,0.26627782533249955,0.5384455724097332,0.11141314314476591,-0.6616302698445656,1.3037377397231358,-0.3513299974385161,-0.07717799680249196,-1.0823435764427685,0.8978548827461275
-0.4044618409990259,-1.5267659900149964,1.0837442114622142,0.7877960442159627,-0.9583835577175596,0.6571248551339471,0.9147204289366695,-0.1439779447177758,-0.3033396918341283,0.5621979884195973,0.11099241552599219,-0.7675534175937853,-0.06540510640229803,-0.9369102832381149,-2.238562454165694,-0.5275817576124658,0.2934093256112159,2.141436429913461,0.20913093717726147,0.14787315779090718,2.3644928444855395,-0.1364479086891143,-0.05900709521928448,0.06025459666060188,-1.3618593762243003,-0.6692558172753857,0.7858476148670916,0.35400792637996936,0.917786669676817,-1.0251641410210248,0.365059677499863,0.13336931105617428,-2.508628758557585,0.5647641700045134,-0.8966380609877718,0.1338349851653028,-0.1686298510562586,-0.20422248969219023,1.0438889448985265,-1.0933871054353457,-0.154696055869671,-1.677351942971054,-0.1902248938659472,1.678836044902038,-0.6306860760836612,0.8185292498003013,-0.9347015869138862,0.20552148189857142,-0.717717308235844,0.08948456321209178
1.4217486537797202,0.20691572199539168,0.4268286442137187,1.2792977249305253,-1.3571366645076544,0.10649662652968828,0.32535497674291003,0.44571406823727744,-0.9197961387104542,-1.504081266463967,0.6789429706799514,0.7049137452478514,-0.3968760029287572,-0.3158781806309608,-0.8328784920490654,-1.7671956885754374,-1.247148685709373,0.4640325178643284,0.49851091666926733,1.4006655593095911,0.607338908445833,0.586616620323116,-0.6497678089729666,1.0255194075436154,-0.9372164771278524,-0.45147017453564353,0.03705442511687429,-1.0226062940212324,-0.7766071660129457,1.0194925881476937,-1.1828690499806476,2.1150943714515886,-0.0027866669297568034,0.9157947889684029,-0.7101472379571311,-1.7113385331211088,-0.7265156262011864,-0.6593122980566238,0.11563029950806827,0.4201449399146022,-0.4379279545670347,0.9548208626166751,-0.06032613364030967,0.021184782626066528,2.088839681180388,0.6177816763629597,-0.4928028831195833,-1.7300406902748298,0.15764222081424892,1.3396204074776277
-0.43452395008671146,0.4291456252463509,0.31143188283693873,-0.1053468124853519,1.6458013499260993,0.5398857659745329,-0.6176110311189865,0.9824045847796816,0.5862571515215604,0.7802285716001803,0.54274329770232,1.25246640038425,1.8404950391951322,1.1903790358417137,-0.021017829498569368,0.9204078382234867,1.7765486614464878,-0.24237138477720332,-1.4769421894990387,0.34334794410438685,-2.009492667049594,0.33090009469087484,0.6192595807358123,-0.006216828511959668,1.8554503194327734,0.5955682845182325,-0.33044349813829504,0.01078613936000736,0.7245652897129986,-1.5430147721960477,0.9916804297468582,-0.6975277044039844,0.03645004228471837,0.7864310427390885,0.8294154881844354,1.787332498926576,-0.9059037965532484,1.0178984505488962,0.5535218574440066,0.3199527325635544,1.0946677706247003,-0.532132218166782,-0.18388930176773202,-0.4443598031187355,-0.07194923160245185,-0.6446348546550709,0.5376686350532071,1.3518435123890722,-0.5763323269846873,0.16856320518943368
1.5896600728296202,-0.4553683108426231,0.407513300323618,0.0750796871017044,0.23442781991940334,-0.20552065840509956,0.41748911186873583,0.9793375058356899,0.4097272111973615,-1.4082422935603256,0.8997992406130301,0.3237868483866825,0.2294586395704836,1.6239534651905574,-0.8854199813389287,-0.015200497814545903,0.03824832581050768,-0.2788619083209442,-0.8199791645207157,0.9099239834828238,-0.6952629097496659,0.22283299516225125,1.0202109986730943,1.7347003901215874,0.31679891215980477,-0.5451682070558963,-0.3431128827543006,0.32936900118758616,-0.28693052203021213,1.3389565900394018,-0.21111452096184807,-0.4991912119310031,-0.3448473492802876,1.735014879066907,-0.48528018076068546,0.347101445577399,0.04725386057172761,0.36316202373187767,-0.3163950359504133,0.689631338483606,-0.4803131203735413,-0.2132037639625974,1.0395184315251769,-0.4521543207927776,1.4230298462999882,0.3075491680267451,-1.5398394399011244,-1.3455291510959015,-1.1224027636924434,-0.6106440061704126
1.7969372743069818,-0.4137944398647323,-0.018200156153969187,1.495178770794279,-1.4090446120830065,-1.7122372160972736,-1.4129073523426854,0.23464783278648177,0.41775974644862746,-2.361085818267166,2.3240475699032315,1.553595821919249,-0.8838947221661921,1.3190262401522617,-0.3760175380298153,-1.873941058717459,-1.2264187764981795,-1.229654732353422,1.049140313660505,-1.0280283753075505,0.6128393927000123,2.3663633187588555,-1.4926760050154566,0.9209921793124266,-1.101264313950994,0.4884530686325951,0.5643211115249954,-1.2674919926763248,-0.17487492838383997,2.6001295548053838,-0.036775868280692264,1.3150102832072263,0.4439332038961926,-0.38498024648876494,-0.7922206871961032,-1.7146768746090413,-0.9723904494622749,-2.2052551470049635,-2.3160959699617463,-0.012300609749989555,-0.2411865368971922,-0.27702426807439967,-0.5637673440493515,0.10030641607562536,1.7607744657506545,-1.0766109873297098,-0.8782009798210457,-2.332744734824913,0.42936088601327194,0.29057505516386783
0.8178809430177258,-0.8470348685433395,-0.5123164274066458,0.8524157830481193,-0.10848763572573113,0.48440155766469895,-0.6069670731532489,0.2640858229360765,-1.007116740334443,-0.8917740971572836,-1.671899331520356,-1.0694891259775925,-1.537884228115572,-0.04430770727818476,-0.26990456447545036,-0.9462392594768121,0.9005888285243088,-0.47893206903471947,-0.3393113876630478,-1.1367730541784435,0.6327485693746041,-2.2864713431610686,-1.1253362596034748,-2.608895214937184,0.4296142323037946,-0.6410289302939968,0.49919056644681614,-0.6891603124061585,0.276206738469818,0.44329413469328655,-0.586305782986255,0.9524211697235856,-0.01294900622985707,-0.0050670803783114515,-1.7861999201606216,0.08075949888582455,-0.5305796436936697,-1.1649490778311304,-0.7987521999936843,-1.896540840190483,1.2130108045454486,0.5961695047247308,-1.106239995344981,-1.6612380291055955,0.02197684413791637,1.014940859320079,-0.7407097349336105,-0.6310816878173311,1.5097430233374851,1.8640076990534133
1.45057239427501,-0.8663891973125307,0.5504963248119663,0.44198890653294515,0.2232054521094392,-0.2305740122968989,-0.02761162083698894,-1.4049784175919988,-1.145805947151924,-1.681120259621753,0.9735405370113901,0.47367979670964977,-0.2914099857139695,0.5188895055590355,0.6659011842406117,0.13322510288295314,0.005514014468489259,-0.8348591081949824,0.09133200123039745,-0.24144767244865617,-0.3332366856803751,0.779771185099831,0.6294187014504223,-0.35685538149826895,1.022673439379276,-1.0641555862686818,0.2567948356456669,-0.4909545466407435,0.08404534300531878,2.087862694362612,-0.5145846908667346,0.7281578486852288,-0.18369367403643,-1.5274085562377377,-0.8750430470122442,0.6630362153328029,-0.6663202591650889,-0.8441959810126222,-1.5445777656454251,-0.0494694507617394,1.1716909112724614,-0.5250511563436214,-0.06263601076985012,0.14542344040759053,0.5057690709178494,1.377603919691215,0.2914288583466601,-1.6591276189337774,1.0355157841926803,0.49345823824153345
2.4783731631871597,0.7595137088850327,1.4063568636865553,1.3674818847464478,-1.2944435094016935,-0.9166432689935775,-0.922566035410701,1.2265541845263628,0.261075530936083,-1.1424917110859147,0.9435497115294236,-0.37131776812761047,-1.0857026914367098,0.7243188949589888,-0.3463648121561839,-1.947802476542332,-0.2221715120901354,-1.5770012746009139,-0.5437919596857274,-0.2958445450017054,-1.2182679683157471,-0.23342369610517094,-0.8498500107645869,-0.7626802850961799,0.11421796143236132,0.17922394710359632,0.5376359503712704,-0.9062422608399523,-0.515549199178931,1.3611052084834356,-1.651725642909344,0.7307368947985174,1.049955638766961,0.07823927245575577,0.5177437533170937,-2.1230588419731315,0.44495622769620147,-1.8689515488633326,-1.0970578915945945,0.05266354915894855,-1.4943657718056302,0.9601237120622153,0.2344407968226079,-0.16937827043264608,0.980861498150337,-0.28497360586642356,-0.928632143828916,0.04460033825045372,-0.4111225321998027,0.20331049275501167
-0.7675298632082316,0.10618585839391351,-0.3242029676127877,1.471491762447033,-1.3279721004721254,-0.5862884169715769,-1.0333923684445954,-1.0636923227536075,1.0830785981044913,-0.4313352598552348,-0.24134658463474215,0.3741277410000294,-0.6941521207514368,1.3276917164001114,0.9559730866508446,0.00026646475010546245,1.2860697096820068,-0.4052605988729962,-0.6048691946993123,-1.0377032085081654,0.2080889188454498,0.018222667747678684,-0.9457004217596094,-0.20849395198427023,-0.17073546195254738,1.5604896705475861,0.9876371588423704,-0.4776204289292011,0.9596277751063372,0.1507948973606068,0.6540664760794119,1.8913363758415822,0.25650731685464734,-1.7355446064132576,-0.18968516388469753,0.5752232320232592,-0.8482010342710397,-1.1742772183259769,0.008780178288303802,-0.9458210542078648,1.813335668950262,-1.3534053726699693,-0.6010665658087185,-1.3498723265366241,-1.389865884232081,-1.109587176477744,-0.4023551234098923,-0.6039225057300085,0.8853127524070852,0.005048473854924909
0.0059829823876030456,-0.34307933643390087,0.36912661334951624,-0.685990142982588,0.8018445637698927,2.4002555848389404,1.8504295989906572,0.3999719380251684,-0.5449671573765763,-0.29638592518287454,-0.834094254504217,-0.24658531161957656,-2.476904300102664,-1.1847470784768788,-0.43986803065066526,0.9411251846092809,-0.7703740518072152,1.9436917466934036,0.3795060097324014,0.6193014447734715,-1.067739491863588,-0.8939372364260114,0.4158819556921485,-1.4112123245740047,-1.5253869328501592,-1.5533525561113397,-0.46600603101320404,0.671947630611286,-0.1990827210903302,-0.09293346407701726,-0.22733160990927062,-1.200783703471321,0.11390661906270885,-0.36214821432676375,-0.9816300398853134,-0.03635596857005472,0.8736184541117069,0.2613441875350285,-0.427325535534815,0.4696472824623293,0.312736019521886,1.525990892344489,0.6226117118345538,-0.651417039668424,0.9381956706669069,2.117367055662565,0.8219652009882168,0.4885879419512496,0.7675789954832954,-0.6857704573030495
2.4429659641162305,-1.1373558715280838,0.14672262206397468,0.8219979332030346,-2.0004995679037414,-0.24563935842965964,0.6969619001365116,-1.171887425535571,-1.7057443759812387,-1.8495713339870006,-1.0809460645813782,0.6990148721378348,0.22638105618488794,-0.9451420553244516,-1.5372411239637942,-1.1582756518400117,-0.7762077417473512,-0.9235544294551343,-0.9887179913757662,-1.858204609588436,-0.2111771152337149,-0.8090606379732778,-2.491716114146574,0.09892907284383884,0.5524663936756705,-1.6246969223017838,0.368546020053331,-1.786145832848771,1.9221472770147237,1.1186295143746987,0.4189121541282379,0.37434914051530827,-2.3935052907582026,0.4627478111195832,-1.8285200995086002,-0.18462793630755736,0.7866893507783711,-1.9152328396689726,-2.205718527970468,-0.06448410213042474,2.0914271277903307,-0.24442530498449286,-2.066789281676695,1.5883225708750142,-0.3499303963747251,1.3641937109846536,0.020818349934796095,-1.5689890610576966,1.6029089299356765,0.4469324279921793
-1.3751959927810513,-1.1323031358387876,1.0654620702430333,0.29617405089330306,-0.13679036569801323,1.1835286714987856,1.367986962170375,-1.1945882092806877,-1.3292170888256811,0.6570502011479987,-0.47138996764847685,1.0886306933227134,-1.4808181133736136,-0.9562895552744088,-0.47679627857846535,0.20759877383095224,-0.679947914100144,1.414266112212725,0.727440644172688,0.14087557168462128,0.045601362491313045,-0.61460973794979,-0.099856936515164,0.14935372132545752,-1.6793003690087311,-1.702682088977654,0.20728350969210071,0.662090920511495,0.13012381839325565,-0.6215709337382925,0.22876837814611253,-0.05018383297777814,-1.1399610646253018,-0.32275187804690486,-1.232693296576177,0.013009974719283769,0.2095068248812127,-0.1737789776704011,0.2576182151466837,0.7907668384605429,0.6782494915201102,0.9680511431565048,-0.8167840576268672,-1.0715158503155253,1.0509602465949395,2.087912525330422,0.25770723505635873,-0.15255210372865735,0.2012202429427575,0.02870444753134006
-1.1404896397724056,0.35248577781069174,0.5236950680845605,1.285081551478646,-0.08464237218275647,-0.21767356288845657,-0.7488861940941983,-2.3683798806303638,-0.4587457046482703,1.1109420459656194,0.7898628641242558,1.9559332097870386,0.5494882710022854,2.291981877103078,1.0405949093483433,-0.5516592405890911,2.2215024614942704,0.3879974144191789,-2.0798316615752306,-0.4141037257044009,-0.10838988177976991,-0.19395551447533557,-1.1180078872071746,-1.0980081089580063,1.219895079220483,1.131252212365007,2.04829474240869,-0.5179031769438732,2.622400209802397,-1.963255306001384,-0.08658370990897274,0.7719887927488714,-0.09802818752284982,-2.2740201860449076,0.10127955538796414,1.91797064263468,-1.320912165671943,-0.7321165554647829,1.152870159030849,1.3041887673119756,1.598196230379128,-0.7849436145929951,-2.6795416404207772,0.7442280701059334,-0.4341707544849056,-0.5031476791004257,-0.12292379214972943,0.6776378851473163,1.6617415922288163,0.6267536667974563
0.9596313718734127,-0.2573510094029783,-0.05373385036293861,0.028421007388978677,0.07552523265737487,1.1190934285911935,0.5482553925542082,-0.2666606426155836,-0.5407711393552678,0.32210965389033774,-0.5805820710798587,-0.4461181855598127,0.4504513894300521,-0.11415524032725462,0.98563408801765,-0.7298702752389411,1.207021473788286,0.03673151005189283,-1.032580238794987,-0.9548594297530034,0.4226071986748371,0.34993614750119983,-1.4704325049647846,-0.6584342804064716,1.9624268117829091,-0.5554161354566213,-0.43649817331721963,-0.5862290761207074,-0.34966335013767735,-0.7361637317682214,-0.7053759601286089,-1.1167640450386895,-0.7477209371562725,-1.0971622624798123,0.28398272080300135,-0.6387050676763664,0.238136714911845,-0.8214609322957249,-0.8134741514323744,0.25350042645859894,-0.9229219843626933,-0.6727507890219514,-0.12237423031422956,-0.5915194080251646,-0.002116393889092498,0.6607301127327054,1.0913726084864563,0.6668808222142638,0.39274362835863946,0.2613036684467215
-1.8630460192942153,-0.11716512467991706,-0.3283402027237155,-0.7844747270736439,1.2212032378800346,0.33724493971695707,0.3264995574143531,0.24419877321495526,-0.4058098742301547,1.867594892119994,-1.0938771658545974,-0.5720497289928891,-0.07231356384320811,0.7532700575658732,0.35062903333921364,1.5990789943897303,1.133556805946109,0.9472186321713654,-0.23719790702826887,1.2197359868213344,-0.8561067944866887,-1.4275141830686577,1.2034698554930454,-0.36073171361486267,0.7497747573487503,-0.26227371461884563,-0.11530101681571606,-0.3434481930936838,-1.277179128708525,-1.4051060561156343,-0.5663336399450275,-0.564961726680854,0.6655762366909748,-1.5325201597777955,-0.48989619199778467,1.5890984030441675,-0.12933081313136013,1.5436737495517912,0.9064630540605534,-0.20842377344091334,0.6537400883150339,-0.37430109550565277,1.0341014158568915,-0.5411058203021717,-0.9134507451700907,-0.10834756596325351,0.541927972195813,0.5568679911412822,0.19779751295644188,-0.7364641715845472
-0.5308685016032442,-0.92167656726497,1.2682416451825267,0.44524136712732565,-1.2605585811240463,0.2308529198774094,0.2289607355339188,-0.8380009259729982,-1.4086283255863703,0.38265376216041413,-1.6228360436709757,-1.3347904909006392,-0.33533860944317434,0.32346855905981436,0.051344571456894014,-0.3123810974050018,-0.3309907734479485,0.08394685363987905,1.058736816035453,-0.23061672900575184,1.997412382903125,-1.5226169296378242,-0.002116977370108194,-0.43542044223275816,-1.3466600823309423,-0.1769679082430462,0.7791680620099266,-0.7571056523874976,0.3023777098674055,-0.44278622817570895,0.5867873656269578,0.05770751172312328,-0.8846060224222176,-0.9308530762964886,-0.19897538393953276,-0.4686987943844218,0.9926537652960868,-0.5655463193713106,1.459561291540686,-1.0637671336177685,0.4696881416634527,-0.4445618083821259,-0.46912246823602743,-0.6147535198013017,-1.13669122595435,0.5737646174560359,-0.32577157012299773,0.8101948261562063,-0.03069282385192623,-0.6151735324033999
-0.48183012433478095,0.3036348230357885,2.748187808271323,0.5351497938522837,0.644075403967194,0.013379676539181503,-0.8484877603259565,-0.6138514725984109,-0.1716996727187869,0.3332577072091944,1.2157088967436849,1.107627079867181,-0.9004125954330484,0.8232998555472422,-0.9126931526187761,0.7332120044032949,1.2016259855080256,-0.41466242791538077,-0.43580478554724517,1.5329673460060589,-0.7867445881596855,1.5792034453913868,-0.5673066173576408,0.21411193067023956,-0.5773982004977896,0.8473177048039121,0.2290285613860567,-0.7639875869084897,0.6050335938926428,0.18213917609333502,0.29036152641126695,-0.5267250149413808,-1.1118324248787534,1.2082327355323483,-0.7148335442352041,1.5729718784730755,-0.8417667664703896,1.4721452638817958,1.3057621322736188,1.523972663676323,0.7769281374050899,0.24453876876016323,-0.48193783520739963,1.2047300239674656,0.7506169024100365,-0.5356639146007823,0.34284597901559244,-0.2515637971982446,1.2046641039299915,0.18927859313628465
0.5880111453142186,-1.0366973869833498,-1.0504319213781455,-0.685426768318781,0.41033907016624577,0.005405855412263549,-0.44123826375918385,0.012912593847459498,-0.6521494581477416,-0.9306969542174506,-1.4174420066410651,-1.6081651837646849,1.6651732983081,-0.28712967649085586,-1.7819727806910675,0.5467798623711705,0.03522758162350205,-0.43014213791335687,0.5173796820822565,0.0026651215619555354,1.1955853437451796,-0.6564868984447324,0.4323531774270263,0.07324240082446794,-0.30371767240088565,-1.0925697887940675,0.14503659505826486,-0.38570866587322433,0.2546391401664612,0.90909884797908,-0.36318135016640846,-1.4486244841450826,-0.3371405669788124,0.693673153543239,0.4211231063533031,-0.2436080814416281,0.2582147986097304,0.9310023997412434,-0.6489255433233068,-0.3564504071097548,-1.2728758294075158,0.2436996701056862,0.9024821478642098,-1.9651616586706138,-1.0066774923999036,0.8588576329001777,-0.4601912555637481,-0.7629474879129929,-1.3757882385952704,-0.03143376707782475
-0.7164208677039541,0.4823075827565798,0.9539653919499391,-0.3076317344944816,1.494060891584159,-1.5232119988229018,1.2975922063481202,-0.6575496658768764,1.556572632584226,0.02680089501688643,-0.6515406619430718,-1.9404822478417603,0.8833127273850564,-0.7416448228131427,2.0631009151277175,-0.1754702450834121,1.3969205837875682,0.08239929123056891,-0.8680100907003394,-0.5035404953303518,-0.10228380159317625,-0.777150040833798,1.5007281778645856,-0.20845162904092582,0.6601547963435248,0.5464223343294129,-0.7697828501281001,2.0742625655068276,-1.3113014876115663,1.002981198765741,0.24572783171300014,-0.5589483809488061,-0.5227726474345049,0.002884492584211762,-0.05745915766758071,-0.6399932034545759,-0.6429160753946875,-0.09197337790134423,0.2542839750771487,0.14242863371984463,-0.5256145117626063,-0.7230479967463908,1.546113022869009,0.7148507272610123,-0.20280541638543384,-0.8459260161308905,0.05866256071190268,0.8140077897969525,0.6324675689187241,-1.4155064133201898
-1.1270077505799445,-0.1519665643081151,1.1270818353112488,-0.22902427983443716,0.27321768073753194,1.4021463147502795,0.12701559657811634,-0.21847212291540816,-0.21747999153179476,1.897967266986262,0.1617282571188263,-1.4665581639671281,1.052099892695965,1.0855478754275523,-2.4654875078191356,0.2565840516419968,1.8293894996127633,0.47820622941385194,-0.9993536541884757,0.3749648541310899,0.6510493674897001,-1.0395793909994213,-0.35935469044857715,-1.2093419979228301,-0.15182522835024306,-0.18558225269731757,-0.12609873930973062,-0.11828835061715531,1.1768615053578064,-2.3687776534125,0.7812284813124211,0.22911800123497672,-1.7894464943509896,0.3266576467808656,1.0681611720719204,0.7134152065210398,1.8591950088457643,0.853102325170513,1.7019162325891348,-2.8113744700677636,0.2035968015568088,-0.1918821822484044,-0.5800453151198205,2.395594700807231,-1.7862640933087162,0.3743111904114393,0.5548774013798909,1.623393752276671,-0.9537898633819893,0.44404235149096977
2.3346959118739137,1.0579998308637835,0.7561546134989588,0.26693582136578475,-0.392391960846401,-1.734309556677166,-2.3308162577890434,1.2136197968302906,1.7286611297276298,-3.100900532868971,1.5413974693107073,0.6784981286547417,-0.12760377817516103,0.9279163888733107,0.6295526334679256,-0.8043374407012954,-0.6960498353481572,-3.6873424787790854,0.2251960425210604,-0.2873953119084861,-0.06712883239334912,0.6976233147232426,0.6187918618184659,-0.5568862818192053,0.39853710962221267,1.8952036334800002,-1.2972779008863526,-0.7647502012543106,-0.5726939450583635,1.767026888124816,0.4826455139382341,0.45201076707248794,1.0325840463707199,1.217396364166805,1.3218770270551587,-0.531515867280138,1.3362418067925583,-0.6209965961181412,-0.4212642255583472,-1.3645949327027251,0.30568871058444785,0.07745775351001181,0.4056940041554471,1.9587698813809094,1.3633791364698946,-2.0997139839716508,0.12718103063993008,-1.5724417512081192,1.2884095139649303,-0.8264569896514997
0.46832350762044667,2.252216476435154,0.7904620648481474,1.3294728729122747,-0.3753535175851869,-2.857353208744054,-0.5694772513149827,0.5864801848232415,1.8207522653005694,0.007919909698649228,0.36641930431005576,-1.2987153284971262,0.09954662157086396,1.342283637474595,0.9464516900073875,-0.7422034171712033,0.0893181200754115,-0.6662294014070093,0.9878361921168809,-1.2353252225451197,0.23619219146254344,1.3165543733692884,0.07353422901891808,-0.6840779161971846,0.11682805166049293,2.638023239823991,0.8497083637825255,0.41878951430412104,-0.9837712343093825,0.30706465750621675,-0.28522044700826765,1.1713155847565828,1.5748633814164137,-0.2528844887367581,1.084383235483983,-0.69246411848237,-1.0155450150673595,-0.4385343618639437,-1.081243988168052,-1.524040578988918,-0.7110244892970674,0.02169211937216574,0.5734734739823746,0.6567063591265369,-0.5553324713938744,-1.9478786608902083,-1.1169915187586106,-1.0150667269278892,-0.2377229548034114,-0.7660014768387752
-0.32849143466178343,0.34167078791616695,2.594635711974694,0.49666837886338616,1.0542564676142647,0.39019436239886407,1.5381568947028534,0.9935752567677895,1.1562413018786097,1.1091517067799666,-1.5689433915749704,0.01845415568580658,-0.6731882409989933,-0.8577239359699755,2.0654998386394583,-0.5333145938979966,1.6827637464254546,0.6400293100804296,0.026510367020072284,-0.944758129399868,-1.8691833719059987,-1.3947533570654722,1.2472559511608092,-0.7746537357397068,1.2435895688936518,0.20564785787728435,-2.1217857480588767,1.810746160334482,-2.2825973343217023,0.0977664519217197,0.27374576332071693,-0.09076877961190447,-0.9978902199420332,-0.859042862610121,0.013158284589697809,-0.0458662169850015,-1.2405234255174913,-0.4306174315622623,-0.4090627072692808,-0.133969145313934,1.1045380370705917,-0.07565582246995319,2.6334056989154884,-0.08531454094938688,-0.4720615690856793,-0.5754630102051367,1.7456443349732376,1.0204872495657178,2.209901337347333,0.27799793840729176
0.6595774342612183,-1.0480444075295,-2.2606229568870386,-0.39075260185735256,-1.2006381776920039,0.9131483151527982,0.4979320610872346,-0.6420967108655473,-1.4389600049141762,-0.08568339090106133,-0.8647592987010635,-0.32993258564730316,-1.1723681053169162,-0.9896006772143329,-0.5038393603900078,-0.4039946201602989,-1.189523578026295,0.5359418950200128,0.9152052220521544,-0.6894977874808399,1.1639429346124304,0.0866325253701085,-1.4980753228174992,2.0813306600717127,-0.6737568863572666,-1.0232053583788459,-0.4412373410856107,-0.5966514740070282,-0.17826780665489553,0.5165426393957053,-1.0696967438554548,-0.5215347133010626,0.3250761799823907,0.30965286875006165,-0.41539151184445033,-1.5866032543586455,2.59340105458632,-1.2746297431419185,-1.3501949907890234,-0.4450612419110642,-0.2871619353990372,0.1813239718531264,-0.24177804427721722,0.35205374138380297,-0.6186617363621526,1.4541938085766954,0.8644602487389982,0.4351570862460158,0.42847081096976697,0.0845562620670358
-0.77787867816341,-0.9167838010480891,-0.34937633575278254,-1.0663812008464997,1.393005598047583,-0.5007796122326889,0.8650157800495392,1.0204733860902782,1.2521244132505156,1.3366998609684864,0.015915783883907183,0.26120528676487126,0.21891797483650396,-1.2303115720627145,-1.0607895992867555,1.3147706395611756,0.2598273291659285,1.2836000628602902,0.1526857659755576,0.7621215152672182,-0.12883212436813712,0.6863893388417135,1.2856361646528836,0.4934190667572809,-0.5329252917152015,-0.2467323230202645,-0.4362940620110772,1.0395967049819275,-0.17116106224003877,-1.4767699079793877,0.5546990758259407,-0.7430744310230051,-0.6757066103787192,1.4180430557045638,-0.2680909892072993,0.4998360688918547,-1.0026957185325036,1.2887711868461935,0.946680971849376,-0.08920617692380028,-0.07917471992949254,-0.6580014132201325,0.8189193150512388,0.4307239570808134,-0.189524721267584,0.06127507642957594,0.09311478058136927,0.8783480430103026,-0.8775030659775162,-0.3206672456072187
0.4551054253400744,0.9952627139381988,-0.30598568186393316,-0.2022191152645552,0.034364394955389385,-2.332446044255715,0.5439868241797348,1.0862280456211975,1.1679525523730496,-0.5902856244977096,-1.4911419242345552,0.2047813155116591,1.1347178155974984,-0.8197422513519896,0.357731076319781,0.5842445671353836,0.023550493223872516,0.6167601747330858,1.5141891914024332,-0.8746857250247414,1.3913391232643049,-0.4466820247871438,-0.100958708721791,0.023341682340863847,-1.169518229841053,1.7994946977778623,-0.13017585924309633,0.3965534039088441,-0.5517380814872906,0.3086827431813964,1.583386861315935,-0.5812683701380083,-0.14048358378791886,0.5308351270881632,2.451106590382238,-0.4659608047409672,0.47176489798876886,0.1383172491879663,-0.37774777080564603,-0.47102065459817094,0.17193174405813974,-1.189184181211764,0.9655023077646951,1.4685838161602496,-1.559049049351659,-0.9028144330126524,0.0418211809907349,0.254889682686189,-1.4675893695576483,-0.892933149559057
-0.8882734959505436,0.19038131110408368,-0.6492463833932058,-1.0868846946384791,1.3100325483158515,0.047276236074714005,0.25949417718579687,1.053500933513042,0.8464304262998578,1.388703661460741,-0.7751908309652069,-0.44839402215993823,-1.1220101991565963,0.8097978314458335,-0.34673189046742725,1.3753206828165707,1.0646109509674524,0.9983234327001156,0.33369720596626223,0.6667866313097821,1.1378733879978724,-1.273410049473473,0.8037540147647215,-0.8257633723339782,-0.9169055363504539,0.9010312852495008,-0.49225220348629767,0.3526894197998783,-0.5614266318217805,-1.0348977142445899,0.3166085072395733,-1.7786433910407249,-0.21466720673716963,-0.4333611614394074,0.39942210502083686,0.8569351961715735,0.042594250074743094,1.082047455479649,0.8692928217359388,-0.4701724126874287,0.3469737497966737,-0.5969436985019714,0.5346464958870067,-1.086132606065364,-1.5453494446006917,-1.1267221724552687,1.3681110719150893,0.46464598240308225,0.6574444253247635,-1.9470180244777542
0.2718876893632572,0.892055037583343,0.2068015984846339,-0.6529365493435465,0.5075181790118126,-1.3271402483055759,1.1744395437199011,1.6956116273674295,1.122982551653085,-0.37114011033375827,0.709271200314623,-0.10307700796589878,1.0204608381091795,-0.17325329295764672,-0.15554060215500037,0.3031841775710979,-0.8749444317092515,0.7370934563176347,1.0805820492121367,1.4586677988341956,0.03774726552279397,1.6227573347060902,1.4551711618905294,1.1910667969271485,-0.27610872333933756,0.8619773336912415,-1.2252242772778419,0.6672801100368242,-1.170727172453468,0.04589583539583555,-0.3469039709093184,-0.10905586137012803,-0.224220883859203,0.6619352131651697,1.646205462359274,-0.5356623689105218,0.16671129871152324,0.8516589036345137,0.7229731166195337,0.4799173892157101,-0.7564414044516532,0.4673074700052778,1.0954067728514272,0.8841283539934099,1.211276170450314,-0.4064965253867228,0.3885654347234189,-0.25356071675281167,-1.0374954299084695,-0.9903019431511286
-0.42676045425438147,-2.350071034564458,-0.14126359132027652,1.1094672590296644,-0.12497334082804124,0.44570483291148155,0.19958554671589196,-1.238511500685628,-2.492841668864971,0.6760269537542283,0.3144642949131588,0.9814539451776683,-0.7173996021364069,-2.6647197669995206,-0.4734434573640458,-0.41617626229231536,1.0786578513747846,-0.49641770397872637,-0.9306504422811606,-0.23273750827306977,-1.0026618503504696,0.07430750930118707,-0.9097848151533253,0.5706794821619349,0.7851614746581332,-2.8691434451540117,0.48607092699627835,-0.8432086069525017,0.056935364560507046,1.1986018236894325,-0.531800177437247,1.2570915629224957,-1.3450630170218203,-0.6362825188885899,-3.571990229708406,1.1014194213946755,-1.970054013947464,-0.09750321160609202,-1.1218090739215225,1.047229740518324,0.9889420859194207,-0.2669813549251218,-0.23882452443600577,0.20356149881953506,0.3369879821941424,2.665852283675739,-0.18563701810035294,0.20703255444698604,1.45551739045795,2.0159567227842197
-1.1410245439636888,0.4924067189048171,-0.22836949692262845,-1.6927736710776906,1.1897645635909622,0.5276464091658432,0.9540740966607594,1.7165829136747595,0.9855944781180168,2.290265880864697,0.3768515947426064,0.5351325417042809,-1.9418722098153778,-1.104038741680669,-0.641715984417924,1.8098486037803747,-1.470134460090295,0.5621225058125084,0.5878657400684411,0.4934591648739344,-0.010809099082463972,-0.745167557911192,1.1753352827877548,-0.04091281673064054,0.10094362385691107,-0.37401065033822073,-1.8043542958455994,1.4778639935204678,-0.6140083317336884,-1.1873128461336222,-0.03896695233607786,-2.636626885428814,-1.360653579494507,0.693709864610047,-0.21070019728010667,0.6280522577230813,-0.28023261967235324,0.7247275690732368,1.6330748559669792,0.19265405285889262,0.5128999762153919,0.8958606480607921,1.185070613605271,0.8102610544455006,0.32120484297840446,-0.2084118288298407,2.744531421505936,2.803623553959412,1.7188920948278885,-0.9948887327288687
0.7234142833735627,-1.4062861386480776,0.731223842973527,1.172037292178372,-1.708264412114734,0.5079967104084002,0.25455106531400623,0.9950641537587651,0.21902590756047874,-0.02808953723199279,-1.4975951716184523,-1.7785799068680108,-0.5910258013460734,0.11412358818531777,-1.2720661034319771,-1.3395945819483766,-0.16756604014763385,0.6914325415422417,0.7647256761900093,-1.6538017070276398,2.5050561334052226,-0.6036607904139252,-1.2217141285276676,-0.38391584129429446,-1.5468545392656843,-0.9065046436937751,1.1813572594684376,0.18843239160394512,1.1423394964377462,-0.29001775341185504,0.5556990898578978,0.9299239049260936,-1.0455348550575267,-0.15620834687309215,-0.5296993646196396,-1.3198889526359265,1.7573481520811078,-1.113711494003049,0.6810653073244344,-1.2354702996200928,-0.16449715072317192,-0.2610435211484487,-0.8470696264396833,-0.2163689945500122,-2.311736280216966,0.5738289117965304,-0.2289159996243245,0.8527659774808724,-0.07353063289648742,0.44602624020308484
0.04696445882295884,2.6077536958940564,0.5567436316786618,-2.246916236559278,2.73649903125789,-2.8661333486231024,-0.9721519332903333,2.211428002254315,3.155177408138337,-0.8331627442953174,-0.07951031186132645,0.007456341338373789,0.7456782245694422,1.0298038642982619,1.9120437533701704,2.2177076213531937,0.17149911671257076,-1.6000354200412141,0.06815076539587411,1.3495922951867567,-1.3194639803094617,0.06851671536038424,2.2028338809634778,-1.0004976725579529,1.1237201872829021,3.0821228602206783,-2.063494497692412,0.630199814107277,-1.8777575085299885,1.5333022924306106,0.12457651289289,-2.783394579887335,0.44555429528357654,2.878722517835023,2.3050362166218115,1.3938482509861907,0.9626379459441398,2.795041253318758,-1.3300402974612238,1.1321519402339286,0.11029574798206386,-0.8491965572256989,2.190697179251768,-0.4081392325215674,-0.10196582216231573,-3.646331730245015,-0.0007118870912610333,-0.6836351132401977,0.08808922080428248,-3.2018239346891706
2.8075657699281886,0.18649942019497615,-2.4585932651231235,-0.04277350772997634,-1.2091800994372837,0.4705735937763159,0.32792705554094,1.1825524515535861,-0.4067250777600834,-2.056680065006053,-0.7140806265992065,-0.8125994896902842,-0.4286830699999858,0.8184614656785504,-0.4387598306120268,-0.9892988957877026,-0.971390560232736,-0.4671679266255139,0.05177080092061584,-1.0549995622864425,-0.2600836959894096,-1.7422505486071167,0.538753202251065,-1.1131159093188974,-0.49859210211894817,0.08984462672985292,-0.7566187693652955,0.3892308257043591,-0.4030956472597887,-0.10243487374230416,-1.0662555115517418,0.571942864429731,-0.7017426352695998,0.41818801993297666,-0.6080961558125122,-1.2400558452122659,-0.09385415819343892,-1.570928746184167,-0.7215468336498375,-0.7657460344407825,0.02197259749279341,-0.74525935660231,1.6042066571286697,-1.2361038400443778,-0.7197097656515028,0.6289485087769763,0.5891899357228015,-0.5373918577257774,1.4859577753522493,-0.7967294771120077
0.11719246640655578,-1.0969702526455363,-2.0600217161059637,-0.8424235329731697,-0.8480891870167565,0.09533160298717804,0.8497496591165091,-0.08191381561210236,-0.05637369243928872,-0.43664540884851777,-1.5673660775518412,-1.0301902230722746,-0.10979619661525433,-0.12743943787180095,1.233112028059259,-1.2236872536842467,-1.839804992389036,0.3001358744315382,-0.09858820498956418,-1.6091584089105788,0.8047108912271344,-1.1136212041863423,0.1260806103087724,1.21287431557215,0.8692187398160524,-0.5193591498117685,-0.939958336294416,0.7146019363202174,-0.953760189325536,0.7225536544104487,0.2770330341770577,-1.0399601853511071,0.5416133113751675,-0.45255511517683866,0.8060301379811547,-2.431458087814293,1.6703526256459624,-1.4815387073532307,-0.9840643730686532,-0.1256114100220403,-0.9209983146397412,0.1243370276918485,0.4215205237582717,-1.2135854343230805,-0.3247091148541928,-0.16133457502928308,0.721683620694961,-0.25181489979122706,-0.34592602149554147,-1.5612724993785907
0.548568350411468,-0.5675483803083409,0.2247609672428108,-0.19679887993928577,0.01422950390474587,0.15964956238433844,0.26996014858003103,0.12121979652059188,-0.7121147364266862,-0.7142021143476638,0.09591783180171276,1.1857851391488297,-0.006112947488969643,0.06885081950033015,0.09328848225045297,0.6718394140120242,-0.9841328333114607,-0.21699153547102634,0.8512312805078559,-0.22040346765005217,-1.5904410079544702,-0.07664369266018611,0.1434860654341113,0.3859045818990724,0.8912270163066196,-0.5604240149488282,-1.4626776329530204,-0.3254442983309951,-0.9446410009432556,1.371217986478076,-0.3363984500890731,-0.3227613512878467,-0.5456078029243822,-0.6475294392499318,0.08757766775858175,0.16106217261654726,-1.184405923142177,0.012049575433861367,-1.535709805704342,1.9033207636551133,-0.6817158540958954,-0.964401194216762,0.27805508212169944,-0.19681678222724772,0.2029715122326698,0.9823568313221509,0.8481099964070977,-1.0462579846687037,0.03363119028112977,0.3509601979509009
0.8017170367224489,-0.6058034549907914,1.7328354134882975,1.4931135670040567,-0.8748561763705577,0.13613122147651852,1.1298769154027941,0.16654961951864355,-0.8610942250577728,-0.14535169876875664,-0.7142572061069551,-1.5911045946210842,1.2138903438798485,-1.1650928324349956,-0.25028445693429774,-1.4629859851231448,0.3106982825808036,-0.2670902710961317,-0.18112750270900096,1.0217465060352335,-0.9687221905620969,-0.32399478857584335,-0.4623880838613278,0.33810826739241795,0.4646113672719392,-1.1067451461099673,1.194209197942891,0.22905395559345387,0.3058563526442121,0.33910565645786667,-2.778322279376429,2.408510071941554,-0.26849318989083454,0.48825453809365327,-0.8455121467389946,-1.5330923987083576,0.7241413145986972,-0.7853658651334464,0.34747014867453885,1.9921444145609801,-3.4162587805194042,1.1484392810429682,-0.16772563230934062,0.19136262055110367,0.7849972449500334,0.9391648968108296,-2.0750758162302128,0.27566836269579253,-1.6448378723135886,2.211062947337893
-0.7319085081447944,-0.5318169690455963,0.6042963535144881,-1.477816325923429,2.084451664878926,-0.2828130867754405,1.4756306058147264,-0.6369420198066033,-1.1574707850173378,-0.3221360043571193,0.05078364166587541,1.5475777300572127,-1.0435659157502577,-1.936960259810095,-0.057079963399141745,1.0643031495401138,-0.10392734183928078,0.8925457355248086,0.1523771924654689,1.8461210511434818,-1.5757546691459252,0.005316568852219077,1.7531214280717333,-0.6415913138309309,0.2507449041992594,-0.24114128695005002,-0.332326663158432,0.21791647403025163,-0.3059755814776355,-0.09858642518899831,-0.5715466228707147,-0.7494794918389908,-0.33769721579310663,0.41688339720346496,-0.0865556363720443,0.5518900714603214,0.20172921201315963,1.5419861673893047,0.20235209703924256,2.1725812485487004,-0.21590944104139678,0.5084345464919685,-0.5651574727811887,0.02545595712638112,1.2214790776747493,0.6549177940571255,0.8292212439921065,-0.46991988607415847,0.9146275094953082,0.5150704091186313
-0.04186392223028854,-0.7261573213163408,-0.5459791927897724,-0.038853183532290364,-0.07806675464211991,0.40121672051800844,-0.04469757101718193,0.14010267080593017,0.04449797833977525,0.7880867105078542,-0.05392904777750743,0.7920307902648578,-1.435612848137325,-0.00366195768069034,0.3403759199076801,1.516207198626112,-0.7902416614426866,0.26166493280782716,1.3243722561723925,0.5993771876005278,0.17861945923330663,-0.6200218486868251,-0.2321225491901716,0.020394763999210887,-1.1807403390092488,0.09384820457885953,-0.45297113142499107,-0.6045660174540685,-0.7046292860386544,-0.719890621892011,-0.5185091430426567,-0.06925168210688204,-0.17331594144371087,-0.3357778567538563,-0.5872656401179331,0.4726573125780096,-1.2771283548910042,-0.06976723865419347,0.34871092464467746,-0.1438685308021173,1.4292741051687154,-1.8646339121304538,0.3111126129654971,0.07807092875621988,-0.4544105381809182,0.1337700759142144,0.398345615983228,0.6532748018650198,0.519675251214908,-0.0035309633978929315
-0.9794030304626117,-1.0389092795197936,0.642978995623151,0.24952986022841864,0.008100268629835596,0.9924164326859933,-0.08377522103114443,-0.32285262184211044,-0.24001494207991259,0.1423664626870288,0.9672101481501808,-0.8885072510275098,1.0212399393899516,1.1483244638003278,1.2571509671165406,0.024993098296601318,-1.1042048388321126,0.17238466465883537,0.4385495758850596,1.6551186884803606,-0.7824609034247122,1.4251504346821788,1.0901410094778292,0.1361276690007776,0.30470010648367885,-0.7539978830263012,1.012773902001984,-0.48586775518391107,-0.8890656869709476,-0.10513508140955911,-0.5781629565510978,-0.7760675674582327,0.2569178894962484,-0.34177299418832574,-1.1420867990641852,-0.15749954038872277,-0.03613884912067537,0.8068258045678427,1.099035483747661,-0.2067031080075623,-1.3207383395693715,-0.5605783163784858,-0.43804425733384716,-0.8847545446086929,1.7182267865126735,-0.0461228026228285,-2.033912087983354,-1.6127773328319301,-1.7320596827636745,-0.9845369743472553
0.4363543202908789,1.5527530059770198,-0.38643002932625375,-0.559485340417495,0.5441888963486181,-2.113221293033908,-0.1153336430883335,1.0849552074015272,1.8170595546123693,-1.2661956747174676,0.5861128824176908,1.002546039654326,-0.2535056306786651,-0.4088071739821461,1.0104420699377215,0.48028201304038476,0.8432620029278186,-0.7317703204858466,-0.6345327170643125,-0.6395376731104149,-0.354290053662398,0.028790813015673915,1.2211281780620498,-1.7177832170162306,0.8519008746212419,1.6934864128236058,-0.9210058404923496,1.3065552045873936,-0.7235428672238017,1.0085957493245996,-0.18972734287504647,0.07873992457199629,-0.11702669045063498,1.6711007269849791,1.2052415101801757,0.04495074121382902,0.10604583940652772,-0.0940462312068437,-1.4660066999418906,-0.2958413385017693,0.6696057133577336,1.003010231818071,0.621368397697542,-0.13104037134918953,0.8528532015937287,-2.0362166418279406,-0.028399428711637763,-0.12735821807068226,0.895414663070681,-0.7439540243324333
0.8605979546736898,-1.0291325748285631,-1.2563516473938086,-0.4787688314953075,0.5674496431257595,-0.06698076398378827,0.40165171982358033,0.4984984013589433,-1.6395024337158208,-1.297829420715713,1.3265209232401312,0.7380138207756523,-1.038796788665891,-0.35149891659925714,-2.44720003375367,0.5805941103265775,0.8305184508184317,0.20255136168071222,0.21493544493716865,0.9492208569766664,0.9110287887883985,0.7033760372031597,0.37574675608866304,-0.15919987725739235,-1.7228752622329677,-1.6655755010831312,-0.7974538622042793,-1.276655536980155,-0.6604872086342879,0.9900522776279046,0.37456122318737556,-0.657355033189049,-1.3150300307217475,1.093501664394604,-1.0932963338465151,0.4047681306512088,-1.8997200569166188,0.8723670531863499,-1.466483471973771,-0.04381690151946502,-0.2600073326894301,-1.4299375293041308,0.7346502684248334,0.08454318836756501,0.6667716655210076,1.324666801995544,-0.021109869563650584,-1.1876708070979947,-0.4556451666641034,-0.27112019816522537
-0.358873723390256,0.4262697652318107,-0.4131994181032164,-1.3782346750602341,1.0326841035370182,0.13710259150326348,0.5384132766961325,0.24736422191319185,0.49248512263192734,-0.24016293325902593,-0.37681739063274794,-0.2410685504939885,0.3251518065123266,-0.7608267603776047,1.9989478981949125,0.27646578499482155,-0.14341424605086742,1.0218172951727669,0.44853559904206897,0.796571654393264,0.021810244926472717,-0.7465264789995683,1.3219716168829303,-0.3581670538036082,-0.131509821593616,-0.32226116106665104,-1.2415947822851416,0.9157779673265469,-2.2649682259163146,0.33630802277207344,-0.1426564048654479,-1.7630686330497765,1.5476334674393395,-0.03341834981812849,0.1547372203714665,-0.4364352962192095,-0.2584868539076419,0.9003648353750717,-0.017475038361620825,0.6245892501573785,-0.7149533093090484,-0.45114740555618366,1.1576716925688173,-1.4581774681816042,0.08119158356875113,-0.7169862111989013,0.21095711243846368,0.09605010171900638,-1.0353631899416325,-1.8666478137648006
1.3893777861253558,1.451464703105603,-1.2269075402105836,1.703798040026833,-1.8383829109856746,-0.6921295117415985,-1.0254380514847223,1.0885567799552343,1.4719293940233216,0.1949368012476156,1.3803034865617179,1.5642931825360118,-0.20481046347356655,0.04622307813617998,1.8733172807721878,-2.2645590966058147,-0.4580030229789354,-0.1238680029137016,0.2049361469206935,-2.170020830558718,-0.4908223226417855,2.163456914478726,0.17851241926745123,1.9818109138718698,-0.4761315347029184,1.492787882615502,0.5274018948379171,1.1982036906754259,-0.4950351578786303,0.31179375101380835,0.5349728659638622,1.2608664643017657,1.997749694927994,-0.30660794121103924,-0.06338659566909416,-1.6718641940400436,-1.104276737515787,-2.5143550904791336,-0.20849567007145123,0.05778910844506328,-0.07408846064678626,0.47636065781408815,1.3178666524405176,2.6076505509277985,0.404859692291787,-1.5019605201238508,-1.0601874580155737,-0.27144865583557537,-0.12457228576859918,-0.3600972508436123
0.6396275194958977,-0.41880219499622606,-0.7540884650679488,-0.26719194209472164,-0.8321176882833764,0.4229101002900706,-0.27652928676785504,1.4391493941214437,0.42875928453486684,-0.12035606116716156,-0.5008873211886445,1.4305879747805816,-0.10219037092711249,-0.14246778960635775,-1.9408694834518516,0.07430113983816973,0.12512083841761434,0.47952492314696665,-1.311133025120174,-0.21326154641517805,-0.11419355036400361,-0.02635404958141667,-0.8612168154717429,-0.5240865228594798,-0.9946674190263742,0.2729088507455625,0.07381575715697158,-0.6499351288816977,0.7373662252925702,-0.11815777160573115,1.9040679024879643,0.25786746638901115,-0.23021108295889722,1.3068406680632012,0.5236913920889373,-0.019661011616222492,2.063620431720241,-0.06660440418906127,0.4561603794076675,-0.24055898321967084,1.3474654650856843,-0.6329883287109405,0.3847516262808046,0.10495295151900966,-0.2545934590267519,-0.4033878938324514,-0.299061337765112,0.4391499189643746,-0.9542550641293284,0.14949630373360814
0.661135762615509,-0.9885480857433196,0.9018249473910674,1.012592038154538,0.2229878121194093,0.8711907144476183,0.9364025176317836,0.25253909477199793,-0.5430931036805985,-1.10475132128345,0.7393979818443498,0.9070959988015572,-0.02770837339174921,-2.486891380064183,-0.7953415983038941,-0.8814784127061063,1.4521262709427498,-1.076931321942883,-0.9447410937256628,-0.7827321464932879,-1.1654109471375633,0.3826263093507445,-0.43970441636580676,0.119826102994076,1.9632351291853403,-1.2946935842775678,0.9341584423542487,0.2690427124548586,1.4790199215774282,0.8872034966017327,-1.9170413968297677,-0.07164140574857901,-0.4423102007508541,-0.7524452382804752,-2.24212093712999,0.12740210722138512,-1.2906560468430635,-1.3460069088204332,-1.6371372537375461,0.7294685131590023,-0.7110543191075026,2.4890325019170647,-2.293914453693891,0.327388533571127,1.012201188751283,1.6493469793593811,-0.6208582747594852,-0.9938225189599212,0.8639779636171666,0.7432055835264226
0.06286664208608927,-0.887099060970891,0.45936912837289146,-0.6154317503221064,0.7355698054457646,0.49396985146273875,-0.23617315150650425,-1.4583556672812703,-0.937312156414421,-1.8826114577260002,-0.08283017443399467,-2.047886470757201,-1.170035849786402,-0.3058151316808006,-0.924195672829534,0.6677539104021327,-1.4882365063405358,0.41461214889928766,2.5998290678364775,0.5883101464634474,0.3770215619240333,-1.3297577373239182,-0.22497299197886625,-0.9806849046066914,-1.944772610836368,-0.9362599304934932,0.6988386824935909,-0.598282411567504,0.41591149321293935,0.8171004367798617,-0.12861686925087007,-0.6198150655122855,0.3564998284270604,-0.11604381819294238,0.04261396444582529,-0.8927709658961058,0.7300857014550814,0.23633893859094743,0.38532837365539696,-2.4488975980037697,-1.6722753198833753,0.1773417448082272,-0.5161042055417584,0.877220673589653,0.12498034873156427,0.813436673302502,-0.43492637710854576,-0.5609730199379627,-0.49662845735669714,0.2502078362815044
-2.4898655513087387,0.055427727535587695,0.8696024425342165,-0.06980366852734743,0.1498469916569502,1.955813950575834,1.531356155009104,-1.0534429251471775,-0.7552527339518822,2.5912362470285695,-1.5049384934418644,-1.2085159613770107,-0.5162453282892459,-0.6036007412331316,-0.3763612100696245,-0.00467982647490217,0.02708013602132029,1.8171903450120197,1.0375262565845864,0.22937343575712243,1.2593802987673746,-1.5396786047641344,0.37291462038970136,-0.33179240920662345,-1.5368164157261808,-0.881357841143638,0.020062536816629964,1.640208424845714,-0.40136312295397764,-2.611921917897832,-0.8796516451968592,0.216064437833672,-1.0315767027755194,-1.866787596482383,-0.8158384548117695,-0.632770006159738,0.1553002419649924,0.3952042096350483,1.0029124370093498,0.32604392075302563,-0.16362136590383253,0.6449686567546729,0.8667920402169306,-1.855676428279776,-1.7612759132827653,0.7603678979492495,0.04957843124645595,2.562959986126925,0.24372383626996313,0.6282359212087517
0.431420635733218,-0.14056475841217622,-0.7137269401510483,1.0193799414825122,-0.4893397484566265,1.2020344916575911,-0.11735098985525261,-1.585699959844989,-0.3221311985191915,-0.8181251393973155,0.8024422345280269,0.5319669841773064,1.298147978093006,-0.2876067074191731,0.7209001616701437,-0.8584105294853888,0.4731211871056908,0.5749398538787885,-0.7430806723889861,1.3344979901953098,-0.6193663071381021,0.4146343230677415,1.0213619457052205,0.4990606507588308,-0.6506600244785169,0.10440543775580968,1.9827836318787562,-0.16055488656741687,0.4483155331230727,-0.7490043879839119,-0.8423109338776115,0.23684593002546528,1.2105918635904958,-1.779792871742036,-0.6905876580223392,-0.609816634332999,-0.9188064231610296,-0.3895971537509145,1.177838405475844,0.3059724699866503,-0.6417428735259632,1.1252934752799033,0.892214524371493,-0.3353579432878088,0.4831327040744166,0.16990440946527524,-1.7624608660150098,-1.3883583586234867,-0.8825567339123908,-1.18688430515011
0.23617333241979488,0.97886468582752,-0.11017673383828192,-0.7022990046164277,0.8920360314891943,-0.20917373098681524,1.5603506071096913,2.6998891371254357,1.5409853724498064,1.0898046551945129,-0.7926856971144757,-1.6858733497011789,0.882101833852301,-0.4598915932783291,-0.29893721977686855,0.21303789010101468,-0.19681431245602055,1.3145093596193733,0.6212055447366578,-0.2958815639259431,3.124839591024943,-0.8873206503388534,1.1048503679472566,-0.07667562371321206,-0.08548720677710314,0.9914230884054437,-0.9795828202716101,1.45415784250468,-1.650660902572686,-1.1000046496343168,-0.25201077550800166,-0.11144082164102709,-1.0080659523031614,0.7613584421445838,1.7297303741727876,-1.0463113802431672,0.45944517246899774,0.662329883551457,-0.40349529311985954,-2.4579907823031926,-0.6686817115240032,0.4901638964230758,1.3681342557933451,0.5297198635480616,-0.5076123238902593,-0.5808748155514099,0.4165482125658925,1.1752669442883408,-0.7575562163327539,-0.5442275450966436
1.5081256947702655,0.7462176671439711,-0.8788792878863768,0.8211382997031982,-0.38977047132799264,-2.434196689065341,-1.5625892620777806,1.5649617195456855,1.2729940786251055,-1.8713065094291153,2.0601692087375216,1.748683753697579,0.4277548888062258,1.5931237669476308,-0.32693996021407995,-1.0512546490418615,0.6002950599008449,-1.2974812632334722,-1.0339055526224077,0.10757248512697512,-1.5659341326043836,2.1109193623199722,0.44197231014957067,-0.001065597074217378,0.31984079504895424,2.053699487822132,1.0351311389007,-1.1317825203068068,0.2733569372096816,0.6365588358412249,0.3761143466382998,0.026469436827246028,0.5457535695533855,0.6477642436269271,0.446998728077441,0.26562090488909396,-1.030726950834917,-0.05556108869215199,-0.3421195868246735,0.7368135220546972,0.03213764223991706,-1.303566597605731,-0.01472613949848,0.5551976482557583,0.5822904701783425,-1.7516357546274226,-2.251029223555641,-2.5925370377014016,-1.0681104063690066,-1.6701533308110437
-1.07487135630507,0.6082182264891213,0.6086930811690671,0.13138602026573018,0.42807652456309186,-1.059169742131116,1.0261356910747985,0.08311983013480435,0.5322686441403481,0.42781803968671234,-0.7473132818462388,-0.7512849558139472,1.5175796707798836,-0.26659858832945915,0.7189359352919743,0.09316200697303742,1.3772542126017555,0.4307568854406086,-1.5433411703262183,-0.5852653036115111,1.799759972181578,0.23265736251800456,-0.026212170596399322,-0.4125824595895086,1.868067804144457,0.852331063277052,0.037957459098500665,0.6905352018501033,-0.04190594811105963,-0.45644425106448916,0.5610962644298589,0.8830890056831978,-0.12384595847808816,-0.23534128693033496,1.6087664885194173,0.23124838640810644,-0.051074236133146295,0.16476874172511943,0.2694315916168479,-1.2323716905569364,-0.5530115020691464,0.7377670139867593,-0.5724438919328271,-0.6769259665776083,0.5282939357134125,-0.638589437144723,-0.13528056961397017,0.9601490870664101,-1.0005151200145161,0.22313080634883356
0.5782746772636316,1.015050584893754,0.23742738235906483,-1.9434836398145172,0.9398932610446584,-1.3502401782932174,-0.9207511363436013,0.529868778193017,1.1919728754029388,-1.4727073193269036,2.065034469389346,3.1688369501405576,0.06481403374545215,0.008710832769490452,0.6395478995736316,1.5033035711560216,-0.7453467084942096,-1.977642862819336,-1.314426166909508,0.6792256575351869,-0.1459231496100789,1.5822834364863472,1.5122437560610844,-0.4066755761000546,1.5481633922435578,1.4185359792341747,-1.2958487333654516,0.4830083356816316,0.38604511253470375,1.5300871781653602,-0.24346616211487257,-1.9733096403968415,0.8790978079506273,0.8588740217131513,0.5982745432274048,0.9487157661346548,1.8818628200379217,0.6180316246310658,-1.7069508819869954,1.6535119465326846,1.4270965414709882,0.7401105269156105,0.06036510261740801,2.401471270028102,2.253574753170539,-1.045198696968107,1.5019625121152573,-1.147604025753989,1.260105439332438,-2.531640677808805
-1.1053343716232753,-0.12354983076294641,1.720894814886697,0.7340236711506427,0.319135937509254,0.1765096140481111,-0.8439540337319659,-0.921322705940874,-1.5589532730123339,0.5845669744044829,-0.3201923917285117,1.4617926055975525,-1.1118220406387556,0.036524849043611925,-0.3389817738421421,0.2687774654180872,1.0134573051314246,-0.575412354339377,-0.11655729643066814,0.8335179203001556,-2.7018030750690496,-0.41001291080368274,-0.887501473787751,-0.058494848470373006,0.26257007682971867,-0.1037310036054193,-0.1567817269188347,-1.4325199251504832,-0.36588366805445266,-1.4134685425735294,1.457403887618223,1.026863128420671,-0.09518946298804978,-0.4114937924597331,-0.6737477262428124,1.5843642384142629,0.008584106451338202,0.9780243791703703,0.9744556733455488,1.4196370040637225,2.1207802430709264,0.11619245505820992,-0.7573368201662168,-1.1300814297106694,-0.29317888430328237,0.6464121183133082,0.23915048237500916,0.9377165369038486,0.9130632791340917,1.8194881596590933
-2.3535772951349907,0.5753551025162698,0.19962741252267957,-1.633144255446528,2.0340355011093396,-0.6911841675917768,-0.9252452633967694,-1.7289736406081975,-0.722036424914596,0.26369970444913576,1.6469242044061139,-0.17653115525450158,0.3585149253733009,1.3984061179226488,0.9325723195671773,0.597835997908948,1.1606035061899291,-0.6250174594923363,-1.471863309921999,2.613790012933945,-0.27551427025410125,2.051311987540052,-0.8304234022208311,0.6050188225941786,1.8133932618772686,0.37425616365996406,-0.37724393749571133,-0.9292318124308165,0.5225402439292524,-0.20611009980878747,-1.6236979282257622,-1.3095053728134167,1.835036390884586,-0.8372998583068428,1.092446655847925,0.6898116294397133,1.3880449460437314,1.9657109150438736,0.9442954075554968,-0.5305320660078013,-1.4668984194513877,0.6243475104660986,-1.1128293471678161,0.7018060442416614,1.5944930503719847,-0.19193557771591804,0.8833084631180103,-1.8407850391340685,0.1454140197297743,0.26018324317736496
-1.118366808580967,0.6518326982884112,0.2698603447515325,-1.2132295032915925,1.6223073468816265,-0.33394063349812675,1.8732835299709563,1.8374569977563087,1.7146707528776541,1.0277037144326016,-0.9178610676839556,-0.9193101171204637,0.3474191256246046,-1.448371921400311,1.2999313381561188,0.49641208037049567,0.7070918624034843,1.8819965294454843,-1.4094636994807306,0.8658382938290156,1.8896132939703127,0.18718147053231846,1.8439046997916677,1.958381995372454,0.14896572380981515,0.2935681588344725,-1.2863754003955155,1.6936695537643622,-0.9497610290700281,-0.6924149861840292,-0.48860073739643567,-0.1306190248031301,-0.002343735025098911,0.34450036658352684,0.8633701329149437,0.7289543037835002,0.06925554982917802,1.3076943967332966,1.3999320475157764,-1.0457126121624465,-0.07162912049295508,0.8189989691751393,1.5206313343451108,1.499651095671431,-1.4185773134324444,-0.8595613693509759,1.315920475613473,2.0905582237566764,-0.42666354323099376,-0.12367790045013305
0.005701592337105373,1.32711947705801,0.26386389093191287,0.7506184982024232,0.19377076375889338,-2.2318363447838556,-1.0283590481931915,-0.09422876676579875,0.6968639889847718,-0.7036533187689055,0.5714780768457424,0.8359011741738098,0.6670720819056024,0.7928764244654748,0.5494745702212152,0.5786905580343157,0.3703128776179635,-1.4733931909950868,0.7254048488364618,-0.007663527770266189,1.3858977462741637,0.14884755300348448,-0.8508094926433692,0.09272731890824505,0.5007625881444673,1.1265516329337717,-0.5163371422641672,-1.4446852963971282,-0.9530985768681383,1.3525729545584242,0.6778110809202581,-0.11057701532429766,0.6407477704586713,0.36220097135685103,-0.44675705303885643,0.336941790379247,-1.105724286196423,0.08988573225575183,-0.7988700284545055,-0.051764278344437004,0.11965064108524552,-0.2673914016494656,0.8060500025251555,-0.14136567164966998,-0.15151955964088942,-0.8437860267955949,0.05533120035738559,0.7740380080558761,0.3815486166011783,-0.3282518511965147
-1.2953883700834676,0.2782679631322504,-1.2281960249527606,-0.842858193440068,-0.0002936237376416414,0.667618250082778,1.079708390583341,1.5066066157362432,1.2247641982981166,1.6014926752529177,-0.22393790006866612,1.564589775028146,-1.4350534598134894,-0.16380368875706142,0.8875593767177923,0.7764157291991165,-0.6800608009091041,1.8381547405797198,-0.3816550363755934,1.115597939592466,-1.2596918180766152,-0.5822785857229185,1.1254447543799613,-0.8157398064793379,-0.6160399176561966,-0.1316042141968872,-0.7951656162421729,1.3673864121053776,-0.45188091882370773,-1.077330193851558,0.2699764534984194,-0.9529513968847878,0.5126555660237897,0.5203445386878446,0.015647055573803345,0.14863557033659844,0.4858253460595261,0.42912430042204874,2.1659926946620556,1.8284807727920946,1.7597044421357522,0.09371591557539187,1.1681867087805524,-0.6872011485762867,0.12884608276881754,-0.12726356998662275,1.5652000834580793,1.3201246629899337,1.3126600962955721,-1.1409454447640641
-0.27116274737202567,1.592662331522438,0.8295881839783938,1.5172679244209422,-0.12026516457995809,-0.6559566702223701,-0.7981387232584136,-0.5364915587530814,-0.6174324895660656,-0.48094710774749705,0.013408501860484458,-1.1839040073421296,1.7498615044603842,0.3664367259219625,-1.3234705127731943,-0.6942552494510645,1.1338365937519055,-1.4787036696530476,-0.5030913765624528,0.8403895525907696,0.20977338010543073,0.14769612556929848,0.13360632876137093,0.0644238879713679,-0.6384848738268416,1.1361989206899483,0.10360748922925142,0.43202102230125244,0.08533171631152421,-0.6383901387656468,-0.42414786505672425,1.5514688780976695,-0.3686144986986693,0.8710030719670391,0.6704337347133585,-0.30329301549509363,-0.8681408018217013,0.46694156712174273,1.5418988240284086,0.2777768984184315,-1.2437601707521353,-0.48621061402223636,-0.5465938503404498,-1.0853103453413182,-0.2877107061881133,-0.9092724386591021,-1.2979967312558354,-0.4040437577461013,-2.0829557555492624,0.3112267999759536
-0.1302125483816827,0.6532547186218834,-0.33254928262557804,-2.0939780009362585,1.5334172003180955,-0.6959831569141294,0.8999451197535054,0.5941868700983761,0.2689347266037618,-0.6784222726781104,-0.7668012599012035,-1.412592057359713,-0.2745125749977158,0.12613464728615706,0.3299277131461449,0.8098945188324302,0.17272784062972066,0.2484675892733324,-1.1666650763248876,1.2990574951867915,-1.55104547108486,-0.5514491529152102,1.8032070287750006,1.1122959119638076,0.46657606740944213,-0.4523554527597524,-1.722323635450935,1.505656526697978,-0.5244695485546423,1.387921547176852,-0.412513428893505,-1.6910504753328126,0.537245720161043,0.9320187273076069,0.14918456901431945,0.04400220267545741,0.7937274501502609,1.3140567697758394,0.2050631492173434,1.4285763409322334,-0.8900333707493466,0.644659533388657,0.8570455602669048,-0.6903738119096907,0.6582716828275081,0.07367926720114899,1.121429768287086,0.3449196133249398,-0.4441061461786594,-0.46076591963610625
-1.4077732067424924,-0.8917751771837878,0.04836933022228526,-1.0193257972909038,0.6502820201032462,0.9006396648707682,-0.297696365064022,-1.2930629725168081,-0.8478726846546386,-0.4173197607534392,-0.9165568004663049,-1.2493725341150526,1.1239495050657973,1.0142921897207562,0.6537664241143396,0.518410249864505,0.4953585647276554,-0.17667938900657995,0.31430634440039484,0.6072368078367768,-0.09146177926862809,-1.266195761935665,0.5405543065522858,-1.338854134737883,0.2348457838524294,-0.9197935029508335,0.5907195134464434,-0.8898061585597498,-0.9618929332573021,0.057040964464941994,1.2253728195359928,0.16284745501786102,-0.688465836129397,-0.892720572368749,-0.05993516400262228,-0.0949787558505105,0.6377339385424524,0.9188889339864218,0.515242771955609,0.7426378997146802,0.3574366020445994,-2.129424038119787,0.5977062439920899,0.9043636634612408,-0.6481778909659299,0.8133562020097598,-0.09432824092656719,-1.6044408362860854,-0.4682478832608407,1.2221614841610722
0.4748641906904562,0.09407130133676653,0.0539254906779724,0.8049733010013317,-0.8318662153121754,-1.380552629432523,-0.8349080321581775,-0.6187511612418541,0.8952709897341845,-0.9455093553249185,0.44178911933087317,1.224745728214251,0.911086750875573,1.106371799721715,-0.6016095043138894,0.42432802440860606,0.5493628317017645,-0.7008739912987716,0.13076918199513887,-1.548094575632323,-0.2943029741656653,-0.04259050512179787,0.49774418464708997,-0.4764378299719676,-0.7614716951478222,1.5209870590299397,0.5752289415649204,0.7230452263713004,1.0504792995183398,0.6212261834089062,2.289580364823257,0.023872764467671965,-1.504722879349987,0.025260554212370515,0.8633582158319921,1.0653688002786001,-0.8252032629534153,-0.9312127665936718,-1.1734008392068214,0.47004140105255066,1.6806215047564668,-2.327433658459679,-0.2698205542222979,0.49364924853939746,-0.6260950929753066,-1.3700278904287269,-0.28729855342642663,-0.40796404035378625,-0.0747372517049778,-2.55948011852795
0.05342149314735983,0.5836954972850216,-0.9212755047131258,-0.6278289302755059,0.2009832935979703,-0.20377102808371894,-0.814591802825931,-1.082288912832471,-0.4261515552596701,-0.009359787617157618,-0.1678085500228517,-1.5562431709798399,0.20108225734464044,1.0613824032141437,0.8108114165176846,-1.040125115416502,0.5444106157126475,0.2686732269690985,-0.8043772717642009,1.1075042654571323,0.7826832654601268,0.09946194591819635,0.8963966373795876,-1.4182548773050512,-0.6544153220560904,0.3684309584026339,1.2367920633235077,-0.8708658213922955,0.8143171875107855,0.1408983224852193,-0.8755932961702813,0.07629015735737356,1.7136767032612399,-1.793354289480353,0.1830731326585075,-1.3492125538833784,0.08311581084906379,-0.15485862701755224,1.064549857652795,-0.2999204870739642,-2.4883645379032022,0.2802015920960046,-0.7897725442274764,-0.5226336581959292,-0.5967045510622635,-0.4165796653926032,-0.892907471391186,-0.5134669957011208,-0.49035280344712434,-0.6714293490627637
-1.0903110607637319,0.4310375882490172,-1.0335107838957496,-1.294536655687871,0.8085209601475348,0.5654701188873242,1.5732237991997107,0.03850183062066593,-1.4763017453955984,-0.33737364699177164,-1.166591941203644,-1.3448592418109626,0.33453855718814246,-0.6840092265422575,0.5137669068490082,1.360497010338431,-1.121003591180684,-0.02529637230986483,0.7650549813267888,0.507078502095814,-0.630207970296579,-0.16276186536027315,0.7480433279720007,0.8941991641531606,1.2153977160113807,-0.3960208164039883,-0.9535393041786042,0.9264018453490185,-0.7317257104805192,0.19210838842850025,-2.1592398572343114,-0.3555708534269877,0.1725127993679081,0.3632713957648362,0.6378757255517463,0.5262617142228444,0.7324117413104453,0.7335876903591344,-1.3040956590971853,0.5063801298257824,-0.3937379226020906,1.249621998467182,0.23572995533696667,-1.7661983157812327,0.28827776138502836,1.362956091868638,1.6709664102125552,0.6671731782619226,0.6040007955548328,-0.14019978136346029
-0.13740587803132817,0.248708241506914,2.2731929061273473,0.5587869588711561,0.44279640473523774,0.25182011753684375,0.819009518594821,-0.22682578968622646,0.8961570323623641,0.11511985614477284,0.7584004056359392,0.8680830555436921,-2.138149048371943,-0.3858320540847642,1.887647283445911,0.3868821802108328,-0.11126634185768455,-0.20185148612290124,1.265340870897136,0.2083329298168966,-1.6640530132212927,1.1680038520264575,0.41616447895308517,1.0998890340041516,0.061172537461418805,0.19556512086597458,-2.0843686907891463,0.9205984487196097,-0.7154587249466412,-0.2805228315478578,0.06214068662756352,0.6269969427955364,0.7168718779732552,1.051359147032533,-0.08209916850039713,0.6925300550213429,-0.4317110112564568,0.555314309144008,-0.05490046209379402,1.51610149125898,0.9084309573411211,-0.1653699628973033,0.6760742504526709,0.040816154219442166,0.5787868945115574,-1.1110725721772041,1.5090474928973416,1.1259803411754599,2.2930077446995663,1.554977196939349
1.235453629406724,0.5307554066236708,-1.3420682027838473,-0.24030101032192397,-0.42947515956248233,-0.7227584362026872,-1.3105503020422113,-0.9564870858267667,-0.05377525811573814,-1.9417629861616499,0.5744677604561281,0.7713581771531338,-0.29124098396517256,-0.1105748230702781,1.433146295220682,-1.1145156012074546,-0.41990709126043707,-2.2516195335720584,-1.3076041179499645,-0.47357213961997413,1.2808656321377772,0.9044887321199415,-1.611625526564509,1.5008698771615228,0.4808669387903247,0.18173062048023772,0.6228471340550086,-1.959121222482537,1.0833416978991877,1.5490630920464237,-1.5838650012824755,-0.4528579540367626,1.6039050036138427,-0.9393911732111592,0.650694300039485,-0.2454410087628143,0.8925000578186999,-1.1630607082917699,-1.7898786537227767,-0.7085336953718976,0.5843603156407928,1.6615214613194456,-1.3797306933545928,1.2873574445171214,0.7836623322438395,-0.3338534740418006,0.8268243105713096,-1.7545811800768665,1.3536418434917428,0.6550875580312175
-1.8735744692299685,0.49755054867674736,-0.09426477773702341,-0.950473220261308,1.0750338024268067,0.8577727558638786,-0.5652144055174514,0.5969822227517738,1.4984503501722624,1.8730154353657749,0.6574638797980896,0.07323588168739265,0.4410736740945288,0.885528963980524,0.05468182020900466,1.2331788686885854,-0.17531290040697295,0.14885560320347255,0.8209240248567656,1.7457652368170815,0.17516766900914757,1.6932017345542463,0.8128124930750359,0.233153021724119,-1.1837615489295366,0.2754632818442751,-0.4875751003849861,0.7951312773586303,-0.7918925492185297,-1.4344050520112943,0.9108837931105249,-0.6661888712760718,0.6343463437203279,0.9099550998001164,1.3247093143223962,0.8710381463466386,0.007458864303927667,2.2918677030147476,2.1893736916405047,-0.8356880791588105,0.03757308603884175,0.3610152940449264,0.6363415055802448,0.4869710027190404,-0.16069883175122823,-0.8598507329434253,0.12371167016652322,0.330973253346619,-0.9140640614571062,-0.07377226672245858
-0.2856427246872132,-0.660733271881714,-0.4080606447488178,-0.12502583172608273,0.6512987079932042,1.3901646263431606,0.4000599388250893,1.0567501349951607,-0.3411825527221297,0.8529029386664129,0.02871600993501535,0.4147481075266224,-1.582250739968427,-0.270761344550126,-1.3530079049359234,0.870752890045266,-0.2636242741053676,0.9299064372424013,0.9649232894815705,0.8430740266761396,-0.24912809978413641,-0.6706491782599098,-0.12547488974124324,-0.3299450849904864,-0.7555643417376222,-1.2513300435822228,-0.19552224793065026,-0.6598957300404853,0.24928951489410983,0.29938163026594744,-0.34777455503510996,0.2324923316072762,-1.0536826881822894,-0.8521040926473754,-0.5736734080048215,0.8252918493404712,-0.14825432564299154,0.3542379067320118,-0.21895716749244473,-0.16644845501311734,1.0737931325168293,0.6226359722199407,0.14200243278004715,0.9130849271516389,0.5157819022784971,0.84826856923974,0.45555135031638105,0.7409358422164898,0.9989349761211475,0.7774481503189004
-0.38976622550115303,0.8419036233442498,-0.014755707801954794,-0.7757608641364419,1.2054431112207193,-0.08160704237252289,-0.9333171249441516,0.07727051695671404,0.8155500955798645,-0.37436491219962637,0.3947833032506789,0.1475268394602793,-0.641557091869869,2.024899324446649,0.7466528147998565,1.6006127559362966,0.5971094013700363,-1.3466177211098032,-0.06780934604274917,0.4176455869585817,-0.23556141304838796,0.40944324458457193,0.6358834423698098,0.038522335622450686,-0.8355988773517317,1.4732423154968615,-0.7202448015502217,-0.6496749268370874,-0.21236171216241614,0.0786187876139244,0.6085168793514283,-1.3762958719639864,1.5941262058406354,-0.5593384414242883,0.42782727608300347,1.171794679886074,-1.2416518203397546,1.2063927367310885,-0.19296403004063561,-0.7424760361421763,0.8445735027348747,0.27946855240631624,0.2893068185361328,0.285411521560841,-1.5181493279201128,-0.8891198445958779,0.39652957692260493,-0.21831172188304315,0.057560219368065234,-2.127169619525934
-0.5918642092057241,1.3330503409736387,-0.6918759837839421,-1.3883792447066126,0.5937147849547456,0.06826500311962472,0.5585374807634659,0.5494033397878054,0.7364337803255535,0.7614709674100453,-0.2921719146343084,-0.5213809712333748,-0.5164655637203721,-1.201102622908627,-0.19293787259734577,0.8041992166477457,-0.7692721087683084,1.5937383034516557,1.023899276409163,1.936255187450677,0.6799451088619667,-1.0263144487075022,0.6974964733345889,-1.2661281861898814,-1.0540876865228213,0.7810516710277831,-1.3888656619011746,0.7291345107735894,-1.3596425744415885,-1.3149573445341753,-1.2228190144830615,-1.7250692132413592,0.167481364398354,1.5173592084730683,0.6475072575329223,-1.7104226014120865,1.1972219783969054,1.026563522065141,0.7658639650222315,1.0184455997862778,-1.5904685289753273,0.897646664743941,1.1049554585912365,0.38257896286715315,0.3027823116987758,-0.3254292577964048,0.2946162288628253,0.607036288218985,-0.3246157406714591,-1.4913233373498163
-1.5296308542022967,1.396665797991045,-0.10938982790886516,-1.1435916473808296,2.1544962769297613,-0.8136323557400305,0.5118713897601028,0.5586074268572077,-0.14321007208672973,0.4817724729427205,-0.9047880598455464,-0.4629218272559318,-0.29176683842196705,-0.15870230438626726,-1.1373225933739846,1.3491880960615514,2.112821596481129,0.54288139246415,-0.8455774701835848,0.8115542285839732,0.6659840327102853,-0.012626047103419549,1.150752894047257,0.6828452604468924,0.15630857309028753,0.01486393324054638,0.08708158543124327,0.3055151155168875,0.1268682654788663,0.2220171622840086,0.09624286310287751,-0.6453590665965054,-0.3883616826401967,0.16129737290143317,0.3099630170315542,2.1640880051096834,-0.19269871479314,2.2471305595848254,-0.5119896752684439,-1.1552032200583158,0.5645150566606447,0.7486066013572557,0.9263104647012901,-1.549080685654706,-0.7371315316108978,-0.5463174612574202,0.12049586062814285,0.1764012873914448,0.10420151727541423,0.7791477401907707
0.4134314613550231,3.684425533983471,-0.5689221015630349,-0.5663646243025805,0.6312428866184093,-1.3741709015320824,-0.9260481764305762,2.2567795610113333,2.6347874216754685,1.0227652555926672,1.1860348552202857,-0.9067056925835799,-0.14048151888376548,0.5610694674053816,0.5798029517470324,-0.07415867299521985,-0.05640808057665713,0.10454772048384822,-0.0835291330292986,2.170069192720435,0.4872941548913858,0.7082631076691435,0.5489545811767759,-0.6339821604312895,-0.16434086022665023,2.140483390261097,-0.28579776609497054,-0.3185921265777374,-0.3580655262583997,-1.6015139091809216,-3.015769345394189,0.2546511541965883,1.993784650808022,0.9140430814059876,1.4665023589276152,-0.44942867663290076,0.19101145906475178,0.9415275888466482,0.3938115038728968,-0.36872642874594697,-3.075949579170834,3.1635977252810488,1.4839792154734064,0.16419697827112223,1.3458442110641127,-2.6867253520825067,0.03446833700766609,0.5245248373562662,-0.5809719565642408,-0.11828219978317152
-1.5646589691282557,1.1974376523689843,1.2716703504701128,-0.35272688294404375,2.2274631966016045,-1.463624297813981,-2.0856795408611633,-0.5806345275136237,1.0057491572248254,0.8015497428143323,0.8732246232082724,0.02771764829013235,-0.7660827215576431,1.6054861945776122,1.287964839521892,0.8844778497182673,2.0776849539702344,-1.7262759437446311,-1.1576007977887846,1.497167565927173,-0.05426836991912473,0.6690227845237573,0.32022744666033975,-1.1682845263309671,-0.22379832415756956,1.678522729485073,0.013969321212651875,0.00021526259420035298,-0.13703709773741599,-0.24188902717266303,-0.786962675949184,-0.3277450864419362,1.7379003977406873,-0.4329746290242242,0.732680597089554,1.6520777782079117,-0.7892788611772729,1.6905315081051009,0.796216366486233,0.37212808772740824,0.06990367589214593,1.1396572651081804,-0.17720954946470371,-0.10004358961023734,0.16522024480325098,-1.896220834377312,0.5481503638873636,1.8597457531423618,1.2266654311123488,-0.07951815369774273
-0.8809950595535384,-1.6331938628761824,-0.7866287698143335,0.25601774463842986,-0.09704028362076053,1.6192007524081624,-1.2759467333861465,-1.7442728233536644,-1.3437112990114077,0.3780308467743569,0.2654290526189216,-0.30286174189702325,1.1624777723948319,1.1751849572079915,-0.191189176823955,0.26699322098843076,0.057205607307339985,-0.3803357306553905,0.26413512739803824,0.463928794885342,1.0630639622160691,0.009701225432178563,-1.2051801946869647,0.1728711813898197,-0.2621387925156712,-0.9436365361093965,0.9854466218541743,-1.473272434282346,1.4539666830135924,0.06056968695764199,1.0226461029068512,0.5908116512776413,0.37117732010830395,-0.8921255621691926,-0.47978493532866195,0.5533612270516265,0.3706908480573681,0.5559875939965097,1.0334398233674387,-0.719507481844999,0.034057536869794104,-0.7558642851502957,-2.7193736372537534,2.667613011198247,-0.4707817804936679,0.5223986693905388,-0.7977230533619931,0.7602346000020831,-1.3378276885408398,2.0538459416367902
-0.5901663582289166,-0.3380167096177742,-1.327661530516754,-0.30192897113401035,0.8115429483392422,0.5603607885000663,0.7366697217361189,0.18661170175582809,-0.5707614947144437,1.1590165853432806,-0.7906719077923342,-1.1000964032309057,-1.9160903948840702,-0.29602545172084715,-1.0617816911282478,0.04530106374113335,0.7000874097221784,0.9333111715585768,-1.1764478934778688,0.6251631811019466,1.8000857282175091,-0.688851100900862,-0.6492658223905476,-0.6351797234398964,-0.05074136906293109,-1.0878875987007688,-0.6196246747019216,0.4982611420885718,0.6103344347078778,0.25425388722842457,-1.5036616489382302,-0.38538264818263757,-0.8882458575774763,1.210544577766413,-0.45954748092483105,0.27034097732394974,-0.6660648146677242,0.3478692210346732,-0.25178392239737934,-1.0555464973977882,-0.29183168139317905,0.252568308264827,0.1303013198231425,-0.11782786369171404,-0.7658488146792114,0.6736758446190225,0.8337490160752116,0.8700946269591238,1.4598330658006498,0.6729568916019666
0.5532844316530721,0.523557779616149,0.24836284976734294,0.44014757889458667,-0.8210315441680608,-1.358213291097452,-0.409428272938454,0.23035964081410273,0.8429399813406766,-0.2999466211111761,-1.2834797711262635,-0.9871933003771025,0.1809396769529898,0.2998414382484144,1.544566694625468,-1.0422112593387596,-0.19200777319380827,-0.3962958653997402,-0.08553400090713711,-2.2072319088984615,-1.4642628917045637,-0.9209236080951089,-0.3886742389399724,0.9518425040923159,0.35542933896901785,0.799612521126401,-0.8152758539803261,0.9298012648754349,-0.9038446728447865,1.734992963563674,0.1550719592553148,0.37088992836857787,0.9779670394441414,-0.03020380448586116,0.8440642002313143,-2.0755084734566833,0.3976293779870831,-1.14519979439732,-2.390830054413258,1.3365006120984413,-0.4802640400076299,0.035129383952658876,0.0014449935903986483,-1.3223723916938497,-0.41128545715006204,-0.42073176834865395,0.38784042221519965,0.8076170045425948,0.02000289149668487,-0.6324518673112176
0.01163870174878608,-1.338138515353746,0.31370441570028423,1.0333280336174182,-0.860250096344095,0.7795501836852476,0.756994903173069,-0.08477055745602463,-1.0008855698989765,0.009894050444383802,0.4032739669927597,-0.6576056460682166,1.1597778339237719,-0.09952128620251066,-0.09532867283860351,-0.09072734222924456,0.8040698786334555,0.022014271719306245,-1.8538634644004595,-0.06719189064255461,-0.75287974467096,-0.2193479197378226,0.317510873326208,0.6245743303209483,1.9950726280699247,-1.4636444143501293,0.8197616436419141,-0.019212463077882908,0.42132820656796915,0.6251887903392795,0.5925517887163634,0.613919755679193,-1.2093564904722742,-0.639706642019638,-1.4958023570560044,0.8409623129967948,-1.14947574629131,0.1151346266107214,-0.5711137882052062,0.5461190871598858,0.6373618310569682,-0.2547916273025173,-0.2910376390678592,-0.23234142092658777,1.0771581567885795,1.0565834072666103,-0.42667496597004817,-0.7871771132989329,0.5596866269973965,0.11646168413205864
-1.5327943453577464,0.4055203060422528,0.7821542019677816,-1.3969975257909308,1.6183313375017825,0.29262007306982785,1.594697302845395,0.7655888102748071,0.4759785191868135,1.6058735914955315,-3.4058406647804715,-2.469502802838148,0.5981076891091834,-1.1579209195766993,0.7605066882091844,-0.03049555610652977,2.3262815203187657,1.0315882271087877,-1.632126515848456,-1.3376620395119814,1.102226713169954,-3.027751498349993,1.5469846255232944,0.0926957493289701,2.089851166545369,0.19210829299625892,-0.9642198062386881,2.36187766266106,-0.7592983686917733,-0.03714260278556602,0.9423283348616877,-0.25281427544092483,-1.1938709865337687,1.0422347283351034,1.0436362566376418,0.16396548478598935,0.35422638805205175,0.6145555528330429,-1.342149562453874,-0.6618585202753751,0.39330753373674887,-1.2131934526391839,0.6534417815432672,-0.38779967793392384,-1.5587531659375522,-0.144932095741244,1.311303087382352,0.4929147744768496,-0.12786528639863387,-0.13971851046698908
1.6016979415747514,-0.8759952192718343,1.3122551587514841,1.1367234400000459,-0.29948612640471833,-0.6714039386135311,-1.209763971441471,-0.8868061267983761,-1.1906681511953259,-2.590096228347605,1.660078782637252,0.6467351021506449,-0.22421959954137896,0.7893766124383018,1.6888061690902092,-1.0899361847025268,0.2178229856963985,-1.1630295964608786,0.16967864145509157,-0.5712265471023749,0.0311583261802562,1.3256086645711824,-0.20231468345177395,1.223280835112682,0.7328652629315989,-1.2822732013621536,0.8975945061989821,-1.7849952840792755,-0.7634452003540202,2.1927786262714704,-0.5886500532632915,0.834625194189902,1.2718287806919124,-2.074804717768591,-2.135604437711187,-0.6472312485576719,-0.35659722427032,-1.429438337178116,-1.3197263888763107,1.141105135837777,-0.1470530199389522,-0.09972825887001982,0.11990528378000674,-0.5089324280259852,1.346832780950637,0.5402942779194212,-0.8057641073837074,-2.6096451190025123,1.0570647020027177,1.12604827926622
1.7379926009263478,-1.2915880273723581,0.18250352341212076,0.7583401735475005,-1.723363365665993,1.3861009462863167,-0.43426941024683346,-0.38812044938756524,-0.7082965830209044,0.7452072483591579,-1.0438458307153275,-1.4906801154265752,-0.9660475148842976,-0.7653367514258177,-0.48367965706440963,-1.1081185541945524,-0.5465188228942485,-0.1672984318168455,1.2500483114901002,-0.46655725593668845,-0.193133679523944,-0.24682757084889478,-2.065321594276977,0.6389543631199591,-0.373873235742208,-1.0286533900852,-0.3326638083588193,-0.1309958759074845,0.43748703734703515,-2.59432363514559,-0.5579933634661163,0.5350898791824911,0.3561102900657603,-0.24153100224495405,-0.4056294399402747,-1.6979566016018663,0.742738902057282,-1.7794469704331561,2.65427204838615,0.04469266154482342,-0.4141412182681352,0.972208260213371,-1.3211252603173078,-0.5809720814038689,-0.764522169444848,0.19400756014222836,0.5562163535543682,1.240551677837896,-0.06493408997744478,0.4257957807721199
-0.4792106821073475,-0.44008128938658714,-1.736492388907648,-0.6802029095296759,-0.2251959601853833,-0.006041612902215429,-0.3664119385424592,-1.027319650221503,-0.7347536990060234,0.3695365172801652,1.5898019722265069,1.9954967138598334,-0.2857320487068592,-0.019360191223481323,0.8808671583555041,0.3370830271760429,-1.1300937829292377,-0.20503436059823246,-0.6256197927033245,-0.2641944428477441,-1.8671589035697227,2.2712791703889756,-0.6632979090595197,1.126109202929701,0.9166545908750603,-0.32913919775670175,0.16524138547090042,0.04527816156028212,0.07276487093239746,-0.11936757849268735,0.28836203931385557,-1.2823497468098357,0.7548974286808318,-1.1530074487929611,0.15720978578689326,-0.6900443984462179,1.747823405191364,-0.5585099954206216,0.9794358780411521,1.0786397939400652,1.1142394981455122,0.21145523461646698,-0.49709103329002247,1.693729364342946,1.825460633228603,0.720440420950696,0.9057039199907657,0.22128920392033818,0.6682369363761292,-0.7868780676987305
0.4577424736131675,-2.782927027872789,-1.5853089819886876,1.2597764376629987,-0.8506000591829215,2.143504607017937,0.3375066354452419,-1.4264469564673814,-1.977944239126786,0.7407247176002628,-0.7944438080047227,-0.16544154174076997,-2.513820584536393,-0.6680966163138284,-0.9728146783251956,-0.20711483327388866,0.8465687714784306,0.14279449770572153,-0.9541755879736576,-1.4621575187779,0.6784764438673511,-0.5595430856483924,-2.249550920747313,-0.21718465250822142,-0.4357002448722241,-2.218154119883872,1.638054923657599,-1.0807189229374685,2.680382922786259,-0.41688949157730143,0.7754510636426502,-0.1608555334207395,-0.6014179041408525,-0.827862391132219,-2.519201649218502,1.162354785047468,-1.5593621395006971,-1.1966222962814979,0.1682513502069173,-1.127574204985194,0.6524103939633792,-0.37322493247015354,-3.087850014107904,-0.4307012951858432,-0.7680761352254265,2.3092448255183777,0.44716013604317745,0.20578725694347125,1.7741456734884804,0.8717143793438374
0.9230912736419415,1.8583582786090387,-1.0047636815322378,-0.42601440230888377,1.1149336057261041,-1.3238604259949405,0.2321234678358057,1.561905477719382,1.062710976608186,-0.31373247894471123,1.484861597111298,-0.6775625116123152,1.5899571050495043,-0.7985875257514827,-0.1942851566177875,-0.8363282047387007,0.3391012778197564,0.03251112057257609,-0.390632755171409,2.2251648487388986,1.0779673175901976,0.9208124479958473,1.9077632583512256,-0.8651292566189434,0.4186411525107921,1.4925617268121292,0.6544415949543292,-0.13558423066347303,-0.39095871997605913,0.22209472827080498,-3.0164690082852363,1.089348054700045,2.6185857082507065,1.3526630825207513,1.5017801649764657,-1.5820875068576787,-0.9897386220279147,0.8144678078160389,0.11854690781877866,-1.0670597480363118,-3.086146766532089,3.5848442576898467,0.8204400666878772,-1.0498113426118663,0.9077062483092019,-1.2641612614835296,-1.818173881952982,-0.7012978868574204,-2.480768177364549,-0.02713859850594258
0.003109486513753052,0.003029669173607715,0.948335127454512,0.3813548362473239,-0.2555386312601518,0.539632163480768,0.6380161885506285,0.8159069645202638,0.8260996179628264,1.102996550574093,-0.028595718079344294,-0.9250098655189682,1.39209254302077,0.3199742119351004,0.5436910037807732,0.48348869521810417,-0.8006056931485208,1.4092686406838366,1.316843994237459,1.4008276083585893,0.8799978090347105,0.984442315311627,0.3761107036215304,-0.8270771667525567,-0.5121817376135487,-0.5698240980002941,-0.6443175072442077,0.32482190389329985,-1.8117383888561582,-1.5492354250414453,-0.2625893599548087,-0.028755325880229807,-0.0504968319801551,0.5259133429329176,-0.2859593389435686,0.055409853375009005,-0.9658928465944987,0.3596428763103166,2.3539865906930206,0.09772261622882333,-0.35503000386109446,0.07862130491682025,0.8617889942727084,-0.16473606952145828,-0.046096203349212835,0.11071045738517044,-0.115868498230543,1.357615118590014,-1.148069514152026,0.14373283768409667
-0.9239791803212352,0.20936358363434288,-0.8928683222772161,-0.4980077119229279,-0.05257885408652042,0.5694694103291299,0.3720910808233602,0.11096470714850248,0.2927832832407893,-0.10778939336439722,-0.08676753446016455,0.21783313076304683,-1.3011476247743152,-0.23050367861590107,-0.12409993974241972,0.9407410133146006,-2.1423057389066,0.09203139104097141,1.361135901500239,0.9388682768548138,-0.07300228665305704,-0.36877156015459517,-0.01973918599955045,0.35025050197634755,-0.9944819260209833,0.3678065393781172,0.028074042759157043,-0.07414219301193134,-0.43198758782348035,-0.5527910887682189,-0.9135875263759036,-0.21907760544055377,-0.06064390396335184,0.0037295202658400458,0.43752170956164627,-0.07250401584658964,-0.5264333494398018,0.5877508734699745,0.687541996376826,-0.5376031446458202,-0.21259656449504577,-0.21916494054051852,0.1624134812059074,-0.6747825663059079,1.0470449447757022,-0.6830550409095622,0.323475369438287,-0.6327248953678148,-0.13848275213588013,-0.36783122544519437
0.8516959580152115,-0.42669175221402234,-0.8286145956882209,-0.3491725155533139,-0.3402255109731256,1.041208184256174,0.36660159381753293,0.009327231824003239,0.6015132119818579,0.0838083586263265,-0.6256245074798857,-1.575701202000555,0.046386109199377086,-0.6731318189709736,-0.41424273871365946,-0.7252985969023571,0.40307447587031986,0.5776812000820414,-1.4829223629078667,0.20362991715826795,2.212396373913826,0.4406510603497536,-0.10336697919574676,0.12346252641300938,0.15609063019068395,-0.40093202643415893,-0.5195848826423427,0.28634307291062944,0.32785593417669884,0.07223207804916396,-0.42589184863233565,-0.27756162411274354,-0.7371396142423623,1.1821138629584276,-0.5056933843952203,-0.06531910622312785,0.13189193876941457,-0.4710130622290195,0.6679872160674383,-1.5511630100361966,-0.45419027336873985,-0.43075326834395805,0.24038369621041872,0.40699112708849483,-0.09151509952551777,0.10053195396357409,0.341063171534387,-0.4184739991773641,0.6496525139147287,-0.012768005276892896
2.558919890888892,-1.5786079595972953,0.7853456490151448,2.1971414935397418,-2.7405600833134334,-0.493983650356841,-2.2710224869342555,-0.3361571245053243,-0.9658770374913985,-2.0305600463395286,1.001411159166235,-0.17756447135976128,0.02305342803890682,1.861279276433923,-1.9694619274556497,-2.0270723079768476,-0.38353693394266947,-1.1605141219229127,0.2881213946984875,-1.3428610417170135,1.6232565745802248,0.804487330441582,-2.7985237204582543,-1.4428507075720827,-0.9713151725773039,-0.07997184283281424,1.4795039407775357,-2.890544855796557,0.9635734299182686,0.6302153683933539,0.6597586027886791,2.0677178225177166,0.18738112691144504,0.3562002117207307,-0.5543059461557774,-1.6306666257831177,-0.19648770571098206,-2.671892088297417,0.8844386497409737,-1.8517900718585436,0.3892743392358533,-0.9327795497538798,-1.4069724144659779,-1.1133961806817045,-0.6940126561044426,0.060725344552378706,-2.4085484597486633,-1.6678873606001434,-0.7944005867661371,1.2792000427732748
1.2273227070000716,1.578979325774323,-1.7925109927002068,0.7127303652941218,-0.5945334442618492,-0.0014902351066622417,-1.7536286741230769,-0.4956763243646451,0.10852052795590642,-0.39597338015716094,2.4150015292584914,1.3469137898017074,-1.8790582315450157,-0.02530133923715741,-0.06345894423609466,-0.3405757049777902,-0.7452765215023011,-1.5325301827474582,-0.739798699927029,1.213744881638696,0.7968887934262782,1.5643702884788553,-0.7231990366698837,-0.7820982281895895,-0.48742466412201485,-0.23000012600575837,0.5370544867235343,-0.6745587355965855,0.6481053350371263,0.29564698435660547,-2.217369227595211,0.15061176424422992,3.0761745469410573,-0.6089283029338264,-1.1677475017922996,0.17268523502318664,-1.398470114345256,-1.128836035829606,0.8699029287608548,-0.32554723210386527,0.13059054698844427,2.6661809388826616,-0.2637262045711172,0.6487590580034692,2.292129664551828,-0.9269191308117615,0.2747148786835759,1.0127482395803047,1.016134207180638,-0.09001230774689085
0.08991024349480269,1.102306614279805,0.8648331925472192,-0.6759533154092445,-0.49895576923722745,-1.0188904801896794,-1.0895711689176342,-0.30695508675204836,0.28953435428170926,-2.149332928411292,0.8768448643504876,1.0519981148847708,0.2739976515488028,0.43928048027021144,0.20590046930745992,-0.10697687769674327,-0.5484186553096584,-1.6059444679320687,-0.7695038666174397,-0.7860064115836926,0.20174785427380493,1.3650007058297104,0.990382223050086,-0.13016099594748498,-0.5687474345201035,0.40850674507495527,0.959921547075582,0.5006688175845081,0.11877186460533955,2.0738484051118244,-0.4035984514183003,0.2461123171520378,0.6302984175312403,-0.8859297541285273,0.12426110993681441,-0.6762921690116529,0.8253819888764843,-0.5847206974725169,-1.9910356511208829,-0.07252401837600163,-0.06482696721175259,0.0918012014118313,0.2347151234508586,-0.8187905635101698,0.32030168716271396,-0.6701194238896171,-0.7845133202712556,-1.7180886573753635,-0.10764414162190768,-0.5748193652334782
0.15993597648508875,1.1670959896341084,-0.9223490624031575,-0.78826956721355,0.20363369901221406,-1.054293498725744,0.5550608291429867,1.336453338170832,0.9050000926952315,0.6130292764016,-0.49317131599670666,0.4901155073247586,0.9362943479991286,0.03082961618313811,0.3822749804222309,1.0082595447612674,-1.7539073110400378,1.1807808116393383,0.7926919352052524,0.9096386399543671,-1.1995615538179691,-0.20062772607118554,0.522357929351151,-0.28594157706643597,0.3515812358928052,0.7831851047089241,-1.00513299294625,0.4038942207879991,-1.382131624723079,0.5396609835152099,-0.3484974963558281,-0.37985354819179573,-0.18569226479274606,-0.11237569172304554,0.8432083410038245,0.49005095016517164,-0.26935407764359387,0.7609343670186463,0.6341770774490588,0.5275555135442317,0.690623693412988,0.27296430889925555,1.0791737480815156,-0.4199885746188315,0.7976324507107131,-1.2111751562858035,0.685594254582243,0.30197706676140545,0.8013155404428717,-0.3110068280366973
0.18511490868298022,0.06031546354381316,-0.017340783747140442,0.1458595688751339,-1.0407756870149956,-0.09587327888241827,-0.39583246512098036,-0.8381078680348799,-0.292848125220271,-0.13541907762106492,-0.10374130950861138,0.5806041426224939,-0.6277454642310253,1.3044993525191255,1.487953036763271,-0.6427016395552887,-0.4719444195442472,-0.5553147801401392,-0.09570398987341301,-1.804356133088758,1.9933716946454194,-0.7106716452494973,-1.5897527484006617,-1.0172558090286354,0.6458380794252692,0.10867949833552233,-0.021956369096022707,-0.3606153662134241,0.3527155813236999,0.015046493168215614,-1.0106110247564182,0.5169330674013434,1.0120133480661921,-1.8661368991328575,0.8712306268210674,-1.2366234761460249,0.548301182446833,-2.106886121095017,-1.1634619096569956,-1.250645544473848,0.6423301601088974,-0.04392949811006248,-1.14337686527422,0.829009253187183,-0.17234235375103626,-0.9938194589935622,0.5079423561371528,0.8507042042947057,0.5296311243957623,1.187665954018857
-0.1241841532617021,0.8607915746073922,-0.88979118319337,-0.7684831799180185,-0.24552358936279609,-0.2820688577304453,0.8287127239658489,0.7533187010761655,1.0854486548417293,-0.4946216437246767,0.3573953205685103,0.040965557604910656,-0.03216964084990692,-0.350521462630726,0.4383932212572276,-0.40680701920148665,-0.822731583647992,0.8785366548169983,-0.6642787449748587,0.7741131400759964,-0.5680037240656701,-0.38848959930967136,1.0570997148411545,-1.0332750692750257,-0.26685548839838724,0.9665059114048093,0.04401927475864469,1.20696692100668,-0.40798050725497237,-0.9368535230845848,-1.095424166310593,-0.6704541184072993,0.667603696618767,-0.33145725918544194,0.6212343542419851,-1.2890879228714784,0.3046813625246636,-0.1844846911941347,1.0665121105143647,0.5391824494020949,-0.8637436964493184,0.9326080840177796,1.3649299393212486,-0.7409240435586913,1.4742020189288656,-0.9133256434411834,0.03440403241224929,0.2655071475407876,-0.31521411555182627,-1.0398748728027352
-0.593932474453103,0.39257889286480135,-0.932751226486248,-0.3673466893332659,0.4037380005488795,0.21621989597261318,0.5944876455948159,1.1458820298027743,0.0634699990299061,0.12958053711297632,-0.0877809575939114,0.7842848394463932,0.3344024749941929,-0.4916090409222661,-1.4283664875731792,1.127486383571868,-0.7750532030839019,0.25284492111709833,0.9262303280272526,0.4620655807639237,-1.2201555863174038,-8.63264971346064e-05,1.3291809639322922,-0.9610061784418469,-0.8819568848471452,0.06697947976434987,0.039727317475256464,0.6341261254879006,0.8343614036864938,1.1031058397857423,-0.23011930783190565,-0.3021994463115684,-0.5981532931476385,0.673506064521975,0.12807146382962067,1.4061322377858825,-0.6245676353808323,1.185212055509712,-1.5870494857869883,1.7425588780734202,-0.06614303216836621,0.2660770734243631,0.9624422060503233,-1.2428536487505515,0.38490023947597024,-0.647075167739019,0.14644222709320295,-1.0518275429726007,0.762473472760528,-1.2058339512446314
0.48177702216359797,-0.27857997454932953,-0.11606212686174239,1.546297800457825,-0.6589547529036898,-0.019267146827281256,-1.0981881896204222,-0.1904441674115301,-0.2303570292846232,-0.6949117109117546,0.654081644965003,-0.42204676108285505,-0.09434264734221698,1.272379505207089,-1.2240383786683364,-0.8961187439504423,1.0179026015497945,0.4484880505735347,0.014703296994005374,0.035646348444440056,0.05731094437674519,0.13854863570952328,-0.7310718023059809,-1.0071214219302316,-1.344369368873902,0.3534814291003835,1.3924756869357442,-1.2597318399416706,1.1507458088084725,0.2381625715740532,0.1926733987389915,1.4097940956603052,-0.6128029934425243,0.21457282093003766,0.0702498276953751,0.3098306319415346,-0.7753062334312215,-0.3324500324122591,0.318037983174798,-0.47920773500344405,-0.4476316980190834,-0.6082037743321326,-0.4428709881050427,0.499291449305474,-0.18425038702007215,-0.07584537699812482,-1.6696032765659283,0.09064305039752552,-0.42378493399098316,0.3202162993285228
-0.48647802866061135,0.1032842000360921,0.9955207082373978,0.2724288084141718,0.38168825151712,0.4098335003983392,0.49060065423385757,1.4862678500545699,0.5038983069841956,0.5817180634912227,-0.4748892348815048,0.3533206085670935,-0.49670799029382484,0.399475074700201,0.5680617115418107,-0.8375140317131411,0.9340059249236915,0.10767987870808939,-1.5162033386108416,0.9584274937263486,-1.1112792567964096,-0.05176988540728906,0.33830521903401495,2.1916748694748582,0.29570429220039024,0.19582575718235173,-1.46781018618543,-0.18791487863096573,-0.34752495976720904,-1.821181328551437,0.09584447095542754,0.6656873698684093,-0.8852833426815905,0.41973989679268625,0.7520680497025168,0.8364997685340955,-0.12836761366843932,0.47602062286238916,1.8541610367893115,1.2400942245298447,1.0502959533179457,-0.41662085817053646,0.6527377325772094,-1.6136998047465636,0.6526185120444808,-0.44506481849045476,1.3364015122045763,0.6055786492473078,0.5126413343013477,0.9436276000351214
0.0709672434858197,-0.6213459977643401,-0.47598482921534785,-0.0051717382046176505,-0.756462742826117,0.06256143692331312,-0.51632418463091,-1.5961948122129173,-1.0682906510507348,-0.3087159829527572,0.12860293176552032,0.6546987875249061,0.2576645761593659,0.7155457572203573,1.2302929422359314,0.5164451980294308,-0.5934801607393135,-1.3446483368067865,-0.1003043537435021,-1.2827298201715853,0.6570819414615114,0.1280371963893137,-0.06977639111483862,0.058568270297705345,0.42579464497366587,-0.7564795682385906,0.8440709874472065,0.14522247821423995,1.1103420152770673,0.6703845629265348,1.3438561379189755,1.3846828917515865,0.9541569426734713,-1.7943866267914768,-0.8367755582518568,0.4569441222447733,-0.6900138988383533,-0.6925432427358618,-1.209227234986543,-0.7990119576554513,0.8951178150198816,0.17859133627403798,-1.6511052388714378,1.260022764159387,0.31557040837872835,0.21408332481425732,-0.0150142851606878,-0.6000028660289359,-0.46711836444137667,1.6188786450948585
1.4369983677740756,-0.6518125832294497,-0.11842201017260202,1.059726205283694,-1.4194852431501996,0.30292491037431,-0.5046053861429936,0.5511948818663913,-0.20376961541878727,-1.027803665374538,-0.837608708954595,-0.9761703422625615,-0.41834296497044166,1.0280476909701286,0.06177707772704031,-2.118682483746128,-0.3074896980241003,-1.8760052766897717,0.19358977517831918,-1.73890427669719,1.3272997310065717,-0.23862213111906797,-1.284323400787187,0.8284466906737576,0.2238878411171819,-0.25078416284977895,1.5122516310227174,-0.8437565644447655,1.0650738828311408,0.7188573272444008,-0.2348169746813682,1.2448545936320061,0.4207221721665189,-1.4227214537704689,-0.506616149065717,-1.8401532857190324,0.08774409461596443,-1.8089281369215124,-1.0495010565180087,-0.6826130010989647,-1.0247304617834447,-0.6117755556562252,-0.8046751453364019,-1.0397252758056157,-0.47699880654359383,0.22216016812308995,-0.9489399777876555,-0.5440338316376758,-0.47952669625985267,1.0807273974491636
0.8293858849859893,-0.6049235619018403,-1.9771433060648675,-0.6447675162127076,-0.3462195870514896,-0.421873590496102,-0.5505172844634214,-0.32311528356224134,-0.9005888665428909,-0.2978674804922439,-0.9894789957228194,-0.3506929490491034,-0.9649401881325822,0.22244810155014488,-1.270310648945689,0.9614986452954231,-0.1764041930569195,0.07184362440249016,0.26343557479815244,-0.6379689880970977,2.220353779569361,-1.2212860297037924,-1.130573399113536,-0.6097694318271005,-0.41577282705203417,-0.10824367599990217,0.8057526502845246,-1.7136709682100228,1.7030156924533713,-0.3166233430175761,0.519053355606949,0.04627153562389556,0.8091784615193699,-0.29352528456543575,0.3019837654508622,0.6824256424248776,0.6295905126937875,-0.04361298329570197,-0.7307616574157983,-1.9643231284552725,0.3314063332948838,-0.9008481483301733,-1.6625778657989603,-0.23265424376990468,-1.228421088197794,-0.14978670648369707,0.11693040238635392,-1.6005165356471278,-0.0848168549698497,0.43178961217845857
-0.7125132869748202,0.8827910286350512,0.11431821313858187,-1.1460710009959694,1.743207423735602,-0.5804584992515053,0.3564426978517274,1.6469769204964047,0.5534517806872772,1.141936031618597,-0.24376214258087095,0.1682742657165546,0.7745616200660622,-0.4526671905242905,-0.3952360323725788,0.8444426238314154,1.920540891958431,-0.361943904599148,-1.0529847966332604,1.06666808878036,-0.15388733440351363,-0.6447519569439861,0.767065496660373,-0.15149933671129354,0.8527883450825394,0.22132475159661452,-0.7374576088203857,0.2171037184999231,-1.6769083149412323,-0.3563043866395454,-0.03170524946701746,-1.0937987916567617,0.14780244175098553,1.8209268731573998,0.1797047078856445,1.0091124440190185,-0.9139118360732916,1.6009949075237686,-0.12995731180630385,0.5660067947256814,-0.46444944791466053,0.7892539360090938,1.8128260941920957,0.1523925992984177,-0.045269289115648856,-0.3599970259153614,-0.06488000658170205,0.5050787368904964,-0.6539886929716074,0.057415564469294314
1.0743915419103511,-0.4673099196713489,-2.54059221514393,0.305399984936793,-0.8890287433030004,-1.0004032649580479,-0.6070731005323134,-0.5200350192453048,-0.11937197537795566,-0.8631968635918391,2.1519363690628324,1.3636124465993755,1.0194843441250212,0.4483529040256122,-0.2950459236916049,-0.049272039112553394,-2.120941732491292,-0.2210809779896799,1.2962626205397554,0.9197471345549857,-0.7098775936746593,2.2155913954260633,-0.4892132633556845,1.1842718836045596,-0.719182319013762,0.07658236612366763,-0.12454563665953321,-0.44093697073845,0.15780964364716668,0.48098820276374143,-1.0470421495384685,0.4235268969435731,1.4237600059167923,-0.24345164495988889,0.7070220302435325,-0.8061937065113791,0.7593545882806908,-0.774414481350686,1.3111104871620218,-0.8889690422737837,-0.24824143125785655,1.3329960435725434,-0.7924502156267402,2.270044543002598,2.079695971847699,-0.548696275190538,-0.05281684998721153,-1.002006748662827,-0.7523300825129786,0.08212879009608057
1.0205952814274144,0.058016286225221966,2.1148228350772142,2.775826632926897,-1.154971983981273,-0.5759036638047209,-1.1237603771154705,-0.4916220239443227,0.37408544338665284,-0.9771503541877935,-0.39741556743643447,-0.7248443864907609,1.02929357698947,1.1896787211927873,1.583070837941592,-2.438772652714872,1.7563823166167183,-1.2834329915797187,-0.36999062019269097,-1.8221670419722733,0.6959160824555229,-1.4419390520469142,-0.29951973092752754,0.42795828915701106,1.2412324778133024,0.38329913529207543,1.5970767105432875,-0.5577492634186597,-0.46587909464211014,-0.23837747970500792,0.9325657597170092,2.0570329344883618,0.732519448168204,-0.987172465805596,-0.735156857847942,-1.305799252971353,-1.4190919630375851,-1.9766815475129316,-0.13772761610231155,-1.8650141370228472,-0.18609414650900227,-0.09630648357897491,-0.02705701971484691,-0.41248901269554666,-0.44649524448923045,-0.9076250802211898,-2.828795203481634,-1.2759327327479049,-1.4583929215716331,1.2087501782899255
-0.533798818897605,-0.956617279526405,0.12722502795352725,-0.2901712771155459,-0.3303253961045821,1.677156665643653,-0.1012221640691351,-2.195347086333227,-2.3798321616403952,-0.10777967286306657,-0.8201194338057747,-1.8757016739613606,1.4209054762628661,0.20090728049748183,0.5909518494777665,-0.45485097118110107,0.3057624182681784,-0.09015336790157089,0.05758930642324365,-0.09079578798037631,0.8437320514196128,-0.41494988476698147,-0.6257241633898805,-1.7197856186586324,0.994694281359592,-1.9951032717456043,0.34619901352461285,-0.5779985283567884,-0.11468310534736101,-0.30741958895407223,-0.3907639092997168,-0.04047744267001902,0.10473021672685352,-0.27037404030039713,-1.8374871184681318,-1.0144957265095644,1.7996154245980236,0.6032116421293653,-0.3803964969905957,-2.076563927736166,-1.4426009753435767,-0.4565645589906089,-0.4718075070856427,0.8138512048439284,-1.2665826788653254,2.123953634839792,-1.1932191829421182,-0.5993547976750401,-0.7471192228564167,0.7732014217533157
-0.9976242676035392,-0.9231477742122216,-1.0099238880771346,-0.5182373386495529,-0.6111830369207549,-0.3255325349768528,1.5496366355282625,-0.7702753386964231,0.2673603429826623,0.48925915220606536,-2.0972254093574905,-0.7552114447456105,-0.597601482517649,-1.2225426818712373,0.4009321114463337,-0.5277673327690003,0.7050073446048757,0.9969563903268642,-0.6617838683854602,0.09199259658887306,0.04669728043915703,-2.808256852312743,-0.6484070012090054,-0.27441607253736167,0.7770356580141637,-0.026440879666051586,-1.275859047455004,0.7154831728968456,0.6906123261610408,-1.3084879602404371,-0.885607085308521,-0.9047127965453776,-1.433176146514596,0.07924512474804325,1.3289317900983335,-0.9018257170652584,1.6728913989373484,-0.5282767469954254,2.5221147079394144,-0.7396508135125849,-0.062062170391516826,-0.9528956588475336,-1.363303189351923,0.36461686584890507,-1.6236199409134708,0.21463392932935574,1.9906066864795675,1.7993909338277139,1.4525880991536089,-0.6007136775649524
1.0732668840494115,-0.4999966650874294,-0.42153566545630805,0.8401211533212849,-1.5683375845035752,0.6398652156131099,-0.1465884582143088,-0.24711309908849463,-0.8332436048804717,-0.14150747385628068,0.3000229565565093,0.3067818959882379,-1.3645039426851924,1.7161069654583434,-0.515559379367378,-1.0498423688357736,-0.986761326712984,0.30570437020639885,0.5611689127429962,-1.61327731942219,-0.8980127719713394,-0.8942513667613504,-0.46945423000008085,-1.0785659312466913,-0.29044861570219854,-0.6161860798905684,0.9789640955168073,-0.27471279550946615,0.4701466995894396,0.9007072261793122,0.6826104501186767,0.6723482425561218,-0.22300154600502525,-0.8050978649981725,-1.3294872352562357,-1.2344040280025066,0.6084190833429434,-1.5898778026845344,-1.3264176721527923,0.17793444702523248,0.721451571082276,-0.6390081330032212,-0.01719880229725319,1.6253770278570485,0.09750842494754046,0.626782837663473,-1.3718746761727234,-0.9964945844508915,-0.1829761024555829,0.767049677115644
-0.6705596474442814,-1.0347219353616866,-0.3085186422771282,0.05303451429819591,0.7370384940425182,1.8280963388307163,0.012334951087115926,0.1263913781185585,-0.9899197315819483,1.6669308353091774,-0.28741623973882513,0.38827398431332993,-1.5193445161203516,0.4721167707583682,-1.6455457798157451,0.4726106229265833,1.7089462203413404,-0.012404525979764129,-2.3670670892466137,0.30687068981492377,-0.47878467491157445,0.20349414661635504,-1.192854070200306,-0.8089143170048564,1.1033194224274743,-0.9964878642602999,0.7053164069752581,-1.1454671017491544,2.043325082504996,-1.5392681308805245,0.33966629001442744,-0.449260584661263,-1.8068849456690126,-0.4285296017814977,-1.6988419021072203,2.3775712297102896,-0.6916850297316912,1.0599274803177021,0.6213549569036236,0.46999273296988775,0.7788697400987661,-1.4056326463255877,0.18969543490768737,-1.221844057071616,0.0009870179690477348,0.8629491607088036,0.7022704676011274,1.043287225393924,1.55477579374362,2.2196310107611925
0.29221647009699975,-1.0081789270006623,1.5729392755407172,-2.0930022029934348,1.8096430062926143,-1.0659082290842747,-0.335838918771678,-0.11462590286607274,-0.4890752522237449,-1.436726237487293,-0.5457814922861698,-0.9937145763388605,-1.577223119274325,0.44597480797458855,-1.512275603008016,1.5354537482439963,0.46775580659744076,-0.1318479272227032,1.018692221035019,0.3374593624103021,2.5351507840739527,0.2055230684371685,1.0801935977796486,-0.27501380996116137,-1.0645418092159644,-0.32940263445055684,0.24895196885989346,-0.2765900095199983,0.768970560600707,2.3190807698840947,1.199473969255687,-1.4321953373714724,-0.29249169433647704,0.8316143292353411,-0.738770985727279,-0.3312293747330268,1.0839331811900295,1.0153865176267194,-1.1769611518540815,-0.8238229003275716,-0.07548948414409826,-0.8003356364857381,-0.5077685772346059,-0.64309833051838,-0.5730247853226148,0.20317493630675942,-0.4963463697063622,-2.532923518687577,-0.2790366570928869,-0.6760998874109806
0.38553518719413615,-0.695750762024449,2.085956820620157,0.2546951699158148,0.3859526131375545,0.1592722295319908,-1.241106311663006,0.21132421826520426,-0.1992405451576373,-0.5763095401568722,1.5323699485219324,1.0740940468258455,1.7394786262132187,1.232850937871106,0.15286690775691428,-0.7703684935569286,0.945974974576473,-1.7027348895984744,-1.420181420896691,0.10695498073186262,-0.1288159794801057,0.876584377218399,0.44527564069327713,0.9775836604532813,1.5391933962029571,-0.1645149824097089,-0.2107274891903158,-1.3312182408510915,-0.1964000830890127,-0.46183306384504264,-0.6898406598610937,0.9048437846389145,0.2085552467124305,0.9570405361871943,-0.355949001349904,-0.10017288517801484,0.10951006122010101,0.06472501368947271,-0.20781866745679142,-0.2591444845343559,-0.42175124133188197,0.0492055263504602,0.13093849278942793,-0.040361225949899306,0.13102933684227744,0.03966241556273928,-0.7325707528539852,-1.5303760289962147,-0.3998826524152573,0.07841148408098254
-2.0329593699227297,0.20743770228373787,1.2009222975005684,-1.623085144953764,1.5466343474218818,1.1843553575319348,1.6359959983661625,-0.19725922782402977,0.17207828424705954,1.09921067615943,-2.4687280173984285,-2.6090991793384406,0.54127650900805,-1.7232986133808055,0.5911056755269085,1.1326372230750317,1.400449887443549,0.3841705459976544,-1.157295195603415,0.6410387429843174,1.9388689782928108,-1.1188594046074536,1.0597173574139864,-0.34735213109934326,1.5071215749024902,-0.10164313022564316,-0.18304426666843326,1.808474055934642,0.05633418068839788,-1.7219291325748147,-0.3726952769562917,-0.8804932819115889,-0.8232332914753847,0.17892339916245836,-0.04964978299307086,0.6052541316414628,2.0905205075439257,1.5377101766947194,0.5194120682917779,-1.122783849427274,-0.6683920274924335,0.880320777969366,0.2684956637591457,-0.5968753689412325,-0.7363016091367823,-0.0732660884061013,0.21989102234093752,0.6222208383425852,-0.3371054739420683,0.20592949321972193
-0.5529021564716332,0.3341859053574011,-0.4545770364143021,-0.9183958577465068,1.1288116146944802,-1.0987623083978664,0.743437242218522,1.3448181299289699,0.7109371024993016,0.08696686719048558,-0.27521295267520907,-0.3118568922557279,2.1131815914257626,-0.25472611605706946,0.09406193076901966,-0.5139103861233857,0.7805419062792158,0.4829575601158881,-0.5646063538608341,-0.18491587662204173,-2.0899352290586966,0.20854687092111382,0.9564771324431786,1.5139387655740726,1.369518724200267,0.6762807847184421,-0.8264940461321052,0.6081171632511374,-1.6462721756824499,0.790481707364875,0.744312489955479,-0.4146828591278185,-0.9819879956097645,1.4122033832867313,0.7235614631073594,-0.3335758805789177,1.3377034013907076,0.6257200572996962,0.10127775562311296,0.6491946092075398,0.20791725204562808,-1.0522232256788762,1.5614223991867902,1.116001580943961,0.3488128924714207,0.025786443307688218,0.10093443552534477,-0.8105308154573942,-0.13275069037776413,0.11051407840825277
1.089568242513174,0.6361364142784128,0.22691052983066792,-0.3042174449783724,-0.38944199606920293,-0.4248246514659864,0.5770387734205314,0.7902416640022434,0.20967120854443316,-1.5831619009704787,0.34659607024615124,-0.7782649641273995,-0.6525176358115145,-1.0697814434686446,-1.330899820967207,-0.38855022671289735,-0.9393809220437469,0.8105360943218175,1.15711909489609,-0.5652503757243641,-0.8926770101324956,-0.004905943469448584,-0.3567081322605819,-0.6657866586101527,-1.0186706373480785,-0.436632541349642,-0.40006548082060545,-0.11090601695609544,-0.8340003043888854,1.5362279447795448,0.36922238863034657,0.47346237567460925,-1.3250301533236872,0.9397042192751877,-0.1194145738695267,-1.1655592747131467,1.1549958505300593,-0.18895923100832404,-2.4768826141013216,0.38333172638031787,-0.19106554858609234,0.526798926342075,0.6408243306401342,0.10898905763875862,0.6175203271034283,-0.4929859345653469,-0.6416111694978722,-0.7805835664329114,-0.0869674556727499,0.6840516275081858
1.0446940393798088,0.49967842048757927,1.1603838760120784,0.8164673702583696,-0.7438046581957136,0.2057216469736017,-1.2237621536991137,0.04577981807239908,-0.37949206694624205,-1.176329038487902,1.7393290754276052,2.178644151588643,-0.4811330914225465,0.6102731275464836,0.21608115942490777,-0.7074590815452286,-0.5046958876814306,-1.3515849835033829,-0.10024789038917718,-0.43808907814353426,-1.0259047758772637,1.4581100471089101,-0.2003032491785898,-0.6290201484434679,1.285470159535567e-05,-0.10151251700701941,1.7760819080130197,-0.5361930404958446,0.4293408252331654,-0.6659395795488556,1.0220312777296992,0.7224327488791211,-0.4655864239247781,-1.374018709069549,-1.4633016846455185,-0.1635274912499488,-0.8772884461719961,-1.3639750264478192,1.2972555079691388,1.4487982837410331,0.967912366547589,-0.6625159438559732,-0.0481340924830722,0.07789754477679563,1.4039329419050237,-0.49745231301989773,-1.0025171681564395,-1.9263588665152702,0.8445177196843712,0.828222495042346
0.23121237071444808,0.7018285677506481,0.441964430413071,-0.24959740494947577,0.8718086649017402,-0.6198950930274802,0.04229035883928845,1.1978392723158546,-0.001963183681216626,0.35933185672513346,-0.28748464822036623,0.6067645174202192,-0.39612389062019515,-0.8538177408940479,-0.15745395001230217,1.1887513669831327,1.3101629788190456,-0.5144363943475407,0.35987072413576343,-0.1389321607722574,0.20885166676282335,0.5339260760601205,0.18063871244703258,-0.0025981296053995025,0.7260908505665336,0.6789508090305725,-1.26760900333213,0.3064964488843706,-0.7275289686489502,-0.18527506409239689,0.9246906044029317,-0.08218850975263067,-0.25903319220416077,0.6239895489515414,-0.6070376310195634,1.6214417568619,-1.8187792404112002,1.0279566816938484,0.4613196714351704,-1.1293072036251308,0.36759924808325495,-0.15269291597752288,1.1772267922925481,-0.0810012367222381,-0.9503201482749094,-0.43651202821154655,0.7396483356073136,0.815556184693385,0.64657781037877,-0.2457269527650562
-0.3482541454375956,0.24081692818320202,-1.1212585299274842,-0.8599592401190309,0.7388090386860019,0.3005745626310978,0.7897878176693003,1.2102770856272955,0.7154048682011261,0.10520730046547608,-0.2959077684120034,0.3464286608983259,-1.2164761352920899,-0.14315489728661276,-1.722126850164141,0.6667279416671094,-0.041486283644405424,2.4385138714826393,0.7635644516561746,0.5204071894471944,1.8001272240924295,-0.7424512410618289,1.1322126017419047,-0.14088627894884373,-2.7714103289041168,-0.06244677302863421,-1.5090728338450872,1.1394560087321501,-1.5309130104750912,-0.41706171452287366,0.5511295085401815,-0.33574847369041005,-2.6846827352751235,1.240902280523672,1.014076431169231,0.05879219344444993,0.31003600076755927,0.8615821329411746,0.011358483643187003,-1.1084539396187405,0.4248150305772612,-1.3700560968569868,2.40515928876493,1.9237925746483666,-0.804757460205429,0.000508376576911157,1.3939270585519923,0.8544642909239386,0.7245930012071803,-0.016517871767355172
-0.8082404504984743,-0.056881154599689454,0.8204690197097482,-0.0845913120473666,0.670321909697929,2.412054198896763,2.7149082143667127,1.060854703193594,1.0060970638594597,1.0308552893997056,-2.092500802020907,-2.008277644990227,0.3418708407316691,-2.191969551031027,-1.550930268154279,0.34953919063502165,0.609794241564883,1.8158949248578444,-0.08940039197102656,0.06320578131482926,-1.1804015613045222,-2.0938173951946646,1.409055388660726,1.2635732505464368,-0.10008233641078673,-1.4853419653188435,-1.1880366808444363,3.0421210262144522,-0.9398464004463607,-0.7592479772300207,0.5875951016572055,0.7364886697337465,-1.539524208045339,1.9577378093340352,-0.2835898959267337,0.4904967630171308,-0.7209702591285331,0.8289120801968992,1.4982868927200363,0.005499219699624632,-0.08838358358696102,-0.5718279238172714,2.2724876870620743,0.8905903271379001,-1.4765191460664502,0.4527627274231517,0.997951861214434,1.7407423878226604,0.10734117301398761,0.12082489811784806
0.09600759632002884,-1.387256558145437,-0.6653209662740931,-2.1323863143593145,1.5482777934695897,-0.029874445287737555,0.33744263288055343,-0.10338761540015341,-0.7067813015441414,0.3234655837181052,-0.16040051548573087,0.08283099603759184,-0.6884010970943231,-0.19715683525269598,-0.6032278427228216,2.5316256677339033,-1.4154527392260603,1.0830984747773529,2.374088686351034,1.0441261357189273,1.4637542805186545,-0.022408627043442184,0.9727409065738315,0.4030375043380901,-0.6059749560844306,-1.1948598747103987,-1.7100630444103793,-0.2846040319686718,-1.3299860081875996,0.3466062595211905,1.5617926519291747,-1.4309849808837207,0.04185028078605678,1.8972165797761495,0.6746087099297423,0.6366318249659408,1.70650436474802,1.87649534948184,-0.4592653055176139,-0.5876192098612482,1.3242463389349255,-0.8276856777746616,0.4126289215840274,0.5324977969589039,0.44082766085603314,0.9846213864115593,0.9962556115811245,-0.14764691417544304,-0.49478716102895864,-0.7558574800465218
-0.3109453546396276,1.0064728196464436,0.2547213256614033,-0.8383413892747755,1.7710728506635711,0.5617426509325218,-0.7432916728960922,-0.0027272786277390965,0.48185163136969233,0.40791838290224824,0.17128951036153833,-0.4163906833360258,-0.45770314055394185,0.27971933594453263,0.6625661590664617,0.2791493252718008,0.1989289176008035,-1.1636425157721892,1.6760140189193298,2.893300551473603,-0.15492130623284572,0.8428840405363116,0.12374358026403293,0.4216063365367772,-0.18835381270801424,0.5744274818689074,-0.8443713027930138,-1.3246999544784197,-1.0301902754473795,-0.4925720310161181,-1.1591871354236951,-0.9531928448030256,1.1024851408012784,0.1077576335995541,0.3621619049632104,-1.212569405885302,2.176601629514549,0.9269922254748166,1.1798329965401761,-0.05574644223780884,-0.5770594846328022,0.9616557136397998,0.35275400054939315,0.22057235857812973,2.0289160100640835,-0.967555978118531,-0.2361269907075839,-2.099898886862321,-0.05284606421424898,-0.32039336818655323
0.2290225341797112,-0.7854122566758813,3.143245033646704,2.082836269236663,-1.212645412815281,0.6555924934553752,-0.6384228001108401,-0.9726770034945611,-1.2828838084610388,-0.5697645527364649,0.31971792978652264,0.0013549718680864093,0.9327787854894392,0.11331870537339547,0.40315345081909787,-1.375037670227003,1.1005152841230523,-0.501636644638062,-0.20305954496134326,-0.9249898571806323,0.1637880830188518,-0.8267099403066279,-0.7456997409426365,-1.7912412007560354,-0.23418162448478963,-1.02464720968359,1.0202690052238659,-0.4994308540636161,-0.1317034915127667,0.28224106654674513,0.3364794082089367,1.6570866696767226,-0.28744738665230596,-0.6253480176875282,-1.419917212170596,-0.7315566838340846,-0.231055637377912,-1.0460371564133386,-0.7273748850958299,-0.8692174134474796,-0.1469782928862477,-0.4293564188767021,-0.44929654008229314,0.4351382583209554,-0.7455922641284914,1.1063868828828913,-2.7418676548643766,-0.4437889119163815,-0.997970563392933,1.1465624230845628
0.1153770774929251,0.3957174016060552,-0.8925358370940198,-0.41519707144001944,0.976694466163043,-0.569208233766644,-0.23265780019734975,0.8292053031555908,0.9921902517385165,1.0157868546159137,0.031003635164794673,-0.02784849131156063,-1.0184303145203712,-0.9310878878384631,-0.48636982605421075,0.9591786337942442,1.7845809414550338,0.3181126205691142,-0.9013036272810167,0.6234795465256074,-0.3682804633205876,-0.09962039782672516,-0.25653459887661423,-0.45935231646777214,-0.5692157588494142,0.8365001958214452,-0.36439765305351024,-0.3678397600450661,1.7591166796340574,-1.0240253598082891,0.2237557314915886,0.8868629538393836,0.7686780272169248,1.0675169263515618,1.0468769144597188,2.0119122708762456,-0.7805686473086608,0.5134151259026433,0.8099929854541185,-0.6520003021536611,0.7505139789906806,0.1642228758506673,-0.08058854424089573,1.4492694285841883,-0.48389290282245023,-1.017698215393606,1.549859259234486,1.1504184329505467,0.13820179887045667,2.0715862200797504
-0.003898875773741379,0.23876513957803497,0.15294473812083623,-0.9412497865720652,2.152414598567154,-0.3823467873591295,0.6744260349393574,0.5090045216202285,0.3636578249219306,0.5823073733679187,0.5513434662492169,0.6741331772190783,0.3175265390713153,-1.408067747147467,-0.6972521058467537,1.383322949086556,1.0264678168505246,0.788204583418655,-0.21596470140039153,0.3131989997323211,1.5956550820663902,0.14675044953267155,1.1008603893021953,-1.1519689905517698,0.6494695650306863,0.72734744102522,-0.7135333677607927,1.5653780771763115,0.013355726221182418,-0.9358857785154037,1.2190919730532397,-0.8874742788543585,-1.328343260789447,1.810440829054077,0.24132925517443252,1.1821461840796492,-1.0791272385538184,1.2985398908441828,0.43591600636046174,-0.10046227226653302,-0.38512490110745035,-1.025784961697747,0.0908945043479433,0.4221419958229227,-0.1868371967962494,-0.6561444819695155,0.27485604922735796,0.1668025094156313,0.17863617024646558,-0.2005734369208365
-0.8240736501937764,1.4681404977267578,-0.024129171617580623,-1.6695774573224802,1.416192313677195,-0.53511437281543,-0.588257961162981,-0.25511201478630996,1.6775516862649085,0.18957842967655508,-0.15407626837526806,-0.9800114842977965,-0.0015334182590034636,-0.06028696921837042,2.2322348565068397,1.740220021055962,1.0885203786813904,-0.8786276264090813,-0.671228760821787,0.14374805473411856,-2.431537250869824,-1.0394911762193886,0.7256398036309224,-0.6735293133914657,1.124931687048702,1.0518943081636818,-1.7847412917437366,0.16307907007338776,-1.1723776875913288,0.5930968781294541,1.0167079079484975,-1.6215660856627738,0.8169414735219054,0.8626480678221548,0.5063313561259218,1.075118538814129,0.7226949194413532,1.2054973009898555,0.6167836906806893,1.5376877509153855,0.2324353390278018,-1.4018276718544376,1.980291989585064,2.113567409814754,-0.9319521099336524,-1.0225374378042076,1.0223105422263907,0.841210478240752,0.8903083449483968,-1.2365198570066436
0.7563866271386263,-0.4117753649163026,-1.1237774153603877,0.26164440878938233,-0.3457855386969112,0.7448609378164065,-0.7862982460511899,0.9559700054740776,-0.465255512502796,0.23437663519850027,-0.33213220233700824,-0.29552476377115133,1.6538949642270973,0.6415038194906141,1.0612390269371168,-0.6079133793176182,0.17308816750588532,-0.8876737049412435,0.38229140744150003,-0.058767381507721435,-0.7295996309798606,-0.806365480897306,-0.4184185729626345,-0.2609353781838188,0.8696402595861522,-0.3870680712471089,-1.0647110177726637,-1.6075201584608338,-1.5868626837717528,-0.36956224613477867,-0.15371502378907054,-0.16738618607258712,0.9543953467228967,-0.26457405157656644,0.11032994234627767,-0.672969047917635,-0.3953609782479285,-0.08219241718218986,-0.257301373798967,0.7448695896023937,0.13655331188412853,-0.8483260913682301,0.1731331360281116,0.060546283324037706,-1.1610585180080193,0.39485505164776247,-0.5357027153813319,0.1844234689291837,-0.8320759329033199,0.41374954061497116
-0.5517333039566679,-3.1596975251474944,-0.5843392587956987,-0.38742549820245303,0.28407031020218343,1.631588303107686,0.14390422978179582,-1.2238013124553118,-1.6158324756648081,-0.3435820699333907,0.7743963693876095,1.1643210712524457,0.061040677747974656,1.1776596176092449,0.5948133164681358,0.19678777139692566,0.41552578008758306,-0.6420601142184632,-1.5482899539045971,-1.0348323532515367,-1.3046756047347707,0.6546897017777561,-0.4237340450485471,-1.5094413726268556,2.278928801802517,-2.0020616182979323,0.057891197110954126,-0.07393012961508458,0.37897372038297333,-0.9108899766671031,2.229410091629159,0.22870633993910428,-0.2155008841500686,-1.1821067335406756,-1.0743088756843966,1.1051882345155948,0.22035161661012834,-0.0060107249947599604,0.47917246984578543,2.544713971237124,0.5259124035533904,-3.256410904887194,-0.731668331370795,-0.7536782898038459,0.4118482477049048,1.399372454475335,0.5750731632617747,-0.2028079209393218,0.7375304698574295,1.1859232872012586
-0.09682729838835172,1.2055096354588608,0.050317110267993695,0.22818269799593913,-0.6217782953422012,-0.41857610716645677,0.6263205537087801,1.6330595797154766,1.3653786826706378,0.7917894006285507,0.4399201586477794,-0.14937381963102975,1.1096460820471863,-0.262526076276175,-0.2931736603022899,0.061079183631780706,-0.7345277479538929,1.3141857340853484,0.6652907866972196,0.9561219993319064,0.09304042507468303,0.1836826839525728,0.391440723783381,-0.010565789504895116,-1.505137721253968,0.47181124431491844,0.13420641100962868,0.6109404611650472,-0.5792082688083545,-1.3344427708026256,-0.5741068224888639,-0.688217162260231,0.8387347952667533,0.5300092715137998,-0.08363721587321224,-0.9510219516241729,-0.49887306748281496,0.3344878507937068,1.459009550323867,0.2898318691713474,-0.9063192321577965,1.3622869267081925,1.0750876980179989,0.1116427618103501,-0.3031474875374326,-0.4643550759157507,-1.4804097209578404,-0.162706241415183,-1.6644892474583275,-1.2821766742498297
0.8246811433326224,0.9650574458552988,-0.5264816748946467,-0.6776432234537529,-0.444556556104326,-1.1829706216194034,0.32561481089303207,0.8616154960211871,1.1716440377770247,-0.2767542615489057,-0.3223256066108798,-1.1777680709386271,-0.5817082061191419,-0.6222180516287433,1.8886110076001676,-0.427678122604486,-1.2688268400693443,0.18661701312959592,0.36425216486116446,-1.3839038026875319,-0.19281455247913712,-0.4600376500663094,0.6445416703921112,0.9656747133377579,0.25019679138130346,0.8347210014732555,-0.29069988182767575,1.531129229673172,0.5580791150383195,1.1414211863004533,-1.1318800811606295,-0.7724123420406176,1.7589257462945165,-0.4752339842603913,0.28807225907992073,-1.2705609298930252,0.8986612780599026,-1.5960172239807744,-2.2597527494885843,-0.3136226973392805,-0.025297989670186993,1.3312790814553659,-0.28486840533368474,0.32232611778892506,0.32961732984210057,-0.7542842895837889,0.19625495361226458,-0.29001788926944055,1.1257555343925487,-2.0346872911822103
0.9352607541925819,-0.46164754758190313,-2.361525443430044,-0.9607153290352445,-0.36659276131934465,-1.2938360326302303,-0.7704678595512138,-0.7971653931138097,-0.3942583037033792,-1.7806576728309258,0.9125450130044703,0.16856275169267243,0.6305334973570674,0.2646003402867106,-0.4305861570774119,-0.8276854507180573,-0.5637005937752998,-0.8842984163146064,-1.739455588746844,-0.7087071413812187,-0.3616073719515929,1.9495887179017999,0.7356796567317425,1.615215891865186,-0.3511846923039245,0.6650092078958538,0.22520969970787177,0.14945681382201145,1.6869730341659623,1.4649616010359787,0.911791660726552,-1.1994743547351319,0.6968307458334173,-0.11820553047557981,0.5727003190486268,0.2064432022045331,0.5384140234168808,-0.015538595416194602,-2.0819611789522012,0.3243450301648876,-0.7591841844307229,-0.9891734429363445,-0.7972385148941881,-0.9468246082554562,0.6813000637681271,-0.11990289666217954,0.4889294597786581,-0.8803078251332627,-0.8778054200024535,-1.8200057946898194
-0.21174058065219345,-0.17109077026090722,0.7762186661623734,0.08668080245977572,0.3214961499285222,0.08734777366244735,0.6297952178242168,0.708608160366211,0.3658339746982464,0.35467970503723795,-0.02181890786843487,0.13813653043499494,-1.2239086456965418,0.16789256672299302,-0.008596261454631226,0.5593989520083649,2.0856615676715755,0.5541652584822023,-0.9480708881563401,1.0942600421087505,1.059925879455319,0.5802015255439591,1.9266274179405838,-0.9404697805622303,-0.9070772074007235,0.15097727417092263,-0.6922829256928182,0.598203808442114,-0.5992847878880656,-0.5760205693998766,-0.2972577318166597,-0.5280205632372887,-1.172021144693509,0.3992445348277709,-1.1414311207803782,1.2626296750792212,-2.5213773247409454,0.4853229281311824,1.8446519767040046,-1.8212404127152546,1.155187812801754,-0.39183535911157735,1.0104536914331073,0.8530925240577493,-2.1068450572754807,0.16414759081182478,0.5745995094941455,1.2762807297147032,1.272502715668066,-1.0634515891473093
0.40193127044482124,0.6291398851963956,-1.2103730726388113,0.5079355744688007,-0.614670384915388,-1.0667035556986793,-1.3263414829298859,0.06629232406323639,0.09824072793407501,-0.596917157119079,1.4954865193283988,0.41808341241720764,0.6482176854107339,0.5264164497235274,0.4764731393969453,-0.013809308433422353,-0.9504585497859762,-0.6643096764211857,1.2833531486599972,-0.4964740461495424,1.32575280580553,1.7269909902199416,-0.5272985618098556,1.4208961342807687,-0.5150977130683569,1.2464576282286777,0.2750393329057861,-0.9856681080999381,-0.21635254653743466,0.9825440902576941,0.3052769017164394,1.1454090378458692,0.619957272525389,-0.0343229761258738,0.08614544644603424,-0.2525503791747639,-0.9270648133456354,-0.7160182262825524,-0.5504016742396557,-0.902505844669448,0.30647214753401636,0.7092753355969781,0.1846246542549957,1.2072612892893957,0.13846337624049046,-1.0583738473766895,-0.24757474499392787,-0.7739566932626887,0.5809606120467113,-0.5261152863315283
-0.5205586270820797,0.671940740324486,-0.9990019055518191,0.48011865964384115,0.2519243084813667,-2.0736251127090912,0.034262482567911146,0.666501888325044,0.20112452477806006,-0.07934207717318921,-0.0826961991856038,0.33676992476191486,-0.5812827462392932,0.46434344587575144,-0.7393672309819813,1.3215510471310732,0.3088148672610756,-0.17334368880988488,0.9338551693623034,0.15226062416741915,-0.935216527608156,0.20194308879141565,0.38746112890555456,0.21394702471554553,-1.6597944026561389,0.993654091285747,0.5045894404838623,-0.5349793952297165,0.16101324188326574,1.4996536688765951,0.6991455469152712,-0.0310419708529504,-0.022121639306752698,0.47158790633719677,-0.4982368922935635,1.3210521161044555,-2.0338030394026023,0.9926874771062156,-2.0815369170933784,0.10063431526892967,0.8779580399276934,-1.3325835616344488,0.9378160357485946,0.9889778564255656,-0.27189908921575273,-0.3521944456052903,-0.9824070420749281,-0.17466489156548237,-0.3672937118286469,-0.4656105961975958
0.36745535856629674,-0.12632618706295176,1.417926261221299,-0.33308205493228854,0.9470737029907641,1.0874467156628647,1.617658959789018,0.45144293263782403,-0.6603091287109485,-1.252794046705804,1.0159978777045946,0.09531139905293681,-1.0424573328376712,-1.8869882014144763,-0.5183317819258784,0.4814515695795973,-1.1875633378511965,0.893177934160657,1.2523898888854268,0.9235086705597607,-0.6167468203069739,0.9049756822790355,0.7377680146704461,-0.9763406965043168,-0.4313532163995417,-1.4033473462219974,-1.157041729472337,0.05837108296834471,-1.7130561050042772,1.610706886772484,0.04662076446491065,0.4886401880391893,-0.2336413792351451,0.2344181982596601,-0.782852177566047,-0.6131310577019704,-0.7184213678410716,0.5193392433731892,-0.9667258255703292,0.05205246325624342,-0.7660138579672675,1.6671803301751478,-0.024439844660971766,0.4056722953987837,2.297972672930447,0.9417012073163266,-0.2340372784651857,-0.6584905097026241,-0.17534895371139955,0.701998636804356
1.0290916413900808,1.8679982695613004,0.07131329725506401,-0.014790288664519835,0.29148191177193955,-1.2486425674334463,0.2680197881855115,0.8530304558256263,0.9800384748298642,-1.2854777510245936,0.89410539052753,1.3761644883373851,-1.408639567310681,-1.1909214489183024,1.7569052790130306,-0.22923941983428697,0.03965575280339711,0.33771383709501757,0.07174901231296145,0.30439927586252735,-0.42639416583625783,0.610082825991526,0.35931083941350306,-0.570608981062111,0.3988831431709661,1.6652538608005525,-1.2414610227357257,-0.2780029773816854,-1.7365552844835204,-0.1820122756564571,-1.2017993062832493,-0.08563459257490894,1.1524179975502842,0.06158830200190841,0.5666405684094982,-0.7754333248927909,0.23252894166721738,-0.6672125383654551,-0.10902988228642525,0.11551415035165609,0.9995207510861602,1.1095602692090643,0.9750340983736342,0.5424434571022668,1.1763867371460714,-1.1102448124161497,1.0963499057026278,-0.9352219618596896,2.556456445849339,-0.8129416608542538
0.48977703396168404,-0.3816879402227624,0.19214783120680673,-1.3200548634970104,0.21564855494733634,0.17214346209881715,0.03688264215013314,0.3786651370998416,-0.12425137599882528,-0.5338740941885548,-1.0949096129968345,0.9240972350001893,0.5100612283612042,-0.6956339099280028,0.14607107763338067,0.8407325221756795,-0.3227851163079147,-0.6182402455521395,-1.0466418836140625,-1.2613681616780874,0.022049120234802218,-0.31183803438188157,0.2082694577399383,0.11283689493250301,1.7361523827630974,-0.4641091261671889,-1.7365267404901017,0.46737841146497316,-0.2351137355897333,0.43253179769042416,1.3942456746870302,-2.3951680402908964,-1.366991367499638,0.3812997434710049,0.9566547340334836,0.6384139883133576,0.9438124792584246,-0.540095441726012,0.6779462553823316,0.21507130866829027,1.3538030191286214,-0.7229531381584521,0.30945863587594513,0.7467020260902343,-1.0066759313309497,1.0338987339021193,1.6353972490076516,0.740524047501046,0.5112703309871719,-0.9357521320857709
-1.8232749466997926,-0.07873347675612967,1.1787608074217408,-0.28994966993615773,1.539344343498058,0.29289039520476196,-1.0274557993539903,-1.9605591490339849,-1.113749688447382,0.024628104621016816,0.4308307156903948,-0.8360312647394982,0.41642265509775195,-0.18720793012783077,1.6297149070338814,-0.07135451284443768,1.9193585633015724,-1.6692781618503958,-2.189768637612289,2.7878801667819535,0.25113167117724783,1.188850601153909,1.0386297243962652,1.5763582268505736,0.6983206706490024,-0.38494019937450885,0.03953049732261784,-0.307724462771151,0.3871909583327965,-0.5061855832059667,-1.6535306398839085,-0.3137926806997758,0.814927892654477,-1.859877465215022,0.43528934758156146,1.1145658979668696,-0.2614567717516371,1.8884221604313953,0.9940641086912568,0.41550513436777475,-1.616898340406349,0.9789917418781613,-0.035511894339576265,-1.8535635526297345,1.3271839369095046,0.8705604260240989,1.2773933532103694,-0.7675989149144912,0.5485037801810733,0.6517354512453204
1.9277576002555974,-1.4113951320827005,0.4797223859500385,0.48233897719119245,-0.5245991470436856,1.2598562355525798,0.4603159445201448,0.9268095740643051,-1.1916418519768843,-1.1118663215812303,0.3388470950511583,2.322359245382783,0.12745894746321118,-0.028118250382528354,-1.6045478090522287,-0.9157127583651233,0.5333955057183165,-0.6215493122300971,-1.2916727154539747,-0.6478595241175737,-0.6143176097887654,1.2532363362515628,-1.1091635625993261,-0.2899979788280452,1.6572485487196658,-2.1372552946898686,-0.17728922810030429,-1.2914462217188702,-0.4877104054692434,1.328665069991555,0.18678364613460943,1.0465204972537034,-2.505477614443829,1.7876514431607313,-2.8503097489023825,0.820571414067605,-0.9608525217483067,-0.5143577263951602,-0.43291319055337524,0.6801186973763698,1.6052659831168559,-0.8108367174770316,0.05991825063350454,1.9849198098600986,-0.034298615546593296,1.0678224680913362,-0.7272827908208432,-1.00589068933876,1.4433097316772094,1.6121682325597033
-0.9481390108544671,0.14861520154727015,0.8598002790034021,0.017757129602485315,0.1855923312766309,-0.4035710315596167,0.8516431281641546,1.2909301646688722,1.2275595189422106,0.7902308854882627,-0.9412687064366133,0.4150018372329737,-1.2266961172325095,-0.8114730646151338,-0.32543173998200287,0.8799517358955342,-0.43300619272450647,0.33907278961023507,0.23844207097354464,1.0250473457427804,0.6358682442851328,-0.2669396933451853,1.5626732584331713,-0.01954270300019495,-0.5199762218046775,0.7337838463595772,-0.35346410672318296,0.6410859643044787,-0.5018402416135997,-0.4488275069092574,0.9695029464446733,0.3616824024795512,-2.0915778247798316,0.7286362975850498,-0.34458269501398453,1.2459216045529828,-1.0353460539157122,1.3208398269912653,0.17590329970907503,-0.05238684076426135,1.6174849134498348,-2.170221394851019,0.30634102637878274,-0.6124510504661105,-0.4366838373081705,-0.876544135400161,0.35865918958694054,-0.21710676886511854,1.6623116043745028,-0.783536654121529
0.5764024879981924,1.4022107639242418,0.17888073678442137,-0.7798332804111364,0.5825862006696925,-1.6600779962433034,1.041163360458558,2.0127911052084113,0.8180930947865872,-0.4360633599024091,0.017347472911015467,-0.28072592844358646,0.7055917139259664,-1.4351134249832567,0.3558457991147878,0.6331301426152407,-0.9961171942377403,0.9489387478104053,-0.32336148210589155,1.3818790861257215,0.20700988808604784,0.2541961795344055,1.0582779073064632,1.0883998404659412,0.22382332653109813,1.3268997022750963,-2.1210255624739474,0.4240673826867874,-1.1465492512292828,1.2275149420312421,-1.1026071419292167,-0.8167794082228463,-1.1948413002078873,1.1876347278851305,1.9175118537607707,0.038091814187438566,0.2548967051194527,0.45001543629870505,-0.7861610744254467,0.16192898489201873,-0.5205472895336509,-0.15440828915002025,2.123650181425566,0.5510623354182408,1.810464362492353,-0.7496390753978998,1.2155581058151743,-1.0320827226175333,1.1609183558942124,-1.2085463977701794
-0.46144356582558094,-0.735879933578367,0.5427726796449047,-0.6167556798744225,0.6568889037070571,-1.0455993191091915,0.4313555657223684,-0.49315054979931133,0.125719191830969,0.3250967608034168,-0.764956080097949,-0.08305567302567156,-1.5986857607998455,0.6739871209282688,0.1045163352961502,0.6420873956093459,0.2910978336351776,-0.41768418294404225,-0.013597993796409443,-1.0991230978004398,-0.9388342303719349,-0.9044746709067505,-0.2186760891803368,0.5650615021379087,-0.04373377091755343,0.19803689438518204,0.23332231112512059,0.1548956307559733,0.014736479322444618,0.0074471921328591924,0.9876698028224433,-0.8044836457557728,-0.038646380775750715,-0.40749934824440515,-0.27771586782680385,0.44539204838003604,-0.030780753483233975,-0.20392177866747305,-0.14081676799141765,0.5617416885093094,-0.32067930968207264,-2.250970099860661,-0.03089015852348219,-1.9360065920570313,-0.255770654628994,0.0507597569148817,-0.31542311708317006,-0.1826428473088787,-0.2995234383484238,0.24177153812025795
0.42670632987664203,2.580196337803734,-0.908500091905208,-0.9782566653926076,1.1088126024385883,-0.2815063091832737,-0.42950784774141937,0.5469959748241404,0.844522542238025,-0.8703469044445056,2.051331825121961,0.5026787083209374,-1.1453249619116048,0.5434898966044055,-0.24304569133394957,0.350892062207843,-1.2248240538510464,-0.5147383353138562,1.0464309102645724,0.8506344779531383,-2.2696971974604345,1.4596657536994242,1.2981351820782179,0.5781145875775617,-1.34795032403925,0.7134480906536017,-1.2174995286214991,1.3102876362190399,-1.845023586678496,0.4878737474192612,-0.4474735670280898,-1.7452968750325646,1.1424325579155414,1.3094449239787762,-0.1740598421064729,-0.7398710733905736,0.19262743114318415,0.3198393811627662,-0.4613783726962576,1.658991572434856,-0.3080893423984818,0.960136061556516,1.8960960356442036,1.1578096374950413,2.150175493943444,-0.384418225430644,-0.40349746642039247,-0.8790067682887795,0.34504908210421864,-1.4578554933368364
0.8812049284826466,-1.1888110643391903,-0.15101511218456626,1.1665089019569719,0.29937359074818704,0.60662697499988,-0.7782797502389017,-1.2163550055935417,-1.5396787706260118,-0.8618762308665685,2.3188852772303443,2.330708978927665,-0.4381261405020419,0.7143242261877092,0.7697864696165118,-2.2477221481089784,0.8533362540297246,-2.177598758848578,-0.31675586515531784,0.11175257392355349,-1.6666766939761775,1.9175798599638354,-0.5177837213481475,0.8050017180271761,1.5528886956538834,-1.9872472152428213,0.5513606710958001,-1.7189528272979844,-0.5583249807672405,1.595961125231287,-1.0004034092228933,0.8002383179364019,-0.2257030188719659,-2.1420371991641574,-2.082694493441953,-1.35817329817854,-0.4659558588215536,-0.7051542244730056,-1.9332864597441834,1.2542908355964584,-0.36910542360410176,-0.008895368357907382,-0.8375937830702129,1.6795012303630918,1.5730480481821334,1.1929537572499194,-0.9927418160545447,-1.7170203641258868,0.6023045329560253,1.0867397726405654
-0.3883102632281924,0.5012730215183838,-0.4010812575465344,0.6057634980629849,-0.5948435244673625,-0.6352139992492194,-1.1859691424986665,-1.3150990267528582,-0.4684882413939272,-0.05509432252980404,0.4855656633195448,-0.9616685502945942,1.330239298276122,-0.1039904030111104,0.5712506824643401,0.9816323765907512,-0.06478568338702473,-1.1681050646243107,1.5795401823355915,-0.309631202601103,1.2654309182641676,0.48268583151978495,-1.029714356758667,1.598997190406886,0.17025745675212964,0.7631754320752687,0.34261406512411113,-0.8128557968598475,0.6967431032423197,0.07873838610339996,-0.22311960034905381,1.416634571324527,1.7826430040837746,-0.6903100580584713,1.084845197734588,0.6029179186937154,0.5907253429796686,0.5261940173346912,-0.7014233940185505,-1.668293390891865,-0.268051419944405,0.5363490795670202,-0.548650315305828,1.1552362923521884,-0.38397038199185585,0.08582395081672846,0.2747336948135322,0.40389939640726774,-0.7090596204512276,0.7104277462564962
0.0512714916049284,0.5268265577983847,-0.7375769854992558,-1.0624503249387736,0.5111487008577165,0.5702112946340963,-0.3011740561702884,0.3079113423327706,0.5389796411976877,0.4579365627907188,-0.43538178039144404,-0.46261473594728725,-1.349549742879307,-0.2231442077590957,-0.17206431288310645,0.24539145480969407,-0.2966058716551239,0.7114808851750684,0.7501833917121928,0.20964537110611928,0.30252746527239643,-0.26644389549907693,0.17948849221509533,-1.1466023063270214,0.023656051954840416,-0.46501829724153937,-1.0759224741075268,0.7165311172795733,-0.36407661879631076,-0.02671340020199109,-0.6248344387420686,-0.07954466592434806,0.18210465810062254,0.2946670056431956,0.27054089026266753,-0.31281085227416966,0.03504216312996758,-0.23918574198209347,0.32629228277906874,-0.9781113199462819,0.5152023757112442,0.9781422798300037,0.418530330674763,-1.3278959006199031,-0.3744201662832127,-0.3108773809805046,1.5294238980302988,1.0169922528287432,1.1494918571404835,0.13065837213483422
0.13539058638662993,-0.5356442290218201,2.285216673416273,0.48199624485268383,0.1688162518914137,1.101005514177995,0.6721467785562973,-0.3499319178407376,-1.509881422846628,-0.5241418794746078,-1.051589810907645,0.32089405118662645,-0.46072420218771276,-0.10008996795367942,0.24675082340026,0.13421506631190003,1.0177094996420746,0.5990628075182916,-1.1945243237725898,-0.5036364479483603,-0.18942127789646898,-1.5348485407709778,0.5678705538906192,-1.3294082980630753,0.21275235285780988,-1.0238073491466655,1.0462604317720774,-0.7138183004279889,0.7119505568663284,0.04337657946817097,0.7848443487493233,0.3215624602735048,-1.0930395873757093,-1.1833578626535903,-0.03629551441711117,1.1901654500173993,-0.3464666534694688,0.129683388585549,-1.397827935581403,1.0506539281895486,1.1684536861189656,-0.6225629867667745,-0.15543345669444833,-1.4402314269401977,0.09394794695658017,1.4749573218965144,-0.6347478094549118,-0.008919231020685378,0.1468733076007481,0.8397953454539819
1.1783138815684167,0.3632421322745432,-0.05652072109600567,0.7482450850597723,-1.265979484462495,-0.06734866595096976,-1.2068765291248293,-0.9727898554628405,-0.9872763995970899,-0.14915111919145943,-0.060291528785687096,0.7149742761427782,1.8065052811357825,1.3110056842429705,-1.1330423167184067,-0.2772143800372644,-0.13727602508649003,-0.4240159451023315,0.1505622727504733,0.22175363643170495,1.039000085587797,0.02137708133766492,-0.8379527795035672,0.44765559436118113,-0.42919087340586537,0.20942991843951142,0.8471664545466625,-0.9021755101614113,1.196919056050622,-0.3865333407727009,-0.17190704525448078,0.42965432569192996,-0.3641108854695273,-1.0906818537349718,0.008718683821551972,-0.3224437811186238,0.5870794114744289,-0.7970900729582006,0.3838899361782444,-0.10169097013728702,-0.3986498553401623,0.07695414666269444,-0.8920942023201828,-0.9207779454821768,-0.053503236846638436,-0.1395090145107893,0.21381382848374594,0.14470130517149946,0.3688011178034215,0.3762062912111703
0.26439139478530627,-0.12700126061019687,-0.4833876277826877,0.02707434134236598,-0.13178756405003506,1.0990430013204864,-1.5473748561481053,0.602087321274914,0.003828836918385341,0.26562169703095173,0.45662566235213986,-0.09593412457921141,-0.197427838575311,1.901137563130427,-1.3338605091791336,0.3432871008108585,-0.5379805159820978,-0.4467079026178433,1.7708434538966602,1.0270524042901201,0.04092174623293313,0.7107740026328634,-0.7750315502154135,1.134403033427034,-1.1903977395546073,0.5724541068605324,-1.0013571366023968,-1.0708893023666606,-0.8935328204778078,-1.2153473563562536,0.7899587078254889,-0.5836836701958193,0.23877519887553283,1.1376015295694457,0.4642312939579294,-0.0654456968842041,-1.286421895378295,0.8822331390998981,1.2693417746659053,-0.0945955936328809,-1.3649602838521686,-0.3321861005380469,-0.43558081223708495,-0.7923525655613933,-0.042239392644140346,-0.9832756780223805,0.04391600382644779,0.004034563556819702,-1.3652986254091055,-0.8188181805226094
-0.5053730349115311,-0.49614416396178296,-0.7771031394801162,-1.2093479056888434,0.1779171619967038,-1.4805848604271779,0.09799319752599572,-1.667942569177357,-0.49815588710442504,-1.105702167339441,0.21857768528899071,1.4336966936851252,-0.3112034744507337,1.3466602120663245,-0.7657333179973682,1.737074545327859,-0.9280288266771313,1.7154333959312233,0.7030708169009207,-0.05350923285754311,1.2040048955861946,0.04955963022160303,0.9047525560936813,0.9256227124730665,-2.3059075320525597,0.23891652269317576,1.341281139716963,0.18435915385572943,1.0702561203055945,1.8301012069989215,0.6784673794515287,-1.0433368503607505,-0.22405040770575782,-0.7174595883841622,0.9528752252107142,0.49075458097198804,0.6621964189121708,0.8240630261314963,-1.3958791362311087,1.003639181919731,0.22635959375864437,-1.780630467403094,-0.6119375959124457,0.9157712181562457,-0.18963567021505923,-0.04842684162675157,0.2080355930160838,-0.6398809944411593,-0.4600460578202751,-1.3588741455618465
-0.7104729904212617,-0.21882328679540908,-0.3719186907411306,-1.0269913892574276,-0.051688383873751485,1.4253478932780206,0.7610783625744855,-0.32194569588762406,-1.1835662012585555,1.677030171786205,-1.5377880823539234,-1.1596504629380955,-0.10050608925277112,-0.9308401287792483,-0.8671234626636459,1.2177043646928583,-1.360926887938745,1.7893207610054755,1.5272002900263473,0.13915863825225996,1.0490960159162421,-1.0056909068827395,-0.4033724838921192,0.024472033559285122,-0.47478876066013614,-0.4684602406861175,0.07756519691517881,0.257221836685626,0.5051532968819631,-2.159044191249496,0.9580404774150284,-1.1030009616205052,-0.28991939951623574,-0.7088159549279461,1.091073974377276,0.09599114188653891,1.6680709358229222,0.007214465025486424,2.303758263554604,-0.8968062941161316,0.8128934942896106,0.49091032295362935,-0.5757065916231011,0.08864725433067322,-0.5009530993915566,1.0398549003278965,0.1835376917210313,-0.009879848514550437,-0.5897846342625774,-0.9138564501700864
0.20234837148394902,1.3866434095415898,0.10731159828777302,0.5832246844124517,-1.3423662616201222,-0.6253587231987445,-1.159866144768422,1.3474505771659069,1.529771173732716,1.2234932382469106,0.2281953733241604,-0.6328074524076456,0.15680696497401275,1.4939134285362718,0.3573597907026629,-0.26436397125787375,-1.4030238175880139,-0.3450036691374909,0.748584825207408,-0.4358707372920289,-0.3392157493388184,1.8305672805529698,-0.2692797921994043,1.4979807644449643,-0.8001588382688231,1.6345016017154952,-0.11907091974179616,0.5977171852074965,0.68827260226069,-1.6173075979506404,0.8646426529168032,0.41935373108692753,0.48120886053479334,0.009472349935862824,1.8613460044263168,-0.7971189396795556,0.0929709592628779,-0.5880347957757521,1.9820113438818185,0.37702792368076243,-1.147737502626194,-0.13298940861023223,0.1520448367716867,-0.2316015656442316,-0.22733263588621525,-1.9597974352296053,0.5792074347065367,1.1557510538061295,-0.8769049810066813,-1.5231155893440975
2.155439366081283,1.0021532658239378,-0.1815573788535453,-1.2969047389563464,-0.33854803763406865,-1.5645006429312838,-0.031693605950422754,1.4344270068055038,1.1685906451895978,-0.8044150806450816,-1.1855674769014335,-0.7582937298936518,-0.3624731134848978,0.9838050463294027,-0.6914218084273716,0.09145473118375082,-1.1361639399947814,0.012045215995995236,0.637506705853602,-0.41631083028535476,-0.012995937245502031,-1.1800011391355663,-0.6997243378423825,-0.6706780715155864,-0.1943021125642245,1.2623241074496394,-0.6437467276525844,-0.4823878548320124,-0.7423244949625634,0.9363851390950672,1.2869369441156853,-0.41879707117143417,-0.5832026733197659,1.2115441287696647,1.0216496991255708,-1.3275849616001418,1.3135180808173144,-0.6908069596243411,-0.3926538861714624,-0.871371250630381,1.085764220240843,-1.115245754288376,0.7835961183304753,-0.18431624693130622,-0.8277380039832103,-0.8644567874508672,0.6164077874903205,-1.0421120374714405,0.22523254028869277,-0.48030488990271913
-0.020690054646896477,0.6191281461402991,0.4231199706387506,-0.6504906572596915,1.6197150578800001,-0.7373053756060454,0.3469301635549111,0.7901923968168062,0.7212609047691868,-1.2179051308637427,1.1216951921539422,1.0751087231974914,0.6631244118006726,0.4788690090020981,0.5268286959612705,1.0917898620969357,1.691711352555141,-1.4685300095188887,-2.0064421647736856,0.21957336600367988,0.7762639914954838,1.3566582700021275,1.1617444761082407,0.9758288830274006,1.679473059073543,0.3532284377772186,-0.6611822704355916,0.21216146571709404,0.7624236028665816,0.9578337267167997,0.12457478501494847,-0.7157793381533624,-0.4514922997890983,0.8917159492436276,0.42064152368070973,1.9300578001284603,-0.6946944408189333,0.9577100835824461,-1.2015749759589482,0.3028967799256788,0.8083419863524628,0.6755880039018751,0.4132138872368465,0.5045746519724099,0.5999716461778242,-0.25753438981095333,1.134122076754941,-0.7474044491178252,0.7217293281336473,-0.33516755289656147
-0.9729350185087631,0.4587689669812886,-0.12228025284485151,-1.469724633700592,0.8672531235941477,0.025374056783274368,1.1293490253570169,0.021780842117729425,-0.025168395929667985,1.3755924260482457,-0.7599187412370204,-1.1951369885327914,0.6632590081421832,-2.3380390667705653,1.455311194124854,0.4954599319153181,1.138666300528097,2.3315371271999186,-1.2034652207767194,0.0761944250420107,2.052052276861068,-0.2776620463319329,1.4178026250928475,-0.10190318289616655,0.5908053211442649,-0.5818518956224277,-1.6675782791119969,1.078475646354914,-1.1981308703409996,-0.05604996823635215,0.043794279421662294,-1.5069898101230206,0.30034110578308637,-0.03507513699505665,0.3844809299776769,0.08934252267937562,-0.6138583093628267,0.31369532990927734,0.9867226690784447,-1.6335686557898514,-0.734487008791675,0.08573605589418942,1.4924446519358503,0.019770541473674456,-1.3757753550705154,0.28834262924923976,1.4725527992700185,0.1385934867226169,0.184864446029778,-1.2180106229251946
0.3334004966995109,-0.7207805697044679,0.33595232137209136,1.1427288837809557,0.1375477291868191,1.3973692196992786,0.9693862436378556,-0.8171402032784628,-1.3099279765464085,0.7591842542767137,-0.01940247473595015,-0.29668872397341894,0.17469008777360204,-0.3865368558905032,-1.7469622366308886,-0.06899764689948228,0.7498803147620511,0.28162132952596625,0.15837345081002385,0.2808194514982843,-0.3206681572560654,-0.259824086225179,-0.5207914064340536,-0.5684349901780265,-0.2797460023502586,-1.2480021705413205,0.6228780238951361,-0.45204278702279826,0.6452741767036249,-0.7362591955141786,0.11527750366402342,1.2792290221298408,-0.44436429299033897,1.268494246317457,-1.7930072074066299,0.8961176835167258,-1.6217056144020932,0.6802240138182064,0.33480940290817685,-1.1916030576037153,-0.6108467019534823,0.7285340358029102,-0.3778095629099617,-0.26887230277914953,0.2326831713491547,1.4261066535469062,-0.884826487476591,0.1985545576214774,-0.9601426287095041,2.281347071712322
0.7100357044653564,0.6101907412736963,-0.018173223638167795,0.5541012419760881,-1.0374714723572889,-0.4462513711629706,-0.144505332055096,1.998185255139834,1.923927100995284,-0.4204123690558779,-0.6978663142691058,-0.5290294897326272,0.5330907241357674,-0.3387516642079154,0.33812554487940755,-0.747750822248792,-0.12897586677902975,-0.5340299542349557,0.2981135380887718,-0.9974144865940857,1.092694332706918,-0.870587419019784,0.7764145464060553,-0.9274759637977088,-1.189035644843084,1.1177518669004745,-0.38771101700210797,1.3328652945685302,-0.9984170003833235,0.9890818595039742,0.6946469217424643,0.08146860162660428,-0.07401644581158046,-0.6283278207861596,-0.0888410526768302,-0.7822658450985931,-1.2903589727451845,-1.062540485626214,-0.2245930183066621,-1.7913939111061397,0.7847019266755314,-0.45977004214631345,1.4603945938958467,-0.3960690585931513,-1.0747200735199887,-1.494853531486311,-0.33367329341430224,0.7084714521276816,-0.013207218728957963,-1.1821646846877951
1.1239957854488138,0.3739993635064377,1.2217717895124343,0.6643641818128248,-0.9715939304118073,-0.001071485776413127,0.5253912759275616,0.22338945357900136,0.657558045423678,-0.8433193786412354,-0.7341499770786815,-0.603415366625586,1.697854534657969,-0.46532732774383895,1.2969634107152022,-2.1047689279492916,0.7906979691023757,-0.8428980819536094,-0.9946392152792808,-1.5790290538538434,-0.4634147735267243,0.7439414753978402,0.5266395318170386,0.6836742574865272,1.7972894781692241,-0.10816385961942969,0.3613683255428797,0.6220850064600584,-0.29844099031507704,1.2360311277029494,-0.7550690157866081,0.5216453371892305,-0.07224063131957865,-0.8453125873334187,0.17179713836387808,-1.8681779734739914,0.7884617540410922,-1.4961774505617742,-1.7917734791454925,-0.020830985325258688,-0.36085247757957095,0.8942138016071025,0.07634491718350121,-0.1706977307426075,-0.04905299984127794,-0.3547211973115263,0.14681697640753616,0.19444329426146675,-0.33322044826797653,-0.9696843287112893
-0.337237940508881,-0.049060308124757264,1.0174171911917185,1.4246699341242233,-1.2287648329783798,0.8254500649903921,0.5100908277604066,0.14361409390662716,-0.19724259024925245,-0.0065172073720642446,-1.8949355771417766,-1.3334346033596955,-0.7921033219206843,0.031960143606235135,-0.02464862826304262,-1.1267274913832974,0.6793973693743116,1.231286576101114,0.44245474269335305,-0.7251740017987315,0.8047606726659688,-1.6366705731925568,0.0910977247806358,0.380326958588698,-0.556063445545318,-0.7923033466956185,-0.13173204501299293,1.0313303972655505,0.2487442271284223,-1.1236010110995014,0.15589213041178193,0.6066475578233019,0.07496581119505723,-0.4588141698950226,-0.28780336768590337,-0.6476137960329333,0.11146134962623305,-0.4529597989552327,1.5966196235762673,-0.28542633702585213,-0.555132426100342,0.8866665249408064,0.39735695803045756,-0.09328683154076978,-1.3306228564177431,0.6725295456888023,-0.16531415786751746,1.2743623735945264,-0.6657860250902906,1.1977010974318574
-0.48112048959771014,-0.27039109875388706,1.4942864171273227,1.520261111515508,-0.5320385084753256,0.31151488766382357,-1.3938906369298247,-2.185637104190223,-1.2593962023790806,-0.49288143856043254,1.2967359721347873,-1.107579578451961,-0.052047620300781174,0.13719960007625176,1.3009171658722218,-0.9382221869466966,-0.21950777581430017,-0.6583915813450594,1.71829008309988,1.621438119460384,0.494719352182834,0.7628752934953037,-0.7885716391678178,-1.5152795515367505,-0.9377618659421945,-0.5343410823296689,1.9045425562952014,-1.2036773890728398,0.1206572453662953,0.3626971865301907,-2.369206896249063,0.6751745333866201,2.3091632736336187,-1.7583083146406322,-1.5417379152054242,-1.5332783755257426,-1.4978460402603107,0.03514484033240444,-0.5643882894293225,0.13242580875957596,-3.0647611445196854,1.8094459213236527,-1.0458547431267267,1.6532698360607314,0.4257601023396522,0.10574082173881502,-2.1803201493248356,-0.10575250086705595,-1.2827057458144562,0.4101960944153727
-0.5133918532464871,-0.924928879373757,-0.34376724988486035,-0.20276434233622367,-0.22309612657992398,1.9401507651298722,-0.08520983740322767,-1.2865791911076963,-0.9850531323594811,0.0007362454085684804,-0.29140121886097403,-0.308392615140629,0.5631917062482655,-0.6496565371095231,0.42214191133513335,-0.3508013766379864,-1.092611032684967,0.19225600939665727,0.16488500472861203,1.0869057376888762,0.09230286892381474,-0.06967642528375502,-0.00922630193182085,0.2925933532993678,-0.5449237372167819,-1.1490245925785998,1.3602378384469482,-0.5428136827524784,0.5435393740117846,-1.452271955641016,-0.9289428665413406,0.7363411706013944,0.5259151104409151,-2.2061458891250307,-1.4650283843041854,0.01680830196592012,0.33529366886573486,-0.07952893855331111,0.7018119239880914,-0.4434994020971446,-0.601595109425841,1.549060072821249,-1.1496747444190922,-2.2011053297761087,1.2251019023450458,1.1500279489375094,-0.49098334100884805,-1.0979602262291865,0.2552932724660035,0.30461347756346097
0.28751449489404446,1.9985892692259017,0.7390157230567331,-1.8706957191023965,2.1510839236969046,-1.4217664257244356,0.2796753846165011,1.3731697857039058,1.189490726081856,-1.5494317874453802,0.3224426534352098,2.1197722958987297,-1.115448430884435,0.3505013380654334,0.06403228694784796,2.085083940841258,0.43452406018718176,-0.7611020775748657,-0.4710751391240222,0.11508015364511665,-1.1318636324794238,0.11612192683980303,1.457781024904428,0.1610741220600732,1.8389229188934677,1.2652806791118374,-2.282302269916769,0.274895823124001,-1.1634538409496322,1.7779243872831538,0.3730495319497432,-2.728658646029918,-1.003875726533929,1.0057022251660535,1.1387368765319184,2.1368270676804415,0.7700519517100171,1.2491187933769479,-2.219118550414334,0.8679739404041442,2.318227871247011,0.999401274865199,1.2035981813410397,0.9508046576883992,0.5838889375478911,-0.778796130678218,2.6738537198807037,-0.9361895069809099,2.570821300999842,-1.8185816372661152
0.2602825637224838,0.8781970309372306,0.6836758955822245,0.13155540589226009,0.17981505730847347,-0.9366392715337959,0.5937579960377325,0.3499289979675051,0.6872265863761995,-2.020797273860163,0.37047877522763917,-0.46177452673692954,0.48103796903451146,-1.244383741567554,-0.2535070249005983,0.5992594188276454,0.10662207661770448,-0.8530714499801819,0.5127039684484235,0.18943589389187057,-2.099300420752045,-0.37953444273834086,1.532766091773389,0.46082430258427853,-0.3018035513489489,0.3877234736196904,0.6723047504131274,2.078932889089402,0.3445786415840942,1.2543490874362155,-1.4715294898982605,0.2618568572523868,-1.2467792115352145,-0.05750429969402162,0.6623147901614723,-0.2157417144992967,-1.289778752063532,0.05355069086387046,-1.3395998582687332,1.3488317722310788,-0.8431987288753516,0.966396513250343,-0.28459834237070664,-0.9415431527323127,0.5642535682338132,-0.764256129190627,0.3293077310906533,0.07383665705918938,-0.2082117813170417,-0.5341025528806622
-0.9275245945149456,0.887599349678891,-0.12286303610757209,-0.06761187437306135,1.5880146293982136,0.34246923074935615,-0.5239554909322289,-0.4744503841820281,0.25921737770838527,1.0339331047065925,2.243438855494263,1.8195016223877067,-0.8660919846623228,0.4754823953994595,0.3080019020534872,0.9537549975697713,0.3061031844169324,-0.24600414739996596,0.28360401684645153,1.1879272952082283,0.2254816278855344,1.7841127418491483,0.10684097029488006,0.031843361016337966,0.5154339082793519,0.2344207734114438,-0.3068750919618234,0.6061528059103755,0.5083081123911629,-0.10027814918603561,-0.7617302379006743,-1.113030956952206,-0.12446214868060487,0.4709820060857634,-0.634056931228084,2.17117282463813,-1.9974294079048343,0.7298312506658354,-0.02380439275051988,-0.6746824940842502,1.0937839092714816,0.2880823031214766,0.22367203034405514,1.2068364606604918,1.434650859820725,-0.16250880682747787,0.957094826616772,-0.25821711624962457,1.4377445342588064,-0.5710356082300949
-0.33205212125714073,1.9239040969553787,-0.7157842128129998,-1.5331189664397684,1.3930558396371018,0.25099405222949184,-0.23758059208668772,1.7881590099347389,1.3335408935760347,0.44393645760574946,0.023255072985506747,0.8400823573559488,-0.7684853570293034,0.5862012889362628,-0.1852197973982341,0.8719278890562769,-0.4653184009431231,-0.35243872287979394,0.27401870035125947,0.7336880421261158,0.10276935357255597,0.21827199330037528,1.0778377034926405,1.934890168264182,0.4143959704727916,1.1286861901324743,-2.052146487844842,-0.30979455858442,-2.107396253489822,-0.09034401878653976,0.4326913019345233,-1.146395040589669,-0.26283971183971166,0.6243623220489136,1.0835673086142,0.41200446696947773,0.09411061753425787,1.2030230896410412,-0.03631923141815777,1.0015767150640449,0.2962487061109265,-0.7053507261729519,3.0303253271011656,-1.2076802043485602,0.2980279525866056,-1.0730962905610821,1.565265393437869,-0.17908607193694417,0.7791092912809131,-0.8347080801243368
-0.9001786810617061,0.6692153884035748,0.6571996173082404,0.4254858125203101,0.16195566768320366,-0.44431363042524696,-0.3710552388066491,-0.15099313718570698,0.5397200675300942,0.24510931182716325,0.21434974990449016,0.8880050697395979,-0.6902832318544957,0.8636829989100486,0.83290862823117,-0.3735795365430741,0.46481425056219466,0.14108909833724767,-0.289428526199473,-0.5598374114746045,-1.3143109062361789,0.6592314973480263,0.11418378500823992,0.7171351341163865,0.6620657830282675,0.8807205170700864,0.43028426288840477,0.9638904421397737,0.958158788968822,-0.43155821361890456,0.387391489263352,0.06435686458002686,-0.11545942396413851,-0.5266704262482312,0.6748413297573634,0.6601214986660471,-0.10862259910382359,-0.29116687568437666,0.6762629488614053,1.026867090151643,0.8335246519255574,-0.7275737262239964,-0.6785852229411071,0.6047528611090285,0.1878300338622034,-0.751239698379495,0.4625082264856151,-0.7966957125116569,0.6933248735885309,-1.0552606517544976
0.03266025915234772,-0.7952172839936126,0.3781787961126603,-0.6789429884251148,0.14166251512270067,-0.1629818317273284,0.8456498466920082,-0.08770208885509631,0.3321373663855982,0.563773179489248,-0.8951276573919649,0.5295563182120689,-0.5831023661076702,0.8572755591169084,0.5778481762885562,0.7914154814697516,-0.878376170025434,1.626699309667759,0.6873571550532982,-0.3850083882777227,0.3478544556285147,-0.5948704272419824,1.6168261892482965,0.8058758189956464,-1.438633250948108,-0.3158336711729309,-1.173659547232647,1.6257222977581216,-1.1516816815322402,-0.8764908561183968,2.0789801395208687,-0.15088320719708215,-0.807086240093373,-0.6815067798314518,0.8514683644928347,-0.08139057577047389,0.9976383562907258,-0.172277999497671,0.8012380156609336,1.2282178901920842,1.4196759541324606,-1.7687223053807948,1.4779461534188483,-0.9236255311430218,-0.15310275279282523,0.25861098995937554,1.335032205144733,1.1297152587988506,-0.10273345213620017,-0.31973141406705224
1.0636456803406422,0.5536801985371504,-2.2630514445816967,0.3343150628187921,-1.852866697867063,-0.49396344714379375,-0.1462454308178209,0.6655524052389431,0.37538234942863535,0.22582674850136433,-0.6649657686160938,-1.3561839149487602,0.07166703286015041,0.09371413842139238,-0.9826818781542601,-1.4874916063229446,-0.5967092989933411,1.1304264784562732,0.2793514064091781,-0.6350039608331013,1.970982139208584,-0.3353642096382199,-1.0604024785715835,0.5771209717500982,-1.3390757592509852,0.20297352257632223,-0.1498996008528793,-0.7858345778292853,-0.8270665646875293,-0.8001329005747468,0.05389156147237993,0.5322633810335815,1.165083284103953,-0.03116307319907401,-0.13663461734298063,-2.2371081433248263,0.625283296410552,-1.1486161021737684,0.9313046021936573,-2.0580315635869204,-0.1819451362463833,1.1090933285295284,-0.49017619489047726,-0.22031480577217055,-0.6036521602621463,0.043635506720238956,-0.18490323899249028,1.5000456729574385,-0.19779854790242543,-0.6891617803092918
0.8143784853260987,-0.7433064600449825,0.10344067426983945,-1.054951832697555,1.1763581891995294,-0.8673213597501851,-1.1591427560426608,1.537446157272864,-1.4276007335128285,-1.4076233637417868,0.32254622946927614,-1.5305071701918633,1.88463498998996,1.1288788744974596,-0.06760895881834399,0.5948648754900326,-0.07602517289756683,-1.6847591066723389,-0.13392744443163185,1.7734130914695387,0.3926171878560506,0.7409656419491981,1.274443144340694,-0.27153426365990974,0.8156356932530956,-0.3994861347265424,-0.4343783993607067,-1.7052398199762946,-1.543741540391588,1.4460264967256728,-0.9543116482380212,-0.9753193649375106,0.8383541468435857,0.5216306852662611,-0.5781144366440294,-0.6192915103082052,-0.14521179599002723,1.5085644416149087,0.1315105665753173,-0.5146026932622135,-2.2898139692249906,0.1767065159522915,1.8019284697970825,-1.0248101958375078,0.024872872895825796,0.6342336985705411,-1.1292897150384695,-1.086601253941954,-1.3341321928822263,0.41549576628336227
1.20866481445836,-0.6018752113263425,-2.732056770126272,0.5716796964335327,-1.7334808861723663,0.09282050551443172,-2.966995701243912,-1.4196422379301346,-0.7208263841625046,-0.443381665935863,1.7856380781600307,1.3251343655064736,0.9932603792782371,2.4535046950883537,-0.8851208061006361,-0.05346639294873968,-0.6018232477252055,-2.3581538286990096,-0.24957197050404437,-0.37755733755519105,0.29737440586141367,1.264838424534926,-0.7536788417910877,-0.45501502756398154,0.012431262203113753,0.07132820553039114,1.3658201688733453,-2.106442973488384,1.8989616261217013,-0.783245261264258,1.5201049944955627,0.5567025414384872,0.7830160809661642,-0.34670108475148737,-0.05991230533571851,0.2987521202843854,0.6311441977218151,-1.0430102720586067,-0.9209544647506288,-0.6478843450702266,1.0502139411214924,-0.7046014596391094,-2.1709042532232425,0.3548853223486151,0.22922156542786518,-1.7345696884126303,-0.4193016448270288,-1.0779687333780594,0.2880343012377797,-0.5508829387948219
0.6011970616045852,-0.8243638498692327,-0.10870473616001701,0.8916836389232484,-1.8984875297611834,0.6327723684539899,-0.37907520888894314,-1.876045266253978,-1.7512780031817061,-0.8445270362497,-0.554463941381996,-0.8132083742568026,-0.10843975291662045,0.025307982806776333,-0.3722762804928417,-1.1425677829511975,-1.376147429806968,-0.3887538911818059,-0.442314862224468,-0.28505507900641003,-0.45591304698042145,-0.776434178884516,-1.01758681462644,-0.5926438741218024,-0.15661831659700085,-1.0310321973999772,2.4313508690857106,-0.8229620116696279,2.227959260524952,1.4248804544396565,-1.2387915556205196,1.5178244365419902,0.26303656357128474,-0.6740968763193995,-1.320042081610235,-0.5397880533958102,0.022498407307365357,-1.7704131742015614,-1.413002291936002,-0.024160887537258525,-0.29222783849940703,1.1650951981663422,-2.5548513334709,-0.5889550832739914,0.35717595764073246,1.0904584005469269,-1.4842241459926402,-0.9541982224752898,-0.06351879491720455,1.277662088115695
-0.190151590508573,-0.3488492449106708,1.7670817696289336,-0.282175758434105,0.40613755159060605,1.1422917548022673,-0.3435766086930558,-0.8460306701938728,-0.32497240216900664,0.5541543701610268,-0.7961909384464703,-1.2484555185008182,0.610582688034248,-0.8900788854609455,1.1647605565536978,0.5678119828588276,0.31083823628646184,-0.48116601371244005,1.0802262485930354,-0.2262210404565428,1.8922738319605368,-1.2157810406051928,0.22041820182428562,-0.8775420197543459,0.24751885217019043,-0.4193832301041638,-0.37913007962534245,0.03424044073359077,-0.4838396072616545,-1.9959162214074664,1.2315376397256628,0.42305698666788866,-0.44494377843580435,0.05400146309760762,-0.7025533568199521,-0.2961504401443796,0.9997758014836556,0.166089362740517,1.1873373877602358,-1.5970173801881695,0.7677145983157907,-0.6742016899473037,-0.4363190548684185,-0.4245788987011643,-1.002104387313219,-0.17090244262544596,0.32752599702356844,0.15238259179812622,0.9539013711215131,1.094894287412644
-0.9690983321105013,-1.0952707388468694,-0.3615613673652415,-1.1810794104687323,0.46984857346016223,2.1806565677360155,1.4665534812903163,-1.5799843380952185,-2.008925375837682,1.2688511727336615,0.27022214370811143,-0.8579017313130014,-0.0765181099027025,-0.9959612696799933,-1.0965742537155543,0.3255989181350374,-0.48390576613508235,1.5940588909735323,-0.15721173110399736,1.273749364959437,-0.1404577895533207,0.3816605804222243,0.15919193847831586,0.3969811592199228,-0.37430930046061606,-1.90558713782857,0.7409339492764855,0.6056741522510067,1.1522688196581328,-0.5883797151129666,-0.9843755135972114,-0.9628671855900751,-1.596270600530331,-0.95694807846435,-0.2026463451178316,-0.5525321575798084,1.5010596266818677,0.5227669678123121,1.3786034459470728,-0.4185232025981099,-1.1411729963788546,0.6655606306531396,-0.8463512508593267,0.2626894478583338,0.5404633552415549,2.2548463015653857,0.4799126297327932,0.3953475309965782,-0.8056546856748977,0.6591893922401552
-1.5364691009644105,0.8276079107513981,-0.2202964991072212,-1.9340651741631767,2.0082146901410334,0.6347403204189741,0.40405786491636725,1.5953078128195521,1.8641968132206534,0.9984032866595114,-0.026454015163722373,0.17873560723452483,-1.5021763059719175,0.02782220608653401,-0.12757265732218928,2.327112235788729,-0.46890129015729365,0.6732102427174383,1.5467759344175822,1.8375537016778005,0.18584461554380458,-0.9194700582996345,2.0449041829349492,-0.7145105825286825,-0.5908116017530213,0.7787667125454297,-1.583924361526463,2.1020289277367397,-1.2782851071482153,-0.4345718917113892,-0.9064725207498817,-0.8421329364210447,-0.40723560814998344,1.1197351462702663,1.3463758951136324,1.2656533187760162,0.3939468581223942,1.9245367705262235,1.2738695647994738,0.29414916477758524,-0.33103021013722306,0.10039187584548656,1.4688424391721364,1.0117041094996289,-0.29248355765988104,-0.5474860247323343,0.7420338879603262,1.3226152569832783,0.15932964827995186,-0.020067059399517535
0.8791611834392177,-1.1365161041114051,-1.8909713680563158,-0.35857059612798486,-0.4882056819313882,0.5399206710238156,0.7468930004562272,-0.5664706160856273,-1.0004284007918904,-0.1953893203424684,0.2834802214070331,2.066928497762147,1.1393409463556274,0.3357759149005429,-1.291503336609873,1.554606011704768,-1.6063741457909673,0.1176175807953192,1.1140937795132424,-0.31035644265498036,0.2889314707980827,0.7181144207072104,1.1736563179755648,-0.004589724730049593,0.027543317369600497,-1.2400317682539206,0.32125312214746704,-0.5020353739696433,-0.6725670324182803,0.6403678796847441,1.9940858798251564,-0.1767858320935881,-0.9824409033623765,-0.6114269439309793,-1.249344081071443,1.5692957050615643,-1.3995865743180151,-0.08642696113436713,-0.0017754501385780156,0.22812434796562978,2.242667240056281,-0.8640070110328546,0.10933510096686301,-0.6576537325182371,0.20364061655445775,1.1605464958283285,-1.302991222787634,-0.7178279237614305,-0.503406802383118,0.03956668461464432
-1.0623641173830174,-0.0770465184054554,0.3998415062458014,-0.27606846081093034,-0.5267702604732497,-0.13883140111825104,-0.5941061019451971,-1.8175085742054993,-0.6924752426709136,0.16704916648219567,-0.5321599382439077,1.5350671923170405,-0.05199346810499884,0.5772892025498426,1.2482134008880332,0.716047173119086,-0.5082364709585677,0.3886642293684159,-0.4957728340609328,-0.8831661380547384,-0.31507612263814117,0.10819241012699402,-0.5913653386139252,0.5093143748278085,0.4079119714985293,-0.1401252462056279,0.10138590234808086,-0.09451994937258591,0.12242257969956388,0.22504073411638226,2.442482432010551,0.047372106606273584,-0.3731301378113154,-2.0638011320371783,1.0891067844849558,0.9152540597822996,1.625132209831495,-0.16447342663561848,1.1956707849953387,0.08099506028900783,2.7432153691410956,-2.2408230897652937,0.20583540209203804,-0.5388058175969278,-0.5571520772122379,0.5939652201766817,1.2866009691100757,0.6837770962045362,0.6186619315697994,-0.008072420782099184
-0.2604344870360056,-0.5804896993077422,-0.07150079961570069,0.8381584171647679,0.0677361788350825,-0.7300599130076278,0.1457907180218147,0.25672734887548515,0.42450528520677533,0.8047732137422646,0.1408085310032358,0.0033909668787334033,1.0197060779260847,0.47400066428287696,-0.3417785872305096,-0.45538186473330566,0.2348215477201557,0.2635864131614695,0.04060701682048047,-0.3076822923649643,0.5048689514431265,0.47273408498012187,0.033352399650934304,0.3762747249288973,0.3456868525725717,0.5918353564490711,-0.42467864713904796,0.001516047366392023,0.608632613060712,0.1283877447180202,0.44081562177526223,-0.8805997523243493,0.04236137896372536,0.44040370078557634,0.5572145960695454,0.29368204504990725,-0.6310486478881863,0.2974577810597512,-0.7992270010735243,-0.5028490565802309,-0.26632963296697604,-0.19552048791808968,-0.41052064520234044,0.18313359035275625,-0.4604623242458149,-0.685026327448042,-0.15176086260701016,1.3541662466834399,-0.9618870242132684,-1.2970552027418472
0.3816847852640974,1.385788841874491,0.6037934978075774,-0.6815099475354216,0.6153341259750857,-0.8986195605604261,0.16352459986913975,1.3838276699756724,1.5358088441789333,-0.7423854706066937,0.9496871771916455,-0.5109940003831287,1.0894014050944396,-0.6884230342515564,0.5980598567929227,-0.3674889953723561,-0.06889142517938521,-1.2121560086074685,-1.055948521714717,0.10911337440659301,0.02854449923349634,0.13800218727589209,1.5582641897227856,-0.4821359090267428,1.2014698356508935,1.1744239589123442,-1.3481633996873126,1.6939107389808683,-0.8398258457888678,0.2597532498148454,-1.4781377783953897,-1.0279594807545387,-0.14338448015803187,1.234554009721066,1.67100021213596,-0.2605526386712719,-0.22579615785761972,-0.28383232145863374,-0.5176354125007795,-0.7498316582801434,-0.9913662935838168,0.19260071338731355,0.7981351511207514,2.013394812871125,0.797279226968916,-0.49969397742680044,-0.06836864893939876,-0.845553170268982,-0.5236870055112222,-1.5135675990826574
-0.19192380366266973,1.1750512311710986,0.3803918287479044,0.7007968736597954,-0.22702838130954536,-0.43355777844109367,-1.0068034193570867,1.1434996267436721,0.6568443175638893,0.7684288526330215,0.9356012820653788,0.3809374150988884,-0.6916514272452784,0.415295399140288,0.1596520379307171,-0.8203757086890288,-0.6316403426763149,-0.8183046365190847,0.06216265337487559,-0.7707511883910085,-1.2146450471050543,1.4479212644608934,0.29654297950507247,-0.1833111986699199,0.19870244061005823,1.8465344528896406,0.18732656737276704,-0.5800843163576717,-0.7166811431185224,-0.24561180969379554,1.96999915508197,1.252768154752991,-0.6497028277625072,-0.3267505290429048,0.6935431650147692,-0.06992605819593434,-1.6104918135246773,-0.4011228725503437,-0.5936127345559412,0.12150142772322782,0.6788820928495279,-1.0279830655988196,0.35169437645165214,-2.365875645593291,1.2756620113201576,-1.365787889319274,0.21702704673310383,-0.9626165654580039,1.039291731017119,-0.655582070823735
0.10989734089041168,-2.0657882683370845,-1.2851730738690739,0.2636361154842285,-1.0730417431617016,0.7481995258259485,0.707481976761162,-2.320134264120757,-3.1009348212773333,0.4616394249897106,-1.4666742673325144,-0.14305430457344384,-1.4851894700658417,0.051343988049717064,-0.3006199124529244,0.054521188331688376,-0.7399641653844864,0.432154560533125,0.6384347724894522,-1.538147050545501,-1.0564814395170896,-0.7161549141386864,-1.7343812075737721,-0.6192411431072262,0.1815708118642654,-1.942388786293302,0.6345031951586947,-0.7160803675636559,0.650506815629118,0.3783166148321863,0.7793247393039469,-0.04286177405880367,-0.7995185737835178,-1.5890701451214226,-1.5714401346646378,-0.4665267376318305,0.7190062973921247,-1.9021180857248159,0.18172439037565397,0.16618489019648885,0.5823150811703283,-0.6581091139016874,-2.088797965565763,-0.5116119991041373,-0.6431332327335055,2.1803570550561524,0.19434515056778912,1.3789422852973905,1.3317474673262046,0.26755869316797865
-0.3134115332358887,-0.9773355660084404,0.10613445413570155,0.4016298013216142,-0.4573517942292967,0.1600942459347088,0.34015644656677313,-0.3723250261649203,-0.2436407331242864,0.7648362153958086,-0.3276649861968563,0.4825930453167313,0.033198200864472616,0.6578080133863918,-0.48174504371090066,-0.9006289554743272,0.32546322725010335,0.8211853077277005,-1.0976057807539337,-1.925937239122796,-1.569716086986814,-0.931092576333986,-0.008658553705009895,-0.3201648895398557,-0.7662411979234506,-0.049963869719813675,0.9959428506096183,0.40939450079781464,0.821445855300977,0.0310595430313871,1.3306587334808524,1.1196705173421835,-1.036852267970802,-0.9346978387542606,0.06872367573978484,-0.9147162072734524,0.9448887959909479,-1.04511049216552,-0.4198818688816676,0.17168495294678887,0.1307250689265223,-1.6198981111933481,-0.3009041699844413,0.12306330583969195,-0.7548986126773379,1.079265628853833,-0.39033654864270245,0.492194383879781,-0.5089575943468921,0.5603311756611393
-0.3237495945361774,-1.040740151282389,0.4757224910638834,-0.41243314286707644,0.05823417648260277,0.4054633047783953,0.48667617649051775,-1.1021685752758457,-0.08342709671594237,0.8183109458112333,-0.24949354308066063,-0.7545462985392692,-0.5346830675324257,0.370340811228549,0.9644101330175792,0.35100822928637865,0.12970257035847246,1.0397064347647065,0.42904113229840335,-0.2764794533792527,2.010608707962445,-0.3013272265747843,0.14740520555542316,-1.2148368477767029,-1.2769178211889138,-1.032571163788831,0.7359771315867635,0.47897984769719326,0.6713539401184605,-0.10745225045279827,0.826533848126346,-0.2747312870932278,0.42098373083911533,-0.5169453363596901,-0.10314443760677594,0.2653578180745072,-0.6815080097685585,0.03176220114825747,0.7289111852051303,-1.4189782661277357,0.7098208377546206,0.12229164945879235,-0.5533874425567524,-0.4766441529428567,-0.47582123984171726,0.7432447600071858,-0.42908304223378746,0.038778075262177525,-1.130055857596233,-0.10127590490565264
-0.40533363961375957,-0.3874080663272481,-0.2514911692562523,-0.689846638608896,-0.30281632881251747,1.9743064510854624,0.8625311444440691,-0.4561777171506725,-0.9193345753394458,-0.11438277967422536,-0.3327224318561114,0.13053292632874686,-0.4666375948240619,-1.238761207844235,-1.036198896476791,0.15793011287753264,-1.2747488845587,0.8346378974252697,0.24413020803467875,1.0236379894425391,-1.4869429078305136,-0.33200933899763674,0.10473884684668097,-0.7901934594645692,-0.42239351137249725,-1.6306941034306104,-1.350996010474056,0.18707847079366854,-1.073349846520723,-0.08731959978599545,-1.0583370506975782,-0.8070006322407481,-0.4928577820359512,0.7283758282206437,-0.3515350975946319,-0.5458685817273657,2.5084840074488284,0.605900740252229,-0.12189082788762562,1.1812798408455922,-0.2648749810501177,1.1175770154114748,0.5970527560988671,-0.11990701862382903,0.4031183239385376,1.191996736756171,0.28314326501454085,0.9230745972275697,0.6068345858752011,0.2682643551132364
0.2104830274983073,2.934394585814618,-1.5009229618862698,-1.860110118460168,1.0023248500628275,-1.6799397152241076,-2.038982988237904,2.091380884688031,3.022852739164666,-0.12360838186100227,1.339436737479938,-0.5397958369939906,1.1708757279878932,0.8935946530012384,2.9869980620474306,-0.19629740136733906,-1.2116587446846143,-1.428353889459665,-0.12606027751746351,1.9311635273886658,-2.1302143629697987,1.356143311548642,1.0527321943510164,-0.233420502557686,0.3989577678987294,2.7061824669433663,0.09194983337238116,-0.22236461527512905,-0.6544163039297434,-0.6053279454720495,-1.9211979148073728,-1.5936128107978842,3.6981155657723117,-0.35748747470007164,2.7370411977947513,-1.574323320052235,1.7464847236097014,0.8407166106115728,-0.29007819998098366,0.4275648928506688,-2.481324965390982,2.4154994150643896,1.4003921468955762,1.1393088864938834,1.813152586291434,-2.707963470684426,-0.20183485803088855,-0.8459113083520502,-1.5006246043823597,-1.70062422989751
-1.018519561311466,-0.24159435434113197,-0.3588297497013905,-0.7699060851925411,-0.12004119697831676,0.5555271334810828,1.887088817088478,0.9447503809628763,0.5868329860615926,1.196245062238052,-1.2312271146801064,-1.254444425174349,1.6512664845765974,-1.6244316561107635,-0.14268052637771134,0.7062249384820998,-1.4116840435070506,1.6961371471382996,1.5639014535027507,1.661539984869978,0.13858489572244045,-0.8627631254302891,0.3408378158461613,-0.38971390976874176,-0.5883943358081787,-0.7200698622016677,-1.7291976390179093,0.7877881805981147,-1.5373759732952397,-0.49641305299958227,-1.23587215126702,-0.848710489085789,-0.45942844237962094,1.2858779467713377,0.812521891857773,-0.9510444399073772,1.9753150211745376,1.1618610579756816,0.6668216966474226,1.1261657701522374,-1.2748226199384594,0.31185089581786984,0.9835208183659401,1.604491972571603,0.130118895714174,0.6958927745814043,-0.010435264280007368,2.2469653128418625,-1.2727444650897142,-1.0986829578895883
-1.4453002235372159,-0.7576881802340474,0.12210732766774568,-0.3784724512601196,0.6461827827553618,0.6791785027333583,-0.5209662578282728,-1.3784032376733313,-1.3423598107700987,-0.8031070366994884,0.07695220891860179,-0.19223494702365576,0.6901613302660574,0.7187530818692243,-0.7198220055969646,1.0839798615723146,-0.16443774198055017,-0.39458244654100366,0.31599948010675377,1.3871540896693242,0.06525056283032381,0.4776569986684619,0.3338041718630444,-0.2580896059435493,0.26585373510057136,-1.1431982097641542,0.8290772136458232,-0.536370605854446,1.1264082485953686,1.2513092776743413,0.24913764171271022,-1.5219408884115821,-0.6179396395360127,-0.33623813399747626,-0.6838069477851647,1.7022308053438353,0.3765369042239753,1.532025715510201,-0.20201301922159137,-0.10803716153322165,0.15433929743936073,-0.5449280545451362,-1.2404485674518055,-0.017181528984933886,0.7684009814361706,1.3370492861331311,-0.6290022179496457,-0.3305196194974557,-0.3383470912947539,-0.6877937647920628
0.6248411709717483,-0.4859480485456477,-0.9136393291205341,-0.03405541207528905,0.11425941652444022,0.03994134029478801,0.3579986712504076,0.4862819319150879,0.14136868907012212,-0.8500638376502533,-1.1187742038544441,-0.7774137422819959,-0.6945729405441711,0.0881798841437767,0.47415564825574247,-0.22611082894527093,0.938244166764349,-0.9700595965073108,-0.5322748588067365,-0.7271418370537649,0.7278239304491059,-0.611876119991624,1.1316603189249428,-0.3452415790057135,0.158014076255845,0.1387052290390667,-0.9789985568804942,0.9562341591075655,-0.5138771454222668,-0.14455095648061195,1.3670331607738209,0.005494551275582346,0.4149990395540605,0.6920150529039218,-0.02564267729758509,-0.03327278541320137,-0.6408551283647764,-0.4132916004554406,0.26825992803338156,-1.14432421804518,0.5265832100831642,-0.9414198186885887,0.7383862987814374,-0.31070655552036597,-0.8836188186880647,-0.24898711339283483,0.23591748029576892,-0.06930231501269893,0.431644323950825,-0.9451640298476065
0.40073481774743663,0.7947092522828264,1.0108836034448192,-0.9068453855737136,0.5424715355809728,-1.2823378659765987,0.8734387844681638,1.1389576092888232,0.8701100817768971,1.013115866890574,-2.0083825223150233,-1.8205465739162825,-1.7352350170239952,0.08658819024085447,-0.13322904971756389,0.2867536286162133,0.18303524229897036,1.650250521383204,0.5421178185231934,-0.3324096847399905,1.1405491669369048,-2.025869244249545,0.5389718357483138,0.4986500791651259,-1.0397794546107118,1.1613309831229928,-2.3889239980393877,0.7433173030440084,0.1477362930535677,-0.4781135826750878,0.34457362364337274,-0.024230856071280348,-1.7356467137591374,0.47498108233143654,1.5271433741050227,0.16579937145361467,1.1244321298848676,0.567972106164001,-0.0931902874399118,-1.0729406637306347,0.3806719671956911,-0.6722120830445925,-0.16922200691236933,-0.19522079007039,-1.772104127319152,-1.0587152654747776,2.682760265684226,2.699030928822322,1.3181225716127294,0.17896856957498933
-0.7760635763851061,0.1420651747728788,0.08390503403725623,-0.10384225481466824,-0.47318982578685803,-0.2514365873033153,-0.5379424998576091,-0.8501569702177847,-0.044400194462766274,0.633963463966905,0.2282602754905036,-0.39540966036217484,0.6629598419380544,0.6612988362843455,0.6776590113045297,-0.20146295353813234,-0.3097672352914435,0.10085027945383893,0.14085124716704864,0.25876417020544673,1.516867318476146,0.26940255050554673,0.3710625542333846,-0.8852684343914373,-0.20803938053901244,-0.43868315186562434,0.4103626277486559,0.34360914243905516,0.41809489246110815,-0.8118195344825766,-0.15681968351669823,-0.39859792283664175,0.6414103845268779,-0.5571094166406193,-0.47291226809833153,-0.3007584508645847,-0.5076852971302885,-0.07114508715592101,0.9960030442235772,-1.5801328672314192,-0.6899596387522484,0.27540209310457797,-0.16448369175386518,1.574591347544926,-0.7870732951026763,0.06027303921955356,-0.35252569095343883,0.22126533201657642,-0.26004944161440763,0.2169537853388423
-0.018978883700621174,-1.5195745549199873,-0.18957233959376216,-0.07095935674903438,0.015413163870079264,0.6099718062789888,1.013471394075612,-0.756388642698374,-1.4378676555683227,-1.4281781841935124,-0.9031021230786964,0.43114506016317944,0.7178816136172291,-1.0673591189765563,-1.954611341590928,0.5567439928690235,0.8206077693401492,0.027848563511995227,-1.7396346319164648,-0.19864315525791304,0.32113850532735533,-0.16650949348537505,0.1842515958936001,-0.2862882968885554,1.199191930315029,-0.8178523083710582,0.4767074451724805,0.32258128923102414,1.8715694168197963,0.9187017470556936,-0.4759020243684198,0.49106901351249893,-1.5956042727185573,0.8872335365024586,-0.5693150496213985,1.5974033142007873,-0.658645534799958,0.3726657453784307,1.068550676969635,0.13856122917590313,0.12552071106963736,-0.597448560862455,-1.416816769884157,-0.2848395531843674,-0.8540678196961494,1.6670793674111548,-0.28999431493188094,0.29952510521904624,-1.0490385463335656,0.06484487033603223
-0.9794027129926156,0.09741030659756567,1.1045434844172812,-0.22920222305447158,0.6968640916461937,-0.9062964560217169,-0.022302147379845295,-1.3675309177478059,-0.7001588616367834,-0.401113736817639,0.013577996001009236,-0.5779814626886246,-0.5864810627817789,0.5876209972692598,-0.2261973552089974,1.1909640506561845,0.8023600302467807,0.2497983731681378,-0.8005001596596557,1.2219366440133064,0.09295201722973771,-0.36611212162977336,1.3535279613740978,-2.671473557768948,0.034410684272945906,0.03770975362945414,1.4095998432951367,0.37188046583583073,1.3580331666488488,0.3212322562625496,-0.5926378617068682,0.09567953598162936,-0.3384462204502986,-1.356836993734788,-0.5827107503428088,1.4632223394073118,-1.3096695194661825,0.7477659605396091,-0.06743069113534254,-0.2066356467034726,-0.48014857021729457,1.3904435321395288,-0.2209279859612214,-0.3643083716574506,0.7038366207215998,0.502388559816132,0.02199450354144168,0.45563900967117843,1.36441036288305,-0.20005651144433262
1.0671712555911252,0.17091314393977083,1.026080618016006,-0.19667970455958497,0.5085690143138061,1.396284435567188,2.8047659465163286,0.4378797843413494,0.39352012426251426,-0.7287959026210244,0.4268229733469459,0.5112658096692848,-0.3886156794704116,-3.2077836266502238,0.27896055508365747,-1.1400633600573407,-0.27831618760934057,1.7558371606569123,-0.13622112551769242,-1.1401350847238374,1.2279857787743058,0.06341114931966133,1.7381839044815286,0.5895210983464374,0.9736408949976767,-1.3922538965127904,-1.000197711485905,2.2555429871897874,-1.6389702321878878,0.5194550316766265,-0.017072029588307707,-0.3868885314344512,-1.4752469407541748,0.08958127870234917,0.22079746110588008,-1.8536463243252659,1.3277967796784493,-0.9808332576332844,-1.1464557413533583,0.9853761758871119,-0.29292664350006814,1.041606297453957,2.1043334059713423,1.1558733427307555,1.908454724252605,1.4272613474861346,0.1549874969364269,0.6279236055429767,0.029189400729427994,0.05342677558329916
0.01253570193136681,-0.3106444367395167,-1.7841956906155743,-1.0749291027341918,0.18348782379102158,-0.5349381217325326,0.19540539929660536,-0.30347295166756416,-0.593378933211793,-1.0280704071502564,0.24959151037388821,1.0483324721762775,-2.010064915140285,-0.9345267282163366,-0.6645878435311616,1.0327566298723994,-0.5307537329766815,-1.053190930562968,-1.2122726863520927,-0.013418916239279778,-0.22993789668430623,-0.4674223469508012,0.7848766207469445,-0.9024188302819965,-0.09415179789891777,-0.8532958388165054,-0.9619717908065384,0.08379260516682122,-0.423322104050895,2.103922710926395,-0.6691303772840987,-0.8986113003946161,0.06443586502877831,0.28634317203772225,0.048987083026257025,1.1762321135807836,0.5493085305880642,0.608585992469646,-2.842950849084411,0.003332214313406998,0.90352441439694,-0.3666412059043977,1.1057980290019118,-2.3898518321940783,1.5269429951940872,0.6188335478441761,1.3127147647761013,-0.6125662899567951,1.5939366014693135,-0.06395650484475018
0.43711164857700113,0.5604687775119885,0.8593305675941535,-2.092992534789647,1.7349926105688924,-0.032907696936105964,0.5702546397918091,2.798457884369706,0.8666904905077579,-0.6876455762913731,0.6131182714854895,0.9128495172393579,-0.1435561230577209,0.3591162060519665,-0.3637719273486888,1.7526259632094456,-1.4023863086151787,-0.04984542299747956,1.1697325909321594,1.833001148604999,-0.6397237082442476,0.11133139845173211,1.7155237372086394,-1.6266032517833482,0.749490181267408,-0.4245159235471136,-1.6015949373294984,0.36841963857083615,-2.572055506864046,0.15548113409754857,-0.41518235115055696,-1.7670271363401382,0.25388727725275234,1.7060828242470862,-0.2627403854702792,0.006475711231261101,1.073638171107908,2.051630714493027,-1.057053188504274,0.6657743404364588,-0.3208759320471183,1.4322060743026848,2.3516529832640463,-1.4368833027642844,1.7011395917907652,-0.3773405498154294,0.3693621034637506,-1.2340617802724747,0.6038073318800288,-1.0534517313416625
2.332671329235299,1.5609402440281381,-0.3585398097314673,-0.3814386532130545,-0.7186338096672005,-1.3912305112318732,1.258659987503323,2.2163538278426023,1.5680969937451679,-1.7697930709805973,0.31558334368463115,1.1696380350684348,-1.2350064785049621,-1.1101647634618306,-0.4878428708181974,-0.8426605080012944,-0.8680145964115994,0.4523554464519512,-0.5728961188855924,-1.4607512510249128,-1.4544114275891966,0.4830795916615049,0.4472116998338147,-0.6580108419386697,0.4141451998662318,1.612088494869926,-1.7246233595776712,0.985426044474886,-0.44850198435300387,1.1867978425527252,-1.2492759907164308,-1.4707253785029872,-0.993078213802796,1.8357527445428246,1.7854166451344657,-0.882080102529917,-0.1370631029329114,-1.8267222321268515,-0.9729041312487855,0.9086635375551951,0.6971137508663932,0.14228591294468587,1.5312359063710128,0.7249228619965586,0.24743726619176074,-1.5842835894654062,1.7328066600389147,-0.0019882470563833397,1.6504475231464373,-1.9388788488058122
-1.4415911219712512,-2.4396404139713797,-0.28446073538461725,-0.9183628046654744,0.8216761857315074,1.4623247263593055,1.8776131471228465,-0.6061618999007835,-0.5142303597883985,0.8497332416106803,-1.123403497039344,-0.25419614175818284,-0.40056041762046596,-0.8974880881318936,-0.45152541441881766,0.7489962960571582,0.8697399271085431,0.8247797850287126,-2.2305699408222655,1.2939804791540264,-0.3081098228524582,-1.203907739703475,1.1340422953693465,-0.7573751488203759,0.5568111255186736,-1.8147986442885575,0.09235378213027845,1.0975071997483081,1.7891475558340897,-0.4783268768446235,-0.017773709171189603,-0.8484898788453795,-1.4152021212629282,-0.8456883513391414,0.3869958452843732,2.12190970534233,0.29122351035675736,1.3580081739515633,0.5965659178408907,0.09957111109507684,0.5128203632320221,-0.26789800353665527,-0.5853220054386965,-2.147641479654938,0.10159457599493499,1.0895311978772397,2.3629126503458076,0.8637349298356017,0.6656124771131626,-0.10725146728897207
0.5266052456311067,0.8970457175225311,-1.771166276526946,-0.017973965503684283,-0.7255552293138865,-0.7101451878019776,-1.0888497296808655,-0.845294347694901,-0.2415653888691563,0.02445442881668024,1.01236223477654,-1.2645874147926566,0.5317072769676737,0.953877518598079,1.056754104246295,-0.39521398915343525,-0.4784826286943404,-1.953474484936612,0.0010998376374678452,-1.3037090909870845,-0.08097932340446831,1.4456007130162007,-1.2304456952092113,1.087798457759456,1.173776229332181,1.4759425824055397,1.0419721841024188,-1.1951929162854862,0.7364716687995312,0.62250645162126,-0.8508688885668935,0.5337703110455825,1.6762774332897663,-0.6331907434831243,1.0132440464769479,-0.7876668324395736,-0.9188580997745085,-1.44334427528726,-0.04393122907132227,-0.4508472646132762,-1.2998918924156437,-0.3948522104868072,-1.1857231960058154,-0.4790911112968932,-0.5443894651148102,-0.7882415976044288,-0.05866668439399723,0.20870224612486546,-0.24011273142566644,-0.010506985880019455
-1.1550059664526138,-1.9130108788523434,0.7971876677157257,-0.2571920467702156,0.07065935467952775,1.4753505980961836,0.18625248808747824,-2.088149821081534,-1.9872500227720609,-0.37151733104059415,-0.8244964040057189,0.4006538096634201,-1.3636125244338486,-0.9587955240650075,-1.2452564898635834,0.9539128069917359,-0.9062280806016584,0.2507958732244766,1.2917483638406346,-0.013978944478441615,0.5526696121987889,-0.5051831509145347,0.20587353900725866,0.7094171679257263,-1.309769889198141,-2.0723663233937923,1.3499882849868627,-0.30652663783916506,0.32126927894315316,0.6994239401368008,0.8191147988612171,-0.4238248339320245,-1.027390119975248,-1.8348404771021416,-2.090832194852941,0.34848635343027995,0.12562239433842434,0.340059339786598,-1.912983387796866,-1.2870376698307282,0.4945111465814182,-0.16356120029079219,-0.6830939323549616,-0.41749569862154706,0.5775401113874976,2.0051575563078026,-0.18135532951140484,-1.1567147568552107,0.13047221816422594,0.4294347881501485
-1.6611228130076616,-0.16702954876458942,2.0598219152376336,-0.31333319841823515,1.3968321991469284,-0.016709382759552565,0.4540648202731434,-0.3296451469638212,0.4326947208284039,0.5613197418383703,0.9386508934192895,0.665312415908941,-0.6688195519394893,0.07823382921412245,0.11289909476492231,1.9483404522305563,0.2302566107305931,0.8455172158926377,1.3353581306937339,1.4767549021067703,1.2848713639527511,1.0204095173357666,0.9834453837552968,-0.021227090831253678,-0.17294020563325374,-0.1650547100402213,-0.5797619883897168,1.2174940064696946,-0.29021319000219736,0.38929381554248105,-0.032493687440473845,0.06737858050586903,0.1344996222117527,0.45915384772634155,-0.7308993456504218,1.90335569304364,-1.3964666603910219,1.94176500113921,0.5245502247170731,-0.9016796164903849,0.429633284526215,0.7594313411989354,-0.421098057015424,-0.7427617923562487,0.10656905170154733,-0.3157353183085122,0.721447151409645,0.19081141044458982,0.8941474266670697,0.7284015415338742
1.0349895234981814,0.9772060023774484,0.6348589755318687,0.9316113651919179,-1.083276920995294,-0.35474884074409374,-0.4101444400490547,0.7898509276944377,0.2955569764679246,0.38820847341709025,-0.16121819984369642,-0.10366879453914203,0.3164761147211029,1.563153744260108,-1.0276388636842964,-0.5497631555130522,-0.6066135883987503,-1.0295388311514395,-0.09768763434060167,-0.828577403389185,-0.21301861944840045,-0.41964774727886867,-0.9332748202326013,-0.5462913967954744,1.278083958699851,1.2036232880701216,-0.41320948654950085,0.010300576058158628,-0.16878144360067993,0.0015323545774919393,-0.44386111637741377,0.0027460597926522445,-1.068345242864961,0.3216679176862953,0.9950397401848334,-0.28209223112195586,-0.09265496948118268,-1.0487272009535966,0.446721613464014,-0.37738652306432385,-0.12164128127587129,-0.448012435106398,0.6022259726584527,-0.8629662371971147,-0.0089880479071119,-0.8031942253948073,0.521394925967923,-0.1456988699229543,0.48302572069827704,-0.6333357619212348
-0.06461359689227845,0.08926539610400747,-0.8105906983681206,-2.2084749910548376,0.8864113664729083,-0.5064727049444536,0.35518492016595976,-0.15541548459946647,0.13502721740091939,-0.13064720401746194,-1.0748901977811463,0.33472004069581485,-0.45802847575777256,0.07352632056901971,-0.18396371324209662,1.2658748976606256,-0.7690426489072716,-0.21056286602934407,0.12330100713748388,0.2154256016935858,0.2756753394595061,-0.16360125532265463,0.6889162795465229,0.059523491907898324,-0.6954139829480059,-0.17036329298686362,-1.038323980843564,0.1966545559559988,-0.5897334696201517,1.303685912977288,0.7218616143017003,-2.4241598930176687,0.21782357285451928,-0.504837034983791,1.8982845156157249,-0.20465089079243068,1.5889722898426586,0.37381952873867946,-0.7109208052109651,0.08706805797298534,-0.23059811197035637,-0.1928442983368329,1.7250560310491962,-0.11413519412620905,0.23347721777260175,0.3243924901628719,1.799193822090256,0.11769816387047972,0.5036891595183617,-1.0339804512086972
0.9703231339954118,-0.9418282165866511,-1.4877703440456325,0.24475017743588068,-0.47749317867502594,0.7588577692097823,1.2798554642030753,0.00981794111573458,-1.4893400699692894,-0.08506010021785355,0.28939107579243883,0.34759662739271274,0.8154313562827278,-0.21169279454892925,0.12862010615264508,-0.8549479432532946,-0.4750387227860119,-0.03591026452452373,-1.5434430057686575,-1.143201252650508,0.007457823856175833,0.6103695852735918,0.5809945534795186,0.02756830746139831,1.9376610084056232,-1.2431367582954849,1.351156891121845,0.16132998748021538,0.3219208779287488,0.6153170517553088,-0.5165512005726545,0.13052385632283822,-0.6240903147891783,-0.8236301804869375,-0.7204223670776693,0.1655939200680471,-1.026366959897382,-1.243166288629602,-1.034501499172737,1.1375174684353015,0.004569928443439383,-0.6204232452946624,0.3264038771953438,-1.3517874199923294,1.2567852889804505,1.2903576887299992,0.19116395544254272,-0.38118968575781953,0.4715268501190586,0.4603682358967107
0.6230114813971611,-0.3682381724352339,0.26648975051261853,0.8786787830373234,-0.1225796829886671,0.12738813233365248,0.8606571961109032,1.2069434272610553,-0.028847393421555213,1.1234543801232668,0.08493026195348934,1.2770839255009476,-0.3156452194418352,-0.7536313059260761,-1.4229208150534236,-0.4970656973507041,1.7448894030102833,1.0522584119693739,0.016118907525721714,-0.9193618315840583,0.26707471518988746,-0.6044289038127102,-0.4062431280297874,-1.423925385088033,0.12347147944997594,-0.14095767661870715,0.23025312494300323,0.14086020762356635,-0.32191599964307527,-0.926817232142213,0.9396594286608178,-0.25716226194035763,-1.1278049393781928,1.5977864467921903,-1.1548607519941931,0.20182283528804978,-0.7717528090406072,-0.18981866965428149,1.6396940084362346,-0.11067476047726098,0.833323187684453,-1.07860654955755,0.5096353719879337,-0.10303804290268635,-0.9703583340709654,0.7612916773395803,-1.7217331361355892,0.7893450777897255,-0.2291976020579007,-0.3638957896433998
0.6098470018357954,0.06923152033403983,-0.888377345282479,-0.19142884501148455,-0.17728187474503115,0.1987065031656964,0.6554557460840805,0.49956240549697345,-0.31921879381349144,-0.8628178037439531,-0.73597481363719,0.39145015264813193,-0.5626141723420862,-0.5248950190266837,0.5795834152318173,0.3705897580810047,-0.8794332013203232,0.40209856304163955,-0.13636163145542102,-0.22233654990055035,-0.28378032638455936,0.1502846842414265,-0.19363842365999312,-0.16568597518557315,0.40626271918437495,-0.523520843999293,-0.6904694327360773,-0.025743839777302498,-0.8413427952588247,0.8822804139558583,0.5644514479237097,0.5727303262140656,-0.3106323474845308,-0.1286199219202698,-0.7796790633820098,1.1153254992939439,-0.04642464663880084,-0.20143441498545864,-0.41251457553193405,-0.10507208724605747,1.0669669429160027,0.3298892196583317,-0.18336596362475344,0.23745882593732884,0.5804328904275334,0.8761884893307158,0.09707470899599205,0.12228024507493081,0.7070985878606295,0.18768295260103066
0.6490939783680868,-0.05266501157177141,-0.018948538762966784,0.33220491199460284,-0.04056717017296189,0.7481628191810334,-0.8185083228810334,0.4298282477169828,0.3699440431066625,0.5097595674497277,0.40003932741700415,0.07835491324138967,0.21799082429303243,0.189698287958352,-0.21120413082929662,-0.8708909310974388,0.2856825812337517,-0.22115638519937533,-1.5485866692728645,-0.1648359267611322,0.967138061440357,-0.9489940269305904,-1.4000005059703058,-0.9464970911273322,0.8254969092309485,0.517043154580988,0.15226086054950308,-0.9365703106759465,1.0274420626859668,-0.5449426318685591,0.6687288673178758,0.5569818577383029,-0.05905714164960199,-0.08555057640126618,0.4751910765834228,0.44082878501175166,0.9084435746391685,-0.26259184342497244,0.6108653535041997,-0.9504923756788628,0.10868627487157784,0.3564614452683954,-0.3000983821947406,-0.7293992611074729,0.2002459892368552,-0.19198510341829836,0.29158768407853014,0.42981145997681436,0.6660985969648603,0.22662785651059977
-0.01886980800152364,1.0719888042422068,0.40348139377712533,0.04254531441070847,1.213921014299789,-0.764101080878233,-1.1922553896135666,0.41853083169224603,0.9437425356305638,-0.30424692807662057,0.9672895775042898,0.40286423907700875,-0.4068308620900207,0.5289774543634763,2.054476279336261,-0.44459904672399675,0.783665056789349,-0.6397691146703697,-0.09072661367612206,0.4999614599382342,-0.688616377555282,1.0724772811704586,-0.18426215862269196,-0.013976118745721425,1.3171744726999945,0.8830427950641544,-0.09750883829425513,-0.22943372231196332,-1.3743068160701617,-0.533495739865442,-0.2109532274163498,0.33371289594616954,2.159502428162973,-0.05399724210050739,0.5613014751400346,-0.3860692435825952,-0.8961486083408847,0.02602293860821838,0.7181465059524336,1.0636580898158483,-0.7478693681034793,0.5627743881737921,-0.5838496055824361,-1.5034308333343427,0.6355344169207743,-0.6930490794236168,-0.08871241008773185,-0.3821407107142402,-0.011639773293876558,0.7307866689650272
1.5340920222402037,-0.1547318001742555,-0.5638767878415214,0.37529958508620426,-1.1152457858491196,-0.4708515601380622,0.3784753863036547,1.3833664260108436,0.04049764301420212,-0.31857919306676896,0.6319491536871683,1.3112059601800101,-0.5506046367549301,-0.2723933985748536,-0.9752136595834617,0.6958841734876619,-1.2390183727251616,0.7554468602588633,0.6847960279044979,-0.8920250354629441,-0.9622815886660694,0.2868602245231159,-0.5591893258955958,-0.5613158749452047,-0.4979442343476334,-0.8715656534492642,0.6481799678607468,-0.3957877037426713,0.5106472078374218,1.234552705216279,0.9996954767187217,0.11086242703242555,-0.6167101623436626,0.1770176475975573,-1.3996198191459939,0.41020317601109785,0.9033934635691737,-0.7821144303763022,-0.5658559208326144,0.4513378056732267,1.5902714977052688,0.9237817616470902,-0.07002836518525908,-0.38517125940235275,0.6130880187745342,0.44688937950479807,-0.31013366044185503,-0.2927435318556152,0.6487619451845298,0.4775153414886367
0.4352951908559471,1.4776196332691023,0.3001149642741648,0.4949775033927022,0.2222686258220335,-0.4250481506999452,0.15407174914908747,1.0006612370666381,0.7957434713989119,-0.3167831789693118,0.7173773510332002,0.15732537289225124,1.6768756815982504,-1.1383795805299723,-0.17169201532432796,0.6788320709161649,-0.7568409674343867,1.2117848442148502,1.847720724267195,0.7989691117243678,0.7766149100246316,0.7864344384055867,0.7345295092540217,0.0006217518519779971,-0.5142434436164894,0.8248688067410727,-0.6941177118358666,-0.6431980374233381,-2.169830984645857,0.2531747835269471,1.1674488181742781,-0.6451259430319901,-1.0401014613853599,-0.15032702098702422,-0.2700044967796889,0.2734871552268793,-2.13504023548174,0.6640981136626043,-0.3102359693089348,-0.30074091345231824,-0.4454943101986729,-0.22148260704323647,2.332058744160103,0.07744720474707804,0.3310373488840361,-1.6178813660586335,-0.7571713231525614,-0.3598200092543329,-0.3438522408167862,-0.743696245316113
-0.26778022854480255,-1.849595018114866,1.0719765711328924,-0.17936114151741814,0.23516284380086944,1.4626508535844203,1.5693166938725156,0.8017437325981648,-0.20597502462083,1.1760107510914335,-2.035643514509594,-0.5312966971670554,-1.0509873287722287,-1.1072805672663695,-1.5423915503592591,0.05812138171723164,0.43207791887123265,2.2941120506795194,-0.20988851185430588,-0.7101181186887044,0.5759619387132454,-2.374918508438597,-0.3599543131049623,-1.9356690051363756,-1.0989766431075518,-0.9622758022628758,-0.5462326039683868,0.3956384193515767,1.0068861326200853,-1.3688493534967803,1.6626980819744976,0.0782356260093344,-2.616953525345883,1.2410934772640336,-0.42852052013901437,0.937785750585304,-0.07501193159158831,0.2372603861050925,0.49418543891485295,-0.11362733930915742,1.3707642535229796,-1.6670816987650903,-0.6706058864233512,0.9900478794472107,-1.6864309080927853,0.4482534797590434,0.8651912919247914,1.4700599261292016,0.4882479578266918,0.6861464368501349
0.6885454219839204,0.06577336838483541,0.3642182568071153,0.17981917287525753,0.17331392591475528,-0.7353699799732725,-1.2168723627140756,0.9190877699366452,1.26358638302397,-1.1452341217948847,1.6366682440001188,2.004894201653175,-0.5456987164750738,-0.14539053305515268,1.2758823672195045,0.21834667914258363,-1.1287114305904995,-0.9963450827249409,1.4335505414861744,0.6803504901867492,-0.8866316976244162,2.9519879949268044,1.1698142289629687,1.184287194691328,-0.252803252718908,1.0615515041769223,-1.237695854996473,-0.019871259306589267,-1.4332273819601604,0.7462191221736069,0.13657115712287635,0.6477756111761696,0.9266319344031155,0.7041456358716479,0.9075244109369262,-0.20217249357741157,-0.8023884868479021,-0.059753453781846266,0.18502030397885288,0.91963192408207,0.8808976748074181,-0.8832451565894464,0.5684519272280831,-0.37400793951721384,1.716443852380009,-1.1368478062086815,0.7774288281211584,-1.19586864368689,0.7186450294588441,-0.6212943154723616
0.2589627894432244,1.1508623710129127,1.947889274901363,1.4925346482301434,-0.9326987185516448,-1.7061752391302651,-1.3194314228220383,1.0902338139392338,1.4937475876476838,-0.000443470927074629,1.0791455080995234,0.8525031996639268,0.6535206431853431,0.2675827801002046,0.11412784403731287,-1.542225602536967,0.9793402938882974,-0.9808681728731042,-1.7775263432431845,0.00863028170866171,-0.25033702626938087,0.4996882695174111,-1.0185781459339338,0.41522729271737985,0.7165931541318202,1.7828543953042444,1.226030525180466,-0.7112056622145121,0.2446303241781045,-0.012903325489610087,-0.504369049277911,1.8204579039060556,-0.4112514027755343,-0.8819389038640436,1.055885402158473,0.10225331080993948,-0.1667438301370851,-0.45410698908063896,0.41340049665686,0.3969000231271529,-0.04097393683143191,-0.6245158870178572,-0.033360044129878995,0.4426217804085589,0.3421831927870102,-1.9308257916398521,-1.051008379601545,0.07594776681211522,-0.4951236943445536,-0.13172090567713507
2.29819316690098,-0.29482897957603577,0.6863682619724345,0.720465021433125,-1.7264184731255152,0.09021681920309013,-1.4333840862602043,0.22180946306520108,-0.5929612216541188,-1.1386291609734889,1.746355480722928,3.3493055454553273,-0.5644774709760646,1.2685925293871505,-1.642789719281999,-0.15776932427188847,-0.35437115189720997,-0.845817792475348,0.5316457801578983,-1.6115454214298857,0.20785717174521182,1.1247026328797993,-1.1240375944668575,-0.11010644164913677,-0.141280521387048,0.20289765139671861,0.08179455724346521,-1.470869744304729,0.047396310682232004,0.6705774210382255,0.3057810808499363,1.3484078381104263,-1.431161681890406,0.12372311511085525,0.3550815197847741,-0.09982823558141395,-0.25719631077277505,-1.3947472726857435,-0.9063323290332077,0.7843470115701698,1.4647878506261156,-0.9109685655931181,0.11727652795168676,1.2932526361460945,-0.24948109746762795,-0.44954339537157634,0.29387750835572307,-0.7242726497288223,0.826561115809925,0.3714745968644293
-0.7194674761484562,-0.10032321110745077,1.8369772944865346,-0.08979179367413398,0.3221012250156464,0.30915359437462453,1.6747864287351997,0.3002362430810394,0.8673504453130277,-0.6006026430601135,-1.0050492704482585,-1.7024353339054796,2.264619153913562,-1.2142372522432454,0.10157788184232107,-0.7395445013149804,-0.26041089272141754,0.9118104343138282,0.9562933408820217,0.5812124477284573,1.0574112270275036,-0.5313381293330799,1.7930126239856519,1.5822195176351062,-1.13980531131263,-0.3403042942893885,-1.0760690159170831,0.8976573154783639,-0.5057726954292819,-0.6474460473989506,-0.9869880294133766,0.39959276217520817,-1.0528546468992597,0.9507494197053105,0.889964284851925,-0.9514396361758711,1.379828915406871,0.6912931260121287,-0.6607315017227111,-2.8385270363509756,-1.1841677071928074,0.8340616467306307,0.9188923345894959,0.33629500359814957,0.15853407097589756,0.17248488112013677,-0.26414279073019276,-0.3556839622459471,-1.4243531831484562,-0.6909865197777465
-0.8353972997805366,0.08829338334386314,-0.1185418936529183,0.09585096148591035,-0.16870573065028752,-0.19963935518755638,0.43902910717538557,-0.8081968351602924,0.42949491710887927,1.074935911397036,-0.9968564929926637,-0.44718651131056175,0.0845742182294458,0.35776233134457003,1.083461021156314,0.21089623171918578,1.1295647989862243,-0.6220948017614973,0.14354405383342153,-1.5542573192900302,-0.4614745643138587,0.1461509718073468,-0.5299228446792533,2.1775678498760622,0.2854919032780006,0.9152841283130643,0.857827177446266,1.2030597711998205,0.9824346873943083,-1.7980593975952321,1.1695026214648305,2.1873391283742656,0.7073138016834286,-1.2322668995881605,1.3227198939424876,-0.32343270877243,0.6682163282017364,-1.016664283402909,1.1480173809090464,-0.07944934186806207,0.049828352099930834,-1.0792112659096875,-1.469061438005585,0.880378536535661,-1.8977527311840705,-0.8272634373722949,0.3209654836218809,1.265268679510956,-0.9952681164781848,1.524875839536116
-0.24179134143142036,0.6068647387255488,0.5820133223034613,0.04965968198706131,0.34205536079126053,0.43947253224780336,0.961815352200014,0.21390254377418427,0.32710027626134525,0.8262525845038603,0.4573080020211847,-0.0441499352784068,0.3926237793107311,0.1039911083866911,-0.7309345993351105,-0.6042552036431965,0.9746391834294764,0.2030178759775871,-1.466007192388718,0.5499479072661285,0.6644704554762172,0.23550253670669694,0.004462313807618241,-1.2027060789573514,-0.27217329449940497,0.44820889687111887,-0.002869734147443528,0.8036684693481794,0.2632148132899668,-1.9309595583764365,1.0012170230587993,0.23737782943643945,0.185509471577666,0.8830229257537672,0.39571739801872335,0.8263061052094189,-0.16661684820573353,0.6166768327332184,2.197851479804264,-0.1310052420947634,0.42316043979000745,-0.016212195169619057,1.5758715642654697,1.7813846180980224,0.07636926759411199,0.03137598199842071,0.17881785776436382,1.2834317345240087,-0.8054430333052711,0.2433704959837371
-0.4018882689176233,-1.1507418913483292,0.43260133796169276,0.5997491297934121,-0.630625398442694,-0.10182742227391135,-0.7565898488786337,-0.4890106415203286,-2.329296771516505,0.9786158663429675,-1.2507213672887345,0.28812851674364687,-0.7747267948194622,0.28187792820897034,-3.22958751619901,-0.0968886942308656,-0.16588612958249407,-0.433956579083019,-0.24528324946896252,-1.1815956057080619,-0.5412305357303403,-0.3357926214026557,-2.281918022910376,0.8864921428749296,0.13069514811434396,-1.1252728077359042,0.33921984083806755,-1.499468106016745,1.3577445798733383,0.018826221975930448,1.564173599625943,1.2326728934726539,-1.04529468152817,1.569289066317545,-0.8649195044643633,0.6653002273828008,1.5404011606255976,0.17144400925588976,0.4321996658457287,0.2454944594946546,1.151141623839563,-0.5928399437634064,-1.529203253048288,-1.4988846643357052,-1.3161671100839296,1.1801763252836714,0.19962795631503932,0.26309561740348497,0.5076649771842436,1.3779745740558027
0.44692792922920616,-0.09051306986242498,0.7239530283657993,2.0739194623831447,-0.9717163022930695,1.117004675455504,0.236131018520124,-0.765259767191598,-0.5872312265716808,-0.06430317159379643,-0.2335615232466584,-1.2399291226932703,2.098515311788756,-0.8742625445033522,-0.07665052593091966,-1.5883072204579216,1.3812403527885133,0.8157979421262902,-0.5935884145617577,0.1640450896887378,0.5152041691406329,-0.840622402437544,-0.8147263875279668,-0.3634759672454688,-0.41448827012177275,-0.4602953381974699,1.766319225974531,0.14443454459587687,1.3481527343530777,-0.6342144411286438,-1.5222960825357617,1.322807544589807,0.552399421900514,-0.2183759493314292,-0.31940335602209713,-0.1951444259942481,-0.4886979988443532,-0.3970729328965338,1.304823015525519,-0.2330908884928702,-1.9048564231936005,0.942696316332055,-0.9618565720553968,0.6309207253881023,-0.2033112544172521,0.7839357376721074,-2.3065052516001,-0.393688427088639,-2.18608068375047,1.0146977647734134
-0.37414620857205805,-0.8270451550486545,-0.5914351607231089,-1.075403852614783,0.8319427577710427,0.184831090532277,1.8769912766726808,1.6125326534105766,-0.6733085679271404,0.1740614787020211,-0.9564964879986378,-0.06832553731304451,-0.32992378855401255,-1.5370026348536028,-2.2995490232464397,1.033892431397165,0.23216561769627808,0.976089363361855,0.3881092534711764,0.04023344120299676,0.2990677693409754,-1.1849670209715746,-0.38511347669986923,-0.1696237485577112,0.27197557518304527,-1.0980494772975522,-1.3881056510300755,0.5197658256039921,-0.2029325219970292,0.2542002956572651,-1.2023974804893591,-0.03646294617377246,-2.537275406546514,1.9679034005023748,-1.285807716396217,1.0365862577896363,-0.018860450095552594,0.4749084231035176,-0.5651336518401722,-0.10498366351127408,0.21802513599974874,0.2735713323833149,0.4489282344615567,1.848989463289318,0.010194648938167615,0.7861026803916741,1.5398857504869354,1.1473734000368672,0.9532312122739718,1.130747234594891
1.5396117147172979,-0.2414935397823114,-0.676551521883988,1.4416316463291896,-1.1059785260443697,-1.0192724496288594,-1.947219887404737,-1.3740167086274702,-0.39539603623780356,-1.2453924159409018,2.048075269139344,0.27067849719621406,0.8193943240389763,0.8570657525894539,-0.7104557372912773,-1.2644948626659227,-0.307675926016184,-1.7451128377956513,0.23619113527672206,0.5494411956157442,0.5463910203320367,1.0642508292123614,-2.2945322036827895,-0.32743083949458945,-0.8609577586232897,0.6206965789175314,1.179704504564854,-2.038581775678546,1.3848510893045631,0.7686290959176447,-1.3155248300905726,1.159569272533776,0.3496812051053416,0.22810982874633146,-0.8639392898715229,-0.9139859983457275,-0.2429734186219516,-0.19133494545386476,-0.17097972195124536,0.7391381160283697,-2.391072380517019,-0.3734777922816403,-1.9269137158134284,1.8295210047622723,-0.016721341526505857,0.052858597127609944,-1.9961831059935242,-0.06119274545982435,-0.9280848941424962,0.24674249413023233
0.41625458115352026,0.09834840935508592,0.3676157692511049,0.057139440073093545,0.3460973718674328,-0.7752206490162813,0.1595901621709234,0.44646001018441056,1.668843398380321,-0.07117837786274749,-0.9299486435215044,1.1649663517252495,0.35569105058201794,-0.7003692788686317,1.5070002540554277,-0.14076440887168876,0.8951551250828933,-0.9430689670853626,-1.2245679631994213,-0.954767452573621,0.38989673402620884,-0.14586225506656855,0.21331453592400168,1.713516446196317,1.8623387979149684,0.8961098899681301,-1.3730788473674578,1.2874841423391328,0.11596606720524026,0.4208799664924933,0.3226485076998076,-0.5608375133715503,-0.05774808708030686,0.41171034341974305,0.42779120102229923,1.4571273752796279,0.738255881733371,0.5585130312186561,-0.5515577499262914,1.716255090855269,0.7143454242092643,-0.188276293664558,0.1512532190061287,-0.016298229020532146,-0.2558970435733367,-1.000026063825733,1.491751447175886,1.1470746855421243,1.3798850059921954,-1.3933680662553865
2.1512788075787292,-0.07976826573805014,-0.4565410131723097,0.8724729337387291,-0.4413879076656432,-1.1459043679464496,-1.1388604889287588,0.8490676952413589,0.7248608346046658,-2.8575921726847366,1.7486303578327227,1.3959462458241345,-0.6849928739170933,1.6505109007007182,-0.2143891255059819,-0.16760755056277593,0.16703661696152816,-1.7341108451250489,2.152963834925082,-1.5067176451078501,-1.0047743357501686,0.8293137777164792,-0.25855667986679415,-1.237743486157568,-0.15275009729867603,1.787164606667649,-0.7379035118996135,-0.7920916139711502,-0.9470496244136349,1.999694026395494,1.7264250476949659,0.9728182262373003,-0.3583326967273009,1.0176115626344957,0.4628284893198129,-0.47178322395215677,-0.9075619103027625,-1.0802175319416527,-2.512857400598649,-0.2689206598530425,1.1689131185739963,-2.015913610218646,-0.0943910536724073,1.1699827759409276,-0.5509295504521429,-1.9045539849498982,-0.33635812617122657,-2.2762523840126243,1.1864336771459896,-0.5457651717868598
1.3948215017233037,0.44776333325817885,-1.3987198471606852,0.30512659837744105,-1.8549520204549619,-1.893831756553401,-1.0388979443031132,-0.5309925084283493,0.10221881884850785,-2.875345130792941,1.5803135746301509,2.998924804484893,-1.2477059604699277,0.24398466080476702,0.15648613556222038,-0.46573746943998523,-3.028102110083406,-1.1055458487304306,0.5323465736076138,-1.446270364292481,-1.172177173614251,-0.3656944590459727,-0.5678018589474843,-1.8349545168278913,-0.9127086570469938,0.9286194342442063,0.7657800669053259,-0.8908901639841228,-0.5442467976082376,2.0981418958928364,0.925793998524363,1.4673995194823455,1.0357282327756867,-2.3484623635537893,-0.8435759589872932,-1.2028054145251166,0.10426512960420439,-2.4779763930196643,-1.781090590204435,1.1186372945321261,1.3701584785007597,0.27023193940547713,-0.36538170996119723,0.9775431871363924,1.7734548940547856,-0.34917312818208424,-1.1515619024669965,-1.4378712308657817,0.5724528434929507,-0.6262098515895044
-0.10040607534450721,-0.19180180611751832,0.9870395205180889,-0.8680432357637449,0.030283958163762274,0.30739408277084224,1.150458950712411,-0.21990262906043542,-0.20279892636061425,0.8300608564805414,-2.4674918678894566,-1.6364177572646283,0.14551535333410462,0.20431506464371033,0.7612767585720601,-0.20464061805255818,0.26611523294955913,0.4104099116169814,-0.7254744783800989,-1.6250659222710178,0.3833620939449471,-2.2675007392296984,-0.53903339527191,-0.5176073809317908,0.7324831122784736,-0.16998625334151843,0.3763392189712594,0.4956254111174144,0.8457615173112571,-0.6644687828863053,0.5730981060602955,-0.10895910303394206,-1.7970445766308702,-1.348085535433172,0.6089991850040067,0.17758891969312657,2.4975588855330715,0.012262719409240563,-0.3304693850145875,-0.9725610932980413,0.36840905579635147,-1.5551279261381712,0.04103009041257237,0.5210684036849909,-2.1423368911105185,0.6637210034017399,1.0799991903335837,1.268032373972033,0.950464681209295,-0.32915344765947135
0.34376715785384127,-0.6067516878505446,-0.7947445995642943,1.3223425132500657,-1.7530707165797177,0.04140850918712749,0.43739816343039234,-0.27692259048930734,-1.5806794178640935,-0.007089602711581042,0.8091912795271539,-0.5173347553448371,0.6215103825149214,-1.104737661023721,0.5838094534734425,-2.084026748558636,0.1064963774148938,0.4589898416507404,-0.8951828973037793,-1.9898010208814758,0.011683851412373675,-0.18584305452924071,-1.2959643143656603,-1.3815309233626818,-0.004976866170612206,-1.238613585348229,2.1525876712686216,-1.9522756874714684,0.27205761884676155,1.4897968247314306,0.9364891606339527,1.7721668283526257,1.151800655332317,-2.3042658858390856,-1.1941204026709968,-1.5884507191924715,-1.2447657707034505,-1.8581014041791581,-1.9186213402564662,-0.7414143871128427,-0.8396147007318571,0.6065379943533383,-0.2898893508944828,0.44912717132477686,0.33506854638135186,1.6422073699839916,-1.3295429311618854,-0.5247284532354458,-0.8525662334250623,1.4068577129094957
-1.0312922988852764,-0.8275865005373091,-0.18148321020706815,-1.2495829491728474,1.0757070306908243,1.6209515938358225,0.5366191844971449,-0.7445280826864801,-0.8545267054605657,0.2659621479919764,-0.7423182939322441,-0.08099301705198426,-0.09654381903569224,-0.44402401685925524,0.9974370973850917,0.9636838955600869,-1.1342656770166657,0.13584503303423703,0.6840577058953743,-0.30948029195600646,-0.029284720459587864,-1.296062802166319,1.1937704781349563,-0.28235306637512114,0.9041464216242447,-0.659873477248371,-1.307504388086446,1.1475060576418588,-0.9604599629830333,-0.37320963407149493,1.0805760111855982,-0.6750848228815245,-0.5130236268143227,-0.7722903460616459,0.5107354101148802,-0.24703077818927222,1.4002413244518,0.4042725413610484,-1.052925255322121,0.30142125531612657,0.8531394335071705,-0.28505022606076863,0.3635386631746978,-2.754661313307652,0.5825953563136926,0.6099592361771329,1.3211179541007032,-0.16259543046418232,0.599541081314183,-0.598994223883484
0.40198599314918493,-1.189089783203336,-0.13276888497965017,1.0673127218989718,-1.3043179795909106,0.45366409688538323,0.6860860409333703,0.9190025455457982,0.7630989299627609,0.041432822587864834,-1.0877511174462804,-1.0656958839033166,1.2760015029272138,-0.09284273872423195,0.5420382905591923,-1.7125319507037038,0.05461683546811117,-0.17886134611017793,-0.3127152356964184,-1.9268397136519013,0.31580379941453945,-0.825770514712956,-0.6593111751213254,0.6115756194969452,0.44902559099810335,-0.36362099909538265,1.0751143768680183,1.2498376029251963,1.2286397662281503,-0.31796341657938726,1.1995511095741394,1.265248277793375,-0.1343273358082224,-0.20038150013433492,0.06940370952484211,-1.7434666628734992,0.5916960083996966,-1.5886412317192604,-0.06030713210984789,0.32132241713960896,-0.7185870785705718,-2.523947000937451,-1.1728419674776447,-2.2084434184851043,-0.16776989877353235,0.1579094803264591,-1.5095511044429668,0.6015390355224826,-2.158612150880542,0.15207516398600465
0.1487685229546703,-0.09727939060023652,1.3272967164476583,0.4449716417320324,-0.6801918295314969,0.4778523979247462,1.3116492103566775,0.2857953366632938,-0.3249747882171318,1.3034408760264564,-0.6980986211241391,-0.26611058216910016,-0.8216585234569547,-1.2321961916981587,-1.2073570914358018,0.557025031849584,-1.1389885771915687,2.3645620911583642,2.9234834314196814,-0.10359968806117852,-0.9611861393666857,0.4117643384924434,0.3236055604061264,1.6554763643774868,-2.7107556077435984,-0.6912692277703614,-0.85640876152092,0.8528679540092668,-0.44047468605961254,-0.2768137106275562,-0.12596616940862082,0.8359049886221475,-0.7627070549293017,0.5336972469313576,-0.16355541347717076,-0.8088353443096027,0.8691709273706507,-0.3459607493328732,0.10947474328712688,0.3386791479034846,0.7120827193572591,0.3798611516503841,0.23168290554163176,1.0591142077434583,-1.0337906416132168,1.0393415936318953,-0.12923975209625377,1.1578307458106123,0.16640687523288056,0.8322602838873735
0.13307871614932698,0.0024064887529520896,1.4646722132801626,0.9846635403409579,0.23751776106252437,0.3109381212684371,-1.1030154370196223,-1.0356087178492528,-1.2906421697206618,1.0059894993385703,0.2569029492989099,1.0093830313093677,-0.6170396547540091,2.036559497392135,-0.6661340171053092,-0.9167803738346891,0.7491346775208704,-0.07630149898744902,0.6838717310898971,-0.30564592167767207,-2.137818010494653,1.1881227430059509,-0.9883368962493516,0.615456003372929,-1.2982968636457102,0.39798185083673904,0.8749729454261466,-0.9170812803739661,-0.23657253012284352,-0.7357529953039554,0.2841184162356019,0.4986967980184774,-0.008641026565472129,-0.8356356628555239,0.30423397672883673,-0.6625793479129662,0.9112537874527803,-0.33116881376794816,1.1439732637789561,1.0995088146971863,-0.028518243228094653,-0.3874524990350436,0.005617288273074505,0.8998725212050015,-0.15587359854260435,0.4545686650472229,-0.4972732180085616,-0.42446537371831955,-0.36633878437933454,0.8434515466170146
-0.14843547705040308,1.2178991379634596,1.9789250829279257,0.8225062075899137,-0.48307968444379806,-1.1660914498105974,0.42057429433595306,0.7452859623791853,1.4357698344946959,0.5069434611818612,-1.0475060602369206,-0.7228688502792359,1.6287598024335268,-0.4794826866625219,1.2705307455815074,-0.015011623653596871,1.2214988298320042,0.2017613093827011,-1.1867677985563498,-0.3044308165737926,-1.6666791656702298,-0.29288923267244166,0.8747364489124924,0.09016006753769126,1.3384397614594117,1.400921009641945,1.364262492630626,0.6997959767101922,0.4378578442964727,-0.6474887638156417,0.30639105108438197,0.600750490381132,0.20342105432028548,-1.0500559882798184,1.5088971614539004,0.3651521450792839,0.21200209611282123,-0.33357331837902215,0.7836129488721448,1.3387352879287324,-0.5551377629112288,0.04428534345225445,-0.2790745338154273,-1.406852296185967,0.07372311665239165,-1.0682347572705244,-0.43129746209127257,0.7511717347185363,-0.3645406145133781,-0.863554096023191
0.7287976843770363,-0.9212401142360519,-0.8637362639538108,1.7528649155662732,-1.9278458337992481,1.9708827998860428,0.132060303338543,-0.7539020646821476,-0.3644954072829361,0.7349400053015657,-1.3810602829651932,-0.4739472027603382,-0.9439592575326441,-1.2859074304202778,-0.07001290601655727,-1.7307450115738765,0.4849098846783203,1.2971307662073666,0.6172711492904679,-2.309327969371497,-1.3113296485825705,-0.34501850198965167,-1.5265713437336728,1.7291816907275017,-1.692355487388189,-1.4324217426927293,0.7252237975536613,0.8199476067030416,0.8838335298227626,-1.0500889383086343,1.002424921217685,1.17040529342417,0.9375150070479807,-0.8775280547623151,-0.8720359136125044,-1.4647352590198055,-1.058612567745837,-2.1384476297607837,0.13157912226415,-0.026619234656036654,0.2961108867097857,-0.1942107294889914,-0.180992545090573,0.7250642791988321,-1.5505189956516534,0.7101139331933013,-0.3992886594740746,2.0157210889151416,-1.4164259549493279,1.1353466485304684
2.1188595201943623,-0.8257595360457931,-1.2734791049447058,0.10369333470793414,-1.7001492439955335,0.4540363377672341,0.8441125867440772,1.3899056934940734,0.3876813749648035,-0.34543661029484124,-1.3628267690549685,-0.8211993102961916,-0.169609709931812,0.046834042762780456,-0.8865618488017926,-1.1547293344762581,-0.5113176205067538,0.7047389440009044,0.9013551025816917,-2.202470670235312,1.1760792906685167,-0.683708405553653,-0.4031845520192509,1.361491985565977,-1.0282716763662803,-0.6840796112633285,-0.7188690220278288,-0.34680029396178064,-0.7723361124944189,0.09246605427878571,1.7062223955204816,-0.2524773292109191,-0.7362035754698956,1.298438442320354,-0.080030441083365,-2.0212214580056314,1.247286511813306,-1.8445430179277276,-0.726851669833969,-0.6882878572022805,0.01459173872767941,-2.270663727306456,1.1904542436188155,0.9114875963756952,-2.189252537601831,0.23034905991944687,-0.17974642396396853,0.5499137340252396,-0.7257321122249617,-1.011630287071045
-0.30955050587667177,-0.5448735776522595,-0.682190040443423,-0.3428481723521235,0.14126760268127245,-0.1436225825044114,0.2329742119549784,0.7521707458053504,1.5501589318303586,1.0788653844331417,-1.1111651128577769,-0.2829660047294097,-1.584696711249324,1.483733171836633,1.9232719361789905,-0.23363232739776085,1.1694949775044936,0.9923529235970926,-0.8181545354257226,-1.666956576985629,1.3668610506673118,-0.7881598807335509,-0.17168114273099114,0.27699635301611975,0.9120896877445394,0.026101589458494882,-1.8777429015807368,1.9285853303764187,-0.40088732758328083,0.22858989411403116,0.32209765966471127,-0.2830404132152041,0.7072695914114073,1.2592426596811204,1.2444347224454557,-0.267268942034463,0.8622715655107048,-0.3789695271413747,-0.2995096971403391,-1.1480001764625674,0.2441459412943955,-1.0796043449287396,0.30896352102068037,-0.3506135175361953,-1.7110970984358291,-0.9494436348347475,1.7575132246000555,2.2053390485087196,0.7008998881561657,-0.13883189983245042
0.07536763712940144,0.08553214305938006,-2.175162857480481,-0.9893632610219426,0.10548046957101986,0.42673065130655957,0.9166243275247512,-0.026199395366491216,-0.05273448411331572,0.1842532853378599,-0.370494518248373,0.09040037598404042,0.6444933577442351,-0.31037363825792486,-1.3767282363540023,1.1423405716875508,-0.08006538029436358,-0.22239965001367498,-1.0480104048632544,-0.21983630876851573,-0.9397569240579587,-0.2672404580975845,0.5597809396228279,0.08775052239444879,0.8609610615263499,0.07729040437878977,-0.2908965108582811,0.6146434497160564,0.06373607725905742,0.1731552420051956,1.4223851673476695,-0.8373327555373417,-1.6863456273210535,1.750807085331192,-0.7289473848444692,1.5613235420562441,-0.609639674716391,0.45572661371129525,0.6177973739925448,0.9911216178327622,0.7005181510640233,-1.1308843458358036,0.634825061345871,0.4645016842913175,0.08663870038976394,0.8348560110617866,-0.5831798858661758,-0.620780936356972,0.1749919758200668,-0.8951168116559497
-0.3905642782839016,0.19638859570998274,-0.261957814860196,0.08821244063192472,0.19466908719819345,0.6689880370578054,0.1764205891650363,-1.190099860338885,-0.9398446667212136,0.4084613805408886,0.40639658977622034,-0.13072705803837414,-0.6588446398277452,-1.4781515034924178,0.5645424928874759,-0.7776045213789818,0.6315783975711698,0.384723439400785,-0.8848915951697037,0.30599624225060984,0.635276324360118,0.041215434485964875,-0.7231897391838058,0.32422400417442687,0.691939415790406,-0.6402573265234422,0.7110195590811293,-0.7223377893138679,1.0943972033986054,-1.153484388105476,-1.435930483654202,0.49719697251676614,0.770780381590254,-0.965978879478957,-1.0970098589832595,0.010866381493149415,-0.9530834245857991,-0.7328567176709798,0.6745519484647908,-1.0310621439173104,0.01373552117876922,1.7208316367156387,-0.21065295356140018,-0.0403320986165379,-0.6411549260949456,1.0722714782094451,0.969143339256816,1.5775503706572471,1.3164351151968856,0.9582072874173034
0.2824456667547828,-1.2842830327361274,-0.9728728373044044,-3.349361862226133,2.12271755590602,1.1130790601658191,2.261590685917191,1.011201145926264,-0.21435091346496307,-1.9182149539063322,-0.24136372219550228,-0.6710197579433066,1.8040785282974992,-1.5305161636222127,-1.4601294010327488,1.6402367498877155,-1.8686557165789426,0.8015618351975909,-0.09956380631986961,1.133360857548884,0.726139395080722,-1.072050939883775,3.1562026354151924,-0.1147925794406545,-0.341424134854134,-1.8379976350667964,-1.086616541767128,1.3096555086790032,-0.6313539595828275,1.4206444389406776,0.678007501979042,-3.503778681787705,-2.1175212031964685,2.195813111769216,0.4102498386320256,0.16629034805347712,1.0864192525900331,2.02308093476209,-1.4079474443826658,-1.5469800297906928,-0.7779939302857031,0.3494770270244676,1.6499746315002362,0.951950505924946,1.1621626659422204,1.2216666617512013,0.8547508025576296,-1.6081526404225464,-1.1267437128460072,-1.4140273278830686
-0.5001904753549765,0.42260958151690287,-0.3367163361166744,0.8786452330005335,-1.2375661757902865,-0.844602147890897,0.5537345697807199,-0.6780649477806279,-0.26530002319140245,1.8764894150371396,0.40377650317834773,0.5293447729412978,0.9426053334232279,-1.3209944182893683,1.9320377542343388,-1.6060771762257093,-0.17488059753080704,1.077510428748303,-0.7357284217281208,-0.8082949952390296,-1.79916750166946,0.18835075537035353,-1.8569561091005027,-0.8655281336172691,1.0611650294885777,1.072002977098055,0.47003400522061367,-0.8481757917904961,-0.17597342464816929,0.14661952632135888,-1.560017342916665,1.1258204296173009,1.850663848325611,-0.8763546994920066,0.5151607748052047,-0.7746943563423024,0.23221821597210068,-0.9447064419969303,-1.3663691533779578,1.8200865847809689,-0.5182178311396219,0.9915736866827078,-0.8369917098289484,0.5570446937955198,0.578390414509018,0.16629035258507466,-0.5862676647458426,1.485368576862317,-1.1502606886969142,0.3303807747455277
1.389170194842546,1.0831986296105371,-0.022842616135537685,-0.15336549831000942,0.21853343767126768,-1.154033184359195,-1.258660069948333,1.606038952352406,1.5232532614339107,0.33962047600027717,-0.21355627913557962,0.07628169500177966,-0.3188392540932069,2.104593104484629,-0.11883369798289863,0.3263902871329393,0.0716461161611481,-0.5637711024605412,-0.1827730110441313,0.10862497343610214,-0.18748169105862528,-0.13319860555403346,0.2560226186852304,-0.5135289996277825,-0.03494077395906327,1.305556917788694,-0.6172547143427828,-0.4402696871627514,0.1521624403536057,0.3578166135245578,0.548134264895326,-0.07210899908891504,0.42894122392278355,1.0692346507814998,0.9742009107660276,0.33214974008925274,0.2739370222436143,0.5602536071701445,-1.1274514991123796,-0.7506814265511674,0.4099759507193243,-1.5966066906123204,0.34111518909792343,-1.4290344633529894,-0.5104705089993249,-1.220838117563833,0.6643849657226334,-0.0038629638859815703,0.057454520893249005,-0.6733372562556736
-1.1118876712705608,0.7308097067252078,1.1585157984962748,-0.08715848989584184,1.1731636772931253,-0.7360292409706621,0.4258529554845987,0.693278237013617,-0.5844587111302895,0.18548539205542006,-0.7021967311435598,-0.29810383343051755,1.5445779516621785,-1.498272677154211,-0.8453661213802464,0.8383202962821683,1.6126810866124277,-1.206402884313654,-0.39581877933535636,0.5053982215675589,-0.024330475794587015,-0.5370512119646126,0.7064270234335418,0.9894826096312228,1.183654593451205,0.16236759712655763,-1.0777437930248568,0.8833806901480087,-0.2745349217219583,0.6594697956569916,0.902319328386137,-0.1943712632911174,-1.2623562786970757,1.5089543773623328,-0.001776236018383807,1.63380245972777,-0.9911405428574269,1.725013542851953,0.10263752199022405,0.3660888400804551,-0.33851616186652683,1.004360479780462,0.061368594116776636,-0.11911052667279338,-0.02410712495041489,0.058662749437885006,0.33847328155601253,0.33558231789012705,-0.3766908560229925,0.306235917279142
-1.0479007276214516,-0.6365316725262793,1.2677151507920215,-0.33834079089436814,0.7489246326706158,-1.9190167703885463,-0.07847661344418347,-1.0201984770331771,0.5908758421757049,0.7685597184367163,-0.5462159548706466,0.5625771076630973,-0.6196598316742401,0.9210884708575479,1.9472254986000286,0.2697667866652391,0.7543302914396561,-1.3108962625794656,-0.801847105262556,-0.5269333659400519,0.8624573336995738,-0.019229457515301734,-0.07448536061825009,0.4050506005736461,2.0718689701144775,1.37580100658334,-0.1461376824627246,0.9159888215428977,-0.14384023174807453,0.06407374331802121,1.425722317245748,-0.20261511857060063,0.31981924470092105,-0.41888829103014247,1.4059342126198844,1.1366723476348775,0.8088907863471347,0.426201167609117,0.5576918662440995,-0.6102690062536977,1.540880297634196,-1.238331359244695,-0.617698693188279,0.484192237626526,-1.0477497495556132,-0.6562222200647563,0.5268651923191132,0.7332033343833935,1.4405862987896239,-0.813863820518504
0.7078160979733771,-0.7781709421476662,0.40391592996374737,1.8717759551029318,-0.20146384481327653,-0.33946256485945314,-1.9239781231837965,-1.709430702515198,-0.9742993290964688,-0.9119924243477442,1.2410177287000546,0.6355335010017474,-0.41352965037714007,1.3461755594474771,1.2875932685476623,-1.4810889615412597,0.5903415698805689,-2.666974165256088,-1.1659084144826128,-0.49777400187421333,-0.8045428591613291,1.5510241874466004,-2.0992262080603035,0.9229615366063869,1.7403485399231877,-0.23520959843751743,1.5793532257228076,-2.134683085303755,1.0408786507427314,0.7431866690674531,-0.9735479902990927,0.3249834208616056,1.656209809405515,-2.116323120611896,-1.624590091977221,-0.34131274480988405,-0.6457289432579636,-1.7425158522476472,-0.4173758462262376,0.4539112249305499,-0.4696514959987567,0.4601467638574693,-0.2187508926373166,-1.086211153590797,1.4486588960650768,0.30869514949551324,-0.9937442834268552,-0.48079477679465377,0.29570456085117125,1.3696416394979138
1.268268991705675,1.1921617649913572,-2.283463669231537,0.6449704411025612,-1.3305769210429765,-0.9016659062023878,-1.2293223415636059,0.2681486571878376,-0.4344354207603496,0.5262944262334226,0.4989704955449196,0.5508916715477482,1.370045911776929,-0.5179709190711416,0.25426747784550774,-0.9171559051864444,-0.2343700327230615,-0.875143737929205,-0.5205101021813312,-0.9360523171691681,0.7100288639221692,1.5072426148095832,-1.4408044566321274,1.3148237833039427,-0.17023621890171994,1.3505110849775128,0.057965100942104095,-1.5147489997654566,-0.03200033652133325,-1.5687745253920222,1.275746196382392,0.4859646764295133,2.425632125172691,0.7432525642412144,0.9204898578102676,-0.7444681354561457,-0.5529192051271834,-1.1213812372959306,1.4508701830499515,-0.5562864254676261,-0.4623285950421269,0.8657048718838332,-0.180854560982165,-1.1055978832073574,-0.050383812825805056,-0.03811774941426417,-0.5813198098192693,0.6604687813418393,-1.01456473115917,-0.5951178767753091
-1.2895194831103338,-1.587958213629222,0.10463371803626761,-0.5872310082522276,1.2160529490523877,1.1786953181368218,1.2042691268369117,-0.46789831007479266,-1.4257880626192037,0.7115898800590548,-0.680765785534535,0.7312608714084954,1.2432240798844578,0.7853094431289963,0.6391871904812519,2.095963748725942,0.8219025777410606,0.39853835050175346,0.0801579779466934,-0.9559087258061936,-0.8513190735195926,-0.19294723617778667,0.24374179726739065,-1.7790847265627048,1.5546010249779498,-1.4041514113842344,0.5087956488705981,-0.5117226018516458,-0.4104624221073826,-0.3871024056968812,3.117027683232555,-0.15685105300411367,-1.2190103861393013,-1.0608412471846824,-1.219607017247784,1.9636730484054397,0.8168393744491704,0.7939346838306792,-0.24792217906800618,1.7427343028042246,1.719857845392661,-1.9651837473359794,0.5033758484641374,0.07416245020751153,0.10731731983978987,1.0387089251310715,-0.6439856153613445,-0.5837340354800444,-0.763404685737663,1.5000133393990942
2.5033051291772863,-0.40002605337213454,-0.03160029188454206,0.7172692856246392,-2.5506495387192842,-1.7033063370871784,-0.9823078381828504,0.7534516067259199,0.14213937841647387,-2.058472755443606,-0.7966362231960988,0.035473283249625134,0.6398972425203093,1.0694093447947701,-0.394997431430402,-1.9681014664562164,-1.557566185285267,-0.8646496603077123,0.45821011122285366,-2.282804965818268,1.1893966138966494,-0.5182317658705407,-0.5889405401380007,1.572728046335856,-0.24468562376651698,0.5559062893306429,0.35624742488374633,-1.2171139252228789,0.9174732657572943,1.153001273323904,0.9829386506248846,0.4043731190561377,-0.7518214454827561,-0.5060673295620646,1.1024146110691477,-2.581889966564418,1.4895705969096151,-2.6451066384209376,-0.5453321364305248,0.0951322885651035,0.47091475454898574,-1.1849017169926377,-0.9072763315792975,-2.0608852170874434,-1.152992787293802,-0.8762899856283445,-0.7141265219548389,-0.9328630534033506,0.15698258700056508,-1.5002623261727241
-0.830923099111395,-1.5920295869772039,-0.5892508172427711,-2.1281488693598387,1.7577263622000945,1.7383826795556168,0.9538444966716495,0.33305635657257554,-1.1035716121844446,0.2640587567966196,-2.6827213040280053,-2.001014460057954,-0.28814822492226444,-0.33265845125081916,-1.4948626343019271,1.7779176200412068,1.137955125955339,0.23775302525215175,0.29927951046406787,-0.3345582669605114,1.5965317452102294,-2.763125393656738,0.9161729115601277,-1.421009159739235,-0.8333049432671998,-1.181216259671189,-0.924738372096947,0.3486125601191631,-0.06911552025048592,-2.077351652585769,1.9658687213853172,-0.6735001718216225,-1.0715240499006973,1.1578948174181372,-0.035465061398420844,-0.05216847701857328,1.4725114363593803,1.2132296246816503,1.6732111536252414,-1.5830562076054058,-0.0034006558013975775,-2.2019309398329128,-0.3658420473442419,-0.5110880080505433,-3.0211832076588405,1.5982505144328745,0.5798295833295544,0.4310953002568304,-0.502118022924683,0.5756285409194625
1.3031910006069862,-0.4386571351643653,0.7128336835481556,0.3928472077036666,-0.048069423679782466,0.1769776728772077,-0.6408471250762818,-0.8911462000216193,0.13471722091678542,-1.5539189177255526,1.1701009122230808,0.19753674499120372,-1.0940697515834963,-0.9530588612751865,1.3799493847477755,-0.22749474520360136,-0.04078847799140576,-0.5298214741193757,0.790761826573637,-0.2102480337142287,-0.39721908274174533,1.4900170929172067,0.5990808028270874,0.7205873005387908,-0.14233884044465694,-0.6396020496374365,-0.041921996626323066,-0.790809561784492,0.19186651292524862,0.8791921970976105,-0.05630688561215393,0.40109815182768643,1.0113060319183782,0.058179228001207596,-1.2280255466728662,-1.4071437159476008,0.0915299352231739,-1.1504385144109188,-1.0458273599694716,0.9606387078600346,-0.9807860695371468,1.3786799617572172,-1.4826062595800815,1.7075386760257596,0.7803411330138648,-0.00855445883373775,-0.06310651814197124,-0.800625530823394,0.274540469541645,0.15136273760999241
-1.644925021901332,0.3427770255285411,-0.3628484448889357,0.9225766147277065,0.02016681448491418,0.5575912454428001,-0.01195057405118203,-0.5346612689024831,0.4047410982432951,2.5390275571929,-0.6945563475862184,-0.7363571795465472,0.24258091854349817,0.5099837647503257,0.37845477681481815,-0.2541001897762324,1.2334551153277251,1.0719599342200399,1.1048360813992653,-0.6481201116851814,0.985164653922176,0.12489917713200756,-0.7800284936556484,1.5749627608510455,-0.703403293884154,0.6657381685081606,-0.09041417376844604,1.3988590040864697,-0.24433094033461475,-1.4892359793753698,-0.13604268297605995,1.0208036444268107,0.8358728042606398,-0.1376380080966858,1.562375693635439,-0.16307825077948568,-1.7248586143976397,0.10408258166208655,0.48051590444706554,-0.2988840537236963,-0.5547438717432341,-0.723960406532182,-0.16402298257955197,0.28507640002540213,-1.5332242270998708,-0.6349149977105676,0.8300362584942114,3.0644587226662003,-0.7526563880016973,1.1889955716963454
1.1100620370714378,-2.3833661079221495,-1.007716744668914,0.864322580180244,-0.6814831889325292,1.8015319062160728,-0.32611357788725315,-0.3202353075496249,-1.671005955366591,0.6752602134680221,0.19429032399315577,0.6274676074691177,1.0406768465293177,1.4168866382713503,-1.882145915941227,-0.6372336280264891,0.4119188747886012,-0.3993803011924136,-1.0637756443666924,-0.1570282967764685,-1.4379944601616477,-0.5543726137403505,-1.1364632340783296,-0.9620638356556864,0.9232300185286162,-1.67732936071072,1.3815931709554903,-1.314220951409028,1.4841553915838674,-1.1514345751801407,0.4673418441472931,0.47325908739497385,-1.2022848745717059,0.8928856787303908,-1.9855076324923495,0.18754402523177433,-1.5079743999332353,-0.767747408760996,0.2718288898356091,-0.055535143789107295,-0.27898508575484304,-0.2768398119390594,-1.1695968651519904,-0.8697956704925188,0.25751212073773916,1.8476542388812789,-1.5067798287656553,-1.0906996853372712,-0.5227129202202857,1.2488209307462492
-1.2176013210627206,0.696198407145403,-0.38594348649775206,1.5471257547009554,-1.2015198810690235,-0.6872682245463946,-0.8050300378478605,-1.4658050982952568,0.7512945095854375,0.8975427912214728,0.6172854185945086,0.19961817846102844,0.5067625835525572,0.7256269062326286,2.6102681511770482,-0.5472971163051951,-0.375450732286485,-0.23477470637818953,0.6572156360541631,-0.6301106984425503,0.2788837256427172,1.1980705152060889,-0.7496700473206044,-1.1763211029022145,-0.2955830508806258,1.3507504487603628,2.1309900356917364,-0.3491176872806694,-0.1331459200814975,-1.673482560334182,0.4828910814667355,1.4427978730545057,0.6765828274993491,-2.676367938127955,-0.7248578976291371,0.14547090372743196,-2.687113585726839,-0.5486207742565187,-0.21345739175139022,0.41153667159158247,-0.5905409236832421,-0.6898457939943108,-0.3977809021051381,-0.8873392950249619,-0.17674474102515295,-1.7077886551412924,-1.2762362900361335,1.085006034673792,-0.4549033141109733,0.6912848991348204
-0.5506014711190729,0.4090513745854845,2.426020525897785,0.04487548819285883,0.32534304277675846,-0.5202782073555037,8.029543994391996e-05,-0.5707789554329091,0.6387635886422317,-0.33259192796136733,-0.5389002691030961,-1.520375087996675,0.8884727109692194,-0.8380245586973402,1.345601499386217,0.13200062803025175,-0.9826660869539009,-0.3386680500283956,2.3435966650433953,0.7094988973145182,0.06766151544459674,-0.16452929634287367,-0.6927927170164737,0.6815649329929512,-0.9306560820524561,0.08381942997627677,-1.5407187865696406,-0.3800232740956381,-0.9728839945434276,0.10412654516641423,-1.0055811066779503,-1.3531136361098384,-0.01340114397354507,0.4844200274788669,0.8179447678489795,-1.2818769026318502,0.9850509882393171,0.41600676406481024,0.4726256449267277,-0.5005657014408138,-0.40909501455281405,0.9885985898328511,0.5824932279327656,-0.09793544692566698,-0.2040280325447015,-0.18253844465273428,0.7040751102916146,0.17354120315075422,-0.8768585600894135,0.7844933950293136
-1.503812040203957,-0.9583878143129846,-0.48770984934022016,-0.035111475701007734,-0.1701881098307889,0.8756435140589899,-0.037665183953506445,-1.596496604284511,-0.8833217653752303,-0.20843390193407976,0.4210562964673661,1.2261726953992331,0.9774207234282549,1.0849810768996666,-0.3288741255660943,-0.18431844332832362,0.2040240717889937,-0.385340681403868,0.05837081242939476,0.5987581931413833,-0.3145029933927421,0.21231043422560616,0.4625176439923448,0.05219234614158368,-0.2290174463156129,-0.16814231857364473,1.0754479184274879,0.2411696442777541,1.223544721033148,-0.457387909877385,1.1663128707922348,0.5311343733250551,-0.8066866187440539,-0.7034955940059073,-0.3960615277484415,-0.17788094636389004,-0.8817916355392038,0.38698718247819913,0.968862463849047,0.24672733069471925,-0.09919018985509866,-1.5437834674209392,-1.9138042536530013,0.053615879118777736,-0.009973983506695082,0.8665781206616257,-0.5832420865954202,-1.0114463114957901,-1.3254446187446507,-0.3452772825055206
0.30583902881104363,-2.045521205716571,-1.0681566343246096,-0.1538750625286105,-0.981256095269518,1.9841402484601807,0.7394220877981041,-1.7283517262166574,-2.608906188864258,-0.846396865820836,-0.644831785821581,-0.07619636928656513,0.20930822655340817,-0.18688805699691013,-0.1501665890267082,0.11196405963232539,-0.3475586884656207,-0.44205770456459687,-0.08688356267733469,-1.4822707773101294,0.27334406328090144,0.09028848925443608,-1.2492709629838563,1.7512153560292356,0.6159493043062982,-2.173737769629953,0.5571588842164726,-0.5928900533654227,-0.2369690674288689,0.27430710081756526,1.137986202884189,0.23794508122407798,-0.5048870015649602,-1.5504221230629764,-0.7469325017081703,-0.3306714471446545,1.1455550621211368,-1.0494122163146697,-0.08645971301469653,-0.2503196223692332,0.5788055883151348,-2.053508739593971,-0.7235782947461862,0.16261368631217127,-0.8758235930384987,2.634402170233968,0.058731416682865134,-0.982858996103803,-0.324557239506755,1.0161562267843218
-2.0738190266059444,0.24419302981650193,-1.5970900652845554,-0.7195099002368622,0.8731014269575318,0.4922437886045456,0.7407822461350444,-0.5673160564225652,0.6373417941829548,2.7077032645992523,-0.7849969298790302,-0.8012942759189088,0.061536019698349,-0.524390115460864,0.2387930985494782,0.5757911331099207,0.6304339351318976,0.9779531637219565,-0.9935653720301247,0.2235715833897888,1.1093378336376318,-0.9966802624989152,0.3433089790755735,-0.7025449104329754,0.43310069955968367,0.598613832803979,0.6261138806834978,1.0553656766702468,1.3860949400882778,-2.335584682552492,-0.16191995670779843,-0.5709460884509924,-0.024248080133898047,-0.6724804334274699,0.4454734389849911,0.8963066201520237,-0.2438436854649672,0.5893343262763346,0.8887151431551797,-1.1815194007189385,0.33276279615668675,0.7286656746874903,-0.20765424658363266,0.6531693267853659,-0.671558504468304,-0.06900913919557976,1.122739936081795,1.912756051461698,0.7714022063695571,-0.7900345325227977
1.4108342031721812,-0.24322981911439848,-1.8342742563907037,1.7048538913621565,-1.927773534687414,-0.05771896885974266,0.3998185655505849,0.2860200854514774,-0.4233287850971409,-1.632692902298293,1.4889007625358215,-0.32511850100481743,1.46714594012426,-1.6830995188565643,0.7052790127054979,-2.2367429946049735,-2.1651698960444548,-0.8728889509882323,0.8977310879287186,-0.8141056790764325,-0.07008028238055593,0.7238522133267926,-1.0993143939557468,-1.2360515620947143,1.7761837939404166,-0.5612339392406708,-0.04682599147193965,-0.4110699129193167,-1.5204424635856266,2.310941563975413,-2.642629650000951,1.4945147784129578,1.1117549139350684,0.5037642950417467,-1.2503021134561434,-2.3631655504162117,-1.6755010521850149,-2.537827146032116,-1.2459931525979158,-1.1230670037152417,-2.061973566775948,1.971289306182603,-0.24747876771798627,0.5884361550232032,2.0018876998228867,0.558439676364807,-1.2382263209673048,-0.46214024994883696,0.0023395316753208975,0.8299489615288683
0.5380527482649542,1.052218507653213,-2.0138110206106496,0.9906574310555684,-0.9310996495047559,-1.1188492493635485,-1.7360687874502285,-0.12588951298869314,0.45722486714824045,-0.4001300145367542,1.213241120008284,0.8790934138380574,-0.25047915563381246,0.4108260615995243,-0.2585540957867304,-0.4556780828301198,-0.6970809059056331,-1.173966767588691,-0.6033095762127141,0.12570031657150157,-1.434155822411914,1.262721078145319,-1.6246424311011098,-0.9587613909405832,-0.10639135326228752,1.4893444342100224,0.024845383685292606,-1.8280587380009334,-0.30206160138404686,1.6198688076293133,-0.2820510003385965,0.676688575427986,0.7237281360420237,0.4809514580693661,0.3822987493682972,0.02799302098169622,-0.11703109694140135,-0.2077932708995687,-1.3700467360063513,0.8631169439567482,0.7386107584468091,-0.1347006782839673,0.17113708902569072,-1.1570148312672606,1.1848160911837857,-1.291690472022991,-0.3920567248585449,-1.2637846595707,1.0294845087647133,-0.3369560169338168
-0.25833982469344896,-0.5834580221259125,-0.32257315370302775,1.0135011881173852,-2.1910221241366057,-0.928026858662688,1.1021277422143263,-0.0854079944961951,0.7973012534081273,0.7261685553009909,0.021394776670365705,0.20048312092456705,0.8178008442964843,-1.5343079795905523,-0.9474236103470012,0.3007903464835361,-1.4317976437153792,1.039109007585818,1.5448289849832786,-0.8320047473785828,-0.13316870798440433,0.5006402568961889,-1.405252366520896,-0.3258097525532946,-1.2746306825555476,-0.2055559664497849,0.1547165014776548,1.7438816863545599,0.49210531540541846,0.7286275844047377,-0.45182371040515323,0.019364585916032344,-0.6737617450528134,1.1928006648714162,0.22600382952947495,-0.0059531732726443645,0.6471016121234067,-0.7473191108666271,-0.48845700810505793,1.022041697157825,-0.02142765655996638,1.0757425682709003,-1.4623821953849272,0.13307857803579476,0.09892494191823764,-0.15368349870499204,-0.37211661399010154,1.9436283213440455,-0.5907962876400428,-0.8438294960813234
-0.11159092064450456,-2.0905879408475205,-1.2047847107317862,1.3229059029593753,-1.2214429606307802,2.143752815158002,0.37303489122460703,-2.6275648156764184,-3.283633942264148,-0.16787786869102442,1.1939682214858058,0.8979571106731892,-1.2489470967785488,-0.6890901557372683,-1.7043900061187094,-0.42615391156905746,-0.32842081070754603,1.1507933726916586,0.4632589497160744,0.136363154059249,0.521182969022856,0.43882793889475274,-0.839204645668469,-0.580964654039892,-1.9754819517176054,-2.1735748882783614,2.991420665696781,-1.2526408903506578,1.4826351459233935,-0.7413071952692413,-0.003840232573412137,1.5154838918278195,-0.7653514318188411,-1.6365274683762638,-3.1206044785951486,0.15598889852779446,-1.6429619961649045,-0.6484935907421219,0.7678025919769621,0.2202200872690811,-0.4708162703802724,-0.06374030233343551,-1.639073507769112,2.4206157142056632,0.5519947757456116,2.492772569305305,-1.4852067474870494,-1.1754737189700595,0.3117773972006268,2.304067305394288
1.3316091002333639,-1.3193212700158978,0.4112952070790774,1.6154874454915789,-1.5277681337445586,1.689982010173669,1.0312875409985185,-1.1008280678731717,-1.6294183224143828,-0.48013977119985873,-1.2872366994758206,-0.7618802662318237,-1.2454810082393364,-0.3104528201188376,0.1636067579464168,-1.5673793311878645,0.20903441803418998,-0.6458974964244936,-1.533480120384953,-2.213740885580381,1.4593343487098103,-0.2063262554207799,-1.7604733801959433,1.0295348272653102,0.7468343434710318,-1.8289592921633717,-0.5807962220497663,-0.44124614519669986,0.12755428933594856,0.5385735018642213,0.5179865913200339,1.2942740099119863,-0.7190934525545551,-0.7267899283604523,-0.8383701737895958,-0.10937861787989571,-0.2818525959732345,-1.7425916445300866,-0.3518724174806468,-0.4314231742916317,1.5196711723309728,0.7283933284397147,0.08716961750051432,-0.10426734510996825,-0.39965103980308486,1.8868155465990717,1.2695901932348617,1.0735437934474363,2.199897368592968,1.3398533320615917
1.3498801913687832,1.0724161104668992,0.8438412085163667,1.1422926910308773,-1.2668233699867786,0.4907854052669662,0.19171130719296567,-0.5958220698749456,-0.5776574843434298,-0.679932184335699,1.3757980574526436,-0.355763514641025,-0.1479494432453129,-1.2580018227340108,0.6597275181435172,-1.15892004342142,-1.1157702384384693,-0.4088830879464691,-0.2938838620437513,-0.6167158612188879,0.1426067390645416,0.08641399548357785,-0.9124548081823757,-0.36385176563533894,0.48851481453862133,-0.6395136466648663,0.1804978989133675,-0.8396527600869628,-0.09531271616569811,1.2345922424386777,-2.3875597933894683,0.6384047268621128,-0.4757204980544235,-1.5344784535239653,-0.8158709882835399,-1.2276501079834217,-0.044178387130090035,-1.548495940631419,-2.0800738760170114,-0.2504889530234966,-0.806005892546632,2.356728608015586,-0.6849934463813393,1.7660248600076203,1.618075900070191,0.41011401867394487,0.8268449930763401,0.05024056070268517,1.5619868283255312,0.6651811854839326
0.03990886416298194,0.2742481326704918,0.23457098662928727,-0.6537764537031314,0.12134987031443707,0.7429067188565198,0.0221550686909641,0.47727393868618007,0.4784708332560677,1.209130549774621,-0.6999030454832132,0.04588777272357398,0.6321969674028917,0.4613475393964607,1.7078849352654306,0.30564174792605947,0.9180718525094317,-0.7620138382103585,-1.068278448025962,-1.1354187670062925,0.05100584836337789,-0.3825960285579031,-1.0196883694825354,1.7940480074158747,1.9927464471169432,-0.24208717606446598,-1.272109944887599,0.2684339786880715,-0.9185301722819496,-1.2942642331871614,0.027753160537012114,-0.33608588634918424,-0.8430726804712307,0.591777005896699,0.0030098117663144943,0.009775694635878174,1.0472285098099816,-0.39607412108881834,1.1754290395324813,0.294342117594819,0.23884443586626386,-0.3009881048785977,1.1371071576809384,0.12218342021286303,-1.6739891796493696,-0.7254820799851128,1.4250733964202826,1.1688178923945114,1.4055755131785581,0.5265338981067331
1.6040431456941373,0.1675375707358161,-0.9328524132629934,-0.3305209005448353,0.27977576865006054,-0.39783261110094675,0.8104041748908791,0.988440584373005,-1.6448518419736204,-1.1995278855124933,1.1399873188086627,0.0318074305175827,0.27231352615621485,-0.8919614872872792,-1.962591068308991,-0.29183768836158885,-0.5721290924468836,-0.02486978465963809,-0.5576535276315037,1.2570398702932397,-0.8822764561265146,1.268191542001139,0.07968928356212401,0.1138034528268905,0.3520424249054842,-0.4654098990827339,-0.28160949775247146,-1.049855054673766,0.08996529718297785,1.3397168366726715,-1.7163175690896946,1.0696830201522227,-1.2778253545176215,1.3795312996704083,-0.6484137070426566,-0.7271482090369453,0.8359597168590867,-0.3520299331608624,-0.5653911969841202,0.2529800271672549,-1.5455114707781483,0.6273200530543463,1.6154691700974628,0.8411606659362179,2.1345900565444715,1.1583569939908995,-0.9171948538617857,-2.606256683957802,0.1309951170801474,1.0469386145504855
0.9658136031746439,0.6080120422788176,1.895114311998405,-0.5236898843211827,0.15680305117748233,-0.8592894913760339,0.3320557987721285,0.9027222365019786,-0.20755338886621955,-0.6321357147981956,-0.45485322765376507,-0.9763242897722987,-0.6044831010178398,-0.5112464750911909,-0.20682848371316634,-0.25072831056778405,0.9336525065314718,-0.14692862468280574,-1.3643941189607958,0.6512063885713016,0.28236221576603754,-0.5787079493876421,0.2962714269661506,-0.3347454965258621,0.6812581507778648,0.3478409712385681,-0.9705959417616256,0.035614859487636014,-0.23023602986868055,0.31031364690519697,-1.4163354358492224,-0.4310288503829239,-0.5712509488002511,-0.16906552920491819,0.300415268262409,-0.03667498240704169,0.6746946017753727,-0.11162469350700939,-0.23642476686884736,0.15342605847033147,0.11800983193707229,1.1816014911641843,1.605950084635969,-1.7202654443708136,-0.3968540989223961,-0.35359598582378216,0.8900292865015325,0.6764281720986332,0.8870055372765268,-0.6934172586234647
-0.1871667012585953,1.2323256243681409,0.4001665962090317,1.4945417020154363,-1.8445686728673978,0.08257511072055419,-0.19576875464118298,-0.1777792317914201,0.9513491122258069,0.36931572744499386,0.02787290313385909,-0.21627651973737969,2.534975681827886,-0.886959896264988,-0.28401321325796536,-1.5145829949443448,-0.8396270273667086,0.660055256901845,0.19732984353721333,0.6645586381493928,-0.10047511865967935,-0.35930053226507475,0.058349446335470644,-1.738624492307818,-2.213675856083626,1.3054842205646822,1.4841434588732505,0.6018471108714986,1.0563071479263133,-1.1916008068788981,0.3973553320256478,2.5590548116869534,0.11968506186806416,0.42777904127740424,0.1713003022052173,-1.0609857477790907,-0.3360389819644188,0.09792922171849092,1.7737071624281113,0.14985840954879623,-0.9776924156609843,0.5725828462434959,-0.9460673096174871,-2.8313980445618294,0.38964548122717274,-0.8575849094953175,-2.1733594050111678,0.7237401412429452,-2.09820303237576,0.06440305738271233
1.1663277938900227,0.0352912961259626,-0.7280294418247619,0.8623679960379763,-0.6194914475897461,-0.0589737183859122,0.4831912791700047,0.4309939570091489,0.12839326928029715,-1.4496355417374729,0.3601180085155554,1.2165617114159055,-1.3248592880032624,-0.8374196941266642,0.3487596722356643,-0.926878829936154,0.5613320604577829,-0.38432266796580705,-0.4558593287191462,-0.2052245770816374,-1.050791908700696,0.05109323715755708,0.08704096252832381,-0.24765045162928026,-0.4445244652818913,0.09462623852175076,-0.2071325132274447,-0.0683362467301885,0.1360765366064544,0.23393156677306387,1.1773558373990114,-0.28414919974838115,-0.23095834156330405,-0.7475614573607311,-0.5155758079197195,-0.20437042204121286,-0.4218587539752247,-0.977636995804684,0.656728014893019,0.482020227188294,1.566591055858947,-0.5573840835445637,0.2486469612488424,0.23340700890408056,0.19977632569151252,-0.49456808701213567,0.8561685604373139,0.49526391411878035,1.6127852463211834,-1.69213427429761
-0.12239311955813198,0.05322591871889212,-0.6378485675959197,0.35629517399629296,-0.6925563827981639,-0.11567268612242469,0.038108104568132,-1.2370480855674455,0.8201918037301204,-0.19340740912692794,-0.6136193828897334,-1.4474129621718237,0.9896337649826856,0.9603567228019526,3.1536001204653274,-1.0971313913702632,-0.6169936271401804,0.016722979874887994,0.153944473812446,-2.1513572098998908,0.7464652628096857,-0.33840588470746347,-0.2903232801537719,0.27356449658764703,1.6235134665762196,0.32734657883413665,0.4496165554745881,1.1445368866472307,-1.3034427873496017,-0.31947390835878103,0.6928623840921702,0.4535866457892462,2.4736825621750635,-1.3471826740349362,0.8291623324454307,-1.8844962469026711,-0.6128585687441417,-1.0088766864841692,-0.635325704338387,-0.9962202236473953,-1.763167340947839,-0.291764347429898,0.21120757270242915,0.007126188445543052,-0.5711725429084854,-0.4877292658150102,-1.1485106577576472,-0.6637300849915776,-1.1493851914722744,0.21909913455949562
-0.07438917700688509,0.14084017648199823,1.5639240639931644,0.3851215210245775,-0.3361497556031188,-0.20920792923171277,0.1411524923313044,0.7052641372939119,1.3980525284772254,0.41595049348832724,-0.33250002541603885,0.1347072828096117,1.0149733663056173,0.6360206157428407,1.6684819876020716,0.061277389201376264,-0.4312443277083378,0.4381608655088342,1.9407676037146673,-1.4528411485794868,-0.8175120665441807,-0.4516168640900643,0.1426651361193958,-1.8556832889175023,1.1324683980702213,1.0866708303198174,-0.5710724284938123,0.6541235951197492,-2.834299960323819,-0.19564919265209468,1.4547947979914797,-0.3842602471428419,-0.3123914103654415,-0.8700524662409308,0.5239807775441833,-1.1256262861112107,0.2716836418594675,-0.7541911559054583,0.9474075899594764,1.414054749557778,1.1614098898566083,-2.1549503004421204,1.191445537567589,1.5016658064724924,-1.0974109155678051,-0.41699766949737344,-0.9707566178867252,-0.07323439167633247,-0.8324266186858006,-1.408599668764509
-0.3224593216358306,-0.8243182775513856,-1.1504930018144555,-1.934290923819402,1.934533096749279,0.7913674634065107,0.1820955554839374,-1.1076028323505427,-0.5142394325406336,-1.3478746532646795,0.42745005658570384,0.5314049036341848,1.4261118599151934,-0.7036132747348062,0.15741577608939425,1.3258498173005164,0.37573908491089747,-1.0955600260067395,-2.1750937997426885,0.6806110435349272,-0.30665898082791926,0.051845313361881855,0.9622507303572492,-0.27871096447365434,1.9279241791163364,-0.9366924820470474,-0.28017945585307746,0.12206333946741053,0.8348019241711822,0.7406984372396972,-0.40587428147069154,-1.3874577526428493,0.6455892154695423,1.0918382754886493,0.8953512032325632,1.3078598585084336,1.6047812656459015,1.236121236179854,-0.3920710264576158,1.5179908190217253,0.24480889631225006,0.6633480593748329,0.21498652908638602,-1.3294683064950716,1.2079133794038124,0.6271361778458322,0.16082212288112965,-2.285132181050596,-0.4589780445713394,0.3461588140321333
-0.3799274299571845,-1.267776963565846,-0.5239001884396023,-0.937449706590943,-0.20973662993176106,0.7195491077245287,-0.8317022580840977,-1.551865495831128,-1.183785835185695,0.2953741449746127,-0.6304992674545281,-0.9148464981794812,0.019585912890937456,1.0526679514081816,0.8908149112517864,0.31055740264209164,-1.3055275386330634,0.389812704302205,0.4633827980660687,-0.5584333724760835,1.9323732072515047,-0.6312026768959571,0.25952827740334056,-0.1267641832910493,-0.21013071383844265,-0.0748738117108527,-0.07873388026449533,0.016804231685681528,0.11354127236999875,-1.415377937412848,1.819835358112186,-0.3642575626705651,-0.21623955831666036,-2.0916737799016585,0.003475268210385855,0.427379736310897,0.49561612518540404,-0.14595548096695216,0.9539367102156935,-0.5969763365958893,1.6747459227106862,-1.3976207486467394,-0.2451951112201761,-0.5009168687324109,-0.019012302283319744,0.21627008881622137,1.2183967711105324,-0.5063271780754252,0.47700347558632133,-0.5773051924182028
0.280500783484487,0.05533870952105159,-0.39927264317140154,-0.11045611922740294,0.6512968077035637,-0.1399491186518341,0.7599176049402688,0.1477893616459651,0.4153955993830326,-0.13880758686160877,-0.6396118347748339,0.45055400163500187,-1.1836113199697669,-1.0748863229855954,0.05010026416056935,-0.17036697483940424,0.899141613240704,1.0690772830706667,-1.0167644797401245,-0.7914038191749528,-0.01501093953444546,-0.20966271114665885,0.5447361139610513,-2.287118745428629,-1.5054921378387234,0.8716141965493406,0.3853892379558354,0.7678731223041583,0.46539148471315067,-0.535699244025872,1.6349907439003024,0.23313952236585297,0.13797391222732425,-0.21429412311860654,0.25569038300480085,0.4150264456185993,-1.238927954109853,-0.0594535731941616,0.47867121599211926,-0.0064261994676099625,0.7254726752951195,-1.7866198972492409,0.46807828055708245,0.8594054454780424,-1.6504452379127748,-0.1955717611955002,-0.15673369574736573,-0.06934617479829047,0.061454439521800394,-0.2040078877437673
1.5501743031096968,-0.3075204364409041,-1.4039247292720176,1.4301943097383594,-1.7767728881434082,0.9644250556337658,0.5323935828453822,-0.6271281041449934,-0.30082204195245577,-1.8652359206493063,0.009198769799875488,-0.3938602674014672,-0.5758910059196288,-0.4143418112497672,-0.6994990076758794,-1.639878337475546,-0.38020436927759904,-0.6449063491634788,-0.0971876119584429,-1.4465183860961934,1.0113061912060723,-0.01690060430916408,-1.2828550618620855,-0.48124696590828114,-0.5506130065161771,-0.9020619982790604,2.2927141451791355,-1.0224692928058101,1.7206005116645193,0.8188634050065559,-0.12286844390555383,0.48031481747967236,-0.38737248479466646,-0.9685651023153113,-2.2438754682336572,-0.8087019182482619,-0.2915677682722058,-1.7059486995569861,-0.3707355165398637,-0.9480567231069363,-0.10032704012839362,0.3355179079335523,-0.22068736418123175,0.07449170083268565,-0.6246260394283702,0.9745778257179973,-1.1581076524170824,-1.1638159294793822,0.8856879812665702,0.25037095591083686
1.7315048138595432,-1.4091126248433374,-2.0343409125620404,0.04303069507510674,-1.5244488362738102,0.7997867275265089,-0.6156901791866811,-0.4583201086913452,-1.0103806581635577,-1.6330043162059287,-0.11336640030656701,0.24668486569469775,-1.3636610000545837,0.6463861781143784,-0.10642207515496578,-0.7065576212502174,-1.4251961097691923,-1.6324544041835172,-0.13243227583327738,-1.0502410531014268,0.768117397070535,0.2277491780581455,-1.127701120316299,0.8411057384392943,0.2949312230822714,-1.0860479259127496,-0.253892220872577,-1.7631832066692408,0.8448853324695221,0.5135299841732861,0.5877693998770542,0.6774507428085244,0.7228812992553161,-0.844890995150812,-0.806238040993841,-1.7569138409314677,2.0837663345000883,-2.0097554415370995,0.23257108914865043,0.1567512274888271,0.381327668147601,-0.6642084959440437,-1.1664485225999912,1.3409248552048454,-0.3318508691796292,0.8725189698863294,0.47539210512770347,-0.545968184070373,0.3039353939676924,0.3446568886483798
1.1496394446863636,1.033708433411327,0.722767427023819,-0.32899489218836103,-0.9520143860906599,-0.3626151987749486,-0.23680443063401724,2.1298592789358954,1.4052523980659086,-0.9275762588492936,0.46090358690067657,0.64185585544725,0.004270539957111612,0.7939593659493602,-0.4011703727855401,-0.43251207307934936,-0.943383560660426,-0.6626736237447891,-0.8439981158731417,0.3313633920116563,-0.06987510277034177,1.1811948223531368,1.108006951962688,1.5818443582586288,0.6824944640141123,0.151027819779392,-1.5662282833696433,0.06649663630482987,-1.5071822566372408,-0.13537377673039955,-0.012927363508074613,0.24384061620754968,-1.0797529050680357,1.4614554968823839,0.14430230848229286,-0.5736783447573298,-0.08009330699217705,0.14434843043226508,0.3333033858578291,-0.544569663946254,0.15171806625293097,-0.6552433174658561,1.5308672211358445,-0.6849613786598339,0.4106300677486266,-0.7564305025682537,-0.07514843423861432,-1.1986070491429368,-0.32894194235222807,-0.5511307875549665
-0.7473162362772514,1.4165524021753018,-0.3256102372555764,0.6061179817900364,0.05349482713587727,-0.12704484884976486,-0.4000655094443276,0.27791510789525714,1.4164235110813765,1.0646057233301451,0.4639463337178973,-0.6225358020913526,0.6454063019511751,-1.0624531540682858,1.9493214595119364,-0.5385527889686614,-0.034467849193861054,0.3803797557895228,1.1657365804229842,0.08279630769400259,0.46205712894213613,0.7281251937853608,-0.3895589185760013,1.0498371582731636,-0.5761792317870706,0.6527743505158572,-0.24738636584160192,1.0010283426257083,-0.6005872257310347,0.8875815986809306,-0.8590559341598066,0.6419697011714086,2.0116602626221582,1.2444150310103481,1.2186170160183165,-0.330332802445928,-0.6829831019573676,0.913384446958087,-1.1353908455703399,0.07156581433035768,-1.1823552608976835,1.0871837535207107,0.07309726781999597,0.573068255496355,0.5691781243155744,-1.3948401586725934,-0.15598495218170824,0.5230334388099015,-0.6308727687292237,0.23257596269355046
-0.879732634179169,-0.33192860011367953,-0.1969680412614614,-0.29992432203605024,0.660906879575205,0.5053589562985279,0.0047357011499813565,0.41480179622039093,-0.12489144593181395,-0.28256615623029435,0.3388218502452546,1.5324215115985147,0.23445654535997035,2.3156953185154396,-0.03360042366433895,1.3099364132186608,-0.17451902941866915,-0.03054988540523674,1.6082993652306241,0.32411880470770504,0.9537093018083639,1.4028116719025114,0.6351041517370148,1.202171576734287,-0.5199570442459565,-0.5343889825326075,-1.4086343285222476,0.3990489674534828,-1.5512319135962476,-0.7910808320693118,0.2643586876222089,-0.4914050925060613,-0.8813901047811109,1.1845055846150438,0.24561366180662575,0.6814922956522705,-1.5781536576775768,1.1809281988169915,0.3514645567962842,-0.25597671371776015,1.3277923598823662,-1.9495364070276122,0.9662896362994123,-0.30939094951647267,-0.7788846128670864,0.8819126175993133,0.5806698489447699,-0.19874311925300114,0.15867241935036697,0.08220629084387224
1.9740702663468224,-0.5971641697970663,-0.27212928184251756,2.1540764132625485,-1.2113604637516102,-0.5164219593703497,-1.0118682704529811,0.8592785394918894,-0.38300308125917304,-1.1842751616368141,-1.8151770541469132,-0.0828157995909841,1.0972354261051414,0.15395981537683265,-0.6582240798877451,-1.33934546346618,1.562883145501533,-2.0901081865997493,-0.498817831803487,-3.268169962550258,-0.3251133757341334,-0.1503423594348144,-1.3025000574244674,0.7423045396211128,1.8360435788254534,0.14172263471649554,-0.12408998107322038,-1.4162024560018587,-0.3551476602220786,0.7747732651009852,1.8795163827300805,1.533239991001002,-1.6944058363575136,0.958778445262516,-1.0621279127341927,-0.09809109617993578,-0.9775638015945475,-1.6753237902086284,-2.294735935822585,-0.6830193301265765,2.6757746560871976,-1.0059618519133628,-0.21336599650718954,-2.154847866887339,-2.1328042152089504,0.08777092300621836,-0.06646262589860398,-0.5098496010110548,1.944398027968221,0.8214877980115972
2.1025874146219996,-0.07848271880431618,-0.5913478843003043,0.29562157972979847,-0.6482135301869308,-0.2665104435823899,0.4690360614587103,0.911375161655525,0.22321896179838727,-1.9782102803691273,-0.5781387274604454,-0.8481977640142494,0.17897503916203092,0.7324789506069757,-1.5024479407440134,-1.9480833672590148,0.600736354832916,0.02617520573865315,-1.4218717443329063,-0.17965707496638275,0.4446928268557325,-0.16648531215925597,0.5597044284829987,0.4635758860454414,-1.0343013854849665,0.06904205210462212,0.27695590636763645,-0.564728175737166,0.6696425381395922,0.8869960846639501,-0.48485034740698624,0.46186682423462294,-1.6274276906404674,0.4966200820490116,0.04909939230463163,-0.5868954670567526,0.66382827159265,-0.6832653909897941,-0.9058723045961709,-1.3421345952738089,0.21738472411120083,-0.7565716770914751,0.956848298170011,-1.2358183446417457,-0.3268869588145683,-0.3310056537858422,-0.5021384379090953,-0.7027336860962794,-0.3254613290435876,-0.6580995510470713
-0.05110439550474414,-0.19112019704736133,-1.6270490180913557,0.5468927554329749,-0.9343844824866607,-0.5662063399415099,-0.2213489436940274,1.7340685482206233,0.5135764827446936,0.4206735132168261,0.8285271008099494,-0.17003636225408358,-0.5595839203300916,-0.760282598118151,-2.14345760041276,-0.12267226086418555,-0.48884154021013615,-0.04331801972044487,-1.2752436513480137,-0.49395822915284054,0.5881530838437355,0.41224270768405336,-0.21645131215245278,-0.7815411574720977,-0.1804509841450246,0.20504783839239177,1.2211935032548196,-0.392649168862163,1.6727623388465698,0.6391779594524308,0.4246046700002985,1.1340765268962532,0.1170091399325273,0.7338594519320111,-0.3132446013668342,0.8233889856628412,-0.9089447530679152,0.15474655948137056,-1.550119035108667,0.33998573045938457,-0.8815441300736309,-0.1260102026261403,0.5355204756913731,0.10023100155795966,0.7569486729541394,0.35212604733294206,-0.8591691527574571,-0.5799446193806544,-0.8035962154457391,0.6384861067244155
-1.525851714221771,-0.6789267339518567,-1.5005115848273247,-1.1845843650023886,1.4418077675994583,0.740459398064219,0.5813687078570852,-1.5657551933252862,-0.8812653752488989,0.4779626579377245,-0.5742611579627557,-1.7287430054544435,0.5125423869471968,0.2543090882099377,0.3760321469901265,0.9038198423896642,1.479490995807329,0.31803160080537024,-1.9001402809679175,0.058346327710852304,0.9520873093301077,-0.5180004345474998,1.1359098690843343,-2.190137985831135,2.0891667902115394,0.1564819674298229,0.6732960254076534,0.18998098490628534,1.5591510585876225,-1.1602462006649377,0.8161150046851147,-1.8553509307607687,-0.5836707870380857,-2.1197964419061837,0.26474284705034884,1.6951024969272874,0.5935836855927192,1.0095064277104893,0.2351849452637715,-0.6053091092848144,-0.5672858390244584,-1.0287500120621935,-0.23426641520061808,-1.4547898515869278,-0.9203859527854027,0.21069620908166636,0.9818489872472599,-0.09977628292726266,0.49123424894368733,-1.188231615331236
1.2125811547064849,-0.10489697205129524,-0.7575307609740463,-0.23171422816020512,0.12037227830405814,-1.2903961913450757,-0.950882463843574,-1.216495985424541,-0.25269436794049555,-0.9476068487488787,0.6628832456751853,0.15216855960120043,-1.5036541573361388,0.6671269764946153,0.28044330009495133,0.6434742472933922,-1.1796743387132957,-0.4848471012229252,1.744743042502116,-0.4513468792280014,0.45995622215345305,0.298854511229921,-0.6654129499378283,-1.9538463280477363,-0.8018228078691301,0.4602163147481817,-0.9673673823658903,-0.34398445544092565,-1.118424406148807,1.5889233581829978,-0.14843986702847067,-0.10690189915296175,0.06669563469027212,0.2795344785772646,-0.24336000893223667,-0.6194503498847528,0.403801875989943,-0.9291572255073746,-1.470159908620601,0.2774583203044043,0.5999633625065928,0.17147227622650904,-0.9612990298430608,0.028199745808809927,0.4869992751235167,-0.2435390969380786,0.5735684352466505,-1.115336368352403,1.746341910456069,0.6208146897891595
0.3051289513600654,0.5281866295530367,-0.3123600979584015,-1.3311737181702876,1.4356232581828403,-0.7365418045689872,-0.41493764804741207,0.7340145496653354,0.6991175024146942,-1.4536958878713035,0.7326896043612388,0.5067472124662699,0.2675248448590282,0.7308998915871543,-0.3575367240640863,0.9870180975070177,1.268615982090322,-1.3917636604122336,-1.6058197818291593,1.321440381809944,-0.8220480402860034,0.8135324268825533,1.3474312496783891,-0.6511926868851384,0.22023341783890876,0.44488758907134235,-0.2058983949220532,-0.20715864154816485,0.21687276398829305,1.1395804840654924,-0.7581574583476445,-1.0047358050299264,-0.0770059270352773,1.409692493910421,-0.05624786965309634,1.5023339977611812,0.3144190115334795,1.5043355793643531,-0.8855878212273631,-0.07764902535540084,-0.13362039417129645,0.3020387936790809,1.2705293957282449,0.49145380810971884,1.287021488994124,-0.6825272965140582,0.20191619830551197,-1.909915776402886,0.5043523902211121,-0.5080952740993313
0.18115377247074912,0.997711855767904,-1.1713063394346157,-0.9060883754086347,-0.10116070757431853,0.0357041240821216,0.25608974242017674,0.45196180520037094,-0.04938712266319433,0.3250555643691282,-0.5823013316799533,-0.3985589344621665,-2.108270271372146,-0.811223428082532,-1.5903100116028868,1.3051367769519548,-0.15114506144001935,0.6019068712657408,-0.07271231663908397,-0.9955826248292732,-0.14343375539974268,-0.08014220185506139,-0.0929892890829786,2.0466070053729983,-1.5017467071229926,0.21820924535736477,-1.7714725479387563,0.819764031315023,0.3944081028073308,-0.5942045225950129,0.48864065769783793,0.13542240786544169,-1.264148227629752,1.4195690942823176,0.9854760485285946,0.6779558034233675,0.45158869809770474,-0.0218834829752528,-0.26916276251802285,-1.2619138092793674,1.7465986203888895,0.4947612026146321,-0.024218660790670175,-1.2222209766882104,-1.1038381128643975,0.26895952295078146,1.9252832025977893,0.7020692512929354,1.4244096506313733,-0.13859404978879977
-0.0518479681983579,1.0210191096232373,-0.6265276157087227,-0.5719274371974905,0.07977917373843843,-0.08218046702261904,0.039764642529481455,-0.03780596483847703,0.15340377871286187,-0.42139681813681323,-0.2953481986232086,-0.8908578496243426,-0.5180486368717566,-0.36837213621973247,-1.0489881043876126,1.1209314681214393,-0.7998733899764575,-0.03422596642294411,0.7324292086552446,-0.26719121229353426,-0.2100853943912303,-0.8775087931194969,0.6266721243213745,-0.7304948383083177,-0.26150680373179835,-0.19987216093385343,-0.6880209209070498,0.589513038944712,0.030540888580443095,1.2679746425123029,0.30744103716588267,-0.16201600305072705,-0.787711041145341,0.4134104690561938,-0.35954268471826,0.18850836674385427,-0.04562751232514095,0.23762173135472928,-0.7128095963891935,0.44696284356693294,-0.06395021769522213,0.511765163126699,1.0862390823834327,-0.381724572867183,0.22542097150026558,0.2769727906296838,0.9781574451702092,0.34357012147142524,0.02420232473557423,-0.4861476426415328
0.41216020018168037,0.06470960478137085,-0.09856000021103006,0.3795107810977149,0.03758043459526935,-0.9460349598142451,-1.4833807785310484,-0.48823248776931766,0.13883032296186756,-0.32852344067034134,1.9217613495394466,2.2263681690125225,-0.02732508715813927,0.5555061337224508,-0.824113970449775,-0.7097701214938993,-1.1030967137071899,-0.30023674508778925,0.35264255263294897,0.9701872599451122,-0.5712291209547915,1.1408618303363482,-1.5742566564130085,-0.11009185037796956,-0.838507908945999,0.6153855961547251,-0.3622105922151363,-1.9455859543781433,0.19065211816249325,0.4865612064480264,0.03324051359163986,0.243112112543824,0.2752631299032224,0.966458584982177,-0.21130711441840322,-0.41490306075836214,1.804331624893835,0.20080235738430477,-0.3288023910807111,2.2406701272689764,0.32608271007416567,0.13101503840690815,-0.3455478351474535,-0.6537731669489001,2.2460165698884507,-1.1012429260437184,-0.5969157958215459,-0.853572600832739,0.10258642568140508,1.322430625732666
0.5746602092766461,0.641287041472914,0.5421765071642832,-0.8706588628886667,1.4361418204894054,-1.429525810881041,-0.5069894825118528,0.8121450471597511,1.0678768924706008,0.27099759062593104,-0.6463363928599493,-0.4100786663804054,-0.2153127905288677,0.14334821730643757,0.5755342444688935,0.5743928378090015,1.4325511741449632,-0.7527361806086593,-0.9289211282000236,-0.329811113595831,0.40258201389791554,0.10867382192835251,0.7922368272313464,0.6807050895530783,0.3036899957171437,1.5942054320958896,0.2464164055174515,0.1754258364275956,0.9292921748199329,0.22689585689607975,-0.2304979576317322,0.13284939582651317,-0.0948337991628794,0.22613713602499064,1.767272430617289,0.39117646461919947,0.6191638633360066,-0.11872139719678254,-0.7538908927245317,-1.1563578996651596,0.9479406745141686,-0.39763527457753955,-0.005257180276838086,0.9594472470682459,-0.6553674348241634,-1.0809011127273132,0.7750120550378763,0.030806919508921764,0.38693637840235245,-0.2475124106699775
1.0592879240441155,-0.4842188493767019,0.7602488697480189,1.0407783182221286,-0.6038381310564097,0.838256371365811,0.1410492586219144,-0.3621809830058277,-1.9576849660503979,0.061497651769011195,0.42805111976018956,-0.41103480909235796,0.8693898998357756,-0.8341694328169083,-1.2133272451617043,-1.784656760008816,0.5901759931514662,-1.0288641783111168,-0.8384598606004474,-0.9394582801835563,0.6790065207744527,0.4948713397114462,-1.4536026287501287,0.6504159384501292,1.629657166726461,-1.1997979781716026,0.2876839669407021,-1.424179978180736,-0.1448251685518651,0.6240677182722075,0.016424203998726284,0.2868920714378301,-1.083776746562753,1.0071214224583718,-1.7940707707213839,-0.5765777642740259,-0.4294515069652494,-0.9249209225774401,-0.43513282395053576,-1.2164129644915824,-0.5941495605909918,0.5387720709262108,0.27693558144503144,0.47147882512029704,-0.09581951371680968,1.191673487277567,-0.8909956647360078,0.5330959292071556,-0.648285255489938,0.8885047198751408
-0.23181552414930204,-0.7176584184491205,1.467751695757474,0.8258563102464344,-0.10431062317571112,0.8148462365746277,0.6556804202788254,0.08867735027302828,-1.0649129357747373,-0.09969589507266317,-1.212604640253212,-1.238876569038377,0.0493893980652048,-0.01412494860828603,-1.4362486488936386,-0.03338359779229466,0.46698062515287514,1.82594896555527,1.8401214420043843,-0.39373093148571403,0.9663340986267581,-1.338713122185245,0.9820482834511775,-0.41413866879971234,-2.3334176367860406,-0.48815229337746757,-0.26742739866959586,-0.5146331315355059,-0.39552914871856304,0.13517562073743458,2.168422882285702,0.07882516112816224,-1.447920435742289,-1.043373906458109,-0.7129917270766096,0.04273536847133551,-1.09157585423161,0.4201755842084279,-0.16277893979857933,-1.1147566622045084,0.4013411443148266,-1.5700531577745744,-0.08829006592568824,0.020309084567515272,-1.2225273098132765,0.27318751625478516,-0.7703662107376499,-0.5869344268834699,-1.1401302296301328,-0.21208839795402631
-0.22344454770135888,-1.0813428165720138,1.1864785645188867,1.4872332673875175,-0.47979812852440434,-0.18725148073848144,-1.4215752344806205,-0.7905698651105135,-0.39865404250522063,-0.26105098422852546,-0.0321478431624521,0.21213272799163851,1.0659234929883397,1.8902189073803108,0.1752656603841953,0.012239659188470267,1.1168026324198865,-0.33776296985667736,-0.4467279214538259,-0.16098536103049582,0.6784999672144948,-0.6456135595335724,-0.8645713209348779,-0.3048697787175071,0.2470369114777488,0.587678616771868,1.6033431658674104,-1.5756808855250555,1.6569276847272216,-0.012933114791306044,0.5486574853472773,1.0670227771508924,-0.9649342297518759,-0.8924317691009717,0.3665312906433893,1.2375326290513269,-0.11952867707697036,0.40355531849568715,-0.9495606142893548,1.5262005392762938,-0.3389237476703887,-1.9237106779215791,-0.6181765714300914,-0.6633831394549626,-0.09704990700856611,-0.19403176431219593,-1.6136795027345756,0.6542643043161767,-1.0074720728573072,0.9205725430994185
0.505454986492173,-0.7628290226522199,1.6791657143563687,1.450263447242094,-0.8536248573388673,-0.3837095205740444,-0.7570203994066174,-1.02998500741719,-0.5856634876229894,-0.13697349255561989,-0.17963204003606914,0.34963892712483635,-0.021133151671321553,-0.026774279202265404,1.6050781239307634,-1.9829310816080967,0.8841085019585901,-2.561623417161694,-2.1618763395976432,-1.8171227442793798,-0.1814707885149035,-0.5046821615063817,-2.3978355139899965,-0.5913900510680685,2.578552688818706,0.2286172119547429,0.3880834043324475,-0.9522917748672637,0.26958213890880434,0.002758382010279155,-0.80800394121719,0.6544695732039926,1.1915924275431085,0.13088800651141902,-0.1790419804614997,-0.2996164716414425,-0.0004412580469503984,-1.6028536166955554,-0.9569903941852865,1.6893113841353007,-0.22645702108104895,0.13728787635437825,-0.8355870827881184,0.6745485171650654,0.2990143000855132,0.4706030667125582,-0.7290965567951938,0.20397007471475395,0.06881955807150428,0.8252382828662317
0.19342904339844297,0.5319809033838222,-0.6889491127459539,-1.3135711888037085,0.6774629315563216,-0.7487256392330267,-1.5334286842272729,0.48139004556411324,0.5510763187560757,-0.11446967557923837,-0.08493955935499098,-0.9217583325965452,0.9350168803169481,0.6807389189425795,1.2116385642265346,-0.08371407678632861,1.300401705000072,-0.9378326426307438,-1.7732312705807753,-0.4939276199714512,0.23433616009017427,-0.1295099065308501,0.31815386521938455,1.1012643148993349,1.610486632953913,0.8424689985727539,-1.8477884685390717,-0.1977965353046538,-1.2447002618402498,0.021885788984460707,-0.8336967062431008,-1.0813256517382472,0.5732777216628687,0.39230619535514466,1.67336580882797,-0.2200898615196799,0.8981653186691666,0.2137054225809448,0.06053245714290149,-1.2026571580965304,-0.5054207527474277,-0.44871607281676,1.24140543235046,0.9188764547950493,-1.4602981531596477,-0.8032864138268718,1.5736846666119262,1.1042469120342444,0.038003423318142555,-1.1625261865306284
0.23842017453127107,2.0022573452122514,-2.110901203691703,-1.7032050273890116,0.6458206843704628,-1.4248799119687194,-0.6770011180015996,1.4810349806700607,1.857711444020336,-0.0073246500829103715,1.5151976810630874,0.8153197118755807,0.3362564284178521,0.01730084510822057,-0.32430624794077484,0.2682382000551083,-1.602161102219304,-0.4199174640016406,0.1502539750598414,2.163460388865374,-0.23133437465595685,1.2147927890470522,0.6360564985391174,-0.5696676413277469,-0.3562805090466102,1.4738095744970185,-0.7353312405784642,-0.4305901174624461,-1.126357897449789,-0.7107059880422871,-2.101499122778398,-0.9310568907522758,0.7742204534555959,1.167551196454868,1.7208682410540832,-1.3067827215985615,1.3852093242868604,0.5380116942036945,0.552834112285237,0.3146387622740066,-1.1238496469982473,0.9849993723714885,1.476257192573644,0.4864650239056895,1.9737355125476552,-1.2935834664145405,-0.08992548103411072,-1.001687168543036,-0.5597733552842208,-0.1635366064099043
0.8872916537468134,0.3244110384471349,0.08654036000905363,0.2885877289586918,-0.6739713920655857,-0.8795870350761051,-1.6555718983921854,0.6751875172673953,0.7962208019088678,0.9124201101722025,0.5684698552483577,0.42117683126791317,0.030431554693937993,1.3441032660232446,1.2343878201416152,-1.1713519763296014,-0.43193995203811625,0.15299911905860972,0.6308564573435584,-0.697352949974265,-0.370900484570257,0.6190285260597179,-1.3706615265603532,1.5688513077419473,-0.6075156434358541,0.8228079943836846,0.025763599803409924,-1.8293742862275602,-0.82580300484925,-0.5730248389502107,0.9411507724755299,0.33916330250560134,1.364009401609404,-0.37945494388945133,1.1611271190528516,-1.5929445727605884,1.5869588103016699,-0.8402388212843149,0.47304819934693365,-0.24239986075772488,-0.18648756954375398,-0.6530399436896437,0.2122549735581574,0.08234414312119141,-0.29879041775984666,-0.9729421767625834,-0.4059908349833438,-0.5595327353932068,-1.0927466474998022,-0.12248721706864062
0.6085206069727458,0.03491671776065981,0.37830687878650965,0.1007457576373108,0.6265618935945296,-0.6186017742095046,-1.7026977386932416,-0.32454334293494586,-0.15502152051643792,-1.5084791257446575,2.3756567926026797,1.2121507279482082,0.7088780008538581,1.3802751919975365,-0.2359292602721495,0.7352076491119973,0.6344191294775587,-1.675555807790765,0.23588925479567624,-0.3718522964344747,0.2000070412962872,2.261265922307682,-0.3204813489552456,-0.37959446850924605,0.5598337445601324,0.6940017151574159,-0.6846426349598199,-1.075589137609815,-0.15383453067859906,0.6430029678066638,0.6718076586026849,-0.4858021243726783,0.18557293023837965,0.2033859192472012,0.07786599354645536,0.8691510132700581,-1.0931581879643595,0.15061398020364125,-1.4783513805491846,-0.4736997789954188,0.49364261046166624,-1.20045199230493,-0.605751915834892,-0.01064720367116306,0.632474103815056,-0.6944975656073801,0.2706577161627219,-1.8272409080193621,-0.0779306239585923,0.22220234094963331
0.34620809903195976,0.6767635937079226,0.9244414582714421,0.7029386044199073,0.8257161411113042,-0.32097861976510167,-0.09718825719873535,-0.055059701410857385,-0.07125690961028186,0.13378274939081264,0.3473639485073213,-0.36333981989377856,-1.1857471126934225,0.5425231424288888,-0.7052729773075708,-0.4356876194693103,1.7444340816784722,0.15753688197224677,-1.5505352442877316,-0.7078161613687199,1.2435433481262705,0.6496587852969549,-0.12133350965219993,0.32186180312307355,-0.013589187667149864,-0.010205067492450768,-1.5168424459146475,0.6729334952894529,0.4250754772712226,0.35497233270858575,-0.8029570133912711,0.9327918434826925,-0.49151239369970307,1.2317726376274705,-1.0028396634490238,0.5735212240093611,-2.0482043635176526,-0.1723558911349884,-1.1800608516201105,-0.7799459058531318,0.5260468778693026,1.3149264978851325,-0.04213397355028148,-0.5692509247466366,-0.9323605372832446,0.12521173396066526,1.2735929889144026,1.9441273980017078,1.8248432148608391,1.410608313266567
-0.5645509587126625,-0.07097238082073916,-1.3112077398180204,0.21820171101781835,-1.2421779856506432,0.8344465609947674,0.9762038911671082,-0.5725598017386152,0.2824624095176404,0.9180085953989221,-0.1477443028948669,0.39530300086834624,-1.2254585924245651,-0.7347821018520259,-0.10105800432329333,0.7453841751308151,-0.7275081617189035,1.3217506543129405,0.7414733617781446,-0.2906259915232173,-0.5389906966555221,-0.07338164164924597,-0.007930309044555236,0.7484421262283748,-0.7301464453390187,-0.23965318308939457,0.8179970144259834,1.6528685100376794,1.092302205237757,-0.38177918297517144,-0.5622288273335023,0.10987280493523337,-0.41659638890327044,-0.4632044203440847,-0.8306278336977663,0.1942725546386217,1.1379067101954785,-0.8180790522346034,-0.02467103350072483,0.5340040322010946,1.4646012733852312,0.0931215473252571,-1.2967786708880198,1.3161521386262163,-0.6292588297189632,0.8580661387273758,0.024095510028602996,0.8245517877110545,1.0707081586885823,-0.9291349452677948
1.1684238611782292,0.25576525004130213,-0.3435077297876972,1.0444033815760947,-1.30383116758051,-0.3778102128079968,-0.16988315714795627,0.09879558342254162,-1.0994797225474549,0.137864877481964,-0.49845710297946155,-0.09668705875487103,-0.7234538950706113,-0.0851442307187351,-1.831200620706001,-0.6003009469573425,-0.9227554670768067,0.0570483799807411,0.4061995104001283,-0.16618521298240974,-1.5066311787127284,1.050201741891058,-1.5998120723961506,1.0332224130353627,0.07844733361802149,-0.21115184669528897,-0.6468156938146314,-1.2042815346228395,0.23240348620412193,0.8143895317680114,-0.7616603829652621,1.3524472577566906,-0.5035711833053086,1.2735008065501314,-0.3411367266034294,-0.9958641500637466,0.7247714141526356,-0.731008839923938,-0.686729453185088,0.5251912795992996,0.2250132925031701,0.9318777891171659,-0.18912000374493126,-1.6287217051777345,0.4885417688616082,0.4019854903030757,0.3622205211871444,-0.575465184000961,1.235365217511311,0.9627536788239278
-0.21766356965043268,0.23775913050678874,0.23763409337161923,-0.6696861948765578,0.10336326305240831,0.16554031880253547,-3.1425124660396664,-2.0734395987997964,-0.8660470256437143,-0.484675300083439,1.309062348147842,1.1200617847334884,0.11264254429967088,2.119881590595737,1.9319120484783012,0.21133374850832665,-0.4768696214259832,-2.3909108619925363,-0.3093463263705874,-0.6308680311344407,0.3071007059610567,1.381545701345098,-0.211799462358418,0.06583535944397731,0.8475466517182852,-0.007962260065047794,0.40845355109403697,-1.30825118337011,-0.04059311243568898,0.6940796179789629,-0.10827405993795305,-0.19294706456744795,1.7098239660505958,-2.3506597462975236,0.4007254553537093,-0.7744114588383298,1.0344993676019003,-0.6402056851810639,-1.4332801341267678,0.4053205752163969,-0.03766746664986007,-0.28658879963728345,-0.7430500496958488,-0.5358417474714714,0.3075445071851318,-0.16015370934849318,0.2141611720241696,-0.6268645354130424,-0.30002417167768425,-0.1776467659941871
-0.9121546308207633,-1.077770644212155,0.7843804336058418,0.9301415385541569,0.2857338175490923,0.4443202963565564,-0.6940158308534783,-1.626888745712036,-1.432192645047846,0.5620256070194886,1.578949926540592,0.8906974701197984,-0.5334065329770349,0.6505918272182066,-0.4667076965673299,-1.2518810035535801,0.7356415709614512,0.20795800360082864,-1.0353842472412447,0.4498819600320799,0.2667882698501683,1.1413982657703408,-0.681308337530726,1.4062302735929302,-0.20293610011260632,-0.9192942320313833,1.4294688998686946,-0.8653889527678664,1.7960532367116984,0.8983475424120827,-0.42732826745724245,0.5521105504936498,1.1794142342966958,-0.4849645009209205,-1.7027159196461867,0.3740105223668091,-1.5911377885208355,0.4413388032141425,-0.3504591487480359,0.31753843316641833,-0.8393429327754596,0.569669637861925,-1.5607116773064147,1.2674481556405535,1.2308790382068582,0.5684882921132727,-0.6194595573046209,-0.21409946876740263,-0.7282024004796145,1.234396228753262
0.8735522150377029,1.1989051081519533,-0.13582729199846263,0.502134701026623,0.08787408228019622,-1.139673758575409,-1.5769326551836518,-1.0293547035576962,-1.129317128112692,-0.6584921760227916,-0.651269717980845,-0.054555385110714824,-0.46920263622280495,0.4915586588773536,0.18140497117465915,0.0710040954206464,-0.17623194796519687,0.06421600740405309,0.9671037552650595,-1.009816727389996,0.49312439134674024,-0.9602551653683714,-0.917694704986868,-0.19111033367728286,-0.3281429107926537,0.44600848474183513,-0.9377165530865966,-1.464853601447681,-0.7729323110000234,1.5317556100099035,-0.2444204875737705,0.16517999956619822,0.12840919968809336,0.712386781489339,-0.5299718971781586,0.24385406048396654,0.19199796103482836,-0.39459808193510765,-1.6707085309210679,-0.9263105091962526,2.328326492049338,0.7682177037603293,-0.3720759576731551,0.024208972105578874,-0.4980793490224185,-0.15965168722323958,0.3978050597375185,-0.1028094135505598,1.4467824189698242,-0.3566548207308768
-3.7895773285850605,0.03652379440168177,1.0910732562736107,-2.1666423329734754,2.72598941156583,0.9652506634392054,1.5899138261612347,-0.8989015479057656,0.10152302628914042,1.528540156307976,-0.9302576156649922,0.2033681403115881,0.23049584719590555,-1.7430947658999243,1.827086138045493,3.3475855523362155,2.095108488995173,0.974292009675323,-0.4249179520368543,1.4048530884368255,1.8303977719146907,-0.6978260821922795,2.738290667868085,0.7542783470500193,1.4133748053647979,-0.7433264538138988,-1.69373732343134,2.1584093710149515,-1.1242211125456023,-0.12711130880303095,0.6158972552211872,-2.083895995687255,-0.1844791849847619,-0.49265257625241243,-0.15670902132785322,2.9418952222271697,-0.3175051712475094,2.364031559855287,0.6141331622445275,-1.239725684247317,2.140444088633148,0.6558694036918368,1.068932947257713,1.31189317579221,-0.45523359546183073,0.5310916802478256,2.654911547726351,1.1491446376239565,1.572666520535025,-0.9419568504785534
0.9020800043424803,-0.8802612239280345,0.3573390313467477,1.3585804644790784,-1.4019196110071348,-0.10509069825272137,-0.6469027070698894,-1.0703691071972956,-1.6186794502254107,-0.0779775575543872,0.46018532139281365,0.5113348428052058,-0.24016044056678884,0.4810866351818703,-0.9280792107491678,-1.395044971759565,-0.3487228193004186,0.5202995523804406,0.17729736939840213,0.07766890269794652,-0.36239689276362813,0.5330523375602885,-2.4457736173515645,0.9287944154659052,-1.9520536959554577,-0.38604326714196974,1.718722667468938,-1.7571023505363557,1.843028488060687,-0.20790726723659797,-0.2844764811823347,1.3587917985508888,0.64418615744215,-1.3052792283301677,0.21994560295126814,-0.8638036564836098,0.2499471836859589,-1.6260999101846443,0.3065651990708809,0.5782974535139819,-0.14739871541495594,0.9184079070977996,-1.3645735667603591,2.014131045941871,0.2522782575565684,1.3405144412429104,-0.7956281838082169,-0.6955446019570197,-0.9390008512544417,1.3927674426376513
1.1716553798516955,0.29605473621938155,-0.3427955281314326,-0.13781746000693676,-0.22852069862346205,-0.6026606764774778,-0.497167624375453,0.4955578768538569,0.5021255139847765,-0.8139710050634041,-0.581083656557288,1.0460836060767698,0.3099089872010064,0.5596788592560156,-1.0743911942507902,-0.6282653037460365,-0.18303231929422278,-1.3138649385429655,-0.9341115266324566,-0.5733129546479486,-0.8355563503147171,-0.4983020729594688,0.8172165176977898,-1.2927797051396632,-0.3442664393015817,0.22698776092709527,0.6549745504183746,-0.38252260203638994,0.9749231955349541,0.7786670397976339,0.6285747082569837,0.3563416583110026,-0.199363293023665,0.9583236449233584,0.8446352742809368,0.06395732015805912,0.33742768039860443,-0.03170439331593012,-1.4822208920261555,1.2216618370160832,0.43568148794171874,-0.4121885991538356,0.12982412160996384,-0.8140145817154057,-0.21365216671524667,0.1679210711757306,-0.7990031122373593,-0.4826621125109494,-0.8188377963709115,-1.0124707729993725
-0.02994757417031336,0.8644876254513362,0.9241747585987756,-0.7407839641231989,0.31872313746142494,0.04362718635517123,-0.45858012866771913,-0.30705262116431814,-0.7754343036275662,-0.08403090005963396,-0.30656075102692754,0.612888546713847,0.8892268848261479,0.14656514422142516,0.49846693983000545,-0.05742970937633901,0.059080985344032964,-0.3312765461080618,0.1581209512915168,0.04552574759448728,-0.9753080846728557,-0.5017045267384205,-0.20212324757364936,-1.18056816916193,1.3422932572544275,0.029519266752914303,-0.18510957245103737,-0.649893018849262,-0.09790087891448027,-0.15972397413467934,-0.08621109993064334,-1.2586125522126603,-0.19640899711998103,-0.22668504791495456,0.053891235885735446,0.37731882467628225,1.2912258371260434,-0.05993552109375878,-0.7341561699973215,1.6650505206067856,1.5379530339959036,0.7040487057203731,0.07423977933076739,-0.21945637187573352,0.6602736683795548,0.5952786012965694,-0.059333996462644145,-0.3733157236377424,0.6427865418546412,-0.9777666517401709
0.2281351980464313,-0.3213765730907644,0.31000412550650414,-0.5984235669735543,0.7574751211448832,0.3313915913900153,-0.06805885215272815,-0.07265273416258987,-1.0143326279441138,-1.9818866950532787,0.8979554088092123,-0.2950587742317932,-0.15623148568456294,0.005230502840812376,-0.7417661520042186,-0.1853134613101288,-0.42497611041207833,-0.32378592672162054,0.3351058296337238,0.6935610886298631,0.5582965593107847,1.5386590347763565,1.1923028055700355,0.4952428213960189,0.027276086745344645,-1.6733494571852507,-1.3383804467066742,-0.2435401683253832,-1.6684937377141118,1.0958483040884996,0.030970506053703446,-0.42487556968961776,0.17337521131341463,-0.01659939234899882,-0.6153703978844143,-0.4941382081993324,0.08262911963831401,0.849076943264024,-1.7128898024050137,-0.31107647235218266,-1.1501310451461773,1.1352522649706112,0.7147400897082078,-0.9007912463749758,0.8056050950267141,1.056004092484636,0.2837162400644515,-0.3893238597352251,-0.38413466966337506,-0.143506623160762
-0.6510304771481885,0.16137094826229395,0.027623530389877096,-0.4342206655073263,0.535726612051949,-0.5705706642470996,-0.6212640664769546,0.4892320086172426,0.7904546806133916,0.1850523946363018,-1.0797372363569433,-1.5311813921946293,1.2637158101639345,1.6707916350319443,0.8535159505362117,0.6182490137618818,-0.33685213349754434,0.41598615691499835,1.9023425039523014,-0.2530805353448198,0.28248707696861897,-0.5737966623446598,1.5528680455231814,-0.3667985905989584,-1.8618883990340944,1.2532535456154017,0.7830991878692982,1.1261718776925351,-0.5833734076335352,-0.5530603282832829,1.8054188710191148,-0.2612192594814269,0.5672331612700162,-0.6292669683545674,1.5523361840764123,-0.7937217257598083,1.0024852753134452,0.602013438679491,-0.20283095894663306,-0.49303836754346153,-0.2987024648900013,-2.0575069848241556,0.18214872679092498,-0.15761147375636575,-1.057421358621452,-0.7672426835067238,-0.7141607226844537,0.1950646538587153,-1.7404003221409337,-1.2824335200994337
-0.9152167664435897,-0.21846121071934452,-0.21499237852867564,0.91219822593145,-0.2971197449341458,0.6033557769460108,0.1771632933775227,0.10693436248421428,-0.09972643840051736,0.7343847088946518,-1.2067151042690103,-0.8988201428963116,0.20533401412993063,1.3027941766897078,-0.2418977584392841,-0.29688450128164323,1.242546583858777,0.5949906483320089,-0.35008057350495986,0.4158123293966374,-0.3717375929766951,-2.4798710798309926,-0.4090169971314074,-1.4019677133966004,-0.4953740639298712,-0.12889751280726047,0.057183954576534454,-0.2844427320904094,0.47778421184449177,-0.4117291497804072,0.4596139300407027,0.46736525866399314,0.06880781856164876,0.15871922020977902,0.5828415225668826,0.1835269626621172,-0.09685970265628471,0.6274970980388523,0.3194461055173439,-0.46082367530139745,-0.7356925742341675,-0.28160410256534124,-0.4308286278490648,-0.21761882979380115,-1.7721629416093574,0.0488950212410893,-0.2072342783155492,1.580910737413496,-0.6024232850665224,1.0426097221615689
1.4050459296766877,-1.5004663981812614,0.10286513816354285,1.3227722635669046,-0.6603589821653487,-1.5437326769856328,-0.7485270849605197,-0.2737873016445072,0.2358405766551537,-1.3290226608091615,-0.7463439077987456,-0.8241235994095053,-1.1348515320014476,-0.4459599357024889,0.5166102479738114,-0.32500393150899415,1.1124458980466139,-1.3898190738782656,-0.12948761116667384,-0.6510353677963253,0.14504542595704636,-1.3039294467875975,-1.0248197491447821,-0.8041358875853108,0.7798273365745472,0.4578975572270458,0.46720130291800877,-0.30275325569880274,0.5901326382581067,1.008935304610351,-1.0971959098093809,1.050601155097647,0.31605126359957125,0.5255040403633254,-1.4111020363974855,-0.023908178272140312,-0.5092645639257948,-1.1582606318096107,-0.8536922017024373,-1.9948189587876073,0.5568834822911576,0.16895807445854943,-1.5811662599847869,-1.4319082756794974,-0.8750917016819386,-0.0969401376714919,-0.7743898487331985,-0.30236104035191086,1.8269230331897657,0.8976409697091913
0.45008676405437686,-0.7464600528373506,-2.392904640117781,0.19136230509178268,-1.1724998675837333,-0.7131386370119907,0.1275066684972352,-1.7681182517931866,-0.31098082579794345,-0.9304211496683474,-0.09336428952842007,1.7280605376371312,-0.813938179605709,1.7613759999247838,0.10411981428424749,-0.866563829209029,-0.23820664637713432,-1.8089307979661884,-1.7431949460024998,-3.1603992731078216,-1.6218690680065182,-0.7422265723073741,-1.3989545459818,-1.1111095205583885,1.0240050264444194,-0.11135788157107751,1.1127263348914487,0.22482614049611557,2.1296066554483333,0.7897599454378914,2.0548533783840988,0.04727572327337495,-0.24587335134967378,-2.2247534058431384,0.27855611407777814,0.20567583524572114,0.7072958370149645,-2.31726724102655,-0.2642623768879277,1.6797971952776583,1.6092576724518646,-0.7872443514328099,-1.6632513486140896,-0.25336098865340806,0.9153459659141252,0.5817170691399352,0.4747430085586581,0.46420882936517527,0.761830927784631,0.2927867980556472
-0.2116889288458454,-1.578621454490295,0.37420221051487706,-1.0667116432382264,0.7805548181686685,0.5331029045942434,-0.2047004821906751,-0.626657246997337,-0.47819419408319197,0.36910949914685387,-0.5705226845533956,1.6575700696160929,-2.1637466784082235,1.1332466350089916,-0.5225156695843985,1.7560329706409261,0.4360527698633803,0.30017663455205496,-0.9327765532121771,-0.6011368752249453,-0.26196135827382766,-0.03450530689270964,-0.7629513283989148,1.830813345649603,0.3582466024119044,-0.9250727765627387,-0.5657010884437653,-0.5758439550416888,1.7223322889125927,0.8674957615021,2.6079520155544174,-0.33705527606960295,-2.0620533488783797,-0.14947408021661313,-0.369440370488532,2.0535274436874293,0.3943423531735104,0.369614548436176,1.1007711886771325,0.13169036757008784,3.237019121395899,-2.7642916775138664,-1.0873687880386196,-0.3007244007196596,-0.7941162028437633,0.8796801049227558,1.9167249621639435,-0.13335369631608943,2.5914947211375314,1.055708250225728
-0.7319583881560532,0.05954093005771836,-1.71037422950815,-0.05902954803520754,0.9007778997075907,-1.211434667496009,-1.1802742521307352,-0.10744054928636547,0.7293058350083095,-1.3829566773194695,0.3990788246853581,0.9887466979638505,-0.5096170395401981,-0.07068021702479314,1.9072253257774827,0.7681960694915665,1.0738434661375962,-1.2309789706282648,-0.3053521395349388,-2.418644167990444,0.3143810213666848,0.7893296259822911,0.22654868221994148,1.219246117167242,0.7877535109575142,0.38192568281905026,-0.46621560493309255,0.23116560154940294,-0.0325444744525229,1.3339784553652971,2.2068333151707247,0.004847106922498123,0.010304093817052863,-0.8181394698540795,0.49532661418259727,1.3293892059363337,-1.1758945980279982,-0.3795391419380988,-1.7621616118369998,0.0591133651684363,1.868609629178358,-2.012617445508031,0.09993108998384383,0.8403501511551892,-1.1588441639154865,-1.155270267270156,1.2299278812493604,0.398587770870017,1.4069490866389822,-0.7500305838079917
0.2606430240787567,-0.6542716489024056,0.14924616546286423,0.44725777853008764,-1.3823179591334722,-0.20880291420569128,0.5491114873393736,-1.096930087258542,-1.27797202560436,-1.0124913594274545,0.47203083744026186,0.07902757643034085,0.19154246464074567,0.14573026855794322,-1.058204462864269,-0.15007488439003056,-0.8965158419467167,1.3594963434891127,0.43376899372622973,-0.337689929849226,0.08168968982800857,0.26435002378288414,0.24379182004486064,-0.21175424020216457,-0.7534986284791512,-0.7219626066404429,0.7381518154155515,0.7037645292376633,0.28326126345321256,-0.3704524507440261,-0.179249812414089,0.9300592634928299,-0.4686629090267771,0.401656582548144,-1.0142323581564603,-0.30159035777913834,0.3719337531399878,-0.8381942382204022,0.6045674609545516,-0.2806480730305628,0.25708754894936364,0.040207053706664206,-0.8375803842332437,-0.3886150721053667,0.46046234483282383,1.0230331721122372,-0.7853829145377239,-0.9310792968831872,0.2768005609645328,-0.31542383868419593
-0.41329135514735604,-0.9512599422343806,-1.3391050527955635,0.24780312435092736,-0.8860584099027727,1.506616983446641,0.4067750281726354,-1.71590250945713,-1.123112671739631,0.2780742757607907,-0.7091706417417816,-1.4520141498159262,1.477190413879988,0.1881232829654892,0.7001511792654487,-1.0507473258551556,0.15861879117073505,0.2552320694206153,-0.759544486992207,-0.991173942362851,0.1428100774975797,1.1054994498615354,-0.0485813212058913,0.8200324401210958,0.07204042032941775,-0.6565251807478141,2.305077943736207,1.0296497838974195,0.6484702561992725,-1.1928541523559193,0.9595827297809358,-0.652099236703937,1.426997989055698,-2.2328400902131516,0.09402784705939692,-0.8390211318683556,0.0969896669277374,-0.8079579630917881,0.9155246516080968,-0.9968699389739596,-0.9523518983472969,0.4788719989706112,-0.22159046107066988,0.06937982235704387,-0.3784905848838261,0.5541419506131087,-1.0632521367061096,0.19668849684639544,-1.6570300978753774,-0.7541143412190017
1.387005382989885,-0.025629070218530052,0.6685599125142213,0.4277458739084506,-0.9137642003974813,-1.565486857594517,-1.2822191950569042,-0.21987679081978667,0.472032774879749,-1.7692044918555114,1.3836161268673663,0.9662728851299964,-1.1248938108275315,1.1284134599206965,0.17014128823229377,-0.7373443543360403,-1.5781245363224488,-1.271419186263283,0.9034675914796884,-0.05174560790646264,0.24904331485258416,0.4564919193474043,-0.3696570151688544,-0.3176705459587204,-0.27010784913219166,0.6638893946939093,-0.7411934091509959,0.18575622289136046,-1.1212426329573637,0.6128084758261583,0.5675203280743233,0.07507997100337632,0.19065359765012288,0.8388377817226101,-0.047286045353925284,-1.2116513886488234,0.848370246180046,-0.48534337815593176,0.3189203270717405,-0.3232383572806278,0.545449277009889,-0.07555812560465325,0.06112175210923443,0.16879315502762038,0.904593705287172,-0.19540796332848986,0.17506112567389293,-0.288460003494589,1.2218138971814907,-1.0330024773306434
-0.4732628499867501,-0.3174480178648448,0.2367262648066605,-0.43842843909578993,0.4513810886149708,0.2060500986422532,-0.4899113624425648,-0.3448496772527813,-0.7557669743066499,0.12120824578094894,2.094597229579922,2.246374922920449,-1.526609388837409,0.4445367113017178,0.14648581305142494,1.336122632841788,-1.3071047540173732,-0.9319614152537398,0.18587725285822482,0.8048242137188797,-0.8576163159490647,1.579969656599062,0.7776859902538908,-0.03851476504676313,0.6912715747982358,-0.45517772523648653,0.46181770546890927,-0.09232257032912823,0.19089884463869125,1.4861972969656254,-0.10536246346001808,-0.2443794191974439,-0.024593519235219654,0.07080722570516965,-1.0998597933469425,1.3277577383922596,-1.04625128496172,0.407846459619465,-2.1317761830661768,1.3757571802347266,1.1200125567657608,0.2163505251228875,1.0868781860269934,0.5245314852852349,2.8214175173734035,0.33139377352746696,0.29246901801856673,-1.8740672130615474,1.0772991912891356,-0.4095403473195624
0.03400749389311833,0.1066693876450043,-0.846979143468257,1.316329196083848,-1.3931106040840333,-1.7062054266904476,0.24674118915151821,0.021142512284156548,0.2312794110787357,0.04196245336403129,-0.934125551406952,-1.5760440783207388,0.2647472195354315,-1.157721944249012,-0.20637483947158222,-1.116607760399979,-0.4250255171126688,0.45433644743350765,0.14770834304289918,-1.4836265513151639,0.5462803263741476,-0.7243494071604891,-2.232620829573447,1.126171074394148,-0.0829805785821181,0.30452377796089897,0.246174242524737,-0.3748996183052183,1.017962711899654,0.5300534944246837,-0.8875356314219449,1.1585141624453874,-1.1705140427104936,-0.0409646060201934,-0.7654518930652274,-1.0187197629290112,-0.4849588715545859,-1.4719786789929548,-1.4536727418049435,-0.6324808517206634,-0.939054743180922,-0.14594465421719852,-0.13259436096878227,-1.72056277470516,-0.9286556408876974,-0.2594566698113052,0.40499166013659577,1.829795395803588,0.767939069050247,0.3753230501671163
0.5003570973673814,-0.8718475091050781,0.19817077490287519,1.7880716028137198,-1.3267866185678006,-0.8489186087563501,-1.2740031654893762,0.11653060392885263,-0.4017461434566347,0.6455429315404129,0.750891362984144,-0.2469855548183784,0.3467783858465163,0.44424979619990995,0.8254326286573711,-0.3858371291738916,0.7550063481644758,-2.0707090142657294,0.5501125309745106,-0.662383457504181,-0.3179725573396141,0.8478013789821401,-1.6314369521021521,0.15039034267318857,2.6693809832314854,-0.09215164858224657,-0.5060759553817973,-0.9484484297702848,-0.43995489961375334,-0.25077698069366083,-0.2211366193690707,1.1026432019444148,1.0390024100215212,-0.04144248110500598,-0.7769392246675482,0.19916584687360897,-0.9168816646664192,-0.7268707182055854,0.5493034786660458,-0.657344784945371,-0.5778330968658897,-0.001975547467361629,-1.3067133961503932,2.596977108173103,-1.144495722241041,0.1283380743671152,-0.17407193881802965,-0.11567012966510898,0.18342035760313624,0.44711037420468636
-0.6598770905631886,0.660992748382416,0.9361851321923415,0.06409060826122868,0.3772677111666252,-0.752994987951649,0.14637752010736566,-1.6426587627210834,-0.596822255832026,-0.3599811621528149,0.8555823054066686,-0.10666914009906217,-1.2356209443236987,0.5197033929145002,1.1113046421844843,0.8095772505533605,-1.0488263194412812,-0.6003356889878242,0.5019279889770532,0.6735443296933376,-0.3980412935853418,0.8518188731142639,-0.07763808104978978,-1.748240971739987,-0.37377869254875373,0.48366175907848036,0.24214530495709136,0.6316119435260449,0.33226791704449704,0.1689605186627499,-0.7524885011503685,-0.48076150229221226,1.3093070949219798,-0.39284047401668104,-0.09752843103597542,0.2680107055610996,-0.602819284700924,0.2653384275102281,0.055458429523890324,0.40362284380386326,-0.11514092485235787,1.0154223433306224,-0.639541953516059,0.07773865670243842,1.0393293811756472,0.3644545018291885,-1.262165356658382,-0.5653220109014988,-0.32779808702473245,-0.2715164621024214
-1.1726191673139115,0.6342903060866653,-0.6270458636670599,-0.16727987997614893,0.9517288828795221,-0.5226782443267588,-0.17989339042267827,-0.2870738652784583,-0.15851208113099582,0.6217785773001054,2.6681199133768807,2.730934101602365,-1.262657484070134,-0.8262272992343591,0.6044854304981792,1.5548828288211864,-0.34624512365018106,0.7783873401624797,0.918077264538456,0.8943304378152788,-1.5459674313719929,1.4509786646465053,1.3204379961442048,0.2349281740500339,-0.7923844731699144,0.329913234296054,-0.3939895301110246,-0.26693014456151665,-0.20446283027584228,1.4196641421185683,0.14003547454185145,0.11306557526168129,-0.836591064866884,0.387824821964157,-0.5560503353718871,1.8994345028608763,-3.1066594050517167,1.2507322494816864,-1.6311688327946654,1.6461105254609247,0.8074206408465838,-0.01726930502943951,-0.20866818027261108,-1.2598937561656687,1.7692887028401019,-0.14685971673013384,1.1538554415942601,-0.4741697974576905,2.096158269535649,0.3875767788292305
-0.653440551610594,0.4264547253589433,0.2180778380899875,-0.33273978049929337,0.6987453865781496,-0.021399731403633413,-0.41852229111817085,0.10909419273660681,-0.2274227365327227,0.4643667554613736,0.7840822388115009,0.5549309285753058,-0.8585690207777951,0.14416267181320397,-1.028520744393531,1.4646239367706002,-1.1872818915345866,0.5338336853361126,2.8819095434545,1.457849525234953,0.46294488720867927,0.9115096973424894,0.15728690737296544,-0.931782002798619,-1.416083087117122,-0.2741544637957188,-0.44503481842896736,-1.1442542665313502,-1.1720561048113498,0.22414896630626582,0.18385256652484747,-0.5830149827092338,-0.49371920352691245,-0.5194194568324358,-0.0717971351365125,0.5469082342478176,-1.3770356091748142,0.9006066437540976,0.024147776680471997,-0.7227362975602677,0.8777615482897816,0.05825222777209489,0.5138635739839105,-1.6183186316554983,1.2879017640946966,-0.41093944893266304,-0.01875944279045098,-1.1549739309716165,-0.35228134875574163,0.5354776860968329
-2.226908636149318,-0.6107822577828534,-0.05660602181282562,-2.153627441459911,1.8611657871906275,0.43876804030174693,2.3414864100110107,0.7221257548064701,-0.28047444132055005,1.5461553733591626,-1.36498963841142,-0.09549445664152723,-0.5589928027037643,-0.6994200620076321,-1.326710513157652,2.9904559855208106,-0.7549229150851797,3.743301630742742,1.5191714768499576,1.128587222304946,-1.476233649967923,-1.6116768262675034,1.4744811103446476,-0.28451563662032325,-1.771109303050239,-0.6588115038186878,-1.6528178907443196,1.3766958582016322,-1.1007293569874872,-0.8364504427821208,1.569005010975119,-1.3024228568226826,-1.4410234232479908,1.665907193484936,1.0376868352957165,1.6067425970974716,1.181224099469589,3.0328219644287686,0.03664553269352557,1.7632493989863096,0.36298620835855144,-1.3352639251186262,0.856433600962415,-1.7119325974165827,-0.43849954026811616,1.1498138546231431,1.2936184986699077,0.7245701408896886,-0.2846796613848689,-0.37783961816573264
-1.1152857040734763,-1.0729991945713435,0.168753471046685,0.20100649046979505,-0.5833820255060833,-0.5464572000204055,0.25175343904788966,-1.2764094089620244,-1.1974460893958585,-0.1989400050786699,-1.5362975161951253,-0.08857594096248536,1.5866556657355884,-0.9700453337685503,1.1000919851937991,0.7006467209757126,0.5050139215348564,-1.3717933606873922,-0.5089309307228974,-0.9351793297891887,0.2544869284628089,-1.2232019902970568,0.46919053536830907,-0.28741622933740996,1.2669192050210591,-0.30081837803886297,1.0128072285475538,0.5130616124651011,1.1939387795122234,0.051025736439312436,-0.05190674849258952,-0.43039538511633985,-0.3055405147382719,-1.496241073125159,0.1194735248599256,0.7136235285869037,-0.5771406006943093,-0.17210166424747564,-0.7062927165775359,-0.054766788036452276,0.29393602129996144,0.1734350361946061,-1.0879769302547229,0.5311544270190699,-2.235146577201632,0.7838265697079895,0.5613614062475828,1.0987489643272625,0.1614416055903335,-0.46832523184349606
-0.9192516564450699,0.6220303619137495,0.16580564658429722,-0.6547467341850672,0.45143745924844975,-0.7201814603192416,0.3748233905860616,0.3201158457781122,0.6226646693708371,2.534217561527841,-0.7852798961854064,-0.9926739901661288,-0.6774269608690235,-0.2219909266636274,-0.10602440575968057,0.688956391254418,0.7302926505934603,1.0157725851603543,-0.7291380536239845,-0.43475561887689856,0.19917407080728183,-0.632384772919476,-2.037994196096606,-1.4823284756300616,0.27815460676880654,1.1211048590189974,-1.6738148829552162,0.5708422076688061,0.20924384750085415,-2.317013474285831,-0.7808968590537626,0.3300764875375391,-0.6122717944561573,0.8511730102183084,1.5379539050704631,0.5349475036525811,0.2568565770821039,0.056604353938904374,0.6399693420467152,-1.567994752242598,-0.5165248863527919,-0.5893299586088753,-0.28937791213462216,0.55550360240214,-2.1112718069914536,-0.8683473066858107,1.8758628638439387,2.4561831366916445,1.1043731495715985,0.4373710402485857
-1.2088308052434371,0.6564276642056343,-0.7946264473274477,-1.1108569415856178,0.8433913672544252,0.3918207506815605,1.3966350544979917,1.2644925273824181,0.3852144116969635,0.44260332716521955,-1.965057995229678,-1.0451701512090965,-0.9277395660612124,-0.7114555449097133,-0.3115847580577377,0.517812227373468,0.07000077532017579,0.6549479260487725,-0.24444661619873811,1.006409853371189,-0.10380837766667003,-0.9306785059141708,2.00616442380334,2.4459447911928107,-1.2873629336846073,-0.6972942568171051,-0.783123452634899,1.998001137028565,-1.3215447681389603,0.17348562493940012,-0.4184135138723712,-1.535167670954389,-0.544696792429822,0.054086964415481754,-0.6880518507881216,-0.10427850627248239,0.8809213334653246,1.261699331421613,0.009998762348279957,0.580537743010122,-0.1426906293368041,0.1997786796798251,2.5753337238205556,0.806475504489048,-0.6239283447428137,0.22369677824929196,1.1244242961267035,0.4369628911236338,0.46459542805612253,-0.35409690148575995
-0.42067098524502095,-2.435113290841341,0.94622173552815,0.5276298049643192,-0.6140227944226047,0.9116363179075732,-0.1742193482912468,-0.4150006881865596,-0.7039097434523863,0.39760630878677305,0.5285976296408679,0.28668186355121716,-0.9428507664067378,1.3199163765907336,-0.5602628095575006,-0.21152592769469442,-0.835461972679368,0.6696583131156222,0.4896396636418676,-0.21101312534528444,-1.4278194762905245,1.1593188995873722,-0.6159955403305105,1.9135252173550603,-1.1218912175638536,-1.2765838763814963,0.1892100530883824,0.008945295377254102,0.3055331825871043,-0.3369514449716139,1.5696772978638245,0.8472920368850015,-1.287691082100609,-0.06392823004836333,-1.0063070043964801,0.20109768675629017,-1.931369585900604,-0.05716697115425666,0.4313311680984902,1.0954187906000101,-0.25113281437493584,-2.9757951916901337,0.3939461159539308,0.1614522567909103,-0.09131481978195659,1.3885723665537584,-0.35209024057564303,-0.7512166974893028,-0.4743668716042325,1.2416191861711727
-0.6491072328304237,0.24597909322103584,0.8823920435094674,-0.9923250564918206,1.5155287907212105,-0.22805254919160003,0.335906236060814,0.2974327671524541,1.0930401451259366,1.0473414462220625,-1.1325662818177051,-0.4316792388553261,-0.49088703100683745,0.4741676909300791,0.7482553139125442,2.2010552994071744,0.5592401364496015,0.38347230124476955,1.5383141152990887,-0.5628791916582138,1.7950459431425088,-0.770406536471348,0.014413576289935387,-0.6605791475838746,0.5041196653907899,-0.19468888684543767,-1.4495403812684682,0.17669396743945456,-0.8783488356142137,-0.30167235524091446,0.8787530080050419,-0.39670788172625976,0.19176236477577926,0.22113498602433349,0.7843524421887395,1.7474473682989722,0.4603807755591295,1.0672967871959083,-0.316813242146425,-0.5488724043097336,1.984377711078275,-0.8689750737293517,0.45597514533426103,-0.4896653578363458,-1.182124698227098,-0.276916033748418,1.578075947053168,1.1784111639589168,0.4801482059066962,1.3312581681184565
0.7396628037084162,-1.061241925337835,-1.4626328570329494,-0.27530106846935554,0.8512498008390643,-0.2992746566146625,0.45111246460998466,-0.5031263231881731,-1.350208287492239,-1.7155574398433904,-0.019048622661669148,1.1816879349146834,-0.7246611771791639,-0.546362763244874,0.1385242537592723,-0.3472605049967242,0.8339617049179159,-0.9053136803472686,-0.4112336135460313,-1.1858875890964733,-1.213359607431237,-0.7563400176124101,-0.7811794165017025,-0.13801143858107692,1.1256048520440394,-1.4261134942387093,0.48630216397095477,-0.801262446178392,-0.11936816930409898,2.068101527244535,0.29835637475009624,-0.22494173631047268,-0.669812947131776,-0.12473769242291359,-1.8479303905689068,0.1468525875142581,0.22374648046816356,-0.573502811890388,-1.4082202790294769,-0.33018768317255603,1.359369324426599,0.12228773917180627,0.6436759506988551,-0.2767797424654522,0.21523818407538042,0.835163115024049,-0.6301665051818638,-2.4544303409302763,0.7315381851400077,1.9333310705866429
-2.016480917206229,0.36224284689694125,-1.5618430822599336,-2.5218150161271295,1.983272213834391,-0.512765421221958,-0.03692648146347738,1.3386457878290783,0.6160745590512298,1.7591158694275868,-0.7764596184049612,-0.5575166581907194,0.5520372972882768,0.9255774275903937,0.7311532878462128,2.4858493824218555,0.9347927487834139,0.5457301136000937,-1.1517986184398838,1.290449284924518,-0.10830176296652362,-0.41635639358025944,1.2211520348931952,0.45921848752156913,0.9415061822789295,0.9069212219967508,-1.4037999089420736,0.133942951020554,-0.5776291232758075,-0.36947221772583133,0.4119907822264866,-2.2833845079077406,1.4175233909397904,-0.018139013385312285,1.8447010955588992,1.9063455849423379,-0.15466663240713135,2.3376462231543447,-0.8316549235517692,0.9279951993825026,0.8523420632361101,-0.22180052413339701,1.4037843092414823,0.7947829760075197,-0.7214725828737202,-0.96279455189095,1.754897491786193,0.7737021384924628,-0.5048240698011006,-1.3241212619180656
-0.7254801703262154,1.518775265085269,0.7749657546683911,-0.9414271374486455,1.2448513118100297,-1.6678755180802562,-0.8792242523094145,1.0914898397325736,1.7326131500324886,0.47720951921861493,-1.1442011801904217,0.11293017955430103,-0.30988820265123734,1.8872376171569558,0.9672166422633984,0.03894848439145359,0.25028865859030247,0.1919015549606153,0.5514867180500304,0.018302330677381785,-3.061635330841587,-1.3089724349008498,1.139956105772105,-2.5730694808315087,-0.8321493274837705,1.9924982179290747,-0.48946707259691963,0.29364282196894165,-1.7927601851919237,0.2599175909793288,-0.22003484105036647,-0.850009834340272,0.07763387167524545,-0.11034081514547195,1.3735252432345983,-1.2905860011584105,2.3793041335197636,0.5072711863711789,-1.0160256828839473,2.0694261744534326,0.5171300627517582,-1.1811791162395298,2.6117979107482743,-0.17115245629719322,-0.7085587856284808,-1.7539209654607661,-0.33513563038212824,0.870953279497424,-0.3133798575600409,-0.9871958980888582
0.145690526893091,-0.1685155426432313,0.047282924115177705,-0.2272331722193509,0.23909124111481375,0.46917721818708386,-0.08231358099299828,0.6691234948795436,0.13312231566560923,-0.9159592911243915,2.6345413516154395,0.9020004987257886,0.05785687335959992,-0.9511544952887989,-0.4701202323389383,0.3548797921835948,-1.0881361478467244,0.3918982539091981,0.48428396220003467,1.0203175261953936,-1.1810304737041284,1.7622187538693173,0.4657392937441157,-0.7863020936480605,-1.193533539226916,-0.40295113284517736,0.4397086195629839,-0.8255634507819096,-0.4380816426342447,0.4838888815613802,0.122101490503079,-0.058105370918310806,0.04783293351596767,0.7450564314085708,-0.5962839073131149,-0.12577802869919655,-1.563056036686888,0.6832608151198882,-1.6785756415773134,0.2570121422835142,-1.0128909233858279,-0.21683825962861297,-0.07226235879327529,0.08023905901591974,2.5019502570497236,0.11041611050446466,-1.8920181056052607,-1.3794612624836773,-1.4599084702036094,0.10107917351827772
-1.0450369583021362,-0.2845941780471661,0.43624820599353015,2.210143809466913,-1.704379556664735,0.062225077367561256,-0.7263777364440959,-0.8553274318229583,-0.4830173985918588,0.8630720046905587,-1.3788431110256076,-0.6501100523449168,1.1533786313788457,1.6317985333491827,0.7298204680746191,-1.128522980425604,0.5006606316127474,0.6568383665995662,0.691564366384502,-1.3676524991975298,-1.1719598514767822,-1.3562543126063413,-0.8751213420385034,1.4755881612098538,-0.5354483008532075,0.7628035456943488,1.0862704558095204,-0.4358373512257529,-0.3576164158489679,-0.1543700634790719,1.6397630873997233,2.0247556342213318,-0.9521713542025593,-1.7529879687594605,0.18720907762097133,0.004235107720030461,-0.1946379519485164,-0.5383082088748863,-0.5060377851227293,-0.26106699507663933,1.1722846113622436,-1.5666774025385477,-0.2646063307756748,0.38838816614505856,-1.7928886753029765,-0.4312351991609891,-1.1625355090437826,0.479564481043875,-0.3919031734522215,0.7188390335973835
-0.1970329444604989,0.7550093904193877,0.39919654887534234,0.5683541674907585,0.8750381169380451,0.2242237683563187,0.8872515344163914,1.1302750984734222,0.7138399729271001,0.6292455568240864,0.24096826164508545,0.03667908216999327,1.0716444172803592,-0.16545842980032488,1.1429225656881112,-0.15665528184419675,1.4811111662225904,-1.0421654049703502,-0.725859986076488,-0.11604451569474857,0.23289113847279458,0.3065329940864102,0.7725599117362795,-0.5915276383964211,2.3204987869328186,0.4451630846760438,-0.28193597357516226,1.2528395333463245,-0.9268610966935198,-1.3460843978208352,0.4487251621676228,-0.7098783388702936,1.2826826874934067,1.6823401964624143,-0.8093035880429812,0.6440080636246618,-1.8625127269308437,0.9273642571577733,0.5458068039642946,0.1939461649027246,-1.2237738804959353,0.4618071006047087,0.22604722401957178,-0.030073367715998868,0.3953280480416458,-0.5236316374416882,-1.499355359201869,-0.18355998498475468,-1.026456046427883,-0.5764256409687653
0.3941200899088848,1.5094861201886582,1.0268624379959694,0.28536993692072987,-1.322302213896902,-0.8653095475584663,-0.6206972909856103,-0.18506115891580896,0.3259766990076665,0.08593316445684837,1.4335235877282086,0.9366751176943818,-0.3625907836933233,-1.0569845060594882,0.47075454025676206,-1.358474926684303,-1.8922143470364206,-0.8190925204153848,0.6175421329044083,0.5699788962412363,-1.874920354447052,1.3845510882821472,-0.7786856803778777,1.4548856048056447,-0.3520041682602688,1.1091962050091457,-0.6006729175431775,0.5629769013976905,-0.6818361840342378,0.09478364422841949,-2.1831853054973593,-0.06154121587475668,1.1147643904505933,0.22960755995704882,0.5039496648486409,-2.0679741431018814,0.5173877911090519,-1.0271604031793677,1.6172476915230278,1.406659863982926,-1.2237926762830464,1.0498985600692958,-0.22629056353650912,1.2258423804965448,1.4754566329946992,-0.28046534764193587,0.08762848607639286,-0.1847211965464849,0.8208418975786659,-1.358007473921372
-0.24372913341188088,-1.147131912135426,0.6425437294082936,0.7705949629903955,-0.18532834851104119,-0.1416114968130108,2.5342130084215415,0.18731572344287623,0.45265716779472226,-0.48166347031623946,-1.6388649656019538,-1.6773616311158213,0.6410787008554019,-1.9436024507176934,1.036683450068698,-0.9204310008590977,1.4353604220732699,2.167777625232204,-0.198396314319919,-1.497861814154533,0.2513361916724191,-1.8087359149854132,1.2052100139045359,-1.4843622566013843,-0.13362156244983645,-1.320146758455283,0.669563304337032,2.4285832731968213,-0.10794709495752704,1.4273731133029384,0.05367006781547173,0.43268277284280027,-1.1762062470178463,-0.5342740159559104,-2.042522758763846,-0.05779559375553027,-1.1415918729634136,0.0650601099776427,-1.7632811753800348,-0.8585768224093723,-0.26385309828287606,-0.759741210837529,0.2865670142872821,-2.289263175780686,-1.3284283150486713,0.9591287197676539,-1.3614236984768255,0.3856392388884648,-0.753025565745811,0.17836647694194552
0.6413470661078181,0.22618542588155113,1.5333505368333438,1.362839241793583,-1.3947985056298633,0.5734943683543824,1.997747450030386,0.12494203215840041,0.6639722092381726,-0.20049184118797456,-2.9903221209013804,-2.1677238851684923,0.5975750846402084,-0.4492142192235208,0.21640557114982872,-1.433019182453503,-0.3848781330435364,1.818639295062289,0.6880272488434724,-1.5243923463713938,-0.005933737052293694,-1.6542631358023707,1.373200374621161,-0.7062747342808753,-0.4740244588089168,0.10628530976297769,-1.1733885680701521,2.399706865094493,-1.316142003498146,0.6686335926191669,-0.34961384694057335,-0.027786573183962167,-1.5882283866907148,0.3164887066098049,-0.05677148090331787,-1.304756721504372,-0.31864360241393885,-0.7727639779318126,-0.8073019706541165,0.013071312378615097,-0.1088140817234345,-1.056990157938757,1.6190890353172214,-1.0949048704544568,-1.4006191682551667,-0.071177379745634,-0.5713624392735545,1.0721236209179357,-0.5543144964295497,-1.0880386439861
0.061901933953068755,0.2487448980618114,-0.7427105922856264,-1.0918225306999694,-0.1882693346065252,0.6409904839056182,0.22968561150287797,0.8573271207969315,0.11359456628820218,1.2010512439033363,-0.3629215970369924,0.6095753288150711,-1.2588850791687283,0.019749402398356944,-0.8907157782324526,0.46232762754790174,-1.1004658764649782,1.182523605842302,-1.0916755010532049,1.8706279008832107,-0.21277281415219762,-0.055240458527257716,0.15360876187662306,0.33739138594284934,-0.619569194551617,-0.2394217169649604,-0.520094360986176,-0.5121211722750258,0.7338359573315077,-0.48568154867514357,-0.775123061294011,-1.0011987868325136,-0.06519774312891165,0.2790435032682252,0.8385447641453141,0.6803720139959502,0.26342516493872287,0.7783818887021592,1.37549117639334,1.1298326300376276,-0.1766171859011055,0.6248165732805097,0.4242044990467377,-1.1969492193751423,0.746499111803701,-0.3180194185033135,0.9677139303269513,0.6205325506919621,-0.1904104213320484,-1.0340771690055213
0.9185351313648595,1.164836322299172,-0.17900101492598938,0.2677140197925479,-0.3467127388794454,-0.677650371009139,0.7782445117425371,0.5446298568432604,0.6205936667906424,0.25952612335741226,0.5798754244689596,-0.5309616131849404,0.1557779650000419,-2.1603938976423454,1.3905262478446065,-0.6483110480832717,-0.6145420189081157,-0.4874208830882165,0.7211290033705735,-0.5482072573630152,-2.7185801694067044,1.3072928303122888,0.033702873734696624,-0.23309848822138515,1.3508126805368241,0.9552865931252694,-0.041495378682668387,0.3476967832732927,-1.5479648501591938,-0.9628317902506762,-1.0757593242706687,0.40184359236246503,2.040831581355287,-0.2912899286458486,0.7045227389742088,-1.3541560515676658,-1.9505964002899125,-1.061920863237778,0.4196341701999436,1.347203463427772,-1.315041110589744,1.8733444527627539,0.7925758131713148,0.4682685614786958,1.065522656131569,-0.2785863429549789,-0.8402631609089499,0.08124154385347783,-0.9139615242174974,-0.541667789421806
-1.4636936489582257,1.523580978665122,0.18534603124365204,-2.0384462280313036,1.6201427072449994,-0.28388106360458465,-0.7043528988693587,0.5775259133249149,1.3251146078447007,0.396852140610926,0.08839102950212264,-1.0468422819652627,-0.4573551610829084,0.8823120755277448,-0.15710687731828774,0.5610115998111047,1.5167598124025312,-0.7936723133101432,-1.3849437802421634,0.10701251104649734,1.5837305871496516,-0.7286115688499971,1.8956085910469922,-0.665712941572693,0.6168746658759888,1.46386719128799,-0.44264342196285045,1.5843563014612474,1.1598238000240058,0.26060239765453147,-0.7940081539032692,-0.8105528263789256,1.1063245595443865,0.517355439486951,1.7533514358941504,0.14153201610007718,0.5717332168922373,0.5008133508107881,-0.7036585964976514,-1.9791417180747213,-0.25306542013275085,0.7814913742790439,0.5907921133504332,0.1553850397249022,-0.6830346622557786,-1.6003931889606728,0.8398335860411572,0.4794688398446869,-0.08409770123746128,-0.8776612824763639
-0.4175704328576363,0.4667175966849414,-0.32419304854732334,-0.29870689552618923,0.8511312569375038,-0.4995242225642353,-0.4410769163149155,0.2604780085125595,-0.18039173200971034,0.4485359043708823,-0.541935127164223,-0.7046889899872693,0.5032562898847699,-0.017725833187423733,0.04861065612821211,0.6657945118554388,0.9882610142164456,-0.3350259670046789,-0.38421590871532646,0.7736762385274979,0.9089767255787782,-1.3458496522849435,0.31917195172624163,0.029340577311517263,1.0404228297399134,0.583516820686695,0.04701392259326555,0.1268701009473936,0.20283054150516885,0.35895248266504115,-1.3891441958099295,-1.5192594709788452,0.6126325423729959,-0.1325836893406652,0.41399351620554337,1.0553639478183379,-0.1211151914429124,0.8663007036516681,-0.2047957229041655,-1.459676348002179,-0.7221596763043979,1.4250524193149854,-0.2836288150915772,-1.1602908360257542,-0.463930746207238,-0.41540267893537164,-0.03751477063347428,-0.18494648826607996,-0.07357230584298903,-0.8327979182287689
0.310187181317635,0.3393125683411495,0.38349370590139725,0.1734664470480219,-0.2990641820666281,-0.5468267433143894,0.3794166816878111,0.18930373049430388,-0.15862169312813898,-0.3803787329247485,0.12309162669300078,0.7788588894544582,0.2804922507942851,1.203607694742046,0.1571322143315214,-0.43343243149992755,-0.3343067472152981,0.05873001245768076,-0.920142298373986,-0.8443578875832275,-1.3167364252724922,-0.5423557679154344,-0.2749647194900656,-0.7768761110034822,0.6353847180604852,0.3496112104463942,1.1244986043242902,0.29689903402681184,1.0085927917273523,-0.1675181877994835,0.02062690208741679,-0.10787534449907953,-0.5074599630230978,-0.11317971774224961,-0.17375398227668756,-0.5277429502165626,-0.188337592530087,-0.5813085712602097,-0.648116782673173,0.8782874164245525,-0.7209311841804217,-0.9923425938997229,-0.18117934007879352,-0.46122493151961363,0.725937013060589,-0.0850655178146528,-0.32274691387665183,-0.5737461473387123,0.46564170816059114,-0.12492525958444022
-0.7668138764606802,1.7154387155806379,-1.4017156631298373,-0.013216693990403159,0.01850182924271336,-0.581627223536724,-0.2216800192499378,0.6914666075399136,1.6287719388567066,1.7285957827578458,-0.5711353256632585,-0.37570061275455663,-0.2587489605151439,-0.1292999766444078,1.0452935440798852,0.132206986296653,-0.02915223665420553,0.9882380941847605,0.7048894391453822,0.603324343103785,1.0447316457239624,0.048368308761161105,-0.533319974693764,0.28127514580256313,-0.9103506515023725,1.3687295832553517,-0.7681160263494383,0.6066405292275534,-0.6444008189409962,-0.23798123926629952,-0.5210227033118342,1.194302280654316,1.0441473062436133,0.19523718498210194,1.3644491932071066,-0.18280793353167565,-0.8418716630599679,0.8338532045545116,0.32158963278490965,-0.5259220672691333,-0.3642114044931306,-0.025077912632644896,1.0072484613285988,0.17100171159933591,-1.3405801332737228,-1.644375727557798,-0.1269872491185133,2.0354923816930746,-0.738693916100736,0.4587706197549396
1.2154057519211263,1.5223038331734398,-0.7649893266524939,-0.31873470052739594,-0.01778693019359879,-1.5941438831712766,-0.8399240141482747,1.1427958735393642,0.8610783973758734,-1.9800225812160728,1.3087342733380452,-0.5759339892152953,2.7123119804439013,0.9496794940723757,1.3878111711046979,-1.2055947622463958,-0.5800125263347192,-1.5685783341721753,-0.8964979301316499,-0.09030265567838824,1.7261501787780678,0.5996881596052044,0.8543652800185824,-0.47384254540905646,1.7860074749842134,1.0280315898605876,-0.21222858767569386,-0.04345619264033477,-1.284962588511652,1.9842097390184827,-0.4368675848658786,-0.34898277819993223,1.583895950090646,0.10204375633075449,1.4602596656453797,-1.3426722006221807,1.5029692675392203,-0.04746397441212397,-0.11458712281340697,-0.20571843462956477,-1.5096374107591415,0.2283529138262748,0.8139405433042186,0.25478720663991505,1.4958650040458592,-1.5407646874048802,-1.2075043132412548,-0.7303541644080261,-1.6612715948993497,-1.4435808842242193
1.4204003982039668,-1.0987527424387875,-1.38584904473853,1.6991836936749893,-2.29889743619391,-0.04001419698660178,0.2933740156503961,-1.6868215072187298,-1.6481622926083996,-1.2315661224251415,-1.0927300573039636,-0.808273660214519,2.434400255094103,0.48081778098308925,-0.54480053922271,-2.0068997786662326,-0.043056072142312614,-0.8555056580628572,-0.9961305824767873,-3.5571634129338148,-0.35690519685950095,-0.7735744650345896,-2.388241218208141,0.3851756677767923,1.0556666288190302,-0.46280612995664017,2.5838194044368934,-0.8454297508177593,1.1805513078652103,0.9792998590167066,1.9526415190136839,1.882134856397766,-0.23193908582176684,-1.32979626516375,-0.1605804696950641,-1.2744054272660081,0.5794085421914817,-2.373796865845429,-1.0918252779872075,-1.2492520349281198,-0.6608488101306482,-1.2830941928466295,-1.0183391687464456,-0.17622976710551874,-0.3483977696497702,0.7711782743939307,-2.417397368481124,-0.38353949179414243,-1.8658184469283263,1.4362009440813768
-0.4352474401296716,1.1762639003211224,-0.2572479706031698,0.37939834808746736,-1.0205471288315138,0.8100280089713298,-0.37768605138136513,0.37845373334032867,1.495245777442357,1.5039299187976807,1.6349704713622542,-0.22660095055375418,0.2782560627335166,-0.8578863731531207,0.8372599945373878,-1.6214444633600027,-0.8564383483890172,1.471451488693707,0.8017409260293645,1.0572816565640042,-0.12750543970400038,1.6713481991704637,-0.9770249623334338,0.5414748218464177,-1.0294151760205208,0.5991633749812335,0.7484540597118516,0.8044953784456527,-0.7897670532095858,-1.2380994825118556,-1.0756176514579054,0.37912910631609836,1.5977676062295691,-0.25015383824944915,0.734868173680688,-2.258364253373804,0.28398356257027374,-0.5537476600590093,1.9314807337643027,-0.3702728704346339,-1.3708909123027087,2.1992990409430018,0.47844309680544206,1.3284267658746456,0.4031526125660389,-1.421584533685172,-0.1770219676956433,1.2465974931180246,-1.2987108691331144,-0.0902426132218787
0.3590683807893125,1.0770097154025593,-0.16158264383412463,-1.6704321039027628,1.2915990277481293,-0.8503006287142626,-0.9541050508456548,1.0403842272799684,0.3450839201153411,-0.06094626743554361,0.26573188434394773,0.35487043722287037,-0.6479271633924335,0.37337530234167227,-1.0000268720418086,0.5960679459115207,0.4086106136757936,-1.786627589474745,-0.2955110137052411,0.572088172630433,-0.6933612976497601,0.5708090404171168,0.10204593768445655,-0.09797090834635291,0.7794734592833743,1.2115814255893622,-1.0053008550905953,-0.5461952643824101,0.22647448528658906,-0.3669265560373269,-1.032114122483588,-1.9346088527843182,1.1424718810638506,0.97626441521067,1.4755046765511473,-0.112222704036796,1.6011560093849044,0.6350311290728681,0.8528006687727865,0.9797119392706954,-0.8661940485414921,2.0701951466349127,0.1318218822921894,-0.12907448535838362,0.346302806676813,-0.697946603200577,1.1793824367979284,0.2718754702041261,0.925963054918135,-0.5490689045377912
1.2302881372893806,1.2027247484171455,0.6465799330990808,0.9936701763075583,-0.791997874331636,-1.8108211880181946,-0.6578420670380175,1.2093658470179265,0.938881973260448,-0.6720327908134142,0.670761763151099,1.3540982896422673,-2.2493990952782106,-0.5729367280495299,-0.0451409449635839,-0.6917931098017899,0.043077300397488076,-0.7794870684262842,0.037500019612935594,-0.09189442566899442,0.2061025271966415,0.7113220930736985,-0.595302265195947,1.4788746501310002,-0.3521350835529927,1.2099781977498785,-0.34985052097733177,-0.2991117197733548,0.06760134580998714,0.9416849492172917,-0.6998510869015809,1.7922027912493894,-0.4164134838066576,0.4778705879889812,0.5429301541419121,-1.0383423810392172,-0.4259406167629921,-1.447178086964765,-0.6022990970980504,1.5127753662206072,0.49329603022425544,-0.014893377314708026,-0.259659856992272,-1.5563941210750019,0.43402747784002227,-1.083751215372359,1.5448350301607767,0.052394579547767224,2.3165384690295054,0.2098064042893723
-0.20811503253232208,0.39160188180849564,0.1628519959517581,-1.2806565788053084,0.3270512811911962,-1.378714523325737,0.5593312284911985,-0.7164884046516432,0.8815864901360916,-0.40778290327435684,-1.6084878227583848,-0.7096351540808673,1.8046811371713036,0.5636428784239882,1.1304619876813158,-0.6080503772724322,-0.41018094633688446,0.2516581308211017,-1.3423597084918617,-0.5936453194834372,-1.4119460019826138,-1.571795654857856,1.7922205609974182,-1.741563566458429,1.1672524811744411,0.18205614435639544,0.6787590188164875,2.5285574678052773,-0.3101055102633321,-0.1550370890388285,-0.014630687392400792,-0.5592356937899949,0.8670435968875055,0.20800742937883043,1.4337957062883586,-0.9895007253829586,1.206148253741432,-0.058015150668279496,0.25989384541479355,-0.09638136736804703,-1.128766899397502,-0.007541527838454031,0.5594178607492026,-0.24265166476126107,-0.31320154250881693,-0.7303011998155869,-0.8215646341853081,-0.08974468991197247,-1.7172582820531872,-0.9580742203641485
0.5887148435258681,1.1730092741382996,0.01122709403757588,-1.127061107807259,1.6162226452489148,-2.0780095872350537,-1.461157040782369,0.8308106801741634,1.3394649035335133,-1.4886589623499382,1.4366914230883905,1.517819777927422,-0.834645358719939,1.0179957834974884,1.3205420311471265,0.3805502316025449,0.9420064094411731,-2.5496984398329183,-1.9314052714904044,0.9806070775346392,-0.8456048176390035,0.831128231385211,1.1746160574711828,-0.333110361518291,1.4280948329156482,1.3179182762452597,-1.4861915589031538,-0.8817059493597744,-1.2977657025765563,0.6647402708225728,-0.6438707293781717,-1.5611480719337627,0.32292375214590846,0.47629894962916447,1.3368503769642173,0.5708412164343369,0.09293220565915432,0.8465205636175175,-1.1391959914104137,1.2259888804387522,0.3185059877347239,0.20261248396031276,1.3677382210265543,0.6287485904816102,0.9493302426848511,-1.1290512454721422,1.3945726722333127,-0.6657940148383361,1.5606385880419356,-0.9229934345643757
-0.09417765453665768,-0.4145574863665958,-1.422591694298619,-0.21543387764963134,0.4833811989117568,0.7333772182268952,-0.6925002111150307,-0.5534582466064509,0.3917784762631784,1.0490136885372225,-0.022677876549329734,-0.6104975413792404,0.7983379857075846,-0.29872733651873623,0.08724583075836159,0.7723120434997125,1.863356751864286,-0.02098170418290064,-0.3623317689837286,1.2549376520441944,0.5547868314324063,-0.5450744402637897,-0.6906155386750331,-1.21900782382924,0.15373799538275215,-0.2217315178673168,-0.2438757314478106,-0.030605380164106785,0.3579941657276771,-1.9523148578162597,-0.032206597425306606,0.5088718006815238,0.9589229226417222,0.9761264809250979,0.03879345162941085,0.9440698530273027,-0.7493343627725194,0.723332906690363,2.6777672400660824,-2.4722222741495483,0.7484320922280011,0.3709722565160146,-0.9222725979468392,0.6920599518734567,-1.1639229465967695,-0.5555197605194666,-0.4949476712215817,2.0144916558027277,-1.0498213602941509,0.5732896750339089
-1.025868170856237,-0.4794660195208735,-0.33210135748254016,-1.1745235605541777,0.011897077886919757,1.7753295133947935,1.1097768200449354,-0.515324434161334,0.09335060200598544,1.9567406292531409,-0.9753038186772913,-0.0731455116376587,-1.898143371512231,-0.5997198660415011,0.30824341735801863,0.748383893959171,-0.7859120131628391,1.3222524460971419,1.0347594397110222,0.7423959378377577,-1.2809466466412578,-0.47853045201320876,0.007736047456825853,0.8815149718870651,-0.9781810788445847,-1.0687649296285266,-0.7003643574627016,1.5377958954075401,-0.7596336444100031,-2.0749770752881007,-0.5256190007350319,-1.1979405957464728,0.14386506294970233,-0.2936621331516571,1.3542145916954333,-0.6135321843921774,2.3861233501336803,0.5929139209722839,0.4317596296122168,0.8987151814145597,-0.0652063193217123,1.3177893600023671,0.08664451956796651,-0.44059527262392834,-0.10790556752783521,0.6386501482932297,2.204095964970783,1.3739158189682696,0.6789674439620671,-0.589208793937694
0.5681851561406775,-0.1550407338711184,0.26777513850617163,0.0547622237702492,0.20952792702941206,0.09779865936655045,-0.895370470106804,0.34152994272253523,-0.3898959082868507,0.4540701850578137,0.252031081735664,0.5287485905965835,-1.7422169390256552,0.801528165200733,-1.3138011286712494,-0.11587331284281768,1.5511065979050345,-0.6080444736522644,-1.3975182373990158,0.05871774564332958,-2.235270700960789,0.46195666783615036,-0.8010006932394399,0.830423010474293,0.16080646698020334,0.13540406549181266,-0.5873333772371808,-0.7994105546202085,0.7411512148831604,-0.7926817884871007,-0.5509293481386874,-0.6641623047771211,-1.791563961579248,0.8317013191312872,0.4985678506548749,0.7319836091154592,0.16226448035150226,-0.49957585867055726,0.6526970087590304,2.2841836087932728,0.4281747475383793,-0.26215539460063847,-1.0516239348427452,0.2615520173409572,-0.4733307720450917,0.3857790553706599,1.2544896956112754,0.9492731810447719,2.4437224802498405,-0.17275113441406664
0.5802703832883939,-0.8466453462707073,-1.1627266909409282,0.30690922551901306,-0.9054927269342138,0.6708671038223557,0.556083814154267,-0.9244984640592022,-0.769033586334569,-0.9450358655503168,-0.10034638421697903,0.984875649780329,1.2109502621186088,-0.13789498904977746,1.4459646878054793,0.5417477085176553,-2.2726549442167614,-1.1460547321623678,0.9256893965439221,-0.5420867534035247,-0.7537167988427501,-1.3023077592420624,0.2045216559530715,-1.2497225142916422,0.8078061247329071,-0.4616301428089345,-0.22729627320280926,0.0750403378524952,-0.9626363479223697,-0.8239560738231669,0.9168491321940827,0.6614172344702647,0.7182574855451977,-0.8743282756300572,-1.1221322113578185,0.9451185274530195,-0.7509353293879094,-0.7084402812042231,0.7728651815258103,0.3876170873522044,1.475073081182039,-0.34352725322778854,-0.34179744260486394,-0.8935973785655029,0.9966504256499329,0.9229286531901909,-0.7746575695697236,-0.2943408120243443,-0.30338676940854914,0.4709163298819743
-1.5183860690822175,2.158948313726276,-1.0517445097434444,-1.1848007087283425,1.0694445554823548,-0.8446014690940413,-1.7532025979314336,-1.4051031287223494,1.0576283441617198,0.8859981606206296,0.2462141733377282,-0.27384730957354814,-1.3648180892315536,0.2277620522979257,1.6747406460889946,1.3278238200248178,-1.0391920005771642,-0.5427761960579099,0.113098382450031,0.6180688622249184,1.5923089825646413,0.8631741191554442,0.22708847613606503,0.8373683909947421,-0.23829987709072345,1.5125610864179002,-0.5938798408503514,0.14063197054291715,0.18480633645275316,-1.6075962236310286,-0.5542941073078765,-1.0513369285926328,1.0998642854663714,-0.7173107983362016,0.8238280778915266,0.6626912124941166,0.37938964011133425,0.2802824399172987,1.704311567723438,-0.7595309763799469,0.9317635079653652,0.2073242179038804,0.29787438873688915,-0.5384820774475031,0.0511005512143474,-1.6424988406787921,2.0709819236685907,0.31559680725223005,1.9754251009020034,-1.5434177290575146
1.9936221376344923,0.5428124493948244,1.0749820187570387,2.121398569701315,-0.687197647782379,-1.885971775916263,-1.0114616168565387,0.9747345165566669,0.4434127672690546,-1.644506627653838,1.4424488242238194,1.446682342979385,-1.0721565184115271,1.285193858685202,0.02569707322139076,-1.2792900277117742,0.7212305594392621,-2.787897285834672,-0.1663147327446103,-1.5368690223554575,-1.4657461746116232,2.3396167387061797,-1.2778579878815028,1.974843966681633,1.3098163157027822,0.8651687509666586,-1.0769373980991364,-0.6906434328494409,-0.7759399380998906,1.8187332673862437,-0.03631583598452007,2.087992614292798,-0.7927900491669102,0.7406476520056091,-0.2709493371681006,0.032429050659032344,-0.9409496607303883,-1.2924884675871493,-1.2090693704249975,0.22598118870373562,0.8155516228962074,-0.4623548580172554,2.0001275037078905,0.010278520677283761,-0.03450216590091702,-0.3399123496334445,0.538956187323197,0.6672566931927187,1.6674445084807004,1.3243747813479478
-0.5593468173357591,1.244338618794228,0.9880616659015272,-0.5836674108865034,0.6302485273847895,-0.44337995878708486,-1.0317536661767226,0.45387870542609027,1.0900611965008578,1.102370930503547,-0.5704390787545266,-0.89397457750979,0.9449900912449379,0.7235921524167825,1.2279097507570005,0.018333459215401766,1.0802619287618682,-0.9274093517337534,-0.6412860503804684,0.6424043376339694,0.5621976370097761,-0.30173283622042735,0.9940407508999671,-0.36949779339068645,0.6850341430881365,1.6708208970093894,-0.27035923345457963,0.46119916258269955,-0.07837835207312194,-0.7483285122797414,0.2250345781269011,-0.4826383112270268,0.2404053796877558,-0.12309458734825772,1.1683257963936147,0.3047663645030673,0.16811862955902607,0.05020805358402282,1.9653556128044067,-1.5075939282511643,-0.09806139168117527,-0.37060080266918993,0.3183860870944179,-0.36346899599139315,-1.094604668903336,-1.5298441006248702,0.07089642059445142,0.950055809506358,-0.30930009657977037,-2.0129985757275115
-0.2667172109212191,0.8080770206254457,-0.10892803587444949,-0.5296252980885032,0.4417719792692391,-1.6822260440783234,-0.046226644151651314,1.1975284179642776,2.6538016759880687,0.2321995352776099,1.4887895657707306,0.762362427379841,1.0862541952759175,0.6088911751322265,1.5454257978666543,0.4311223277262282,-0.8266810061378139,-0.54589479945507,0.2708374897719886,-0.03596891226015792,1.0030460060207038,1.4468699375414706,1.0500302836505477,1.184774214264776,0.014697666650872623,2.17790686465227,-1.4037578806087865,1.8782535770315574,-1.2313009186579882,0.3782747367832369,0.8070076531123357,-0.3108550737225977,0.349486001255008,1.9185402514662575,1.9733866606572321,0.3558145907424251,-0.7362739982524051,1.0046917762911278,-0.09699934626762116,-0.27646208633395036,0.11529881885917194,-1.841489125197398,1.4353847667405615,0.6109244656778413,0.5876218207988884,-2.6280249209601823,0.18958556764122797,-0.32166404372366003,-0.5544063758357952,-1.8397961653043744
0.766787579939314,-0.11072716136064839,1.129360168231876,1.0057767193690517,-0.80864499669469,0.12990036823052367,-0.8786139084571237,-0.010060035474584124,-0.6570043649167535,-0.13675110036807842,0.6377618857299553,-0.18477486223150866,0.5868163532131051,1.005381141986936,-0.45293780467234546,-1.0146777703438352,-0.8897419037526719,-1.0419899471266896,0.4079273715495071,1.0588646481934074,-0.8460444380748484,-0.609618603487966,-2.3615413259005766,-0.857328288694469,0.6667303332039844,-0.38867635104584114,0.4547727146300797,-2.720783201103026,-0.06399518112370273,0.2651594033592243,-0.7063218353656978,0.795790631513955,0.2540499763703334,0.5553134737022003,-0.5635467989368035,-0.5173052153991999,0.48859701708000003,0.709828134291621,0.26191642640033935,-0.0487939754918026,-2.1808735431311996,-0.08230628933648172,-0.2575941559084005,-1.1015735695976179,0.9910398566071523,0.43716571191237436,-1.1698579419999506,-0.4818074907469049,-0.41122771954522513,2.2316744203951915
0.31388355464072476,-0.10990295468809366,-1.6532487060536478,-1.0609664674924486,0.7971617427388613,0.9671691143408971,-0.24785384909601116,0.43052324219254917,-0.17622297975314732,0.2822121785443795,0.4847627320946977,-0.755562817721338,-0.28452057443943685,0.5061860767759521,-1.2736450926242175,0.472329804410212,-0.8784589766848607,0.44383758026929127,1.1633483197649201,1.2114940588485368,-0.47889597837708575,-0.09475482430678103,0.19045147378787547,-1.0732129728277142,-1.251636743319672,-1.297634879843675,-0.531559094429541,-0.3790937297680132,-1.0016985229357613,0.2148322176086542,-0.7036878086789216,-0.11377538722129206,1.8887431283603748,1.1898233838199817,-0.057981379906456146,-0.9706948142319703,0.4363260019563929,0.9490416240583758,-0.5163383265835436,-0.3510212815090034,-1.298850817602808,1.228419603882281,0.7282990542204095,1.4651125430107528,0.43272230096761416,0.44775668028642873,0.11284513523694623,-0.08298630635440511,-1.0028701903723694,1.8996054935086575
-0.9779908281114953,0.612234909672809,0.6108893229006903,1.004131618530347,-0.2561088260924616,0.09292236917554644,-0.17322832592822016,-1.1533191311892919,0.1211380270759956,0.30359635513184435,0.2164209264536762,-0.7401262465976519,-0.07473427117762378,-1.1257985288252836,0.6206981960824847,-1.1000724424645718,0.12168327359408737,-0.23558040317584808,-0.7179192667321455,-0.030188260785129723,-1.064796280831965,0.08542061885602178,-0.8579049371712524,-0.16785326807185938,-0.20085655963788454,0.6653461093101062,1.51228398060236,-0.13115859159630203,2.115226979743415,-0.43293727973572066,-2.1910106395445412,1.883587007971323,1.671836149780819,-1.188919595027782,0.791809161768129,-0.5071191010724544,-1.0533735783171525,-0.6186548810607895,0.8267315476897465,0.13657394808903264,-2.136549744103647,1.9920101633247107,-1.2875077238196992,0.7385274855667532,-0.4899486364747458,-0.2217039050641868,-0.13347852239759853,2.084245354834132,-0.8272239571968487,1.5424350569255267
-0.38045300045906566,-0.590164723715789,-0.16425690986186028,-0.8960475480005976,0.3099531203688583,0.6746480322810637,1.4062733089933857,0.7201813013187031,-0.8006651233183445,0.6556482950088113,-0.919780851804757,-1.8482632042326037,0.6358143283454787,-1.2513576505183313,-0.9376837808828355,0.7604405373851362,-2.874124633323335,2.2268960191811,2.4363730171718094,1.7791989800990617,-0.3264629639974422,-0.7891131781068061,1.0520676582189405,-0.2090403561052974,-1.739564135105014,-0.9055053328911983,-1.5917660054918825,0.028315628906597102,-2.00114514258104,-0.19235933370039884,-0.8951660326571015,-1.085660886241583,-1.5675272553842843,1.767421986153704,-0.3215219786208282,-1.2068803210567653,-0.37564908441561934,1.033923517128254,-0.1234456984543792,-0.23962824268060098,-1.7226102729958364,0.41954764479579576,0.8682406563667857,-0.3985941920633027,0.14069923345933136,1.6241789039677854,0.2594781273919062,-0.18416144598092296,-0.5456691943217791,-1.1125417211553232
-0.3928626118116496,-0.930893250763835,0.2615148930410948,-0.05327919796859792,0.5141851315235401,0.8779155067554851,0.7377626024762626,1.043952093575416,0.446338201228872,0.755181302286928,-1.23529242270188,-0.30588868347000064,0.30962116256715394,0.46985588329129196,-1.8894534346355214,0.11237912954207638,0.7709140872595102,1.8118854203947385,-0.9236016027569798,0.5595848428603436,-0.2765211272490591,-2.110656729115192,0.36945334545563424,-0.2804192312913037,-0.8643659820592664,-0.47283151510426014,0.06310728693629908,0.8318935046267338,1.5667222270223078,-0.7283875874970557,0.48954858481651053,-0.30601333325301533,-2.303551338480264,1.1153957511200223,-0.30480420779944684,1.0238119305741213,-0.00021719819651221567,0.6525160159039056,1.4329350564763272,0.8448131263683019,-0.058508277276867256,-0.461247064147272,-0.08804129187915594,-1.1243286788301745,-0.3111992033223689,0.05297887376165689,0.21682813338958412,1.7560800084145758,-0.47630432643038134,0.362695411196432
-2.361032728429876,-0.392975048102559,0.44581064746476273,-0.015487772422371142,0.8790222751036397,0.7803890990594191,1.7890139351132344,-0.09170089759970007,0.025366987227953414,2.0381376624907643,0.12632773942136272,-0.807080002117279,1.185244619747772,-0.9398023636657131,0.6597700035557766,0.03848003482875213,2.1995409847526157,2.272966999189645,-1.680504741947194,-0.12008465679457558,-0.18480844309699368,-0.9526711602833678,0.6798422181606422,-0.5892171585660845,0.6921346246269425,-0.6371836257860972,0.39049816352250905,1.8339889345440081,0.6707938367836681,-1.5758924485987003,1.1656103417585144,1.7580083258117247,-0.9745187872012313,-0.7487356492592605,-0.29950151823703625,1.7262009901239868,-2.4181006845921966,0.9506290153378665,1.2786477370214695,0.5702460229536408,-0.8374053767250365,-0.8180753866702267,-0.41176434423576386,0.021739067467742706,-0.9997946320384121,0.4470307676251766,0.22535888774324886,2.1090414512016187,-1.2092631358378014,1.313727161741906
0.23563346034420785,0.07822810523830238,-0.139978597112203,0.9715068083287939,-1.0234625987479087,0.6164297749533566,-1.2801779057217753,-0.8762499443783303,-0.9932262411209213,-0.06730299292250093,1.1391212352474134,-0.3730620091799884,1.6408150274338307,-0.8219918248096773,-1.8281972737575025,-1.699260444538741,-0.39564090577255767,-0.7985294775871884,-0.7360510727779512,0.33415284098334197,-0.05365511542229135,0.5963638956161336,-0.7105167609612042,-0.31584805033407004,-0.8687795420343573,-0.16221687239956784,1.6673744330788094,-1.647583883136892,2.0875552171501055,0.12555303624803016,-1.1752102394419153,1.491481988753515,1.1040386848003612,-0.9150483068922135,0.04267992273082188,-1.4989209105004813,1.646834618321983,-0.5974984374067236,-0.20445749544046687,0.46534554956790736,-2.332237434253251,1.369389703135475,-2.011377807260758,0.4372837190175656,0.999410568575893,0.7477916748161795,-1.4592431468320761,0.19450133391663613,-1.6313707322908948,1.608304860526171
0.8844769460782671,0.4579467898288796,0.8151575128100736,1.0601132175559542,-0.2242810797852557,-1.095876731328868,-1.6709030054129692,-1.0244496787609958,0.6490014356018191,-1.5240143925766672,0.37053108098745374,-0.20387466343792396,-1.7472424280595114,3.0314795318647376,-0.9340298911295252,0.061237459055435164,0.7432995701443567,-1.2608686607057107,0.2717662924715706,0.2696042642551548,0.9279578389935192,0.5455237913506548,-1.3658310329046197,-0.12038570974352236,-2.007487624618108,0.7763835159693944,0.5723572310681835,-1.521006813972837,1.9147061830078533,1.063932407511325,0.17624951126110514,1.9515501767507326,0.7678698877102296,1.0070690393861965,0.19788311332796055,0.9667735413504214,-1.0080410668538549,0.23433290943337465,-0.17089247373803854,-1.2605421005436723,0.24152470857351388,-0.6757998154998602,-1.3519140900715365,1.1535011959310932,-1.2317052483394513,-0.5424459561563006,-0.4473436906703715,-0.6522615398281862,-0.13575741524764812,1.6797017703100574
1.369906679538604,0.6966663013335447,1.2127841359402107,0.2494121274807722,-0.6012255938776185,-1.823906077009673,-0.58802453842701,0.18738429815640945,0.9023825456558788,-1.0836928202877316,0.8834419793551375,0.48885633306079584,0.11233090898050609,1.717597716341238,0.9944269032930495,-0.720674772053402,-1.8196586229939207,-0.32221796649593976,0.8018714789265992,-0.06393566344147962,-0.33177641074830305,1.4924602944736738,0.009143224859510685,2.60685618268944,-0.3304347208763636,1.3840935433963868,0.3539027187908643,0.48673036770050687,0.3525235437330315,0.3938323247913474,-0.45026858480167387,-0.5520182240912507,0.9400377307920729,0.045395856042337604,1.4832676223873718,-1.0707010148513145,-0.6793311854802049,-0.8474341113467424,-0.21117132103468356,1.3898073278267302,-0.6508546970153711,-0.6650697897897477,-0.13043051787326992,0.2647528378639605,1.692271884470355,-1.725176122373351,0.1633493225795197,-0.8591363748276417,-1.244351924501297,-1.625555858686943
0.3086324862090465,1.7043028503507784,1.0970095576605812,-1.0834582645009703,1.0999264344988993,-0.9849541343828581,0.035130757750794446,1.1431492572584194,1.9853924983743,-0.27098086120820647,-0.11866170426479482,-0.48834898183794695,-0.5811189405162596,-1.1487148353360812,2.140468787140586,1.389973746493218,-0.8927133057741685,0.37618720807301154,1.320113465125213,1.2017529947535843,-0.16774623051179421,0.670824451726229,1.5573575812387852,-0.021580606343714274,-0.42072710994486623,1.5389056299030355,-1.3993077604620525,0.27302841248338666,-1.9554706830714523,-0.12625729367199698,-0.9006542248779438,-0.13009413126019725,0.9440703845114833,-0.25458390074526865,1.4875895117687241,-0.20055166289328055,1.4727782424990579,0.7782816944284658,-0.5890779439356307,-0.3701866256116696,-0.17165925425571912,-0.1628252902702011,1.537680132769102,0.4458725860669595,0.5565611695556099,-1.522664287706839,0.7584702584322229,-0.12465810810456636,0.47874112244228895,-0.5296070025895537
